model,layer,normalized_depth,source_group,target_group,beta,delta_norm,mean_target_assignment_rate,mean_target_minus_source_similarity,mean_relative_perturbation_norm,ivs,rsm_pearson
Qwen/Qwen3-1.7B,4,0.14285714285714285,logic,causality,0.25,8.451043199137754,0.0,-0.022071908293016085,0.07614067196846008,4.098062908242106e-06,0.9999959019370918
Qwen/Qwen3-1.7B,4,0.14285714285714285,logic,causality,0.5,8.451043199137754,0.6666666666666666,0.0012166775018348508,0.15228134393692017,1.5589862377818342e-05,0.9999844101376222
Qwen/Qwen3-1.7B,4,0.14285714285714285,logic,causality,0.75,8.451043199137754,0.8333333333333334,0.023918404841410834,0.22842203080654144,3.3806237580646936e-05,0.9999661937624194
Qwen/Qwen3-1.7B,4,0.14285714285714285,logic,causality,1.0,8.451043199137754,0.8333333333333334,0.04571076735223256,0.30456268787384033,5.867858037655882e-05,0.9999413214196234
Qwen/Qwen3-1.7B,4,0.14285714285714285,logic,causality,1.25,8.451043199137754,1.0,0.06634393802061522,0.380703330039978,9.045514387706621e-05,0.9999095448561229
Qwen/Qwen3-1.7B,4,0.14285714285714285,logic,causality,1.5,8.451043199137754,1.0,0.08564725893811387,0.4568440616130829,0.00012937171088378552,0.9998706282891162
Qwen/Qwen3-1.7B,4,0.14285714285714285,logic,analogy,0.25,8.204880883736715,0.0,-0.02193411922614119,0.07392283529043198,1.806266357662345e-05,0.9999819373364234
Qwen/Qwen3-1.7B,4,0.14285714285714285,logic,analogy,0.5,8.204880883736715,0.5,0.000910702323673851,0.14784567058086395,7.747817202818919e-05,0.9999225218279718
Qwen/Qwen3-1.7B,4,0.14285714285714285,logic,analogy,0.75,8.204880883736715,1.0,0.023432002933094997,0.22176851332187653,0.0001829298814632896,0.9998170701185367
Qwen/Qwen3-1.7B,4,0.14285714285714285,logic,analogy,1.0,8.204880883736715,1.0,0.045295232148741205,0.2956913411617279,0.00033425117153851325,0.9996657488284615
Qwen/Qwen3-1.7B,4,0.14285714285714285,logic,analogy,1.25,8.204880883736715,1.0,0.06621826880102544,0.36961421370506287,0.0005265179820982402,0.9994734820179018
Qwen/Qwen3-1.7B,4,0.14285714285714285,logic,analogy,1.5,8.204880883736715,1.0,0.08598513391111617,0.44353702664375305,0.0007510807339009551,0.999248919266099
Qwen/Qwen3-1.7B,4,0.14285714285714285,logic,definition,0.25,8.71240928898835,0.0,-0.023247262201207097,0.07849548012018204,1.0385169543880579e-05,0.9999896148304561
Qwen/Qwen3-1.7B,4,0.14285714285714285,logic,definition,0.5,8.71240928898835,0.5,0.0015689348111677104,0.15699096024036407,4.603329864782957e-05,0.9999539667013522
Qwen/Qwen3-1.7B,4,0.14285714285714285,logic,definition,0.75,8.71240928898835,0.6666666666666666,0.025754841037241127,0.2354864478111267,0.00011170118586156796,0.9998882988141384
Qwen/Qwen3-1.7B,4,0.14285714285714285,logic,definition,1.0,8.71240928898835,1.0,0.0489464587157985,0.31398192048072815,0.0002087979215191771,0.9997912020784808
Qwen/Qwen3-1.7B,4,0.14285714285714285,logic,definition,1.25,8.71240928898835,1.0,0.07086363265695605,0.3924773633480072,0.0003352609065996326,0.9996647390934004
Qwen/Qwen3-1.7B,4,0.14285714285714285,logic,definition,1.5,8.71240928898835,1.0,0.09131749030173086,0.4709728956222534,0.0004862158323938326,0.9995137841676062
Qwen/Qwen3-1.7B,4,0.14285714285714285,causality,logic,0.25,8.451043199137754,0.0,-0.024236372780327753,0.07330649346113205,1.068037884144335e-05,0.9999893196211586
Qwen/Qwen3-1.7B,4,0.14285714285714285,causality,logic,0.5,8.451043199137754,0.5,-0.001296414400809076,0.1466129869222641,4.396374419468607e-05,0.9999560362558053
Qwen/Qwen3-1.7B,4,0.14285714285714285,causality,logic,0.75,8.451043199137754,0.6666666666666666,0.022253086039066394,0.21991950273513794,0.00010319921254331454,0.9998968007874567
Qwen/Qwen3-1.7B,4,0.14285714285714285,causality,logic,1.0,8.451043199137754,1.0,0.04602518084141238,0.2932259738445282,0.0001935733102057524,0.9998064266897942
Qwen/Qwen3-1.7B,4,0.14285714285714285,causality,logic,1.25,8.451043199137754,1.0,0.06960394936226111,0.36653247475624084,0.00032119932229146553,0.9996788006777085
Qwen/Qwen3-1.7B,4,0.14285714285714285,causality,logic,1.5,8.451043199137754,1.0,0.09257939656356728,0.4398390054702759,0.0004915291826929069,0.9995084708173071
Qwen/Qwen3-1.7B,4,0.14285714285714285,causality,analogy,0.25,8.63308560083522,0.0,-0.024705474385622983,0.07488557696342468,1.2306089749891669e-05,0.9999876939102501
Qwen/Qwen3-1.7B,4,0.14285714285714285,causality,analogy,0.5,8.63308560083522,0.3333333333333333,-0.000613410804432668,0.14977115392684937,5.1107769650449164e-05,0.9999488922303496
Qwen/Qwen3-1.7B,4,0.14285714285714285,causality,analogy,0.75,8.63308560083522,1.0,0.02377180679091362,0.22465674579143524,0.00011947350600671758,0.9998805264939933
Qwen/Qwen3-1.7B,4,0.14285714285714285,causality,analogy,1.0,8.63308560083522,1.0,0.048024181699740986,0.29954230785369873,0.0002203671213484304,0.9997796328786516
Qwen/Qwen3-1.7B,4,0.14285714285714285,causality,analogy,1.25,8.63308560083522,1.0,0.07172432636565373,0.3744278848171234,0.0003558518446649117,0.9996441481553351
Qwen/Qwen3-1.7B,4,0.14285714285714285,causality,analogy,1.5,8.63308560083522,1.0,0.09449478390426036,0.4493134915828705,0.0005262232604247297,0.9994737767395753
Qwen/Qwen3-1.7B,4,0.14285714285714285,causality,definition,0.25,5.976395407670871,0.3333333333333333,-0.01144875432291137,0.051840778440237045,1.4346470329940075e-05,0.9999856535296701
Qwen/Qwen3-1.7B,4,0.14285714285714285,causality,definition,0.5,5.976395407670871,0.5,-0.00015850856414012515,0.10368155688047409,6.129766763052213e-05,0.9999387023323695
Qwen/Qwen3-1.7B,4,0.14285714285714285,causality,definition,0.75,5.976395407670871,0.5,0.0111397662517283,0.15552230179309845,0.00014697435665689262,0.9998530256433431
Qwen/Qwen3-1.7B,4,0.14285714285714285,causality,definition,1.0,5.976395407670871,1.0,0.022357525293699387,0.20736311376094818,0.0002773516324826586,0.9997226483675173
Qwen/Qwen3-1.7B,4,0.14285714285714285,causality,definition,1.25,5.976395407670871,1.0,0.033409099172930556,0.25920388102531433,0.0004576180207126468,0.9995423819792874
Qwen/Qwen3-1.7B,4,0.14285714285714285,causality,definition,1.5,5.976395407670871,1.0,0.044214809431188384,0.3110446035861969,0.0006915723362398429,0.9993084276637602
Qwen/Qwen3-1.7B,4,0.14285714285714285,analogy,logic,0.25,8.204880883736715,0.16666666666666666,-0.022940017296004478,0.0726022943854332,0.00012501776870443848,0.9998749822312956
Qwen/Qwen3-1.7B,4,0.14285714285714285,analogy,logic,0.5,8.204880883736715,0.5,-0.0006139559241030712,0.1452045887708664,0.00048786232143860353,0.9995121376785614
Qwen/Qwen3-1.7B,4,0.14285714285714285,analogy,logic,0.75,8.204880883736715,0.5,0.022014388484013603,0.217806875705719,0.0010485578985024446,0.9989514421014976
Qwen/Qwen3-1.7B,4,0.14285714285714285,analogy,logic,1.0,8.204880883736715,1.0,0.0446111029066113,0.2904091775417328,0.0017425075763444209,0.9982574924236556
Qwen/Qwen3-1.7B,4,0.14285714285714285,analogy,logic,1.25,8.204880883736715,1.0,0.06683904176487654,0.3630114793777466,0.0024906098455717007,0.9975093901544283
Qwen/Qwen3-1.7B,4,0.14285714285714285,analogy,logic,1.5,8.204880883736715,1.0,0.08838038288113892,0.435613751411438,0.003212645180282858,0.9967873548197171
Qwen/Qwen3-1.7B,4,0.14285714285714285,analogy,causality,0.25,8.63308560083522,0.3333333333333333,-0.023122501885398328,0.07639133185148239,0.00018971422424618467,0.9998102857757538
Qwen/Qwen3-1.7B,4,0.14285714285714285,analogy,causality,0.5,8.63308560083522,0.3333333333333333,0.0005263208647507955,0.15278266370296478,0.0006942407234391546,0.9993057592765608
Qwen/Qwen3-1.7B,4,0.14285714285714285,analogy,causality,0.75,8.63308560083522,0.5,0.023914881927938225,0.22917403280735016,0.0013989260167627249,0.9986010739832373
Qwen/Qwen3-1.7B,4,0.14285714285714285,analogy,causality,1.0,8.63308560083522,0.6666666666666666,0.04670656947813845,0.30556532740592957,0.002182313991077267,0.9978176860089227
Qwen/Qwen3-1.7B,4,0.14285714285714285,analogy,causality,1.25,8.63308560083522,1.0,0.06860579007903556,0.38195669651031494,0.0029359193101741177,0.9970640806898259
Qwen/Qwen3-1.7B,4,0.14285714285714285,analogy,causality,1.5,8.63308560083522,1.0,0.0893731317380082,0.4583480656147003,0.003578301674761808,0.9964216983252382
Qwen/Qwen3-1.7B,4,0.14285714285714285,analogy,definition,0.25,8.67995631902135,0.16666666666666666,-0.02337046952015598,0.07680609077215195,0.0001209543470525043,0.9998790456529475
Qwen/Qwen3-1.7B,4,0.14285714285714285,analogy,definition,0.5,8.67995631902135,0.16666666666666666,0.0008977112018738742,0.1536121815443039,0.00044963747228654594,0.9995503625277135
Qwen/Qwen3-1.7B,4,0.14285714285714285,analogy,definition,0.75,8.67995631902135,0.16666666666666666,0.02487761490050855,0.23041824996471405,0.0009205602671989999,0.999079439732801
Qwen/Qwen3-1.7B,4,0.14285714285714285,analogy,definition,1.0,8.67995631902135,0.6666666666666666,0.04819803160143998,0.3072243630886078,0.0014607479872235096,0.9985392520127765
Qwen/Qwen3-1.7B,4,0.14285714285714285,analogy,definition,1.25,8.67995631902135,0.8333333333333334,0.07054007375650628,0.38403037190437317,0.002003165533054685,0.9979968344669453
Qwen/Qwen3-1.7B,4,0.14285714285714285,analogy,definition,1.5,8.67995631902135,1.0,0.09165401582247257,0.4608364999294281,0.0024960714375568127,0.9975039285624432
Qwen/Qwen3-1.7B,4,0.14285714285714285,definition,logic,0.25,8.71240928898835,0.16666666666666666,-0.02585634809865267,0.07469809800386429,9.59123684408647e-05,0.9999040876315591
Qwen/Qwen3-1.7B,4,0.14285714285714285,definition,logic,0.5,8.71240928898835,0.5,-0.001994180287867464,0.14939619600772858,0.00040591515049492877,0.9995940848495051
Qwen/Qwen3-1.7B,4,0.14285714285714285,definition,logic,0.75,8.71240928898835,0.5,0.022500047788596045,0.22409431636333466,0.0009590246804770386,0.999040975319523
Qwen/Qwen3-1.7B,4,0.14285714285714285,definition,logic,1.0,8.71240928898835,1.0,0.04723531194906494,0.29879239201545715,0.0017725657833509434,0.9982274342166491
Qwen/Qwen3-1.7B,4,0.14285714285714285,definition,logic,1.25,8.71240928898835,1.0,0.07178797195928688,0.37349048256874084,0.0028459524528953173,0.9971540475471047
Qwen/Qwen3-1.7B,4,0.14285714285714285,definition,logic,1.5,8.71240928898835,1.0,0.09573471317801774,0.4481886327266693,0.004157814935612625,0.9958421850643874
Qwen/Qwen3-1.7B,4,0.14285714285714285,definition,causality,0.25,5.976395407670871,0.16666666666666666,-0.011524987040478551,0.05124017596244812,7.114695615650923e-05,0.9999288530438435
Qwen/Qwen3-1.7B,4,0.14285714285714285,definition,causality,0.5,5.976395407670871,0.5,-0.00043721043734656906,0.10248035192489624,0.0002784558086962319,0.9997215441913038
Qwen/Qwen3-1.7B,4,0.14285714285714285,definition,causality,0.75,5.976395407670871,0.5,0.010657309234942236,0.15372051298618317,0.0006074805700123642,0.9993925194299876
Qwen/Qwen3-1.7B,4,0.14285714285714285,definition,causality,1.0,5.976395407670871,0.8333333333333334,0.021676018753028936,0.20496070384979248,0.001037770747531197,0.9989622292524688
Qwen/Qwen3-1.7B,4,0.14285714285714285,definition,causality,1.25,5.976395407670871,1.0,0.032538763042687324,0.2562008500099182,0.0015446160367003081,0.9984553839632997
Qwen/Qwen3-1.7B,4,0.14285714285714285,definition,causality,1.5,5.976395407670871,1.0,0.04317053449525332,0.30744102597236633,0.002101181998944046,0.997898818001056
Qwen/Qwen3-1.7B,4,0.14285714285714285,definition,analogy,0.25,8.67995631902135,0.0,-0.024774503066160025,0.07441985607147217,3.491906338104478e-05,0.999965080936619
Qwen/Qwen3-1.7B,4,0.14285714285714285,definition,analogy,0.5,8.67995631902135,0.16666666666666666,-0.0007789844301121507,0.14883971214294434,0.00014167334208881055,0.9998583266579112
Qwen/Qwen3-1.7B,4,0.14285714285714285,definition,analogy,0.75,8.67995631902135,0.8333333333333334,0.023500025093292742,0.2232595682144165,0.00031936247566022313,0.9996806375243398
Qwen/Qwen3-1.7B,4,0.14285714285714285,definition,analogy,1.0,8.67995631902135,1.0,0.04765189223208177,0.29767942428588867,0.0005614941652282157,0.9994385058347718
Qwen/Qwen3-1.7B,4,0.14285714285714285,definition,analogy,1.25,8.67995631902135,1.0,0.07127135097085424,0.37209928035736084,0.0008565143767835792,0.9991434856232164
Qwen/Qwen3-1.7B,4,0.14285714285714285,definition,analogy,1.5,8.67995631902135,1.0,0.09399127760252868,0.446519136428833,0.0011895065339205813,0.9988104934660794
Qwen/Qwen3-1.7B,8,0.2857142857142857,logic,causality,0.25,25.96626096055063,0.0,-0.0527836976157412,0.1232241615653038,6.613077250294808e-05,0.999933869227497
Qwen/Qwen3-1.7B,8,0.2857142857142857,logic,causality,0.5,25.96626096055063,0.5,0.0065479342264259666,0.2464483231306076,0.00022374529359892037,0.9997762547064011
Qwen/Qwen3-1.7B,8,0.2857142857142857,logic,causality,0.75,25.96626096055063,1.0,0.0628435529623842,0.3696724474430084,0.0004160928227404659,0.9995839071772595
Qwen/Qwen3-1.7B,8,0.2857142857142857,logic,causality,1.0,25.96626096055063,1.0,0.11435152501440071,0.4928966462612152,0.0006062095934850076,0.999393790406515
Qwen/Qwen3-1.7B,8,0.2857142857142857,logic,causality,1.25,25.96626096055063,1.0,0.1601450729479693,0.6161207556724548,0.0007797769153038425,0.9992202230846962
Qwen/Qwen3-1.7B,8,0.2857142857142857,logic,causality,1.5,25.96626096055063,1.0,0.20001970667661595,0.7393448948860168,0.0009370686198938438,0.9990629313801062
Qwen/Qwen3-1.7B,8,0.2857142857142857,logic,analogy,0.25,22.35238717987528,0.0,-0.0435531632220193,0.10607434064149857,9.772827472198653e-05,0.999902271725278
Qwen/Qwen3-1.7B,8,0.2857142857142857,logic,analogy,0.5,22.35238717987528,0.3333333333333333,0.0033022220673410985,0.21214868128299713,0.00040401235296716465,0.9995959876470328
Qwen/Qwen3-1.7B,8,0.2857142857142857,logic,analogy,0.75,22.35238717987528,1.0,0.048782393079495945,0.3182230293750763,0.0009082412839854781,0.9990917587160145
Qwen/Qwen3-1.7B,8,0.2857142857142857,logic,analogy,1.0,22.35238717987528,1.0,0.0916225493026318,0.42429736256599426,0.0015640501819760289,0.998435949818024
Qwen/Qwen3-1.7B,8,0.2857142857142857,logic,analogy,1.25,22.35238717987528,1.0,0.13094604557264944,0.5303717255592346,0.0023064295298457216,0.9976935704701543
Qwen/Qwen3-1.7B,8,0.2857142857142857,logic,analogy,1.5,22.35238717987528,1.0,0.16629363230119143,0.6364460587501526,0.003071615281448614,0.9969283847185514
Qwen/Qwen3-1.7B,8,0.2857142857142857,logic,definition,0.25,23.906019115628776,0.0,-0.04843711153845898,0.11344718188047409,5.893333071504969e-05,0.999941066669285
Qwen/Qwen3-1.7B,8,0.2857142857142857,logic,definition,0.5,23.906019115628776,0.6666666666666666,0.004261083358101492,0.22689436376094818,0.0001985932017481984,0.9998014067982518
Qwen/Qwen3-1.7B,8,0.2857142857142857,logic,definition,0.75,23.906019115628776,1.0,0.055041650389503594,0.34034156799316406,0.00036554287548518083,0.9996344571245148
Qwen/Qwen3-1.7B,8,0.2857142857142857,logic,definition,1.0,23.906019115628776,1.0,0.10236136275496943,0.45378872752189636,0.0005227712000218654,0.9994772287999781
Qwen/Qwen3-1.7B,8,0.2857142857142857,logic,definition,1.25,23.906019115628776,1.0,0.14523893226170248,0.5672359466552734,0.0006551767080060777,0.9993448232919939
Qwen/Qwen3-1.7B,8,0.2857142857142857,logic,definition,1.5,23.906019115628776,1.0,0.1832555624531047,0.6806831359863281,0.0007642124926431348,0.9992357875073569
Qwen/Qwen3-1.7B,8,0.2857142857142857,causality,logic,0.25,25.96626096055063,0.0,-0.06405654095247959,0.11354514956474304,0.00013941044764320676,0.9998605895523568
Qwen/Qwen3-1.7B,8,0.2857142857142857,causality,logic,0.5,25.96626096055063,0.3333333333333333,-0.006757417690989476,0.22709029912948608,0.0006155336156321578,0.9993844663843678
Qwen/Qwen3-1.7B,8,0.2857142857142857,causality,logic,0.75,25.96626096055063,1.0,0.053765855860734235,0.34063541889190674,0.0014872191074005725,0.9985127808925994
Qwen/Qwen3-1.7B,8,0.2857142857142857,causality,logic,1.0,25.96626096055063,1.0,0.11495531615292265,0.45418059825897217,0.0027455300593858256,0.9972544699406142
Qwen/Qwen3-1.7B,8,0.2857142857142857,causality,logic,1.25,25.96626096055063,1.0,0.17397859824558892,0.567725658416748,0.004291660816878373,0.9957083391831216
Qwen/Qwen3-1.7B,8,0.2857142857142857,causality,logic,1.5,25.96626096055063,1.0,0.22834434689902217,0.6812708377838135,0.00595448202258031,0.9940455179774197
Qwen/Qwen3-1.7B,8,0.2857142857142857,causality,analogy,0.25,24.238890831537834,0.0,-0.052195475009373604,0.10599171370267868,0.0001532526674256074,0.9998467473325744
Qwen/Qwen3-1.7B,8,0.2857142857142857,causality,analogy,0.5,24.238890831537834,0.5,-0.0025206191755802188,0.21198342740535736,0.0006580303571445123,0.9993419696428555
Qwen/Qwen3-1.7B,8,0.2857142857142857,causality,analogy,0.75,24.238890831537834,1.0,0.04834978545859048,0.31797513365745544,0.0015314273574056347,0.9984685726425944
Qwen/Qwen3-1.7B,8,0.2857142857142857,causality,analogy,1.0,24.238890831537834,1.0,0.09856609774671743,0.4239668548107147,0.0027073171760970682,0.9972926828239029
Qwen/Qwen3-1.7B,8,0.2857142857142857,causality,analogy,1.25,24.238890831537834,1.0,0.1463558857766304,0.5299585461616516,0.004047756230588284,0.9959522437694117
Qwen/Qwen3-1.7B,8,0.2857142857142857,causality,analogy,1.5,24.238890831537834,1.0,0.19031943146504215,0.6359502673149109,0.00538753347543941,0.9946124665245606
Qwen/Qwen3-1.7B,8,0.2857142857142857,causality,definition,0.25,18.07699511695385,0.0,-0.02820174471166459,0.07904700189828873,8.145913067814092e-05,0.9999185408693219
Qwen/Qwen3-1.7B,8,0.2857142857142857,causality,definition,0.5,18.07699511695385,0.3333333333333333,-0.0010464557518323758,0.15809400379657745,0.0003367553860450512,0.999663244613955
Qwen/Qwen3-1.7B,8,0.2857142857142857,causality,definition,0.75,18.07699511695385,1.0,0.02654464820657898,0.23714099824428558,0.0007681288920505791,0.9992318711079494
Qwen/Qwen3-1.7B,8,0.2857142857142857,causality,definition,1.0,18.07699511695385,1.0,0.054030300168703804,0.3161880075931549,0.0013574440218507844,0.9986425559781492
Qwen/Qwen3-1.7B,8,0.2857142857142857,causality,definition,1.25,18.07699511695385,1.0,0.08087100079852683,0.3952350318431854,0.00206844775115822,0.9979315522488418
Qwen/Qwen3-1.7B,8,0.2857142857142857,causality,definition,1.5,18.07699511695385,1.0,0.1065807552595599,0.47428199648857117,0.002853329162664342,0.9971466708373357
Qwen/Qwen3-1.7B,8,0.2857142857142857,analogy,logic,0.25,22.35238717987528,0.0,-0.04863340913097414,0.10140690952539444,0.00018748055864936664,0.9998125194413506
Qwen/Qwen3-1.7B,8,0.2857142857142857,analogy,logic,0.5,22.35238717987528,0.5,-0.0027382629267468372,0.20281381905078888,0.0007889098555423635,0.9992110901444576
Qwen/Qwen3-1.7B,8,0.2857142857142857,analogy,logic,0.75,22.35238717987528,1.0,0.04450715718292653,0.3042207360267639,0.0018060107081974142,0.9981939892918026
Qwen/Qwen3-1.7B,8,0.2857142857142857,analogy,logic,1.0,22.35238717987528,1.0,0.0915619850675744,0.40562763810157776,0.0031550364249722795,0.9968449635750277
Qwen/Qwen3-1.7B,8,0.2857142857142857,analogy,logic,1.25,22.35238717987528,1.0,0.13687718106872504,0.5070345401763916,0.0046825888618158285,0.9953174111381842
Qwen/Qwen3-1.7B,8,0.2857142857142857,analogy,logic,1.5,22.35238717987528,1.0,0.17913558941215746,0.6084414720535278,0.006209168666260534,0.9937908313337395
Qwen/Qwen3-1.7B,8,0.2857142857142857,analogy,causality,0.25,24.238890831537834,0.16666666666666666,-0.04679419855736644,0.109965480864048,0.00011288828714317578,0.9998871117128568
Qwen/Qwen3-1.7B,8,0.2857142857142857,analogy,causality,0.5,24.238890831537834,0.5,0.003344872133323462,0.219930961728096,0.0004847166938315439,0.9995152833061685
Qwen/Qwen3-1.7B,8,0.2857142857142857,analogy,causality,0.75,24.238890831537834,1.0,0.05225612155313175,0.329896479845047,0.0011287882015883488,0.9988712117984117
Qwen/Qwen3-1.7B,8,0.2857142857142857,analogy,causality,1.0,24.238890831537834,1.0,0.0984392308554668,0.439861923456192,0.0020020172602399633,0.99799798273976
Qwen/Qwen3-1.7B,8,0.2857142857142857,analogy,causality,1.25,24.238890831537834,1.0,0.14082378111903748,0.5498273968696594,0.0030191913427296546,0.9969808086572703
Qwen/Qwen3-1.7B,8,0.2857142857142857,analogy,causality,1.5,24.238890831537834,1.0,0.1788265713515359,0.659792959690094,0.0040833835532055884,0.9959166164467944
Qwen/Qwen3-1.7B,8,0.2857142857142857,analogy,definition,0.25,21.698074057461,0.16666666666666666,-0.040211704620267685,0.09843847155570984,0.00011025602929226608,0.9998897439707077
Qwen/Qwen3-1.7B,8,0.2857142857142857,analogy,definition,0.5,21.698074057461,0.3333333333333333,0.001362839483418199,0.19687694311141968,0.0004684936130600059,0.99953150638694
Qwen/Qwen3-1.7B,8,0.2857142857142857,analogy,definition,0.75,21.698074057461,1.0,0.04256925102835263,0.29531538486480713,0.0010867372077252302,0.9989132627922748
Qwen/Qwen3-1.7B,8,0.2857142857142857,analogy,definition,1.0,21.698074057461,1.0,0.08227806977258945,0.39375388622283936,0.0019314688241248712,0.9980685311758751
Qwen/Qwen3-1.7B,8,0.2857142857142857,analogy,definition,1.25,21.698074057461,1.0,0.11956509875678334,0.4921923577785492,0.0029306265189071867,0.9970693734810928
Qwen/Qwen3-1.7B,8,0.2857142857142857,analogy,definition,1.5,21.698074057461,1.0,0.15379422093132122,0.5906307697296143,0.003994503376371306,0.9960054966236287
Qwen/Qwen3-1.7B,8,0.2857142857142857,definition,logic,0.25,23.906019115628776,0.0,-0.05463731143509176,0.10616780072450638,0.0004456510105351752,0.9995543489894648
Qwen/Qwen3-1.7B,8,0.2857142857142857,definition,logic,0.5,23.906019115628776,0.5,-0.0038121418029959386,0.21233560144901276,0.0018919508823047604,0.9981080491176952
Qwen/Qwen3-1.7B,8,0.2857142857142857,definition,logic,0.75,23.906019115628776,1.0,0.04887890290206176,0.31850340962409973,0.0044463676741339775,0.995553632325866
Qwen/Qwen3-1.7B,8,0.2857142857142857,definition,logic,1.0,23.906019115628776,1.0,0.10151685116599563,0.4246712028980255,0.008077540749232837,0.9919224592507672
Qwen/Qwen3-1.7B,8,0.2857142857142857,definition,logic,1.25,23.906019115628776,1.0,0.1521340196828006,0.5308390259742737,0.01255947928852208,0.9874405207114779
Qwen/Qwen3-1.7B,8,0.2857142857142857,definition,logic,1.5,23.906019115628776,1.0,0.1990610126135538,0.6370068192481995,0.01749849855991037,0.9825015014400896
Qwen/Qwen3-1.7B,8,0.2857142857142857,definition,causality,0.25,18.07699511695385,0.16666666666666666,-0.02572033651929828,0.0802808329463005,0.0006743212927559084,0.9993256787072441
Qwen/Qwen3-1.7B,8,0.2857142857142857,definition,causality,0.5,18.07699511695385,0.5,0.0012745195239306506,0.160561665892601,0.0026586768623496626,0.9973413231376503
Qwen/Qwen3-1.7B,8,0.2857142857142857,definition,causality,0.75,18.07699511695385,0.8333333333333334,0.027846603273530057,0.24084246158599854,0.005770453264162589,0.9942295467358374
Qwen/Qwen3-1.7B,8,0.2857142857142857,definition,causality,1.0,18.07699511695385,1.0,0.053542878639316616,0.321123331785202,0.00970188829685037,0.9902981117031496
Qwen/Qwen3-1.7B,8,0.2857142857142857,definition,causality,1.25,18.07699511695385,1.0,0.07798964638674699,0.40140411257743835,0.014093042034416858,0.9859069579655831
Qwen/Qwen3-1.7B,8,0.2857142857142857,definition,causality,1.5,18.07699511695385,1.0,0.10091173955129584,0.48168492317199707,0.018604727832994716,0.9813952721670053
Qwen/Qwen3-1.7B,8,0.2857142857142857,definition,analogy,0.25,21.698074057461,0.0,-0.04162940754629085,0.09636221081018448,0.00034028309313915983,0.9996597169068608
Qwen/Qwen3-1.7B,8,0.2857142857142857,definition,analogy,0.5,21.698074057461,0.6666666666666666,-0.0005153469556419266,0.19272442162036896,0.0013294142060064074,0.9986705857939936
Qwen/Qwen3-1.7B,8,0.2857142857142857,definition,analogy,0.75,21.698074057461,1.0,0.04088880357312852,0.2890866696834564,0.0028569542697748362,0.9971430457302252
Qwen/Qwen3-1.7B,8,0.2857142857142857,definition,analogy,1.0,21.698074057461,1.0,0.08139222546111347,0.3854488432407379,0.004748412679334346,0.9952515873206657
Qwen/Qwen3-1.7B,8,0.2857142857142857,definition,analogy,1.25,21.698074057461,1.0,0.1199230863173395,0.4818110764026642,0.006804168004914679,0.9931958319950853
Qwen/Qwen3-1.7B,8,0.2857142857142857,definition,analogy,1.5,21.698074057461,1.0,0.15565783349238516,0.5781733393669128,0.008842779690869551,0.9911572203091304
Qwen/Qwen3-1.7B,12,0.42857142857142855,logic,causality,0.25,55.11498259291214,0.0,-0.05396681733088471,0.11696215718984604,2.5736230617967593e-05,0.999974263769382
Qwen/Qwen3-1.7B,12,0.42857142857142855,logic,causality,0.5,55.11498259291214,0.6666666666666666,0.003603967282759246,0.23392431437969208,7.444544073953452e-05,0.9999255545592605
Qwen/Qwen3-1.7B,12,0.42857142857142855,logic,causality,0.75,55.11498259291214,1.0,0.05953671265171778,0.35088643431663513,0.00011466066624632454,0.9998853393337537
Qwen/Qwen3-1.7B,12,0.42857142857142855,logic,causality,1.0,55.11498259291214,1.0,0.11187662968952217,0.46784862875938416,0.0001374452044810015,0.999862554795519
Qwen/Qwen3-1.7B,12,0.42857142857142855,logic,causality,1.25,55.11498259291214,1.0,0.15931553663359277,0.584810733795166,0.00015295110093849207,0.9998470488990615
Qwen/Qwen3-1.7B,12,0.42857142857142855,logic,causality,1.5,55.11498259291214,1.0,0.20124537718785673,0.7017728686332703,0.00017848819807753102,0.9998215118019225
Qwen/Qwen3-1.7B,12,0.42857142857142855,logic,analogy,0.25,46.247595407863436,0.0,-0.038916168399946494,0.09814424067735672,4.705954158257253e-05,0.9999529404584174
Qwen/Qwen3-1.7B,12,0.42857142857142855,logic,analogy,0.5,46.247595407863436,0.5,0.002045010393493918,0.19628848135471344,0.00020215910592935593,0.9997978408940706
Qwen/Qwen3-1.7B,12,0.42857142857142855,logic,analogy,0.75,46.247595407863436,1.0,0.04216353622074809,0.29443269968032837,0.00047402256555628686,0.9995259774344437
Qwen/Qwen3-1.7B,12,0.42857142857142855,logic,analogy,1.0,46.247595407863436,1.0,0.08041366551188445,0.3925769627094269,0.0008529996659616401,0.9991470003340384
Qwen/Qwen3-1.7B,12,0.42857142857142855,logic,analogy,1.25,46.247595407863436,1.0,0.11601906172511867,0.490721195936203,0.0013137855350013883,0.9986862144649986
Qwen/Qwen3-1.7B,12,0.42857142857142855,logic,analogy,1.5,46.247595407863436,1.0,0.14849942884971057,0.5888653993606567,0.001822657127955929,0.9981773428720441
Qwen/Qwen3-1.7B,12,0.42857142857142855,logic,definition,0.25,51.24997398340225,0.0,-0.04906347506797459,0.10876002907752991,3.665680524811421e-05,0.9999633431947519
Qwen/Qwen3-1.7B,12,0.42857142857142855,logic,definition,0.5,51.24997398340225,0.5,0.001999322277444593,0.21752005815505981,0.00014241257095082283,0.9998575874290492
Qwen/Qwen3-1.7B,12,0.42857142857142855,logic,definition,0.75,51.24997398340225,1.0,0.05218810009415942,0.3262800872325897,0.0003071033020864977,0.9996928966979135
Qwen/Qwen3-1.7B,12,0.42857142857142855,logic,definition,1.0,51.24997398340225,1.0,0.09987047975559327,0.43504011631011963,0.000518253289265691,0.9994817467107343
Qwen/Qwen3-1.7B,12,0.42857142857142855,logic,definition,1.25,51.24997398340225,1.0,0.14382534624379317,0.5438001751899719,0.0007633941372928721,0.9992366058627071
Qwen/Qwen3-1.7B,12,0.42857142857142855,logic,definition,1.5,51.24997398340225,1.0,0.1833419682130678,0.6525601744651794,0.0010307535223090802,0.9989692464776909
Qwen/Qwen3-1.7B,12,0.42857142857142855,causality,logic,0.25,55.11498259291214,0.0,-0.059660023386506555,0.11101739853620529,0.00029127309384613387,0.9997087269061539
Qwen/Qwen3-1.7B,12,0.42857142857142855,causality,logic,0.5,55.11498259291214,0.3333333333333333,-0.003754880067253885,0.22203479707241058,0.0012933294083070646,0.9987066705916929
Qwen/Qwen3-1.7B,12,0.42857142857142855,causality,logic,0.75,55.11498259291214,1.0,0.05380445409994283,0.3330521583557129,0.0031658370177984896,0.9968341629822015
Qwen/Qwen3-1.7B,12,0.42857142857142855,causality,logic,1.0,55.11498259291214,1.0,0.11071551226335519,0.44406959414482117,0.005950794966007034,0.994049205033993
Qwen/Qwen3-1.7B,12,0.42857142857142855,causality,logic,1.25,55.11498259291214,1.0,0.1647407471878951,0.5550870299339294,0.009509623048238214,0.9904903769517618
Qwen/Qwen3-1.7B,12,0.42857142857142855,causality,logic,1.5,55.11498259291214,1.0,0.2141215105250227,0.6661043167114258,0.013544619835335281,0.9864553801646647
Qwen/Qwen3-1.7B,12,0.42857142857142855,causality,analogy,0.25,57.89949427272811,0.0,-0.06164362718569394,0.11662619560956955,0.000165119939499081,0.9998348800605009
Qwen/Qwen3-1.7B,12,0.42857142857142855,causality,analogy,0.5,57.89949427272811,0.5,-0.0007663163315848598,0.2332523912191391,0.0008313942755154846,0.9991686057244845
Qwen/Qwen3-1.7B,12,0.42857142857142855,causality,analogy,0.75,57.89949427272811,1.0,0.06056570136202044,0.34987857937812805,0.002254404493106099,0.9977455955068939
Qwen/Qwen3-1.7B,12,0.42857142857142855,causality,analogy,1.0,57.89949427272811,1.0,0.11975924805559879,0.4665047824382782,0.004571215350485214,0.9954287846495148
Qwen/Qwen3-1.7B,12,0.42857142857142855,causality,analogy,1.25,57.89949427272811,1.0,0.1746338849985889,0.583130955696106,0.007695908640007798,0.9923040913599922
Qwen/Qwen3-1.7B,12,0.42857142857142855,causality,analogy,1.5,57.89949427272811,1.0,0.2237645543888328,0.6997571587562561,0.0113377146504815,0.9886622853495185
Qwen/Qwen3-1.7B,12,0.42857142857142855,causality,definition,0.25,43.962147266716705,0.0,-0.03533012674195424,0.08855237811803818,0.0001874430190551557,0.9998125569809448
Qwen/Qwen3-1.7B,12,0.42857142857142855,causality,definition,0.5,43.962147266716705,0.5,-0.00048067648819805076,0.17710475623607635,0.00090493743949982,0.9990950625605002
Qwen/Qwen3-1.7B,12,0.42857142857142855,causality,definition,0.75,43.962147266716705,1.0,0.03473573323989476,0.2656571567058563,0.002362788148432937,0.9976372118515671
Qwen/Qwen3-1.7B,12,0.42857142857142855,causality,definition,1.0,43.962147266716705,1.0,0.06946097274620955,0.3542095124721527,0.004684557683103052,0.995315442316897
Qwen/Qwen3-1.7B,12,0.42857142857142855,causality,definition,1.25,43.962147266716705,1.0,0.10288823104041334,0.4427618682384491,0.007854800393469419,0.9921451996065306
Qwen/Qwen3-1.7B,12,0.42857142857142855,causality,definition,1.5,43.962147266716705,1.0,0.1343500460974255,0.5313143134117126,0.01171212034126845,0.9882878796587315
Qwen/Qwen3-1.7B,12,0.42857142857142855,analogy,logic,0.25,46.247595407863436,0.16666666666666666,-0.04237896615522119,0.09601187705993652,9.052817314769701e-05,0.9999094718268523
Qwen/Qwen3-1.7B,12,0.42857142857142855,analogy,logic,0.5,46.247595407863436,0.5,-0.0016855108061823998,0.19202375411987305,0.0003165267382841952,0.9996834732617158
Qwen/Qwen3-1.7B,12,0.42857142857142855,analogy,logic,0.75,46.247595407863436,1.0,0.0398489357332229,0.2880356013774872,0.0006093210770476976,0.9993906789229523
Qwen/Qwen3-1.7B,12,0.42857142857142855,analogy,logic,1.0,46.247595407863436,1.0,0.08102716331241933,0.3840475082397461,0.0009175972505464092,0.9990824027494536
Qwen/Qwen3-1.7B,12,0.42857142857142855,analogy,logic,1.25,46.247595407863436,1.0,0.12068016494951772,0.4800593852996826,0.0012203196246028947,0.9987796803753971
Qwen/Qwen3-1.7B,12,0.42857142857142855,analogy,logic,1.5,46.247595407863436,1.0,0.15782294267963426,0.5760712027549744,0.0015252599476712758,0.9984747400523287
Qwen/Qwen3-1.7B,12,0.42857142857142855,analogy,causality,0.25,57.89949427272811,0.16666666666666666,-0.06055210298058877,0.12020168453454971,0.00014476114853079203,0.9998552388514692
Qwen/Qwen3-1.7B,12,0.42857142857142855,analogy,causality,0.5,57.89949427272811,0.5,0.0013772338898880854,0.24040336906909943,0.0005187313486204603,0.9994812686513795
Qwen/Qwen3-1.7B,12,0.42857142857142855,analogy,causality,0.75,57.89949427272811,1.0,0.06276474905257168,0.3606050908565521,0.0010598964307072523,0.9989401035692927
Qwen/Qwen3-1.7B,12,0.42857142857142855,analogy,causality,1.0,57.89949427272811,1.0,0.12111325069812617,0.48080673813819885,0.0017466208983140108,0.998253379101686
Qwen/Qwen3-1.7B,12,0.42857142857142855,analogy,causality,1.25,57.89949427272811,1.0,0.17451110886265697,0.6010083556175232,0.0025777628146416154,0.9974222371853584
Qwen/Qwen3-1.7B,12,0.42857142857142855,analogy,causality,1.5,57.89949427272811,1.0,0.2218579448903547,0.7212101817131042,0.0035481472946023995,0.9964518527053976
Qwen/Qwen3-1.7B,12,0.42857142857142855,analogy,definition,0.25,51.414541796740174,0.0,-0.04997017328554776,0.10673866420984268,0.0001695567559468758,0.9998304432440531
Qwen/Qwen3-1.7B,12,0.42857142857142855,analogy,definition,0.5,51.414541796740174,0.5,-0.0002741635123779673,0.21347732841968536,0.0006161958967431103,0.9993838041032569
Qwen/Qwen3-1.7B,12,0.42857142857142855,analogy,definition,0.75,51.414541796740174,1.0,0.0495845997604748,0.32021597027778625,0.0012323380101234571,0.9987676619898765
Qwen/Qwen3-1.7B,12,0.42857142857142855,analogy,definition,1.0,51.414541796740174,1.0,0.09789955787999682,0.4269546568393707,0.0019193730129488662,0.9980806269870511
Qwen/Qwen3-1.7B,12,0.42857142857142855,analogy,definition,1.25,51.414541796740174,1.0,0.14320867070356436,0.5336933135986328,0.002609728900334063,0.9973902710996659
Qwen/Qwen3-1.7B,12,0.42857142857142855,analogy,definition,1.5,51.414541796740174,1.0,0.1844841972310015,0.6404319405555725,0.003269898663270654,0.9967301013367293
Qwen/Qwen3-1.7B,12,0.42857142857142855,definition,logic,0.25,51.24997398340225,0.0,-0.05115603855359219,0.10441116243600845,0.0005332755718703286,0.9994667244281297
Qwen/Qwen3-1.7B,12,0.42857142857142855,definition,logic,0.5,51.24997398340225,0.5,-0.0015428044360366044,0.2088223248720169,0.0025825593709675188,0.9974174406290325
Qwen/Qwen3-1.7B,12,0.42857142857142855,definition,logic,0.75,51.24997398340225,0.8333333333333334,0.04887198048250907,0.31323352456092834,0.006767023303752784,0.9932329766962472
Qwen/Qwen3-1.7B,12,0.42857142857142855,definition,logic,1.0,51.24997398340225,1.0,0.09835952910164725,0.4176446497440338,0.013399311987653872,0.9866006880123461
Qwen/Qwen3-1.7B,12,0.42857142857142855,definition,logic,1.25,51.24997398340225,1.0,0.14532100803233694,0.5220558643341064,0.02224337505526708,0.9777566249447329
Qwen/Qwen3-1.7B,12,0.42857142857142855,definition,logic,1.5,51.24997398340225,1.0,0.1885259712495414,0.6264670491218567,0.03249479759109697,0.967505202408903
Qwen/Qwen3-1.7B,12,0.42857142857142855,definition,causality,0.25,43.962147266716705,0.16666666666666666,-0.03359744341561155,0.08956373482942581,0.0008958527826097296,0.9991041472173903
Qwen/Qwen3-1.7B,12,0.42857142857142855,definition,causality,0.5,43.962147266716705,0.5,0.001158453548089966,0.17912746965885162,0.003843753999563382,0.9961562460004366
Qwen/Qwen3-1.7B,12,0.42857142857142855,definition,causality,0.75,43.962147266716705,0.8333333333333334,0.03551668360351812,0.26869121193885803,0.008989763849985177,0.9910102361500148
Qwen/Qwen3-1.7B,12,0.42857142857142855,definition,causality,1.0,43.962147266716705,1.0,0.06871095743949218,0.35825493931770325,0.01611323496119277,0.9838867650388072
Qwen/Qwen3-1.7B,12,0.42857142857142855,definition,causality,1.25,43.962147266716705,1.0,0.10010753225422353,0.44781866669654846,0.024676933480673235,0.9753230665193268
Qwen/Qwen3-1.7B,12,0.42857142857142855,definition,causality,1.5,43.962147266716705,1.0,0.12925218392553095,0.5373824238777161,0.03397070266719626,0.9660292973328037
Qwen/Qwen3-1.7B,12,0.42857142857142855,definition,analogy,0.25,51.414541796740174,0.0,-0.04773854891232476,0.10474643856287003,0.000634176432427358,0.9993658235675726
Qwen/Qwen3-1.7B,12,0.42857142857142855,definition,analogy,0.5,51.414541796740174,0.6666666666666666,0.000934084971989213,0.20949287712574005,0.002953711514001589,0.9970462884859984
Qwen/Qwen3-1.7B,12,0.42857142857142855,definition,analogy,0.75,51.414541796740174,0.8333333333333334,0.04938487582573681,0.31423935294151306,0.007399960345976786,0.9926000396540232
Qwen/Qwen3-1.7B,12,0.42857142857142855,definition,analogy,1.0,51.414541796740174,1.0,0.09605580689375803,0.4189857542514801,0.013977433179328869,0.9860225668206711
Qwen/Qwen3-1.7B,12,0.42857142857142855,definition,analogy,1.25,51.414541796740174,1.0,0.13966898146639184,0.5237322449684143,0.022169345488704084,0.9778306545112959
Qwen/Qwen3-1.7B,12,0.42857142857142855,definition,analogy,1.5,51.414541796740174,1.0,0.17936669377705994,0.6284787058830261,0.03109502459479807,0.9689049754052019
Qwen/Qwen3-1.7B,16,0.5714285714285714,logic,causality,0.25,105.02935898996124,0.0,-0.05745672115179978,0.12588855624198914,4.647624630560454e-05,0.9999535237536944
Qwen/Qwen3-1.7B,16,0.5714285714285714,logic,causality,0.5,105.02935898996124,0.6666666666666666,0.006590872875460119,0.25177711248397827,0.0002430622287096229,0.9997569377712904
Qwen/Qwen3-1.7B,16,0.5714285714285714,logic,causality,0.75,105.02935898996124,1.0,0.06778630499292149,0.3776656687259674,0.0006648109043912998,0.9993351890956087
Qwen/Qwen3-1.7B,16,0.5714285714285714,logic,causality,1.0,105.02935898996124,1.0,0.12396903128673886,0.5035542249679565,0.0013348962997651315,0.9986651037002349
Qwen/Qwen3-1.7B,16,0.5714285714285714,logic,causality,1.25,105.02935898996124,1.0,0.17392569197832453,0.6294428110122681,0.0022110309577078047,0.9977889690422922
Qwen/Qwen3-1.7B,16,0.5714285714285714,logic,causality,1.5,105.02935898996124,1.0,0.21731522213416532,0.7553313374519348,0.003209841938985103,0.9967901580610149
Qwen/Qwen3-1.7B,16,0.5714285714285714,logic,analogy,0.25,92.77485676592072,0.0,-0.04932138781679407,0.11120027303695679,8.36119557474646e-05,0.9999163880442525
Qwen/Qwen3-1.7B,16,0.5714285714285714,logic,analogy,0.5,92.77485676592072,0.5,0.003202129582248081,0.22240054607391357,0.0003885092047469785,0.999611490795253
Qwen/Qwen3-1.7B,16,0.5714285714285714,logic,analogy,0.75,92.77485676592072,1.0,0.054431019481340215,0.33360084891319275,0.0009703679245414154,0.9990296320754586
Qwen/Qwen3-1.7B,16,0.5714285714285714,logic,analogy,1.0,92.77485676592072,1.0,0.10271830847202923,0.44480109214782715,0.0018303762779822152,0.9981696237220178
Qwen/Qwen3-1.7B,16,0.5714285714285714,logic,analogy,1.25,92.77485676592072,1.0,0.14690504466755194,0.5560013651847839,0.002912408749556672,0.9970875912504433
Qwen/Qwen3-1.7B,16,0.5714285714285714,logic,analogy,1.5,92.77485676592072,1.0,0.18638286873807675,0.6672016978263855,0.004124779863477923,0.9958752201365221
Qwen/Qwen3-1.7B,16,0.5714285714285714,logic,definition,0.25,98.7327071726886,0.0,-0.05600521583789786,0.11834137886762619,1.9217292675399733e-05,0.9999807827073246
Qwen/Qwen3-1.7B,16,0.5714285714285714,logic,definition,0.5,98.7327071726886,0.5,0.0036174927952259406,0.23668275773525238,9.203471068752744e-05,0.9999079652893125
Qwen/Qwen3-1.7B,16,0.5714285714285714,logic,definition,0.75,98.7327071726886,1.0,0.06170235027459303,0.355024129152298,0.00026376332717203965,0.999736236672828
Qwen/Qwen3-1.7B,16,0.5714285714285714,logic,definition,1.0,98.7327071726886,1.0,0.11612610116307032,0.47336551547050476,0.000585319889506164,0.9994146801104938
Qwen/Qwen3-1.7B,16,0.5714285714285714,logic,definition,1.25,98.7327071726886,1.0,0.1654487636712917,0.5917068719863892,0.0010810474958516947,0.9989189525041483
Qwen/Qwen3-1.7B,16,0.5714285714285714,logic,definition,1.5,98.7327071726886,1.0,0.20898816291888345,0.710048258304596,0.0017353361264264011,0.9982646638735736
Qwen/Qwen3-1.7B,16,0.5714285714285714,causality,logic,0.25,105.02935898996124,0.0,-0.06719115188163283,0.11487782001495361,0.0006702913147303979,0.9993297086852696
Qwen/Qwen3-1.7B,16,0.5714285714285714,causality,logic,0.5,105.02935898996124,0.3333333333333333,-0.006555193315109231,0.22975564002990723,0.0028643820008027454,0.9971356179991973
Qwen/Qwen3-1.7B,16,0.5714285714285714,causality,logic,0.75,105.02935898996124,1.0,0.05685242880491126,0.34463346004486084,0.006512560265031331,0.9934874397349687
Qwen/Qwen3-1.7B,16,0.5714285714285714,causality,logic,1.0,105.02935898996124,1.0,0.12027428333727297,0.45951128005981445,0.010969698952701834,0.9890303010472982
Qwen/Qwen3-1.7B,16,0.5714285714285714,causality,logic,1.25,105.02935898996124,1.0,0.18083261409898255,0.5743891596794128,0.015179281890777885,0.9848207181092221
Qwen/Qwen3-1.7B,16,0.5714285714285714,causality,logic,1.5,105.02935898996124,1.0,0.2361467145272047,0.6892669200897217,0.01815771106523323,0.9818422889347668
Qwen/Qwen3-1.7B,16,0.5714285714285714,causality,analogy,0.25,118.23126832755301,0.0,-0.08041261817194134,0.12931765615940094,0.0003855172357196679,0.9996144827642803
Qwen/Qwen3-1.7B,16,0.5714285714285714,causality,analogy,0.5,118.23126832755301,0.5,-0.003612146007281436,0.2586353123188019,0.00161559546335599,0.998384404536644
Qwen/Qwen3-1.7B,16,0.5714285714285714,causality,analogy,0.75,118.23126832755301,1.0,0.07478028839741724,0.3879530131816864,0.003597561196052479,0.9964024388039475
Qwen/Qwen3-1.7B,16,0.5714285714285714,causality,analogy,1.0,118.23126832755301,1.0,0.1505116744395142,0.5172706246376038,0.005962772811260786,0.9940372271887392
Qwen/Qwen3-1.7B,16,0.5714285714285714,causality,analogy,1.25,118.23126832755301,1.0,0.21993208975900902,0.6465883255004883,0.008228317779946037,0.991771682220054
Qwen/Qwen3-1.7B,16,0.5714285714285714,causality,analogy,1.5,118.23126832755301,1.0,0.28076582150160945,0.7759060263633728,0.01003621004556321,0.9899637899544368
Qwen/Qwen3-1.7B,16,0.5714285714285714,causality,definition,0.25,79.10217335748588,0.0,-0.035028452247032105,0.08651947975158691,3.484304827294782e-05,0.999965156951727
Qwen/Qwen3-1.7B,16,0.5714285714285714,causality,definition,0.5,79.10217335748588,0.6666666666666666,-0.001370462041174303,0.17303895950317383,0.00016229115561960938,0.9998377088443804
Qwen/Qwen3-1.7B,16,0.5714285714285714,causality,definition,0.75,79.10217335748588,1.0,0.03289958140003357,0.25955843925476074,0.0004214930977544107,0.9995785069022456
Qwen/Qwen3-1.7B,16,0.5714285714285714,causality,definition,1.0,79.10217335748588,1.0,0.06696947856752489,0.34607791900634766,0.0008490714899591634,0.9991509285100408
Qwen/Qwen3-1.7B,16,0.5714285714285714,causality,definition,1.25,79.10217335748588,1.0,0.10003703710230794,0.43259742856025696,0.0014661527499714166,0.9985338472500286
Qwen/Qwen3-1.7B,16,0.5714285714285714,causality,definition,1.5,79.10217335748588,1.0,0.13140141037187592,0.5191168785095215,0.0022686387658038543,0.9977313612341961
Qwen/Qwen3-1.7B,16,0.5714285714285714,analogy,logic,0.25,92.77485676592072,0.16666666666666666,-0.05501666104828118,0.10777639597654343,0.0001817327115424261,0.9998182672884576
Qwen/Qwen3-1.7B,16,0.5714285714285714,analogy,logic,0.5,92.77485676592072,0.3333333333333333,-0.003099377250346036,0.21555279195308685,0.0008179320978076721,0.9991820679021923
Qwen/Qwen3-1.7B,16,0.5714285714285714,analogy,logic,0.75,92.77485676592072,1.0,0.05015532527101296,0.32332921028137207,0.001975150913399726,0.9980248490866003
Qwen/Qwen3-1.7B,16,0.5714285714285714,analogy,logic,1.0,92.77485676592072,1.0,0.10277684332167847,0.4311055839061737,0.003593687273410362,0.9964063127265896
Qwen/Qwen3-1.7B,16,0.5714285714285714,analogy,logic,1.25,92.77485676592072,1.0,0.1528578171755457,0.5388820171356201,0.005497637566216906,0.9945023624337831
Qwen/Qwen3-1.7B,16,0.5714285714285714,analogy,logic,1.5,92.77485676592072,1.0,0.1988794421002762,0.6466584205627441,0.007458290159297887,0.9925417098407021
Qwen/Qwen3-1.7B,16,0.5714285714285714,analogy,causality,0.25,118.23126832755301,0.0,-0.07670263596547955,0.13734905421733856,0.0002143492562362015,0.9997856507437638
Qwen/Qwen3-1.7B,16,0.5714285714285714,analogy,causality,0.5,118.23126832755301,0.3333333333333333,0.0033139052128952073,0.2746981084346771,0.0008806332479361911,0.9991193667520638
Qwen/Qwen3-1.7B,16,0.5714285714285714,analogy,causality,0.75,118.23126832755301,1.0,0.0817043057191511,0.4120471775531769,0.0019109922918736366,0.9980890077081264
Qwen/Qwen3-1.7B,16,0.5714285714285714,analogy,causality,1.0,118.23126832755301,1.0,0.15448393823197082,0.5493962168693542,0.0031017762018228368,0.9968982237981772
Qwen/Qwen3-1.7B,16,0.5714285714285714,analogy,causality,1.25,118.23126832755301,1.0,0.2190330327781782,0.6867454051971436,0.004240533778383071,0.9957594662216169
Qwen/Qwen3-1.7B,16,0.5714285714285714,analogy,causality,1.5,118.23126832755301,1.0,0.2743127613104841,0.8240943551063538,0.005187937990323799,0.9948120620096762
Qwen/Qwen3-1.7B,16,0.5714285714285714,analogy,definition,0.25,108.50921129120354,0.0,-0.06961524786317874,0.12605497241020203,0.00022436494375188687,0.9997756350562481
Qwen/Qwen3-1.7B,16,0.5714285714285714,analogy,definition,0.5,108.50921129120354,0.3333333333333333,-6.677747326655492e-05,0.25210994482040405,0.0009585322950029784,0.999041467704997
Qwen/Qwen3-1.7B,16,0.5714285714285714,analogy,definition,0.75,108.50921129120354,1.0,0.06944012154681967,0.3781648874282837,0.002175512169488525,0.9978244878305115
Qwen/Qwen3-1.7B,16,0.5714285714285714,analogy,definition,1.0,108.50921129120354,1.0,0.13562988467467063,0.5042198896408081,0.0036991627189433274,0.9963008372810567
Qwen/Qwen3-1.7B,16,0.5714285714285714,analogy,definition,1.25,108.50921129120354,1.0,0.19594259891784882,0.6302748918533325,0.005284948326610195,0.9947150516733898
Qwen/Qwen3-1.7B,16,0.5714285714285714,analogy,definition,1.5,108.50921129120354,1.0,0.24892018916283964,0.7563297748565674,0.006720956122181043,0.993279043877819
Qwen/Qwen3-1.7B,16,0.5714285714285714,definition,logic,0.25,98.7327071726886,0.0,-0.06075461600926435,0.1114862859249115,0.0003661471400157046,0.9996338528599843
Qwen/Qwen3-1.7B,16,0.5714285714285714,definition,logic,0.5,98.7327071726886,0.5,-0.0034256477558968212,0.222972571849823,0.0017470356033819634,0.998252964396618
Qwen/Qwen3-1.7B,16,0.5714285714285714,definition,logic,0.75,98.7327071726886,1.0,0.05536415025268482,0.3344588279724121,0.004489160842186646,0.9955108391578134
Qwen/Qwen3-1.7B,16,0.5714285714285714,definition,logic,1.0,98.7327071726886,1.0,0.11324747671919233,0.445945143699646,0.008650116265985996,0.991349883734014
Qwen/Qwen3-1.7B,16,0.5714285714285714,definition,logic,1.25,98.7327071726886,1.0,0.1679798978375624,0.5574313998222351,0.01386709872433678,0.9861329012756632
Qwen/Qwen3-1.7B,16,0.5714285714285714,definition,logic,1.5,98.7327071726886,1.0,0.21784709093596077,0.6689176559448242,0.01946333005175449,0.9805366699482455
Qwen/Qwen3-1.7B,16,0.5714285714285714,definition,causality,0.25,79.10217335748588,0.16666666666666666,-0.03263621096735492,0.08932002633810043,0.0006277625895364514,0.9993722374104635
Qwen/Qwen3-1.7B,16,0.5714285714285714,definition,causality,0.5,79.10217335748588,0.5,0.0014475436235557027,0.17864005267620087,0.00255001956314016,0.9974499804368598
Qwen/Qwen3-1.7B,16,0.5714285714285714,definition,causality,0.75,79.10217335748588,1.0,0.0349239001018844,0.2679600417613983,0.00563945696506063,0.9943605430349394
Qwen/Qwen3-1.7B,16,0.5714285714285714,definition,causality,1.0,79.10217335748588,1.0,0.06707920853319804,0.35728010535240173,0.009569497063512844,0.9904305029364872
Qwen/Qwen3-1.7B,16,0.5714285714285714,definition,causality,1.25,79.10217335748588,1.0,0.09734735863885324,0.446600079536438,0.013922345317218143,0.9860776546827819
Qwen/Qwen3-1.7B,16,0.5714285714285714,definition,causality,1.5,79.10217335748588,1.0,0.12534335580343814,0.5359200835227966,0.01830149942929149,0.9816985005707085
Qwen/Qwen3-1.7B,16,0.5714285714285714,definition,analogy,0.25,108.50921129120354,0.0,-0.06802571439408389,0.1225256398320198,0.0005493951964831156,0.9994506048035169
Qwen/Qwen3-1.7B,16,0.5714285714285714,definition,analogy,0.5,108.50921129120354,0.6666666666666666,-0.00023507911075193455,0.2450512796640396,0.0023973826868903814,0.9976026173131096
Qwen/Qwen3-1.7B,16,0.5714285714285714,definition,analogy,0.75,108.50921129120354,1.0,0.0676382115090508,0.3675769567489624,0.005575501420701512,0.9944244985792985
Qwen/Qwen3-1.7B,16,0.5714285714285714,definition,analogy,1.0,108.50921129120354,1.0,0.13250785578373325,0.4901025593280792,0.009672991807504805,0.9903270081924952
Qwen/Qwen3-1.7B,16,0.5714285714285714,definition,analogy,1.25,108.50921129120354,1.0,0.19192047845540816,0.6126282811164856,0.013985871260241645,0.9860141287397584
Qwen/Qwen3-1.7B,16,0.5714285714285714,definition,analogy,1.5,108.50921129120354,1.0,0.2444250097439955,0.7351539134979248,0.017852375289939992,0.98214762471006
Qwen/Qwen3-1.7B,20,0.7142857142857143,logic,causality,0.25,271.9629426605601,0.0,-0.05150566156577918,0.10639484971761703,2.7760445646118903e-05,0.9999722395543539
Qwen/Qwen3-1.7B,20,0.7142857142857143,logic,causality,0.5,271.9629426605601,0.5,-0.0006229915541196007,0.21278969943523407,0.00011960725705462139,0.9998803927429454
Qwen/Qwen3-1.7B,20,0.7142857142857143,logic,causality,0.75,271.9629426605601,1.0,0.050350204438421864,0.3191845715045929,0.0002824576043957139,0.9997175423956043
Qwen/Qwen3-1.7B,20,0.7142857142857143,logic,causality,1.0,271.9629426605601,1.0,0.0996639607422175,0.42557939887046814,0.0005119686647627741,0.9994880313352372
Qwen/Qwen3-1.7B,20,0.7142857142857143,logic,causality,1.25,271.9629426605601,1.0,0.14583244005545526,0.531974196434021,0.000791864876075743,0.9992081351239243
Qwen/Qwen3-1.7B,20,0.7142857142857143,logic,causality,1.5,271.9629426605601,1.0,0.1878284806228916,0.6383691430091858,0.001098093617182605,0.9989019063828174
Qwen/Qwen3-1.7B,20,0.7142857142857143,logic,analogy,0.25,241.36599532121502,0.0,-0.04172332649309418,0.09442498534917831,5.435601339109919e-05,0.9999456439866089
Qwen/Qwen3-1.7B,20,0.7142857142857143,logic,analogy,0.5,241.36599532121502,0.5,-0.0015850314921546094,0.18884997069835663,0.00022647576775902678,0.999773524232241
Qwen/Qwen3-1.7B,20,0.7142857142857143,logic,analogy,0.75,241.36599532121502,1.0,0.03889286126003244,0.28327497839927673,0.0005159962081999758,0.9994840037918
Qwen/Qwen3-1.7B,20,0.7142857142857143,logic,analogy,1.0,241.36599532121502,1.0,0.07860698414631362,0.37769994139671326,0.0009021368417866382,0.9990978631582134
Qwen/Qwen3-1.7B,20,0.7142857142857143,logic,analogy,1.25,241.36599532121502,1.0,0.11654061628506163,0.47212493419647217,0.0013471095720358761,0.9986528904279641
Qwen/Qwen3-1.7B,20,0.7142857142857143,logic,analogy,1.5,241.36599532121502,1.0,0.15188579270787816,0.5665499567985535,0.0018053358950924636,0.9981946641049075
Qwen/Qwen3-1.7B,20,0.7142857142857143,logic,definition,0.25,274.83192343954767,0.0,-0.05181747986289953,0.10751721262931824,6.085518379594923e-05,0.999939144816204
Qwen/Qwen3-1.7B,20,0.7142857142857143,logic,definition,0.5,274.83192343954767,0.5,-0.0007065398498380393,0.21503442525863647,0.0002465793804288241,0.9997534206195712
Qwen/Qwen3-1.7B,20,0.7142857142857143,logic,definition,0.75,274.83192343954767,1.0,0.05022999907257386,0.3225516974925995,0.0005461430472769591,0.999453856952723
Qwen/Qwen3-1.7B,20,0.7142857142857143,logic,definition,1.0,274.83192343954767,1.0,0.09927765859158344,0.43006885051727295,0.0009301767178210296,0.999069823282179
Qwen/Qwen3-1.7B,20,0.7142857142857143,logic,definition,1.25,274.83192343954767,1.0,0.1450146243205933,0.5375860929489136,0.0013593432765613978,0.9986406567234386
Qwen/Qwen3-1.7B,20,0.7142857142857143,logic,definition,1.5,274.83192343954767,1.0,0.1864872510538511,0.645103394985199,0.0017946510540463034,0.9982053489459537
Qwen/Qwen3-1.7B,20,0.7142857142857143,causality,logic,0.25,271.9629426605601,0.0,-0.05094301827692538,0.10842026025056839,0.00017860860723351024,0.9998213913927665
Qwen/Qwen3-1.7B,20,0.7142857142857143,causality,logic,0.5,271.9629426605601,0.5,0.0007723751453636574,0.21684052050113678,0.0008005233177584836,0.9991994766822415
Qwen/Qwen3-1.7B,20,0.7142857142857143,causality,logic,0.75,271.9629426605601,1.0,0.05237955348002532,0.32526078820228577,0.0019281052282400513,0.99807189477176
Qwen/Qwen3-1.7B,20,0.7142857142857143,causality,logic,1.0,271.9629426605601,1.0,0.10209455528103373,0.43368104100227356,0.003509752924805043,0.996490247075195
Qwen/Qwen3-1.7B,20,0.7142857142857143,causality,logic,1.25,271.9629426605601,1.0,0.1484470992003255,0.5421013236045837,0.005395325259396233,0.9946046747406038
Qwen/Qwen3-1.7B,20,0.7142857142857143,causality,logic,1.5,271.9629426605601,1.0,0.1904559738374314,0.6505215764045715,0.007392115822267509,0.9926078841777325
Qwen/Qwen3-1.7B,20,0.7142857142857143,causality,analogy,0.25,301.58887369044857,0.0,-0.06491518454419576,0.12023088335990906,0.0001012324101375972,0.9998987675898624
Qwen/Qwen3-1.7B,20,0.7142857142857143,causality,analogy,0.5,301.58887369044857,0.5,-0.000253832664467879,0.24046176671981812,0.0005040550829468193,0.9994959449170532
Qwen/Qwen3-1.7B,20,0.7142857142857143,causality,analogy,0.75,301.58887369044857,1.0,0.06472571798998461,0.3606926202774048,0.0013231471783928805,0.9986768528216071
Qwen/Qwen3-1.7B,20,0.7142857142857143,causality,analogy,1.0,301.58887369044857,1.0,0.1271428652640182,0.48092353343963623,0.00257048385602332,0.9974295161439767
Qwen/Qwen3-1.7B,20,0.7142857142857143,causality,analogy,1.25,301.58887369044857,1.0,0.1846419137230786,0.6011543869972229,0.004135964853608898,0.9958640351463911
Qwen/Qwen3-1.7B,20,0.7142857142857143,causality,analogy,1.5,301.58887369044857,1.0,0.23575660759740658,0.7213852405548096,0.005837078742670032,0.99416292125733
Qwen/Qwen3-1.7B,20,0.7142857142857143,causality,definition,0.25,192.27980933771326,0.0,-0.025317306795438643,0.07665393501520157,5.488849527135464e-05,0.9999451115047286
Qwen/Qwen3-1.7B,20,0.7142857142857143,causality,definition,0.5,192.27980933771326,0.6666666666666666,5.3566942422200725e-05,0.15330787003040314,0.0002015131412470561,0.9997984868587529
Qwen/Qwen3-1.7B,20,0.7142857142857143,causality,definition,0.75,192.27980933771326,1.0,0.025260726303489522,0.22996176779270172,0.0004073639394007733,0.9995926360605992
Qwen/Qwen3-1.7B,20,0.7142857142857143,causality,definition,1.0,192.27980933771326,1.0,0.04987293847844343,0.3066157400608063,0.0006384406182150526,0.999361559381785
Qwen/Qwen3-1.7B,20,0.7142857142857143,causality,definition,1.25,192.27980933771326,1.0,0.07351050166741346,0.38326963782310486,0.0008659384055208497,0.9991340615944792
Qwen/Qwen3-1.7B,20,0.7142857142857143,causality,definition,1.5,192.27980933771326,1.0,0.09587099867655735,0.45992353558540344,0.0010705425133368252,0.9989294574866632
Qwen/Qwen3-1.7B,20,0.7142857142857143,analogy,logic,0.25,241.36599532121502,0.16666666666666666,-0.04243964219550567,0.09918566793203354,0.00024846619345930687,0.9997515338065407
Qwen/Qwen3-1.7B,20,0.7142857142857143,analogy,logic,0.5,241.36599532121502,0.5,-0.0005715187913444275,0.19837133586406708,0.0009112171021995463,0.9990887828978005
Qwen/Qwen3-1.7B,20,0.7142857142857143,analogy,logic,0.75,241.36599532121502,1.0,0.041110504286304694,0.29755696654319763,0.0018087332605445372,0.9981912667394555
Qwen/Qwen3-1.7B,20,0.7142857142857143,analogy,logic,1.0,241.36599532121502,1.0,0.08142693329316963,0.39674267172813416,0.0027362587162852448,0.9972637412837148
Qwen/Qwen3-1.7B,20,0.7142857142857143,analogy,logic,1.25,241.36599532121502,1.0,0.11937948329246417,0.4959283173084259,0.003523890999932111,0.9964761090000679
Qwen/Qwen3-1.7B,20,0.7142857142857143,analogy,logic,1.5,241.36599532121502,1.0,0.15425689712082402,0.5951139330863953,0.004072796301857862,0.9959272036981421
Qwen/Qwen3-1.7B,20,0.7142857142857143,analogy,causality,0.25,301.58887369044857,0.0,-0.06652233613803171,0.1239333227276802,0.0003320418112852108,0.9996679581887148
Qwen/Qwen3-1.7B,20,0.7142857142857143,analogy,causality,0.5,301.58887369044857,0.3333333333333333,-0.00024655996827605,0.2478666454553604,0.001247320259271989,0.998752679740728
Qwen/Qwen3-1.7B,20,0.7142857142857143,analogy,causality,0.75,301.58887369044857,1.0,0.06575829386259546,0.371800035238266,0.002482522267260645,0.9975174777327394
Qwen/Qwen3-1.7B,20,0.7142857142857143,analogy,causality,1.0,301.58887369044857,1.0,0.1285058653433212,0.4957332909107208,0.0036927601664052956,0.9963072398335947
Qwen/Qwen3-1.7B,20,0.7142857142857143,analogy,causality,1.25,301.58887369044857,1.0,0.18569351746692409,0.6196666359901428,0.004605518627266658,0.9953944813727333
Qwen/Qwen3-1.7B,20,0.7142857142857143,analogy,causality,1.5,301.58887369044857,1.0,0.236027427778704,0.743600070476532,0.005104846053403778,0.9948951539465962
Qwen/Qwen3-1.7B,20,0.7142857142857143,analogy,definition,0.25,286.6174039590411,0.16666666666666666,-0.05828807614807208,0.11778104305267334,0.00045095615843215864,0.9995490438415678
Qwen/Qwen3-1.7B,20,0.7142857142857143,analogy,definition,0.5,286.6174039590411,0.3333333333333333,0.0005364693119527253,0.23556208610534668,0.0017310890694597347,0.9982689109305403
Qwen/Qwen3-1.7B,20,0.7142857142857143,analogy,definition,0.75,286.6174039590411,1.0,0.058678743182726145,0.35334312915802,0.0035494684167033386,0.9964505315832967
Qwen/Qwen3-1.7B,20,0.7142857142857143,analogy,definition,1.0,286.6174039590411,1.0,0.11385441077319258,0.47112417221069336,0.005488348318011038,0.994511651681989
Qwen/Qwen3-1.7B,20,0.7142857142857143,analogy,definition,1.25,286.6174039590411,1.0,0.16433916633615708,0.5889052152633667,0.007174728805383057,0.9928252711946169
Qwen/Qwen3-1.7B,20,0.7142857142857143,analogy,definition,1.5,286.6174039590411,1.0,0.20916123938904785,0.70668625831604,0.008390229612759481,0.9916097703872405
Qwen/Qwen3-1.7B,20,0.7142857142857143,definition,logic,0.25,274.83192343954767,0.0,-0.05026776874379246,0.10643526911735535,0.0006570574143693886,0.9993429425856306
Qwen/Qwen3-1.7B,20,0.7142857142857143,definition,logic,0.5,274.83192343954767,0.5,0.0005500658891937071,0.2128705382347107,0.002753239585672418,0.9972467604143276
Qwen/Qwen3-1.7B,20,0.7142857142857143,definition,logic,0.75,274.83192343954767,0.8333333333333334,0.051551257544978246,0.3193058669567108,0.006274457682401535,0.9937255423175985
Qwen/Qwen3-1.7B,20,0.7142857142857143,definition,logic,1.0,274.83192343954767,1.0,0.10101520818124199,0.4257410764694214,0.010912829409876035,0.989087170590124
Qwen/Qwen3-1.7B,20,0.7142857142857143,definition,logic,1.25,274.83192343954767,1.0,0.1474686490700382,0.5321764349937439,0.01614343692950515,0.9838565630704948
Qwen/Qwen3-1.7B,20,0.7142857142857143,definition,logic,1.5,274.83192343954767,1.0,0.18986790899115358,0.6386117339134216,0.021388737843106354,0.9786112621568936
Qwen/Qwen3-1.7B,20,0.7142857142857143,definition,causality,0.25,192.27980933771326,0.16666666666666666,-0.024219968970837558,0.07446498423814774,0.00022108773853624086,0.9997789122614638
Qwen/Qwen3-1.7B,20,0.7142857142857143,definition,causality,0.5,192.27980933771326,0.3333333333333333,0.0004565513015338807,0.14892996847629547,0.0009687847082209267,0.9990312152917791
Qwen/Qwen3-1.7B,20,0.7142857142857143,definition,causality,0.75,192.27980933771326,0.8333333333333334,0.0252603209433635,0.2233949452638626,0.0023415645737320245,0.997658435426268
Qwen/Qwen3-1.7B,20,0.7142857142857143,definition,causality,1.0,192.27980933771326,1.0,0.04977862288217105,0.29785993695259094,0.004380165223601962,0.995619834776398
Qwen/Qwen3-1.7B,20,0.7142857142857143,definition,causality,1.25,192.27980933771326,1.0,0.07362111430576745,0.37232494354248047,0.0070544800510565775,0.9929455199489434
Qwen/Qwen3-1.7B,20,0.7142857142857143,definition,causality,1.5,192.27980933771326,1.0,0.0964487259046225,0.4467898905277252,0.01026809711712251,0.9897319028828775
Qwen/Qwen3-1.7B,20,0.7142857142857143,definition,analogy,0.25,286.6174039590411,0.0,-0.056360815411977905,0.11099948734045029,0.000943035830810568,0.9990569641691894
Qwen/Qwen3-1.7B,20,0.7142857142857143,definition,analogy,0.5,286.6174039590411,0.6666666666666666,-0.0006055054796128001,0.22199897468090057,0.0038744247439980173,0.996125575256002
Qwen/Qwen3-1.7B,20,0.7142857142857143,definition,analogy,0.75,286.6174039590411,0.8333333333333334,0.055737036274101426,0.33299848437309265,0.008606563732517114,0.9913934362674829
Qwen/Qwen3-1.7B,20,0.7142857142857143,definition,analogy,1.0,286.6174039590411,1.0,0.11055574241946009,0.44399794936180115,0.014498737390694294,0.9855012626093057
Qwen/Qwen3-1.7B,20,0.7142857142857143,definition,analogy,1.25,286.6174039590411,1.0,0.16199954076547485,0.5549975037574768,0.020652786823128433,0.9793472131768716
Qwen/Qwen3-1.7B,20,0.7142857142857143,definition,analogy,1.5,286.6174039590411,1.0,0.20874421590914116,0.6659969687461853,0.02623052972854678,0.9737694702714532
Qwen/Qwen3-1.7B,24,0.8571428571428571,logic,causality,0.25,543.4973526671382,0.0,-0.02858094558687385,0.08353922516107559,1.2733385389318563e-05,0.9999872666146107
Qwen/Qwen3-1.7B,24,0.8571428571428571,logic,causality,0.5,543.4973526671382,0.5,0.000603900911887223,0.16707845032215118,5.6430347703417816e-05,0.9999435696522966
Qwen/Qwen3-1.7B,24,0.8571428571428571,logic,causality,0.75,543.4973526671382,1.0,0.029498087011669227,0.25061771273612976,0.00014641433355266908,0.9998535856664473
Qwen/Qwen3-1.7B,24,0.8571428571428571,logic,causality,1.0,543.4973526671382,1.0,0.05752353801664267,0.33415690064430237,0.0003037748496613757,0.9996962251503386
Qwen/Qwen3-1.7B,24,0.8571428571428571,logic,causality,1.25,543.4973526671382,1.0,0.08419190897649798,0.41769614815711975,0.0005488666564438249,0.9994511333435562
Qwen/Qwen3-1.7B,24,0.8571428571428571,logic,causality,1.5,543.4973526671382,1.0,0.10913935313629852,0.5012354254722595,0.0008949696630712323,0.9991050303369288
Qwen/Qwen3-1.7B,24,0.8571428571428571,logic,analogy,0.25,535.1832094988159,0.0,-0.03135637757593668,0.08226128667593002,4.981444530027801e-05,0.9999501855546997
Qwen/Qwen3-1.7B,24,0.8571428571428571,logic,analogy,0.5,535.1832094988159,0.5,-0.0023178814583401097,0.16452257335186005,0.00024635529326944017,0.9997536447067306
Qwen/Qwen3-1.7B,24,0.8571428571428571,logic,analogy,0.75,535.1832094988159,0.8333333333333334,0.027697167573641823,0.24678385257720947,0.0006694519489151007,0.9993305480510849
Qwen/Qwen3-1.7B,24,0.8571428571428571,logic,analogy,1.0,535.1832094988159,1.0,0.05806514383709016,0.3290451467037201,0.001398637673371339,0.9986013623266287
Qwen/Qwen3-1.7B,24,0.8571428571428571,logic,analogy,1.25,535.1832094988159,1.0,0.08810228518973351,0.4113064706325531,0.0024920235672926117,0.9975079764327074
Qwen/Qwen3-1.7B,24,0.8571428571428571,logic,analogy,1.5,535.1832094988159,1.0,0.1171382480950538,0.49356770515441895,0.003964799825182608,0.9960352001748174
Qwen/Qwen3-1.7B,24,0.8571428571428571,logic,definition,0.25,511.62627427727307,0.0,-0.026041729153214344,0.0786404237151146,2.3487418075784916e-05,0.9999765125819242
Qwen/Qwen3-1.7B,24,0.8571428571428571,logic,definition,0.5,511.62627427727307,0.5,-4.8549849927748134e-05,0.1572808474302292,8.625176734189388e-05,0.9999137482326581
Qwen/Qwen3-1.7B,24,0.8571428571428571,logic,definition,0.75,511.62627427727307,1.0,0.025799179806309414,0.23592126369476318,0.00018269827643968561,0.9998173017235603
Qwen/Qwen3-1.7B,24,0.8571428571428571,logic,definition,1.0,511.62627427727307,1.0,0.05103396067261212,0.3145616948604584,0.0003158945136786384,0.9996841054863214
Qwen/Qwen3-1.7B,24,0.8571428571428571,logic,definition,1.25,511.62627427727307,1.0,0.07524360650105111,0.3932020962238312,0.0004958580160107084,0.9995041419839893
Qwen/Qwen3-1.7B,24,0.8571428571428571,logic,definition,1.5,511.62627427727307,1.0,0.09810117910479565,0.47184252738952637,0.0007355333924708995,0.9992644666075291
Qwen/Qwen3-1.7B,24,0.8571428571428571,causality,logic,0.25,543.4973526671382,0.0,-0.029545238413641872,0.08255697041749954,4.164954303753632e-05,0.9999583504569625
Qwen/Qwen3-1.7B,24,0.8571428571428571,causality,logic,0.5,543.4973526671382,0.3333333333333333,-0.0004559088432946057,0.16511394083499908,0.00018405584418790255,0.9998159441558121
Qwen/Qwen3-1.7B,24,0.8571428571428571,causality,logic,0.75,543.4973526671382,1.0,0.028921193168297665,0.24767093360424042,0.0004579415532647291,0.9995420584467353
Qwen/Qwen3-1.7B,24,0.8571428571428571,causality,logic,1.0,543.4973526671382,1.0,0.057965925135091134,0.33022788166999817,0.000893292018996461,0.9991067079810035
Qwen/Qwen3-1.7B,24,0.8571428571428571,causality,logic,1.25,543.4973526671382,1.0,0.08608706092423024,0.4127849042415619,0.0015095112405106859,0.9984904887594893
Qwen/Qwen3-1.7B,24,0.8571428571428571,causality,logic,1.5,543.4973526671382,1.0,0.11277952486837617,0.49534186720848083,0.0023077414053327416,0.9976922585946673
Qwen/Qwen3-1.7B,24,0.8571428571428571,causality,analogy,0.25,674.772484538249,0.0,-0.04961667306151396,0.10249760001897812,3.206106729691793e-05,0.9999679389327031
Qwen/Qwen3-1.7B,24,0.8571428571428571,causality,analogy,0.5,674.772484538249,0.16666666666666666,-0.004075146289901799,0.20499520003795624,0.00018396679518484227,0.9998160332048152
Qwen/Qwen3-1.7B,24,0.8571428571428571,causality,analogy,0.75,674.772484538249,1.0,0.043506688307477615,0.30749279260635376,0.0005892287365121263,0.9994107712634879
Qwen/Qwen3-1.7B,24,0.8571428571428571,causality,analogy,1.0,674.772484538249,1.0,0.09152414708255097,0.4099904000759125,0.0014186544787365696,0.9985813455212634
Qwen/Qwen3-1.7B,24,0.8571428571428571,causality,analogy,1.25,674.772484538249,1.0,0.1382308746920895,0.5124879479408264,0.0028093402941872236,0.9971906597058128
Qwen/Qwen3-1.7B,24,0.8571428571428571,causality,analogy,1.5,674.772484538249,1.0,0.1820395717577925,0.6149855852127075,0.004789768848439513,0.9952102311515605
Qwen/Qwen3-1.7B,24,0.8571428571428571,causality,definition,0.25,367.343283615842,0.0,-0.013254033933498333,0.05579926073551178,9.964415960461714e-06,0.9999900355840395
Qwen/Qwen3-1.7B,24,0.8571428571428571,causality,definition,0.5,367.343283615842,0.3333333333333333,-0.00012072885884384377,0.11159852147102356,4.002243791279003e-05,0.9999599775620872
Qwen/Qwen3-1.7B,24,0.8571428571428571,causality,definition,0.75,367.343283615842,1.0,0.013059105995007703,0.16739778220653534,9.092153736212083e-05,0.9999090784626379
Qwen/Qwen3-1.7B,24,0.8571428571428571,causality,definition,1.0,367.343283615842,1.0,0.026160361528552056,0.22319704294204712,0.00016404644892686893,0.9998359535510731
Qwen/Qwen3-1.7B,24,0.8571428571428571,causality,definition,1.25,367.343283615842,1.0,0.03906118200570652,0.2789962887763977,0.0002612286812708753,0.9997387713187291
Qwen/Qwen3-1.7B,24,0.8571428571428571,causality,definition,1.5,367.343283615842,1.0,0.05164851728474762,0.3347955644130707,0.000384405484122885,0.9996155945158771
Qwen/Qwen3-1.7B,24,0.8571428571428571,analogy,logic,0.25,535.1832094988159,0.3333333333333333,-0.030198762506168042,0.08961492031812668,0.00021922333789448079,0.9997807766621055
Qwen/Qwen3-1.7B,24,0.8571428571428571,analogy,logic,0.5,535.1832094988159,0.5,0.0004940434354118173,0.17922984063625336,0.0007670511805635272,0.9992329488194365
Qwen/Qwen3-1.7B,24,0.8571428571428571,analogy,logic,0.75,535.1832094988159,1.0,0.030262374263247516,0.26884475350379944,0.0014785914607915451,0.9985214085392085
Qwen/Qwen3-1.7B,24,0.8571428571428571,analogy,logic,1.0,535.1832094988159,1.0,0.05854096768889694,0.3584596812725067,0.002217094224307825,0.9977829057756922
Qwen/Qwen3-1.7B,24,0.8571428571428571,analogy,logic,1.25,535.1832094988159,1.0,0.084918781275923,0.4480745494365692,0.0028938739767241373,0.9971061260232759
Qwen/Qwen3-1.7B,24,0.8571428571428571,analogy,logic,1.5,535.1832094988159,1.0,0.10914995512993442,0.5376895070075989,0.003469456992836961,0.996530543007163
Qwen/Qwen3-1.7B,24,0.8571428571428571,analogy,causality,0.25,674.772484538249,0.0,-0.045607485936971615,0.11298874020576477,0.0003927419698401824,0.9996072580301598
Qwen/Qwen3-1.7B,24,0.8571428571428571,analogy,causality,0.5,674.772484538249,0.5,0.00263109347426127,0.22597748041152954,0.0013677454933641586,0.9986322545066358
Qwen/Qwen3-1.7B,24,0.8571428571428571,analogy,causality,0.75,674.772484538249,1.0,0.04888780319674113,0.3389662504196167,0.0025814255778032758,0.9974185744221967
Qwen/Qwen3-1.7B,24,0.8571428571428571,analogy,causality,1.0,674.772484538249,1.0,0.0918403476654448,0.4519549608230591,0.0037415675401492043,0.9962584324598508
Qwen/Qwen3-1.7B,24,0.8571428571428571,analogy,causality,1.25,674.772484538249,1.0,0.1306782823738014,0.5649436116218567,0.004680597949636822,0.9953194020503632
Qwen/Qwen3-1.7B,24,0.8571428571428571,analogy,causality,1.5,674.772484538249,1.0,0.16508695596056777,0.6779325008392334,0.005354678151133441,0.9946453218488666
Qwen/Qwen3-1.7B,24,0.8571428571428571,analogy,definition,0.25,615.8393734047604,0.16666666666666666,-0.03854977639936141,0.10312056541442871,0.00036698678647673066,0.9996330132135233
Qwen/Qwen3-1.7B,24,0.8571428571428571,analogy,definition,0.5,615.8393734047604,0.5,0.001729025465013967,0.20624113082885742,0.0012845848046275643,0.9987154151953724
Qwen/Qwen3-1.7B,24,0.8571428571428571,analogy,definition,0.75,615.8393734047604,1.0,0.04050150062478031,0.30936166644096375,0.0024409150303148497,0.9975590849696852
Qwen/Qwen3-1.7B,24,0.8571428571428571,analogy,definition,1.0,615.8393734047604,1.0,0.07682953860188146,0.41248226165771484,0.003555482808378807,0.9964445171916212
Qwen/Qwen3-1.7B,24,0.8571428571428571,analogy,definition,1.25,615.8393734047604,1.0,0.11009913354980427,0.5156027674674988,0.0044443994289629085,0.9955556005710371
Qwen/Qwen3-1.7B,24,0.8571428571428571,analogy,definition,1.5,615.8393734047604,1.0,0.14002052448327673,0.6187233328819275,0.005033020682577272,0.9949669793174227
Qwen/Qwen3-1.7B,24,0.8571428571428571,definition,logic,0.25,511.62627427727307,0.0,-0.02586249523322215,0.07762639969587326,0.00010447044103101266,0.999895529558969
Qwen/Qwen3-1.7B,24,0.8571428571428571,definition,logic,0.5,511.62627427727307,0.3333333333333333,-3.6111363344248915e-05,0.15525279939174652,0.0004649279921881133,0.9995350720078119
Qwen/Qwen3-1.7B,24,0.8571428571428571,definition,logic,0.75,511.62627427727307,1.0,0.025941557780479352,0.232879176735878,0.0011487405626723346,0.9988512594373277
Qwen/Qwen3-1.7B,24,0.8571428571428571,definition,logic,1.0,511.62627427727307,1.0,0.0515889628123577,0.31050559878349304,0.0022075973448543174,0.9977924026551457
Qwen/Qwen3-1.7B,24,0.8571428571428571,definition,logic,1.25,511.62627427727307,1.0,0.07645261568726092,0.3881319761276245,0.0036649279727004602,0.9963350720272995
Qwen/Qwen3-1.7B,24,0.8571428571428571,definition,logic,1.5,511.62627427727307,1.0,0.10014509286056261,0.465758353471756,0.0055087995981990545,0.994491200401801
Qwen/Qwen3-1.7B,24,0.8571428571428571,definition,causality,0.25,367.343283615842,0.16666666666666666,-0.012919058636384873,0.05573509261012077,9.944760535474106e-05,0.9999005523946453
Qwen/Qwen3-1.7B,24,0.8571428571428571,definition,causality,0.5,367.343283615842,0.5,0.00012151350670885908,0.11147018522024155,0.0003878144880498091,0.9996121855119502
Qwen/Qwen3-1.7B,24,0.8571428571428571,definition,causality,0.75,367.343283615842,0.8333333333333334,0.013116870396995384,0.16720527410507202,0.0008477882195775388,0.9991522117804225
Qwen/Qwen3-1.7B,24,0.8571428571428571,definition,causality,1.0,367.343283615842,1.0,0.025948831418245444,0.2229403704404831,0.0014594058989852998,0.9985405941010147
Qwen/Qwen3-1.7B,24,0.8571428571428571,definition,causality,1.25,367.343283615842,1.0,0.03850691755100322,0.2786754369735718,0.0022008035704887963,0.9977991964295112
Qwen/Qwen3-1.7B,24,0.8571428571428571,definition,causality,1.5,367.343283615842,1.0,0.050692766151867685,0.33441054821014404,0.003049161468542172,0.9969508385314578
Qwen/Qwen3-1.7B,24,0.8571428571428571,definition,analogy,0.25,615.8393734047604,0.0,-0.04096312457532347,0.09343811124563217,0.00044244475015697837,0.999557555249843
Qwen/Qwen3-1.7B,24,0.8571428571428571,definition,analogy,0.5,615.8393734047604,0.5,-0.0031542516101946694,0.18687622249126434,0.0018661686579382053,0.9981338313420618
Qwen/Qwen3-1.7B,24,0.8571428571428571,definition,analogy,0.75,615.8393734047604,0.8333333333333334,0.03616539808345731,0.28031429648399353,0.004323016954391523,0.9956769830456085
Qwen/Qwen3-1.7B,24,0.8571428571428571,definition,analogy,1.0,615.8393734047604,1.0,0.0759141909447042,0.3737524449825287,0.007706912579557135,0.9922930874204429
Qwen/Qwen3-1.7B,24,0.8571428571428571,definition,analogy,1.25,615.8393734047604,1.0,0.11490957300505211,0.46719059348106384,0.011757983647367798,0.9882420163526322
Qwen/Qwen3-1.7B,24,0.8571428571428571,definition,analogy,1.5,615.8393734047604,1.0,0.15203542260307412,0.5606285929679871,0.016128405226115472,0.9838715947738845
Qwen/Qwen3-1.7B,28,1.0,logic,causality,0.25,30.731868424441867,0.0,-0.015744959023691885,0.06052643060684204,2.836112841020366e-06,0.999997163887159
Qwen/Qwen3-1.7B,28,1.0,logic,causality,0.5,30.731868424441867,0.3333333333333333,-0.000362147301495197,0.12105286121368408,1.134854453077594e-05,0.9999886514554692
Qwen/Qwen3-1.7B,28,1.0,logic,causality,0.75,30.731868424441867,1.0,0.015196795327731105,0.18157929182052612,2.5558449483154e-05,0.9999744415505168
Qwen/Qwen3-1.7B,28,1.0,logic,causality,1.0,30.731868424441867,1.0,0.030755993795632985,0.24210572242736816,4.552496513565707e-05,0.9999544750348643
Qwen/Qwen3-1.7B,28,1.0,logic,causality,1.25,30.731868424441867,1.0,0.04613761232298552,0.3026321828365326,7.13364692522811e-05,0.9999286635307477
Qwen/Qwen3-1.7B,28,1.0,logic,causality,1.5,30.731868424441867,1.0,0.061171885168488704,0.36315858364105225,0.0001030644729771435,0.9998969355270229
Qwen/Qwen3-1.7B,28,1.0,logic,analogy,0.25,35.23029390329236,0.0,-0.020710945087683896,0.0693860873579979,1.4068031402802994e-05,0.9999859319685972
Qwen/Qwen3-1.7B,28,1.0,logic,analogy,0.5,35.23029390329236,0.5,-0.0004253311986902597,0.1387721747159958,5.9141429693210235e-05,0.9999408585703068
Qwen/Qwen3-1.7B,28,1.0,logic,analogy,0.75,35.23029390329236,1.0,0.020096480552428186,0.20815825462341309,0.00013778194090396934,0.999862218059096
Qwen/Qwen3-1.7B,28,1.0,logic,analogy,1.0,35.23029390329236,1.0,0.04054839364287344,0.2775443494319916,0.0002496306531728498,0.9997503693468272
Qwen/Qwen3-1.7B,28,1.0,logic,analogy,1.25,35.23029390329236,1.0,0.06062619481525644,0.34693047404289246,0.00039112074996094925,0.999608879250039
Qwen/Qwen3-1.7B,28,1.0,logic,analogy,1.5,35.23029390329236,1.0,0.08004966669401281,0.41631650924682617,0.0005558485650637435,0.9994441514349363
Qwen/Qwen3-1.7B,28,1.0,logic,definition,0.25,29.273925604050753,0.0,-0.0142982512913582,0.05765501782298088,1.8197195135183364e-06,0.9999981802804865
Qwen/Qwen3-1.7B,28,1.0,logic,definition,0.5,29.273925604050753,0.5,-0.0003893259865694887,0.11531003564596176,7.942745102629267e-06,0.9999920572548974
Qwen/Qwen3-1.7B,28,1.0,logic,definition,0.75,29.273925604050753,1.0,0.013727673477731961,0.17296504974365234,1.9611264291841124e-05,0.9999803887357082
Qwen/Qwen3-1.7B,28,1.0,logic,definition,1.0,29.273925604050753,1.0,0.027909258514056123,0.23062007129192352,3.83054028229024e-05,0.9999616945971771
Qwen/Qwen3-1.7B,28,1.0,logic,definition,1.25,29.273925604050753,1.0,0.04200652405381622,0.2882750928401947,6.55660926999202e-05,0.9999344339073001
Qwen/Qwen3-1.7B,28,1.0,logic,definition,1.5,29.273925604050753,1.0,0.055872818077832065,0.3459300994873047,0.00010276872960235384,0.9998972312703976
Qwen/Qwen3-1.7B,28,1.0,causality,logic,0.25,30.731868424441867,0.0,-0.015258065540630472,0.06208983436226845,1.3462629949723137e-05,0.9999865373700503
Qwen/Qwen3-1.7B,28,1.0,causality,logic,0.5,30.731868424441867,0.5,0.00034144792317658545,0.1241796687245369,5.1353525354569385e-05,0.9999486464746454
Qwen/Qwen3-1.7B,28,1.0,causality,logic,0.75,30.731868424441867,1.0,0.01576418719233852,0.18626950681209564,0.00010904340830719672,0.9998909565916928
Qwen/Qwen3-1.7B,28,1.0,causality,logic,1.0,30.731868424441867,1.0,0.030844997349386172,0.2483593374490738,0.00018125171086669223,0.9998187482891333
Qwen/Qwen3-1.7B,28,1.0,causality,logic,1.25,30.731868424441867,1.0,0.045438556857915646,0.31044918298721313,0.00026270799267924527,0.9997372920073208
Qwen/Qwen3-1.7B,28,1.0,causality,logic,1.5,30.731868424441867,1.0,0.05942512921074061,0.3725390136241913,0.00034870276813381285,0.9996512972318662
Qwen/Qwen3-1.7B,28,1.0,causality,analogy,0.25,42.71105458464081,0.0,-0.03118888408643039,0.08629225939512253,1.8089794274533944e-05,0.9999819102057255
Qwen/Qwen3-1.7B,28,1.0,causality,analogy,0.5,42.71105458464081,0.3333333333333333,-4.676064893283094e-05,0.17258451879024506,7.15538027361573e-05,0.9999284461972638
Qwen/Qwen3-1.7B,28,1.0,causality,analogy,0.75,42.71105458464081,1.0,0.031106501342407555,0.258876770734787,0.0001558465045828905,0.9998441534954171
Qwen/Qwen3-1.7B,28,1.0,causality,analogy,1.0,42.71105458464081,1.0,0.06157117462111683,0.3451690375804901,0.00026288821482978175,0.9997371117851702
Qwen/Qwen3-1.7B,28,1.0,causality,analogy,1.25,42.71105458464081,1.0,0.09072187839210488,0.43146130442619324,0.0003829005284091691,0.9996170994715908
Qwen/Qwen3-1.7B,28,1.0,causality,analogy,1.5,42.71105458464081,1.0,0.11806560578468372,0.517753541469574,0.0005064111045315345,0.9994935888954685
Qwen/Qwen3-1.7B,28,1.0,causality,definition,0.25,24.093175510726464,0.16666666666666666,-0.010027494558400463,0.04867720231413841,1.5214762142501392e-05,0.9999847852378575
Qwen/Qwen3-1.7B,28,1.0,causality,definition,0.5,24.093175510726464,0.5,-0.0001666449496701139,0.09735440462827682,5.970302016367057e-05,0.9999402969798363
Qwen/Qwen3-1.7B,28,1.0,causality,definition,0.75,24.093175510726464,0.8333333333333334,0.0097316119198676,0.14603160321712494,0.00013066899797764542,0.9998693310020224
Qwen/Qwen3-1.7B,28,1.0,causality,definition,1.0,24.093175510726464,1.0,0.019596349424359505,0.19470880925655365,0.0002240900756729225,0.9997759099243271
Qwen/Qwen3-1.7B,28,1.0,causality,definition,1.25,24.093175510726464,1.0,0.029357532270886888,0.24338601529598236,0.0003350565303624764,0.9996649434696375
Qwen/Qwen3-1.7B,28,1.0,causality,definition,1.5,24.093175510726464,1.0,0.038948461836835424,0.2920632064342499,0.000458192088860776,0.9995418079111392
Qwen/Qwen3-1.7B,28,1.0,analogy,logic,0.25,35.23029390329236,0.3333333333333333,-0.02143117692258245,0.07092985510826111,0.0002617842321253061,0.9997382157678747
Qwen/Qwen3-1.7B,28,1.0,analogy,logic,0.5,35.23029390329236,0.5,-0.0011505864929587384,0.14185971021652222,0.00102441164694822,0.9989755883530518
Qwen/Qwen3-1.7B,28,1.0,analogy,logic,0.75,35.23029390329236,0.5,0.018968992232875848,0.21278958022594452,0.00223931898000973,0.9977606810199903
Qwen/Qwen3-1.7B,28,1.0,analogy,logic,1.0,35.23029390329236,1.0,0.038650135465056135,0.28371942043304443,0.0038443409495829695,0.996155659050417
Qwen/Qwen3-1.7B,28,1.0,analogy,logic,1.25,35.23029390329236,1.0,0.057644236836889906,0.35464930534362793,0.005770558923882119,0.9942294410761179
Qwen/Qwen3-1.7B,28,1.0,analogy,logic,1.5,35.23029390329236,1.0,0.07574570616358711,0.42557916045188904,0.007947920960284183,0.9920520790397158
Qwen/Qwen3-1.7B,28,1.0,analogy,causality,0.25,42.71105458464081,0.0,-0.0325162460955597,0.0859910249710083,0.0003644614522323453,0.9996355385477677
Qwen/Qwen3-1.7B,28,1.0,analogy,causality,0.5,42.71105458464081,0.3333333333333333,-0.0017473894405096724,0.1719820499420166,0.0014599769379970429,0.998540023062003
Qwen/Qwen3-1.7B,28,1.0,analogy,causality,0.75,42.71105458464081,0.6666666666666666,0.029129376304152577,0.2579730749130249,0.0032296235305702137,0.9967703764694298
Qwen/Qwen3-1.7B,28,1.0,analogy,causality,1.0,42.71105458464081,1.0,0.059437480159094,0.3439640998840332,0.0055428927367485725,0.9944571072632514
Qwen/Qwen3-1.7B,28,1.0,analogy,causality,1.25,42.71105458464081,1.0,0.0885522578797745,0.4299550950527191,0.00821735996281625,0.9917826400371837
Qwen/Qwen3-1.7B,28,1.0,analogy,causality,1.5,42.71105458464081,1.0,0.11596210268521345,0.5159461498260498,0.011050668491453863,0.9889493315085461
Qwen/Qwen3-1.7B,28,1.0,analogy,definition,0.25,35.61868807648766,0.16666666666666666,-0.022943173079903234,0.07171181589365005,0.00036359820318931924,0.9996364017968107
Qwen/Qwen3-1.7B,28,1.0,analogy,definition,0.5,35.61868807648766,0.16666666666666666,-0.0014802412626975237,0.1434236317873001,0.0014912173805068374,0.9985087826194932
Qwen/Qwen3-1.7B,28,1.0,analogy,definition,0.75,35.61868807648766,0.6666666666666666,0.020115113160531606,0.21513547003269196,0.0033842965214669896,0.996615703478533
Qwen/Qwen3-1.7B,28,1.0,analogy,definition,1.0,35.61868807648766,1.0,0.04150955808414081,0.2868472635746002,0.005969492351802663,0.9940305076481973
Qwen/Qwen3-1.7B,28,1.0,analogy,definition,1.25,35.61868807648766,1.0,0.06238079895696369,0.35855910181999207,0.009106535280425043,0.990893464719575
Qwen/Qwen3-1.7B,28,1.0,analogy,definition,1.5,35.61868807648766,1.0,0.08244131428063117,0.4302709400653839,0.012608300314100096,0.9873916996858999
Qwen/Qwen3-1.7B,28,1.0,definition,logic,0.25,29.273925604050753,0.0,-0.013730720997144785,0.05908842757344246,4.168184874431269e-05,0.9999583181512557
Qwen/Qwen3-1.7B,28,1.0,definition,logic,0.5,29.273925604050753,0.3333333333333333,0.0003070655990801141,0.11817685514688492,0.00015820910677621924,0.9998417908932238
Qwen/Qwen3-1.7B,28,1.0,definition,logic,0.75,29.273925604050753,1.0,0.014142755822365793,0.17726528644561768,0.0003347862231578569,0.9996652137768421
Qwen/Qwen3-1.7B,28,1.0,definition,logic,1.0,29.273925604050753,1.0,0.02764712479575826,0.23635371029376984,0.0005553995940679179,0.9994446004059321
Qwen/Qwen3-1.7B,28,1.0,definition,logic,1.25,29.273925604050753,1.0,0.04070808944868054,0.295442134141922,0.0008045197454280562,0.9991954802545719
Qwen/Qwen3-1.7B,28,1.0,definition,logic,1.5,29.273925604050753,1.0,0.05323424821954603,0.35453057289123535,0.0010684150809625592,0.9989315849190374
Qwen/Qwen3-1.7B,28,1.0,definition,causality,0.25,24.093175510726464,0.16666666666666666,-0.009788645205055402,0.04863125458359718,3.629378161862373e-05,0.9999637062183814
Qwen/Qwen3-1.7B,28,1.0,definition,causality,0.5,24.093175510726464,0.5,4.253646771701369e-06,0.09726250916719437,0.00014415735449646583,0.9998558426455035
Qwen/Qwen3-1.7B,28,1.0,definition,causality,0.75,24.093175510726464,0.8333333333333334,0.009764453176685173,0.14589376747608185,0.00032083505865199147,0.999679164941348
Qwen/Qwen3-1.7B,28,1.0,definition,causality,1.0,24.093175510726464,1.0,0.019425010305171853,0.19452501833438873,0.0005621008706219177,0.9994378991293781
Qwen/Qwen3-1.7B,28,1.0,definition,causality,1.25,24.093175510726464,1.0,0.028922504516890712,0.243156298995018,0.0008625480440975775,0.9991374519559024
Qwen/Qwen3-1.7B,28,1.0,definition,causality,1.5,24.093175510726464,1.0,0.03819898671661959,0.2917875349521637,0.0012159383079576314,0.9987840616920424
Qwen/Qwen3-1.7B,28,1.0,definition,analogy,0.25,35.61868807648766,0.0,-0.021537432226624298,0.07189511507749557,9.319988752631847e-05,0.9999068001124737
Qwen/Qwen3-1.7B,28,1.0,definition,analogy,0.5,35.61868807648766,0.6666666666666666,3.2088281420761255e-05,0.14379023015499115,0.0003679874863268262,0.9996320125136732
Qwen/Qwen3-1.7B,28,1.0,definition,analogy,0.75,35.61868807648766,1.0,0.021536216374072326,0.21568535268306732,0.0008042789241612391,0.9991957210758388
Qwen/Qwen3-1.7B,28,1.0,definition,analogy,1.0,35.61868807648766,1.0,0.04264690068795496,0.2875804603099823,0.001367997574201807,0.9986320024257982
Qwen/Qwen3-1.7B,28,1.0,definition,analogy,1.25,35.61868807648766,1.0,0.06306605862733594,0.35947558283805847,0.0020168707419108145,0.9979831292580892
Qwen/Qwen3-1.7B,28,1.0,definition,analogy,1.5,35.61868807648766,1.0,0.08254476316792703,0.43137070536613464,0.0027069519717566326,0.9972930480282434
google/gemma-3-1b-it,4,0.15384615384615385,logic,causality,0.25,41.02459670702868,0.16666666666666666,-0.0010589224849553158,0.017034970223903656,2.5746873733023534e-07,0.9999997425312627
google/gemma-3-1b-it,4,0.15384615384615385,logic,causality,0.5,41.02459670702868,0.16666666666666666,1.1616409456238763e-05,0.03406994044780731,9.930348400244426e-07,0.99999900696516
google/gemma-3-1b-it,4,0.15384615384615385,logic,causality,0.75,41.02459670702868,0.5,0.0010725522849961422,0.05110490694642067,2.1675619650274314e-06,0.999997832438035
google/gemma-3-1b-it,4,0.15384615384615385,logic,causality,1.0,41.02459670702868,0.5,0.002123187102421431,0.06813988089561462,3.7622130321102176e-06,0.9999962377869679
google/gemma-3-1b-it,4,0.15384615384615385,logic,causality,1.25,41.02459670702868,0.5,0.0031628676403816502,0.08517485111951828,5.7767829648724955e-06,0.9999942232170351
google/gemma-3-1b-it,4,0.15384615384615385,logic,causality,1.5,41.02459670702868,0.5,0.004190986336553237,0.10220981389284134,8.227870858745767e-06,0.9999917721291413
google/gemma-3-1b-it,4,0.15384615384615385,logic,analogy,0.25,69.41637027650077,0.5,-0.0017972285484587625,0.02882430888712406,9.249067021488422e-06,0.9999907509329785
google/gemma-3-1b-it,4,0.15384615384615385,logic,analogy,0.5,69.41637027650077,0.5,1.892699853978108e-05,0.05764861777424812,3.5101949310001324e-05,0.99996489805069
google/gemma-3-1b-it,4,0.15384615384615385,logic,analogy,0.75,69.41637027650077,0.5,0.0017713071187327456,0.08647295087575912,7.49266853298236e-05,0.9999250733146702
google/gemma-3-1b-it,4,0.15384615384615385,logic,analogy,1.0,69.41637027650077,0.5,0.0034610346335421927,0.11529723554849625,0.0001263630148669037,0.9998736369851331
google/gemma-3-1b-it,4,0.15384615384615385,logic,analogy,1.25,69.41637027650077,0.5,0.0050894554205738185,0.14412157237529755,0.0001873095568624139,0.9998126904431376
google/gemma-3-1b-it,4,0.15384615384615385,logic,analogy,1.5,69.41637027650077,1.0,0.006658092652423342,0.17294590175151825,0.00025590818574305896,0.9997440918142569
google/gemma-3-1b-it,4,0.15384615384615385,logic,definition,0.25,43.47546379812601,0.5,-0.0011600849873751873,0.018052663654088974,5.1250020226545345e-06,0.9999948749979773
google/gemma-3-1b-it,4,0.15384615384615385,logic,definition,0.5,43.47546379812601,0.5,-5.2086005664642165e-05,0.03610532730817795,1.993854277970719e-05,0.9999800614572203
google/gemma-3-1b-it,4,0.15384615384615385,logic,definition,0.75,43.47546379812601,0.5,0.0010416406808745338,0.05415799096226692,4.360566081729189e-05,0.9999563943391827
google/gemma-3-1b-it,4,0.15384615384615385,logic,definition,1.0,43.47546379812601,0.5,0.0021204971002523054,0.0722106546163559,7.530569658131814e-05,0.9999246943034187
google/gemma-3-1b-it,4,0.15384615384615385,logic,definition,1.25,43.47546379812601,0.5,0.0031839474097821174,0.09026331454515457,0.00011423754863959523,0.9998857624513604
google/gemma-3-1b-it,4,0.15384615384615385,logic,definition,1.5,43.47546379812601,0.5,0.004231516758189113,0.10831598192453384,0.0001596242536328063,0.9998403757463672
google/gemma-3-1b-it,4,0.15384615384615385,causality,logic,0.25,41.02459670702868,0.16666666666666666,-0.0010368603420205513,0.016760844737291336,9.357371858476071e-07,0.9999990642628142
google/gemma-3-1b-it,4,0.15384615384615385,causality,logic,0.5,41.02459670702868,0.5,2.6003483136749495e-05,0.03352168947458267,3.806973978615069e-06,0.9999961930260214
google/gemma-3-1b-it,4,0.15384615384615385,causality,logic,0.75,41.02459670702868,0.5,0.0010984279199502955,0.05028253793716431,8.704378609336594e-06,0.9999912956213907
google/gemma-3-1b-it,4,0.15384615384615385,causality,logic,1.0,41.02459670702868,0.5,0.00217966463416297,0.06704337894916534,1.5710503659893682e-05,0.9999842894963401
google/gemma-3-1b-it,4,0.15384615384615385,causality,logic,1.25,41.02459670702868,0.5,0.003268923432269144,0.08380422741174698,2.4898617935309453e-05,0.9999751013820647
google/gemma-3-1b-it,4,0.15384615384615385,causality,logic,1.5,41.02459670702868,0.6666666666666666,0.0043653742721116995,0.10056507587432861,3.633158885407717e-05,0.9999636684111459
google/gemma-3-1b-it,4,0.15384615384615385,causality,analogy,0.25,60.39057934527139,0.0,-0.0016302226401028186,0.02467293292284012,4.6437844036795184e-07,0.9999995356215596
google/gemma-3-1b-it,4,0.15384615384615385,causality,analogy,0.5,60.39057934527139,0.5,-3.812123158242198e-05,0.04934586584568024,1.832032771376113e-06,0.9999981679672286
google/gemma-3-1b-it,4,0.15384615384615385,causality,analogy,0.75,60.39057934527139,0.5,0.0015118237181406258,0.07401880621910095,4.069755905833361e-06,0.9999959302440942
google/gemma-3-1b-it,4,0.15384615384615385,causality,analogy,1.0,60.39057934527139,0.5,0.003019534684093106,0.09869173169136047,7.149692731966972e-06,0.999992850307268
google/gemma-3-1b-it,4,0.15384615384615385,causality,analogy,1.25,60.39057934527139,0.8333333333333334,0.004485121489377075,0.12336467951536179,1.104787669492513e-05,0.9999889521233051
google/gemma-3-1b-it,4,0.15384615384615385,causality,analogy,1.5,60.39057934527139,1.0,0.005908859515303622,0.1480376124382019,1.5743002604651224e-05,0.9999842569973953
google/gemma-3-1b-it,4,0.15384615384615385,causality,definition,0.25,29.378386832909968,0.5,-0.0006601973162949637,0.012002716772258282,2.578826815424762e-07,0.9999997421173185
google/gemma-3-1b-it,4,0.15384615384615385,causality,definition,0.5,29.378386832909968,0.5,-0.00010373765693560966,0.024005433544516563,1.026193122921626e-06,0.9999989738068771
google/gemma-3-1b-it,4,0.15384615384615385,causality,definition,0.75,29.378386832909968,0.5,0.00045055693358786453,0.03600814938545227,2.2983642973262164e-06,0.9999977016357027
google/gemma-3-1b-it,4,0.15384615384615385,causality,definition,1.0,29.378386832909968,0.5,0.0010024729181212777,0.04801086708903313,4.069725423438975e-06,0.9999959302745766
google/gemma-3-1b-it,4,0.15384615384615385,causality,definition,1.25,29.378386832909968,0.5,0.0015518022113185648,0.060013581067323685,6.337463070549276e-06,0.9999936625369295
google/gemma-3-1b-it,4,0.15384615384615385,causality,definition,1.5,29.378386832909968,0.5,0.0020983425147067525,0.07201629877090454,9.100570535491848e-06,0.9999908994294645
google/gemma-3-1b-it,4,0.15384615384615385,analogy,logic,0.25,69.41637027650077,0.3333333333333333,-0.0012054077252119377,0.026999404653906822,5.1988346339015834e-05,0.999948011653661
google/gemma-3-1b-it,4,0.15384615384615385,analogy,logic,0.5,69.41637027650077,0.3333333333333333,0.0005667812292515784,0.053998809307813644,0.00021089246335004308,0.99978910753665
google/gemma-3-1b-it,4,0.15384615384615385,analogy,logic,0.75,69.41637027650077,0.3333333333333333,0.0024010448771187853,0.08099821954965591,0.0004807416963629185,0.9995192583036371
google/gemma-3-1b-it,4,0.15384615384615385,analogy,logic,1.0,69.41637027650077,0.3333333333333333,0.004297721090707696,0.10799761861562729,0.0008650159310471528,0.9991349840689528
google/gemma-3-1b-it,4,0.15384615384615385,analogy,logic,1.25,69.41637027650077,0.3333333333333333,0.006256764325349828,0.13499702513217926,0.0013665997223494264,0.9986334002776506
google/gemma-3-1b-it,4,0.15384615384615385,analogy,logic,1.5,69.41637027650077,0.8333333333333334,0.008277690570167473,0.16199643909931183,0.001987748312055615,0.9980122516879444
google/gemma-3-1b-it,4,0.15384615384615385,analogy,causality,0.25,60.39057934527139,0.0,-0.001037229424619257,0.023488834500312805,4.541745944475206e-05,0.9999545825405552
google/gemma-3-1b-it,4,0.15384615384615385,analogy,causality,0.5,60.39057934527139,0.16666666666666666,0.0005232403639134908,0.04697766900062561,0.0001838267678099248,0.9998161732321901
google/gemma-3-1b-it,4,0.15384615384615385,analogy,causality,0.75,60.39057934527139,0.16666666666666666,0.0021242609796433554,0.07046651095151901,0.0004180642893845121,0.9995819357106155
google/gemma-3-1b-it,4,0.15384615384615385,analogy,causality,1.0,60.39057934527139,0.3333333333333333,0.00376525930959426,0.09395533800125122,0.0007503950824636618,0.9992496049175363
google/gemma-3-1b-it,4,0.15384615384615385,analogy,causality,1.25,60.39057934527139,0.3333333333333333,0.005445417109590345,0.11744417995214462,0.001182469857485824,0.9988175301425142
google/gemma-3-1b-it,4,0.15384615384615385,analogy,causality,1.5,60.39057934527139,0.3333333333333333,0.007163653150534022,0.14093302190303802,0.0017152899886835327,0.9982847100113165
google/gemma-3-1b-it,4,0.15384615384615385,analogy,definition,0.25,51.94980171178597,0.16666666666666666,-0.0008501376388450055,0.020205805078148842,2.7495796480203616e-05,0.9999725042035198
google/gemma-3-1b-it,4,0.15384615384615385,analogy,definition,0.5,51.94980171178597,0.16666666666666666,0.0003118826586970824,0.040411610156297684,0.0001128680739251875,0.9998871319260748
google/gemma-3-1b-it,4,0.15384615384615385,analogy,definition,0.75,51.94980171178597,0.16666666666666666,0.0015000352638163683,0.060617417097091675,0.00026029067531430083,0.9997397093246857
google/gemma-3-1b-it,4,0.15384615384615385,analogy,definition,1.0,51.94980171178597,0.16666666666666666,0.002714028746830799,0.08082322031259537,0.00047367155899979974,0.9995263284410002
google/gemma-3-1b-it,4,0.15384615384615385,analogy,definition,1.25,51.94980171178597,0.16666666666666666,0.0039534539972369,0.10102903842926025,0.0007565745899456022,0.9992434254100544
google/gemma-3-1b-it,4,0.15384615384615385,analogy,definition,1.5,51.94980171178597,0.6666666666666666,0.005217775984749151,0.12123483419418335,0.0011121409624832435,0.9988878590375168
google/gemma-3-1b-it,4,0.15384615384615385,definition,logic,0.25,43.47546379812601,0.3333333333333333,-0.0008601521305772186,0.017665579915046692,1.5311457376432358e-06,0.9999984688542624
google/gemma-3-1b-it,4,0.15384615384615385,definition,logic,0.5,43.47546379812601,0.3333333333333333,0.00023774986125391084,0.035331159830093384,6.09104998239296e-06,0.9999939089500176
google/gemma-3-1b-it,4,0.15384615384615385,definition,logic,0.75,43.47546379812601,0.3333333333333333,0.0013495275542763085,0.052996739745140076,1.3640031617967452e-05,0.999986359968382
google/gemma-3-1b-it,4,0.15384615384615385,definition,logic,1.0,43.47546379812601,0.5,0.002474483520663595,0.07066231966018677,2.4153424104444987e-05,0.9999758465758956
google/gemma-3-1b-it,4,0.15384615384615385,definition,logic,1.25,43.47546379812601,0.8333333333333334,0.0036118588456557355,0.08832790702581406,3.762247083005654e-05,0.9999623775291699
google/gemma-3-1b-it,4,0.15384615384615385,definition,logic,1.5,43.47546379812601,1.0,0.004760833860136704,0.10599347949028015,5.4054993608887436e-05,0.9999459450063911
google/gemma-3-1b-it,4,0.15384615384615385,definition,causality,0.25,29.378386832909968,0.16666666666666666,-0.0003730624606299582,0.011937451548874378,5.950654786701648e-07,0.9999994049345213
google/gemma-3-1b-it,4,0.15384615384615385,definition,causality,0.5,29.378386832909968,0.16666666666666666,0.0001825915680413459,0.023874903097748756,2.410644560524311e-06,0.9999975893554395
google/gemma-3-1b-it,4,0.15384615384615385,definition,causality,0.75,29.378386832909968,0.16666666666666666,0.0007403169740172189,0.03581235185265541,5.493074849760582e-06,0.9999945069251502
google/gemma-3-1b-it,4,0.15384615384615385,definition,causality,1.0,29.378386832909968,0.16666666666666666,0.0012998907568326779,0.04774980619549751,9.889526798034787e-06,0.999990110473202
google/gemma-3-1b-it,4,0.15384615384615385,definition,causality,1.25,29.378386832909968,0.16666666666666666,0.0018610855049830954,0.059687256813049316,1.5647767114934652e-05,0.9999843522328851
google/gemma-3-1b-it,4,0.15384615384615385,definition,causality,1.5,29.378386832909968,0.6666666666666666,0.0024236698288794267,0.07162470370531082,2.2815917604002145e-05,0.999977184082396
google/gemma-3-1b-it,4,0.15384615384615385,definition,analogy,0.25,51.94980171178597,0.0,-0.0011774237429711398,0.021108994260430336,9.417506293685207e-07,0.9999990582493706
google/gemma-3-1b-it,4,0.15384615384615385,definition,analogy,0.5,51.94980171178597,0.6666666666666666,5.91213290590531e-06,0.04221798852086067,3.5147482732034163e-06,0.9999964852517268
google/gemma-3-1b-it,4,0.15384615384615385,definition,analogy,0.75,51.94980171178597,0.6666666666666666,0.0011623408009691083,0.06332698464393616,7.3696083894292386e-06,0.9999926303916106
google/gemma-3-1b-it,4,0.15384615384615385,definition,analogy,1.0,51.94980171178597,0.6666666666666666,0.002291792725456543,0.08443597704172134,1.2195464212827467e-05,0.9999878045357872
google/gemma-3-1b-it,4,0.15384615384615385,definition,analogy,1.25,51.94980171178597,0.6666666666666666,0.003394291651704684,0.10554498434066772,1.771915013604186e-05,0.999982280849864
google/gemma-3-1b-it,4,0.15384615384615385,definition,analogy,1.5,51.94980171178597,0.6666666666666666,0.004469945318870128,0.12665396928787231,2.3703750190451345e-05,0.9999762962498095
google/gemma-3-1b-it,8,0.3076923076923077,logic,causality,0.25,140.17106028895793,0.0,-0.0012436030574376478,0.018929755315184593,3.9744935881325105e-05,0.9999602550641187
google/gemma-3-1b-it,8,0.3076923076923077,logic,causality,0.5,140.17106028895793,0.3333333333333333,0.00014575017323548156,0.037859510630369186,0.00012454985112675399,0.9998754501488732
google/gemma-3-1b-it,8,0.3076923076923077,logic,causality,0.75,140.17106028895793,1.0,0.0015337067812497551,0.05678926408290863,0.00026272337073118823,0.9997372766292688
google/gemma-3-1b-it,8,0.3076923076923077,logic,causality,1.0,140.17106028895793,1.0,0.0029186155221058163,0.07571902126073837,0.0005220814868780455,0.999477918513122
google/gemma-3-1b-it,8,0.3076923076923077,logic,causality,1.25,140.17106028895793,1.0,0.004298848898267149,0.09464877843856812,0.0009981957242790607,0.9990018042757209
google/gemma-3-1b-it,8,0.3076923076923077,logic,causality,1.5,140.17106028895793,1.0,0.005672813947966926,0.11357852816581726,0.0017840971798001037,0.9982159028201999
google/gemma-3-1b-it,8,0.3076923076923077,logic,analogy,0.25,221.75311785956924,0.0,-0.002266566631763278,0.029947208240628242,0.00045002588321396697,0.999549974116786
google/gemma-3-1b-it,8,0.3076923076923077,logic,analogy,0.5,221.75311785956924,0.3333333333333333,0.00020506052887014903,0.059894416481256485,0.0020978423180799677,0.99790215768192
google/gemma-3-1b-it,8,0.3076923076923077,logic,analogy,0.75,221.75311785956924,0.8333333333333334,0.002767440908454488,0.08984163403511047,0.0052981675422157926,0.9947018324577842
google/gemma-3-1b-it,8,0.3076923076923077,logic,analogy,1.0,221.75311785956924,1.0,0.0054194007015452295,0.11978883296251297,0.010193507799691193,0.9898064922003088
google/gemma-3-1b-it,8,0.3076923076923077,logic,analogy,1.25,221.75311785956924,1.0,0.008158674725939452,0.14973606169223785,0.016670454857412254,0.9833295451425877
google/gemma-3-1b-it,8,0.3076923076923077,logic,analogy,1.5,221.75311785956924,1.0,0.010981767920923091,0.17968326807022095,0.024401440311911382,0.9755985596880886
google/gemma-3-1b-it,8,0.3076923076923077,logic,definition,0.25,146.0723428605107,0.16666666666666666,-0.000982196854138917,0.01972671039402485,0.00015099245610361578,0.9998490075438964
google/gemma-3-1b-it,8,0.3076923076923077,logic,definition,0.5,146.0723428605107,0.5,0.00019898655788985753,0.0394534207880497,0.0006894908284297285,0.9993105091715703
google/gemma-3-1b-it,8,0.3076923076923077,logic,definition,0.75,146.0723428605107,0.6666666666666666,0.0014039479369936103,0.0591801293194294,0.0017336179592661871,0.9982663820407338
google/gemma-3-1b-it,8,0.3076923076923077,logic,definition,1.0,146.0723428605107,1.0,0.002632081367965111,0.0789068415760994,0.0033722567870140274,0.996627743212986
google/gemma-3-1b-it,8,0.3076923076923077,logic,definition,1.25,146.0723428605107,1.0,0.0038826421879895046,0.0986335352063179,0.005651435781004244,0.9943485642189958
google/gemma-3-1b-it,8,0.3076923076923077,logic,definition,1.5,146.0723428605107,1.0,0.00515474065862076,0.1183602586388588,0.008569396601510348,0.9914306033984897
google/gemma-3-1b-it,8,0.3076923076923077,causality,logic,0.25,140.17106028895793,0.0,-0.0013410421638753167,0.01831829734146595,1.3151786741216753e-05,0.9999868482132588
google/gemma-3-1b-it,8,0.3076923076923077,causality,logic,0.5,140.17106028895793,0.6666666666666666,4.5876291724367135e-06,0.0366365946829319,5.573637041833557e-05,0.9999442636295817
google/gemma-3-1b-it,8,0.3076923076923077,causality,logic,0.75,140.17106028895793,1.0,0.0013509894797305577,0.0549548864364624,0.00013271611705378827,0.9998672838829462
google/gemma-3-1b-it,8,0.3076923076923077,causality,logic,1.0,140.17106028895793,1.0,0.002696803194775832,0.0732731893658638,0.00024935904022505007,0.999750640959775
google/gemma-3-1b-it,8,0.3076923076923077,causality,logic,1.25,140.17106028895793,1.0,0.004040670826663817,0.091591477394104,0.00041116657651152355,0.9995888334234885
google/gemma-3-1b-it,8,0.3076923076923077,causality,logic,1.5,140.17106028895793,1.0,0.005381243524648305,0.1099097728729248,0.0006237944184621647,0.9993762055815378
google/gemma-3-1b-it,8,0.3076923076923077,causality,analogy,0.25,230.19515396442063,0.0,-0.002786720169346113,0.030083119869232178,4.890115208533441e-05,0.9999510988479147
google/gemma-3-1b-it,8,0.3076923076923077,causality,analogy,0.5,230.19515396442063,0.3333333333333333,-0.00017650970631444274,0.060166239738464355,0.00021170151283145255,0.9997882984871685
google/gemma-3-1b-it,8,0.3076923076923077,causality,analogy,0.75,230.19515396442063,1.0,0.0025269226931258215,0.09024935960769653,0.0005160660387449889,0.999483933961255
google/gemma-3-1b-it,8,0.3076923076923077,causality,analogy,1.0,230.19515396442063,1.0,0.005322768297138403,0.12033247947692871,0.0009946687297441859,0.9990053312702558
google/gemma-3-1b-it,8,0.3076923076923077,causality,analogy,1.25,230.19515396442063,1.0,0.008209331239794948,0.15041561424732208,0.0016854589152790478,0.998314541084721
google/gemma-3-1b-it,8,0.3076923076923077,causality,analogy,1.5,230.19515396442063,1.0,0.011183915682919099,0.18049871921539307,0.002631702118297885,0.9973682978817021
google/gemma-3-1b-it,8,0.3076923076923077,causality,definition,0.25,132.34142603187084,0.0,-0.0008739129684611768,0.017295077443122864,1.8439072775544574e-05,0.9999815609272245
google/gemma-3-1b-it,8,0.3076923076923077,causality,definition,0.5,132.34142603187084,0.5,-2.8823526872390204e-05,0.03459015488624573,7.691831948253292e-05,0.9999230816805175
google/gemma-3-1b-it,8,0.3076923076923077,causality,definition,0.75,132.34142603187084,1.0,0.0008331550909270735,0.05188523232936859,0.00018053312731347582,0.9998194668726865
google/gemma-3-1b-it,8,0.3076923076923077,causality,definition,1.0,132.34142603187084,1.0,0.0017119532951465066,0.06918030977249146,0.0003348635142166323,0.9996651364857834
google/gemma-3-1b-it,8,0.3076923076923077,causality,definition,1.25,132.34142603187084,1.0,0.002607452557036427,0.08647539466619492,0.0005459886345943188,0.9994540113654057
google/gemma-3-1b-it,8,0.3076923076923077,causality,definition,1.5,132.34142603187084,1.0,0.003519481673158742,0.10377046465873718,0.0008204952998732695,0.9991795047001267
google/gemma-3-1b-it,8,0.3076923076923077,analogy,logic,0.25,221.75311785956924,0.16666666666666666,-0.0018077049518487875,0.03187406808137894,0.00043171234727157337,0.9995682876527284
google/gemma-3-1b-it,8,0.3076923076923077,analogy,logic,0.5,221.75311785956924,0.5,0.0006933017712231759,0.06374813616275787,0.0017018566463147256,0.9982981433536853
google/gemma-3-1b-it,8,0.3076923076923077,analogy,logic,0.75,221.75311785956924,0.5,0.00310321694855209,0.09562221169471741,0.0037467890236972945,0.9962532109763027
google/gemma-3-1b-it,8,0.3076923076923077,analogy,logic,1.0,221.75311785956924,1.0,0.005422825087594174,0.12749627232551575,0.006472234060107551,0.9935277659398924
google/gemma-3-1b-it,8,0.3076923076923077,analogy,logic,1.25,221.75311785956924,1.0,0.007653490762873805,0.15937034785747528,0.009764255198445593,0.9902357448015544
google/gemma-3-1b-it,8,0.3076923076923077,analogy,logic,1.5,221.75311785956924,1.0,0.009797043538756545,0.19124442338943481,0.013501855471003132,0.9864981445289969
google/gemma-3-1b-it,8,0.3076923076923077,analogy,causality,0.25,230.19515396442063,0.16666666666666666,-0.0019255330266439996,0.03308750316500664,0.0005688918726221015,0.9994311081273779
google/gemma-3-1b-it,8,0.3076923076923077,analogy,causality,0.5,230.19515396442063,0.5,0.0008152391000468828,0.06617500633001328,0.002212139760053522,0.9977878602399465
google/gemma-3-1b-it,8,0.3076923076923077,analogy,causality,0.75,230.19515396442063,0.5,0.0034540615869567137,0.09926249831914902,0.004795942898694672,0.9952040571013053
google/gemma-3-1b-it,8,0.3076923076923077,analogy,causality,1.0,230.19515396442063,1.0,0.0059916437268200395,0.13235001266002655,0.008153575704090477,0.9918464242959095
google/gemma-3-1b-it,8,0.3076923076923077,analogy,causality,1.25,230.19515396442063,1.0,0.008429416131206291,0.1654375195503235,0.012108478277377044,0.987891521722623
google/gemma-3-1b-it,8,0.3076923076923077,analogy,causality,1.5,230.19515396442063,1.0,0.010769387031763,0.19852499663829803,0.01649223329098648,0.9835077667090135
google/gemma-3-1b-it,8,0.3076923076923077,analogy,definition,0.25,164.31904389310003,0.5,-0.0012524715477708614,0.023618683218955994,0.00046139892879504263,0.999538601071205
google/gemma-3-1b-it,8,0.3076923076923077,analogy,definition,0.5,164.31904389310003,0.5,0.000623722600446186,0.04723736643791199,0.0018179761728560617,0.9981820238271439
google/gemma-3-1b-it,8,0.3076923076923077,analogy,definition,0.75,164.31904389310003,0.5,0.002467873547360333,0.07085604965686798,0.003997690352406269,0.9960023096475937
google/gemma-3-1b-it,8,0.3076923076923077,analogy,definition,1.0,164.31904389310003,0.6666666666666666,0.0042782049850118575,0.09447473287582397,0.006898617696520781,0.9931013823034792
google/gemma-3-1b-it,8,0.3076923076923077,analogy,definition,1.25,164.31904389310003,1.0,0.006053207979447306,0.11809340864419937,0.010402542590836061,0.9895974574091639
google/gemma-3-1b-it,8,0.3076923076923077,analogy,definition,1.5,164.31904389310003,1.0,0.007791630671817873,0.14171209931373596,0.014386721118763157,0.9856132788812368
google/gemma-3-1b-it,8,0.3076923076923077,definition,logic,0.25,146.0723428605107,0.0,-0.0011247521764973234,0.020036527886986732,0.00022561561055589596,0.9997743843894441
google/gemma-3-1b-it,8,0.3076923076923077,definition,logic,0.5,146.0723428605107,0.3333333333333333,4.6866063186379314e-05,0.040073055773973465,0.0008427747364934124,0.9991572252635066
google/gemma-3-1b-it,8,0.3076923076923077,definition,logic,0.75,146.0723428605107,0.8333333333333334,0.0011957939631959125,0.06010958179831505,0.0018112007758004367,0.9981887992241996
google/gemma-3-1b-it,8,0.3076923076923077,definition,logic,1.0,146.0723428605107,1.0,0.002321704391177737,0.08014611154794693,0.003147096207716582,0.9968529037922834
google/gemma-3-1b-it,8,0.3076923076923077,definition,logic,1.25,146.0723428605107,1.0,0.0034243620676953634,0.10018263012170792,0.0049104007675823125,0.9950895992324177
google/gemma-3-1b-it,8,0.3076923076923077,definition,logic,1.5,146.0723428605107,1.0,0.0045036169567720385,0.1202191635966301,0.00719138976483269,0.9928086102351673
google/gemma-3-1b-it,8,0.3076923076923077,definition,causality,0.25,132.34142603187084,0.16666666666666666,-0.0008632169411697532,0.018153078854084015,0.0007438358782109189,0.9992561641217891
google/gemma-3-1b-it,8,0.3076923076923077,definition,causality,0.5,132.34142603187084,0.3333333333333333,6.627723488805692e-06,0.03630615770816803,0.002856286320283008,0.997143713679717
google/gemma-3-1b-it,8,0.3076923076923077,definition,causality,0.75,132.34142603187084,0.8333333333333334,0.0008591740936875203,0.054459232836961746,0.006168180220537334,0.9938318197794627
google/gemma-3-1b-it,8,0.3076923076923077,definition,causality,1.0,132.34142603187084,1.0,0.0016943932714947874,0.07261231541633606,0.010527265484659543,0.9894727345153405
google/gemma-3-1b-it,8,0.3076923076923077,definition,causality,1.25,132.34142603187084,1.0,0.0025123017064961894,0.09076539427042007,0.01580145932886179,0.9841985406711382
google/gemma-3-1b-it,8,0.3076923076923077,definition,causality,1.5,132.34142603187084,1.0,0.003312957146208717,0.10891846567392349,0.02187981366894154,0.9781201863310585
google/gemma-3-1b-it,8,0.3076923076923077,definition,analogy,0.25,164.31904389310003,0.0,-0.0018160841719393472,0.022539401426911354,0.00021657572603006603,0.9997834242739699
google/gemma-3-1b-it,8,0.3076923076923077,definition,analogy,0.5,164.31904389310003,0.5,1.6617949585850944e-05,0.04507880285382271,0.0011561788319419675,0.998843821168058
google/gemma-3-1b-it,8,0.3076923076923077,definition,analogy,0.75,164.31904389310003,1.0,0.0018777193198841191,0.06761819869279861,0.0033562220319161007,0.9966437779680839
google/gemma-3-1b-it,8,0.3076923076923077,definition,analogy,1.0,164.31904389310003,1.0,0.0037650977466193725,0.09015760570764542,0.007462294851459439,0.9925377051485406
google/gemma-3-1b-it,8,0.3076923076923077,definition,analogy,1.25,164.31904389310003,1.0,0.005676405022975506,0.11269699782133102,0.014169655274728243,0.9858303447252718
google/gemma-3-1b-it,8,0.3076923076923077,definition,analogy,1.5,164.31904389310003,1.0,0.007609073402839228,0.13523639738559723,0.024138348082927474,0.9758616519170725
google/gemma-3-1b-it,12,0.46153846153846156,logic,causality,0.25,511.2898802463636,0.0,-0.0010166376747791084,0.024185558781027794,4.748129534393186e-05,0.9999525187046561
google/gemma-3-1b-it,12,0.46153846153846156,logic,causality,0.5,511.2898802463636,0.5,6.0860714687471784e-05,0.04837111756205559,0.0001779594574972121,0.9998220405425028
google/gemma-3-1b-it,12,0.46153846153846156,logic,causality,0.75,511.2898802463636,1.0,0.0011027636333527102,0.07255666702985764,0.0003759828802217813,0.9996240171197782
google/gemma-3-1b-it,12,0.46153846153846156,logic,causality,1.0,511.2898802463636,1.0,0.002110038967137795,0.09674223512411118,0.0006290862409442655,0.9993709137590557
google/gemma-3-1b-it,12,0.46153846153846156,logic,causality,1.25,511.2898802463636,1.0,0.003083691572074665,0.12092778831720352,0.0009273667307255762,0.9990726332692744
google/gemma-3-1b-it,12,0.46153846153846156,logic,causality,1.5,511.2898802463636,1.0,0.004024750849387915,0.14511333405971527,0.0012630806087461366,0.9987369193912539
google/gemma-3-1b-it,12,0.46153846153846156,logic,analogy,0.25,372.54028008522295,0.0,-0.0012589238134996794,0.01762228086590767,1.761984085812962e-05,0.9999823801591419
google/gemma-3-1b-it,12,0.46153846153846156,logic,analogy,0.5,372.54028008522295,0.6666666666666666,-1.791616200430557e-05,0.03524456173181534,6.199710696708216e-05,0.9999380028930329
google/gemma-3-1b-it,12,0.46153846153846156,logic,analogy,0.75,372.54028008522295,1.0,0.0012262855659597172,0.052866846323013306,0.00012153218056687454,0.9998784678194331
google/gemma-3-1b-it,12,0.46153846153846156,logic,analogy,1.0,372.54028008522295,1.0,0.002472520313351545,0.07048912346363068,0.0001864004790522733,0.9998135995209477
google/gemma-3-1b-it,12,0.46153846153846156,logic,analogy,1.25,372.54028008522295,1.0,0.003719614352453826,0.08811140060424805,0.00024885867937851636,0.9997511413206215
google/gemma-3-1b-it,12,0.46153846153846156,logic,analogy,1.5,372.54028008522295,1.0,0.004966386801661171,0.10573369264602661,0.0003034943897355369,0.9996965056102645
google/gemma-3-1b-it,12,0.46153846153846156,logic,definition,0.25,378.8185604519875,0.0,-0.000795336851858286,0.01791926473379135,3.176891183875874e-05,0.9999682310881612
google/gemma-3-1b-it,12,0.46153846153846156,logic,definition,0.5,378.8185604519875,0.5,2.4351447381998348e-05,0.0358385294675827,0.00012141275572419286,0.9998785872442758
google/gemma-3-1b-it,12,0.46153846153846156,logic,definition,0.75,378.8185604519875,1.0,0.0008273848900229863,0.05375778675079346,0.00026139707758199293,0.999738602922418
google/gemma-3-1b-it,12,0.46153846153846156,logic,definition,1.0,378.8185604519875,1.0,0.0016137984824159401,0.0716770589351654,0.0004453985559808027,0.9995546014440192
google/gemma-3-1b-it,12,0.46153846153846156,logic,definition,1.25,378.8185604519875,1.0,0.002383663993461793,0.08959632366895676,0.0006682070154238051,0.9993317929845762
google/gemma-3-1b-it,12,0.46153846153846156,logic,definition,1.5,378.8185604519875,1.0,0.0031370864338252646,0.10751557350158691,0.0009256175845155923,0.9990743824154844
google/gemma-3-1b-it,12,0.46153846153846156,causality,logic,0.25,511.2898802463636,0.0,-0.0011122282969641129,0.022613540291786194,7.373267465038413e-05,0.9999262673253496
google/gemma-3-1b-it,12,0.46153846153846156,causality,logic,0.5,511.2898802463636,0.5,-7.07053900955712e-05,0.04522708058357239,0.0002814819255582135,0.9997185180744418
google/gemma-3-1b-it,12,0.46153846153846156,causality,logic,0.75,511.2898802463636,1.0,0.0010064135993753665,0.06784062832593918,0.0006082078158389237,0.9993917921841611
google/gemma-3-1b-it,12,0.46153846153846156,causality,logic,1.0,511.2898802463636,1.0,0.0021200497932511997,0.09045416116714478,0.0010494115176914454,0.9989505884823086
google/gemma-3-1b-it,12,0.46153846153846156,causality,logic,1.25,511.2898802463636,1.0,0.0032710574924480484,0.11306771636009216,0.0016166349567575677,0.9983833650432424
google/gemma-3-1b-it,12,0.46153846153846156,causality,logic,1.5,511.2898802463636,1.0,0.004460205547798024,0.13568125665187836,0.002344024321709326,0.9976559756782907
google/gemma-3-1b-it,12,0.46153846153846156,causality,analogy,0.25,583.9810827996181,0.0,-0.0016443458151803592,0.025828557088971138,4.000054443886736e-05,0.9999599994555611
google/gemma-3-1b-it,12,0.46153846153846156,causality,analogy,0.5,583.9810827996181,0.16666666666666666,-0.00010964480452413383,0.051657114177942276,0.0001585778514839875,0.999841422148516
google/gemma-3-1b-it,12,0.46153846153846156,causality,analogy,0.75,583.9810827996181,1.0,0.00148157317257136,0.07748567312955856,0.0003761263235790846,0.9996238736764209
google/gemma-3-1b-it,12,0.46153846153846156,causality,analogy,1.0,583.9810827996181,1.0,0.003130436169175854,0.10331422835588455,0.0007518884978939822,0.999248111502106
google/gemma-3-1b-it,12,0.46153846153846156,causality,analogy,1.25,583.9810827996181,1.0,0.004837848988367255,0.12914280593395233,0.0013957589901739675,0.998604241009826
google/gemma-3-1b-it,12,0.46153846153846156,causality,analogy,1.5,583.9810827996181,1.0,0.006604443956495065,0.15497134625911713,0.002480174020450976,0.997519825979549
google/gemma-3-1b-it,12,0.46153846153846156,causality,definition,0.25,297.42944195749567,0.0,-0.0005484019744170787,0.0131548335775733,2.5897726676493704e-05,0.9999741022733235
google/gemma-3-1b-it,12,0.46153846153846156,causality,definition,0.5,297.42944195749567,0.3333333333333333,-1.1605371994405367e-05,0.0263096671551466,0.00010705827758417108,0.9998929417224158
google/gemma-3-1b-it,12,0.46153846153846156,causality,definition,0.75,297.42944195749567,1.0,0.000532242046215381,0.039464499801397324,0.0002517259665965055,0.9997482740334035
google/gemma-3-1b-it,12,0.46153846153846156,causality,definition,1.0,297.42944195749567,1.0,0.001083051408427682,0.0526193343102932,0.00047260423580508526,0.9995273957641949
google/gemma-3-1b-it,12,0.46153846153846156,causality,definition,1.25,297.42944195749567,1.0,0.00164071963576351,0.06577417254447937,0.000787331628268495,0.9992126683717315
google/gemma-3-1b-it,12,0.46153846153846156,causality,definition,1.5,297.42944195749567,1.0,0.0022051289161029164,0.07892899960279465,0.0012189075195586652,0.9987810924804413
google/gemma-3-1b-it,12,0.46153846153846156,analogy,logic,0.25,372.54028008522295,0.3333333333333333,-0.0012588329453614433,0.017730388790369034,0.00010019869634636525,0.9998998013036536
google/gemma-3-1b-it,12,0.46153846153846156,analogy,logic,0.5,372.54028008522295,0.5,-1.3923783800717793e-05,0.03546077758073807,0.00038985331662999556,0.99961014668337
google/gemma-3-1b-it,12,0.46153846153846156,analogy,logic,0.75,372.54028008522295,0.5,0.0012278664460527722,0.053191158920526505,0.0008529715718516018,0.9991470284281484
google/gemma-3-1b-it,12,0.46153846153846156,analogy,logic,1.0,372.54028008522295,1.0,0.0024653895183591734,0.07092155516147614,0.0014744832757607185,0.9985255167242393
google/gemma-3-1b-it,12,0.46153846153846156,analogy,logic,1.25,372.54028008522295,1.0,0.003697519981558761,0.08865194767713547,0.0022406511454310385,0.997759348854569
google/gemma-3-1b-it,12,0.46153846153846156,analogy,logic,1.5,372.54028008522295,1.0,0.00492316010391769,0.10638231784105301,0.0031394198112847382,0.9968605801887153
google/gemma-3-1b-it,12,0.46153846153846156,analogy,causality,0.25,583.9810827996181,0.16666666666666666,-0.001517024694743685,0.027793534100055695,0.00018107442208448177,0.9998189255779155
google/gemma-3-1b-it,12,0.46153846153846156,analogy,causality,0.5,583.9810827996181,0.5,7.585013416289144e-05,0.05558706820011139,0.0006857939054280004,0.999314206094572
google/gemma-3-1b-it,12,0.46153846153846156,analogy,causality,0.75,583.9810827996181,0.5,0.0016122035482988295,0.08338060230016708,0.001461595075202271,0.9985384049247977
google/gemma-3-1b-it,12,0.46153846153846156,analogy,causality,1.0,583.9810827996181,1.0,0.0030933264843771013,0.11117413640022278,0.002462792649844281,0.9975372073501557
google/gemma-3-1b-it,12,0.46153846153846156,analogy,causality,1.25,583.9810827996181,1.0,0.004520653069123526,0.13896769285202026,0.0036503054751026998,0.9963496945248973
google/gemma-3-1b-it,12,0.46153846153846156,analogy,causality,1.5,583.9810827996181,1.0,0.005895725895556647,0.16676120460033417,0.00499119238359369,0.9950088076164063
google/gemma-3-1b-it,12,0.46153846153846156,analogy,definition,0.25,464.7173221816566,0.5,-0.0013116003515289965,0.022117389366030693,0.0001428144957548172,0.9998571855042452
google/gemma-3-1b-it,12,0.46153846153846156,analogy,definition,0.5,464.7173221816566,0.5,3.7103674947802645e-05,0.044234778732061386,0.0005509130928129657,0.999449086907187
google/gemma-3-1b-it,12,0.46153846153846156,analogy,definition,0.75,464.7173221816566,0.5,0.0013550513389151142,0.06635216623544693,0.001195801547564157,0.9988041984524358
google/gemma-3-1b-it,12,0.46153846153846156,analogy,definition,1.0,464.7173221816566,1.0,0.0026420283741896977,0.08846955746412277,0.002051837167077686,0.9979481628329223
google/gemma-3-1b-it,12,0.46153846153846156,analogy,definition,1.25,464.7173221816566,1.0,0.0038979462307403567,0.11058694124221802,0.003096308916023638,0.9969036910839764
google/gemma-3-1b-it,12,0.46153846153846156,analogy,definition,1.5,464.7173221816566,1.0,0.005122830257464295,0.13270433247089386,0.004309401647548561,0.9956905983524514
google/gemma-3-1b-it,12,0.46153846153846156,definition,logic,0.25,378.8185604519875,0.0,-0.0008404677396068871,0.01718059368431568,6.245423304129805e-05,0.9999375457669587
google/gemma-3-1b-it,12,0.46153846153846156,definition,logic,0.5,378.8185604519875,0.3333333333333333,-3.8575486412284477e-05,0.03436118736863136,0.0002476529722497123,0.9997523470277503
google/gemma-3-1b-it,12,0.46153846153846156,definition,logic,0.75,378.8185604519875,1.0,0.0007799361419384976,0.051541779190301895,0.000552276409673591,0.9994477235903264
google/gemma-3-1b-it,12,0.46153846153846156,definition,logic,1.0,378.8185604519875,1.0,0.0016150648724441163,0.06872237473726273,0.0009730624295106738,0.9990269375704893
google/gemma-3-1b-it,12,0.46153846153846156,definition,logic,1.25,378.8185604519875,1.0,0.0024667649099947564,0.08590296655893326,0.0015070289870162679,0.9984929710129837
google/gemma-3-1b-it,12,0.46153846153846156,definition,logic,1.5,378.8185604519875,1.0,0.0033349431408731256,0.10308355838060379,0.0021517289391868033,0.9978482710608132
google/gemma-3-1b-it,12,0.46153846153846156,definition,causality,0.25,297.42944195749567,0.16666666666666666,-0.0005361761567569401,0.013489346019923687,8.684457936747325e-05,0.9999131554206325
google/gemma-3-1b-it,12,0.46153846153846156,definition,causality,0.5,297.42944195749567,0.3333333333333333,7.179462804596248e-06,0.026978692039847374,0.0003335756760458608,0.9996664243239541
google/gemma-3-1b-it,12,0.46153846153846156,definition,causality,0.75,297.42944195749567,1.0,0.0005435092597401159,0.040468037128448486,0.0007205445467129978,0.999279455453287
google/gemma-3-1b-it,12,0.46153846153846156,definition,causality,1.0,297.42944195749567,1.0,0.0010727378370672946,0.05395738407969475,0.0012295349891371377,0.9987704650108629
google/gemma-3-1b-it,12,0.46153846153846156,definition,causality,1.25,297.42944195749567,1.0,0.001594802799960715,0.06744673103094101,0.0018437724442583736,0.9981562275557416
google/gemma-3-1b-it,12,0.46153846153846156,definition,causality,1.5,297.42944195749567,1.0,0.002109654179857312,0.08093607425689697,0.0025479096355170983,0.9974520903644829
google/gemma-3-1b-it,12,0.46153846153846156,definition,analogy,0.25,464.7173221816566,0.0,-0.001381433163424206,0.021076368167996407,4.90961301907733e-05,0.9999509038698092
google/gemma-3-1b-it,12,0.46153846153846156,definition,analogy,0.5,464.7173221816566,0.5,-6.587496735666054e-05,0.04215273633599281,0.00018685618499025836,0.9998131438150097
google/gemma-3-1b-it,12,0.46153846153846156,definition,analogy,0.75,464.7173221816566,1.0,0.0012803761831153837,0.06322910636663437,0.0003994983942935404,0.9996005016057065
google/gemma-3-1b-it,12,0.46153846153846156,definition,analogy,1.0,464.7173221816566,1.0,0.002656981378116985,0.08430547267198563,0.0006745864795395518,0.9993254135204604
google/gemma-3-1b-it,12,0.46153846153846156,definition,analogy,1.25,464.7173221816566,1.0,0.004063454566089919,0.10538184642791748,0.0010019691700802191,0.9989980308299198
google/gemma-3-1b-it,12,0.46153846153846156,definition,analogy,1.5,464.7173221816566,1.0,0.005499151103245059,0.12645821273326874,0.0013748476567316814,0.9986251523432683
google/gemma-3-1b-it,16,0.6153846153846154,logic,causality,0.25,1144.7969560342808,0.0,-0.006389048922317286,0.03920654579997063,3.677377409072591e-05,0.9999632262259093
google/gemma-3-1b-it,16,0.6153846153846154,logic,causality,0.5,1144.7969560342808,0.6666666666666666,-0.00020474079654098087,0.07841309159994125,0.00013823170615312463,0.9998617682938469
google/gemma-3-1b-it,16,0.6153846153846154,logic,causality,0.75,1144.7969560342808,1.0,0.006045309403536425,0.11761963367462158,0.0002893145056469537,0.999710685494353
google/gemma-3-1b-it,16,0.6153846153846154,logic,causality,1.0,1144.7969560342808,1.0,0.012332333968390508,0.1568261831998825,0.0004734523550283809,0.9995265476449716
google/gemma-3-1b-it,16,0.6153846153846154,logic,causality,1.25,1144.7969560342808,1.0,0.018626370174055662,0.19603271782398224,0.0006737784318895379,0.9993262215681105
google/gemma-3-1b-it,16,0.6153846153846154,logic,causality,1.5,1144.7969560342808,1.0,0.024896958240191447,0.23523926734924316,0.000874422253143492,0.9991255777468565
google/gemma-3-1b-it,16,0.6153846153846154,logic,analogy,0.25,913.0459956773022,0.0,-0.0037576786352746527,0.031269628554582596,1.1583311072205227e-05,0.9999884166889278
google/gemma-3-1b-it,16,0.6153846153846154,logic,analogy,0.5,913.0459956773022,0.3333333333333333,-0.00017928159541147348,0.06253925710916519,4.589120509912448e-05,0.9999541087949009
google/gemma-3-1b-it,16,0.6153846153846154,logic,analogy,0.75,913.0459956773022,1.0,0.003479489066507968,0.09380888938903809,0.00010231077712519188,0.9998976892228748
google/gemma-3-1b-it,16,0.6153846153846154,logic,analogy,1.0,913.0459956773022,1.0,0.007210888317675024,0.12507851421833038,0.00018041318228867453,0.9998195868177113
google/gemma-3-1b-it,16,0.6153846153846154,logic,analogy,1.25,913.0459956773022,1.0,0.011005990430172252,0.15634813904762268,0.00028010854051985223,0.9997198914594801
google/gemma-3-1b-it,16,0.6153846153846154,logic,analogy,1.5,913.0459956773022,1.0,0.014854731779200603,0.18761777877807617,0.00040179846258836527,0.9995982015374116
google/gemma-3-1b-it,16,0.6153846153846154,logic,definition,0.25,974.9358240747682,0.0,-0.004492346971327166,0.03338920697569847,1.82262932025834e-05,0.9999817737067974
google/gemma-3-1b-it,16,0.6153846153846154,logic,definition,0.5,974.9358240747682,0.6666666666666666,-0.00021274568892759582,0.06677841395139694,6.890733893394341e-05,0.9999310926610661
google/gemma-3-1b-it,16,0.6153846153846154,logic,definition,0.75,974.9358240747682,1.0,0.00414636035648408,0.10016762465238571,0.00014529896117831953,0.9998547010388217
google/gemma-3-1b-it,16,0.6153846153846154,logic,definition,1.0,974.9358240747682,1.0,0.008572465812393126,0.13355682790279388,0.00023993353711815324,0.9997600664628818
google/gemma-3-1b-it,16,0.6153846153846154,logic,definition,1.25,974.9358240747682,1.0,0.013051714025848371,0.16694603860378265,0.0003450422336271908,0.9996549577663728
google/gemma-3-1b-it,16,0.6153846153846154,logic,definition,1.5,974.9358240747682,1.0,0.01756906074544895,0.20033524930477142,0.000453052096920481,0.9995469479030795
google/gemma-3-1b-it,16,0.6153846153846154,causality,logic,0.25,1144.7969560342808,0.0,-0.0061119024632860786,0.03990018367767334,1.2285084092344967e-05,0.9999877149159077
google/gemma-3-1b-it,16,0.6153846153846154,causality,logic,0.5,1144.7969560342808,0.5,0.00011919945896576856,0.07980036735534668,4.512406207168862e-05,0.9999548759379283
google/gemma-3-1b-it,16,0.6153846153846154,causality,logic,0.75,1144.7969560342808,1.0,0.00628632344898683,0.11970054358243942,9.246754618041919e-05,0.9999075324538196
google/gemma-3-1b-it,16,0.6153846153846154,causality,logic,1.0,1144.7969560342808,1.0,0.012362740953341445,0.15960073471069336,0.0001485174227279229,0.9998514825772721
google/gemma-3-1b-it,16,0.6153846153846154,causality,logic,1.25,1144.7969560342808,1.0,0.018323984895716183,0.1995009034872055,0.00020803150470249943,0.9997919684952975
google/gemma-3-1b-it,16,0.6153846153846154,causality,logic,1.5,1144.7969560342808,1.0,0.0241482524281309,0.23940108716487885,0.00026654907781564763,0.9997334509221844
google/gemma-3-1b-it,16,0.6153846153846154,causality,analogy,0.25,1125.87534602091,0.0,-0.006344990121783578,0.039240699261426926,6.684054036587561e-06,0.9999933159459634
google/gemma-3-1b-it,16,0.6153846153846154,causality,analogy,0.5,1125.87534602091,0.6666666666666666,-0.00014515892609490155,0.07848139852285385,2.4923475235638648e-05,0.9999750765247644
google/gemma-3-1b-it,16,0.6153846153846154,causality,analogy,0.75,1125.87534602091,1.0,0.006128008426396936,0.11772209405899048,5.181305668156e-05,0.9999481869433184
google/gemma-3-1b-it,16,0.6153846153846154,causality,analogy,1.0,1125.87534602091,1.0,0.012445869266067167,0.1569627970457077,8.435616394508738e-05,0.9999156438360549
google/gemma-3-1b-it,16,0.6153846153846154,causality,analogy,1.25,1125.87534602091,1.0,0.018778383685770006,0.19620351493358612,0.00011966995201628805,0.9998803300479837
google/gemma-3-1b-it,16,0.6153846153846154,causality,analogy,1.5,1125.87534602091,1.0,0.025094803576015456,0.23544418811798096,0.0001551832360865424,0.9998448167639135
google/gemma-3-1b-it,16,0.6153846153846154,causality,definition,0.25,828.9489457972461,0.0,-0.0033884200571724366,0.028891773894429207,4.206664278805228e-06,0.9999957933357212
google/gemma-3-1b-it,16,0.6153846153846154,causality,definition,0.5,828.9489457972461,0.5,-3.8027979733512574e-05,0.057783547788858414,1.6567573715486894e-05,0.9999834324262845
google/gemma-3-1b-it,16,0.6153846153846154,causality,definition,0.75,828.9489457972461,1.0,0.003338641890559657,0.08667532354593277,3.666273122859831e-05,0.9999633372687714
google/gemma-3-1b-it,16,0.6153846153846154,causality,definition,1.0,828.9489457972461,1.0,0.00673328682586849,0.11556709557771683,6.404501885504121e-05,0.999935954981145
google/gemma-3-1b-it,16,0.6153846153846154,causality,definition,1.25,828.9489457972461,1.0,0.010137311525634352,0.1444588452577591,9.825869699253698e-05,0.9999017413030075
google/gemma-3-1b-it,16,0.6153846153846154,causality,definition,1.5,828.9489457972461,1.0,0.013541933154095798,0.17335064709186554,0.0001388570295229874,0.999861142970477
google/gemma-3-1b-it,16,0.6153846153846154,analogy,logic,0.25,913.0459956773022,0.3333333333333333,-0.0035455480268677952,0.032666612416505814,3.713893530787882e-05,0.9999628610646921
google/gemma-3-1b-it,16,0.6153846153846154,analogy,logic,0.5,913.0459956773022,0.5,0.00011122910220429105,0.06533322483301163,0.00014006139002220586,0.9998599386099778
google/gemma-3-1b-it,16,0.6153846153846154,analogy,logic,0.75,913.0459956773022,1.0,0.003688324112902319,0.09799983352422714,0.00029643586625638374,0.9997035641337436
google/gemma-3-1b-it,16,0.6153846153846154,analogy,logic,1.0,913.0459956773022,1.0,0.007179145772816753,0.13066644966602325,0.0004947204963392515,0.9995052795036607
google/gemma-3-1b-it,16,0.6153846153846154,analogy,logic,1.25,913.0459956773022,1.0,0.01057826339673873,0.16333304345607758,0.0007243932014328047,0.9992756067985672
google/gemma-3-1b-it,16,0.6153846153846154,analogy,logic,1.5,913.0459956773022,1.0,0.013881366822396823,0.19599966704845428,0.0009760979326765007,0.9990239020673235
google/gemma-3-1b-it,16,0.6153846153846154,analogy,causality,0.25,1125.87534602091,0.0,-0.006181347910200974,0.040281135588884354,8.284827744553525e-05,0.9999171517225545
google/gemma-3-1b-it,16,0.6153846153846154,analogy,causality,0.5,1125.87534602091,0.5,0.00010583872497449409,0.08056227117776871,0.00031548837816008923,0.9996845116218399
google/gemma-3-1b-it,16,0.6153846153846154,analogy,causality,0.75,1125.87534602091,1.0,0.006319698303261401,0.12084341049194336,0.0006727313215963981,0.9993272686784036
google/gemma-3-1b-it,16,0.6153846153846154,analogy,causality,1.0,1125.87534602091,1.0,0.012433388226963493,0.16112454235553741,0.0011287667349431096,0.9988712332650569
google/gemma-3-1b-it,16,0.6153846153846154,analogy,causality,1.25,1125.87534602091,1.0,0.018422579739437728,0.20140568912029266,0.0016584723451400496,0.99834152765486
google/gemma-3-1b-it,16,0.6153846153846154,analogy,causality,1.5,1125.87534602091,1.0,0.02426583321413167,0.24168682098388672,0.002238489645624009,0.997761510354376
google/gemma-3-1b-it,16,0.6153846153846154,analogy,definition,0.25,952.8261614143778,0.0,-0.004632897636084543,0.03408984839916229,4.782467756281328e-05,0.9999521753224372
google/gemma-3-1b-it,16,0.6153846153846154,analogy,definition,0.5,952.8261614143778,0.5,8.947296744055144e-06,0.06817969679832458,0.00018353801754333876,0.9998164619824567
google/gemma-3-1b-it,16,0.6153846153846154,analogy,definition,0.75,952.8261614143778,1.0,0.004632974960812608,0.10226955264806747,0.00039476037046703993,0.999605239629533
google/gemma-3-1b-it,16,0.6153846153846154,analogy,definition,1.0,952.8261614143778,1.0,0.009223472630741303,0.13635939359664917,0.0006685659399385813,0.9993314340600614
google/gemma-3-1b-it,16,0.6153846153846154,analogy,definition,1.25,952.8261614143778,1.0,0.013765354768915827,0.17044925689697266,0.0009920164223105044,0.9990079835776895
google/gemma-3-1b-it,16,0.6153846153846154,analogy,definition,1.5,952.8261614143778,1.0,0.018244398163563158,0.20453910529613495,0.0013526482139692986,0.9986473517860307
google/gemma-3-1b-it,16,0.6153846153846154,definition,logic,0.25,974.9358240747682,0.0,-0.0042038318283507126,0.03451947495341301,2.119155059143729e-05,0.9999788084494086
google/gemma-3-1b-it,16,0.6153846153846154,definition,logic,0.5,974.9358240747682,0.5,0.0001428167517597556,0.06903894990682602,7.516418596864582e-05,0.9999248358140314
google/gemma-3-1b-it,16,0.6153846153846154,definition,logic,0.75,974.9358240747682,1.0,0.004411308358061916,0.10355842113494873,0.0001492100340038105,0.9998507899659962
google/gemma-3-1b-it,16,0.6153846153846154,definition,logic,1.0,974.9358240747682,1.0,0.008590632293129286,0.13807789981365204,0.00023303229943827386,0.9997669677005617
google/gemma-3-1b-it,16,0.6153846153846154,definition,logic,1.25,974.9358240747682,1.0,0.012671271042531962,0.17259736359119415,0.0003187920283349577,0.999681207971665
google/gemma-3-1b-it,16,0.6153846153846154,definition,logic,1.5,974.9358240747682,1.0,0.016645221999641246,0.20711684226989746,0.00040100896728756386,0.9995989910327124
google/gemma-3-1b-it,16,0.6153846153846154,definition,causality,0.25,828.9489457972461,0.16666666666666666,-0.003323190573575996,0.02935052663087845,9.599911555691065e-06,0.9999904000884443
google/gemma-3-1b-it,16,0.6153846153846154,definition,causality,0.5,828.9489457972461,0.16666666666666666,5.36199651200997e-05,0.0587010532617569,3.877659618867213e-05,0.9999612234038113
google/gemma-3-1b-it,16,0.6153846153846154,definition,causality,0.75,828.9489457972461,1.0,0.00340403446654558,0.08805158734321594,8.864684208198526e-05,0.999911353157918
google/gemma-3-1b-it,16,0.6153846153846154,definition,causality,1.0,828.9489457972461,1.0,0.0067201382344074245,0.1174021065235138,0.00016097053000374562,0.9998390294699963
google/gemma-3-1b-it,16,0.6153846153846154,definition,causality,1.25,828.9489457972461,1.0,0.009994491691949658,0.14675264060497284,0.0002580122697403153,0.9997419877302597
google/gemma-3-1b-it,16,0.6153846153846154,definition,causality,1.5,828.9489457972461,1.0,0.013220200903672374,0.17610317468643188,0.0003823839106678051,0.9996176160893322
google/gemma-3-1b-it,16,0.6153846153846154,definition,analogy,0.25,952.8261614143778,0.0,-0.004642943283652334,0.033736634999513626,1.2946779978983969e-05,0.999987053220021
google/gemma-3-1b-it,16,0.6153846153846154,definition,analogy,0.5,952.8261614143778,0.5,-2.958428694699311e-05,0.06747326999902725,4.832301045665233e-05,0.9999516769895433
google/gemma-3-1b-it,16,0.6153846153846154,definition,analogy,0.75,952.8261614143778,1.0,0.004601642163538422,0.10120991617441177,0.00010182457709673187,0.9998981754229033
google/gemma-3-1b-it,16,0.6153846153846154,definition,analogy,1.0,952.8261614143778,1.0,0.00923476498609277,0.1349465399980545,0.0001705492270955844,0.9998294507729044
google/gemma-3-1b-it,16,0.6153846153846154,definition,analogy,1.25,952.8261614143778,1.0,0.013853719926943509,0.16868318617343903,0.00025317574523275876,0.9997468242547672
google/gemma-3-1b-it,16,0.6153846153846154,definition,analogy,1.5,952.8261614143778,1.0,0.018442627417758928,0.20241983234882355,0.00035002663322003524,0.99964997336678
google/gemma-3-1b-it,20,0.7692307692307693,logic,causality,0.25,1957.1780433203223,0.0,-0.009320955912652584,0.05092022195458412,7.063296756137927e-05,0.9999293670324386
google/gemma-3-1b-it,20,0.7692307692307693,logic,causality,0.5,1957.1780433203223,0.6666666666666666,0.0003224153926145723,0.10184044390916824,0.00025369148523446405,0.9997463085147655
google/gemma-3-1b-it,20,0.7692307692307693,logic,causality,0.75,1957.1780433203223,1.0,0.009756109576008032,0.15276066958904266,0.0005096249462385183,0.9994903750537615
google/gemma-3-1b-it,20,0.7692307692307693,logic,causality,1.0,1957.1780433203223,1.0,0.018922812132490807,0.2036808878183365,0.0008065259433203131,0.9991934740566797
google/gemma-3-1b-it,20,0.7692307692307693,logic,causality,1.25,1957.1780433203223,1.0,0.027775077090369638,0.2546011507511139,0.0011219131168359597,0.998878086883164
google/gemma-3-1b-it,20,0.7692307692307693,logic,causality,1.5,1957.1780433203223,1.0,0.03627580329995839,0.3055213391780853,0.001442717752751288,0.9985572822472487
google/gemma-3-1b-it,20,0.7692307692307693,logic,analogy,0.25,1437.2130086706682,0.0,-0.005250552992311586,0.037392210215330124,4.117108123924407e-05,0.9999588289187608
google/gemma-3-1b-it,20,0.7692307692307693,logic,analogy,0.5,1437.2130086706682,0.6666666666666666,-0.0002674693476847345,0.07478442043066025,0.0001638803680792389,0.9998361196319208
google/gemma-3-1b-it,20,0.7692307692307693,logic,analogy,0.75,1437.2130086706682,1.0,0.004868887973881186,0.11217662692070007,0.0003662845960820116,0.999633715403918
google/gemma-3-1b-it,20,0.7692307692307693,logic,analogy,1.0,1437.2130086706682,1.0,0.010144549856629492,0.1495688408613205,0.0006459859575057569,0.9993540140424942
google/gemma-3-1b-it,20,0.7692307692307693,logic,analogy,1.25,1437.2130086706682,1.0,0.015542368509671167,0.18696105480194092,0.0010004371179566096,0.9989995628820434
google/gemma-3-1b-it,20,0.7692307692307693,logic,analogy,1.5,1437.2130086706682,1.0,0.021042056938849196,0.22435325384140015,0.001427331933794962,0.998572668066205
google/gemma-3-1b-it,20,0.7692307692307693,logic,definition,0.25,1580.3436498637434,0.0,-0.006921610251723109,0.04111606255173683,4.291513246512668e-05,0.9999570848675349
google/gemma-3-1b-it,20,0.7692307692307693,logic,definition,0.5,1580.3436498637434,0.5,-0.0002441696083675948,0.08223212510347366,0.00016360412536420288,0.9998363958746358
google/gemma-3-1b-it,20,0.7692307692307693,logic,definition,0.75,1580.3436498637434,1.0,0.006557923399345356,0.1233481764793396,0.000349807789964407,0.9996501922100356
google/gemma-3-1b-it,20,0.7692307692307693,logic,definition,1.0,1580.3436498637434,1.0,0.013452113577784308,0.16446425020694733,0.0005901745297662853,0.9994098254702337
google/gemma-3-1b-it,20,0.7692307692307693,logic,definition,1.25,1580.3436498637434,1.0,0.020402812732572384,0.20558030903339386,0.0008755562997577737,0.9991244437002422
google/gemma-3-1b-it,20,0.7692307692307693,logic,definition,1.5,1580.3436498637434,1.0,0.027372227767074375,0.2466963529586792,0.0011999601266159399,0.9988000398733841
google/gemma-3-1b-it,20,0.7692307692307693,causality,logic,0.25,1957.1780433203223,0.0,-0.009760761466078294,0.048393066972494125,1.0338022958911175e-05,0.9999896619770411
google/gemma-3-1b-it,20,0.7692307692307693,causality,logic,0.5,1957.1780433203223,0.3333333333333333,-0.00039929733989829685,0.09678613394498825,4.3706714790703316e-05,0.9999562932852093
google/gemma-3-1b-it,20,0.7692307692307693,causality,logic,0.75,1957.1780433203223,1.0,0.009168784549183795,0.14517921209335327,0.00010311240790394915,0.999896887592096
google/gemma-3-1b-it,20,0.7692307692307693,causality,logic,1.0,1957.1780433203223,1.0,0.01887967547999081,0.1935722678899765,0.0001905595379160241,0.999809440462084
google/gemma-3-1b-it,20,0.7692307692307693,causality,logic,1.25,1957.1780433203223,1.0,0.028662962357856925,0.24196535348892212,0.0003067164942646139,0.9996932835057354
google/gemma-3-1b-it,20,0.7692307692307693,causality,logic,1.5,1957.1780433203223,1.0,0.038443934589258766,0.29035842418670654,0.00045068382313728783,0.9995493161768627
google/gemma-3-1b-it,20,0.7692307692307693,causality,analogy,0.25,2030.8195998743336,0.0,-0.009273113072041816,0.05021392181515694,5.046351853388309e-06,0.9999949536481466
google/gemma-3-1b-it,20,0.7692307692307693,causality,analogy,0.5,2030.8195998743336,0.3333333333333333,-0.000899602472958172,0.10042784363031387,2.1459323535921726e-05,0.9999785406764641
google/gemma-3-1b-it,20,0.7692307692307693,causality,analogy,0.75,2030.8195998743336,1.0,0.007919574146249886,0.1506417840719223,5.1135860339557304e-05,0.9999488641396604
google/gemma-3-1b-it,20,0.7692307692307693,causality,analogy,1.0,2030.8195998743336,1.0,0.017156597248483507,0.20085568726062775,9.583012806957392e-05,0.9999041698719304
google/gemma-3-1b-it,20,0.7692307692307693,causality,analogy,1.25,2030.8195998743336,1.0,0.02676815135462496,0.2510696351528168,0.000156966170611339,0.9998430338293887
google/gemma-3-1b-it,20,0.7692307692307693,causality,analogy,1.5,2030.8195998743336,1.0,0.03669414380467595,0.3012835681438446,0.00023542733896286805,0.9997645726610371
google/gemma-3-1b-it,20,0.7692307692307693,causality,definition,0.25,1652.2304276845734,0.0,-0.0060125101374286505,0.040852952748537064,5.920366561329438e-06,0.9999940796334387
google/gemma-3-1b-it,20,0.7692307692307693,causality,definition,0.5,1652.2304276845734,0.5,-0.0004332794686111585,0.08170590549707413,2.3874234596377164e-05,0.9999761257654036
google/gemma-3-1b-it,20,0.7692307692307693,causality,definition,0.75,1652.2304276845734,1.0,0.005372998548984431,0.12255886197090149,5.385328008833401e-05,0.9999461467199117
google/gemma-3-1b-it,20,0.7692307692307693,causality,definition,1.0,1652.2304276845734,1.0,0.011393225905252602,0.16341181099414825,9.540391515650004e-05,0.9999045960848435
google/gemma-3-1b-it,20,0.7692307692307693,causality,definition,1.25,1652.2304276845734,1.0,0.017609142682013967,0.20426476001739502,0.00014759210590642446,0.9998524078940936
google/gemma-3-1b-it,20,0.7692307692307693,causality,definition,1.5,1652.2304276845734,1.0,0.023997015701669788,0.24511772394180298,0.00020901084134716807,0.9997909891586528
google/gemma-3-1b-it,20,0.7692307692307693,analogy,logic,0.25,1437.2130086706682,0.0,-0.005025613967716613,0.03974243625998497,3.831209842297678e-05,0.999961687901577
google/gemma-3-1b-it,20,0.7692307692307693,analogy,logic,0.5,1437.2130086706682,0.5,0.00011745047100220063,0.07948487251996994,0.00014907090282267887,0.9998509290971773
google/gemma-3-1b-it,20,0.7692307692307693,analogy,logic,0.75,1437.2130086706682,1.0,0.005108426947420308,0.11922729760408401,0.0003245183180026201,0.9996754816819974
google/gemma-3-1b-it,20,0.7692307692307693,analogy,logic,1.0,1437.2130086706682,1.0,0.0099361246484857,0.15896974503993988,0.0005554790464671333,0.9994445209535329
google/gemma-3-1b-it,20,0.7692307692307693,analogy,logic,1.25,1437.2130086706682,1.0,0.014592307653851999,0.19871217012405396,0.0008320559289354268,0.9991679440710646
google/gemma-3-1b-it,20,0.7692307692307693,analogy,logic,1.5,1437.2130086706682,1.0,0.019071466466399012,0.23845459520816803,0.0011442489889351704,0.9988557510110648
google/gemma-3-1b-it,20,0.7692307692307693,analogy,causality,0.25,2030.8195998743336,0.0,-0.008303150140174798,0.05615709722042084,7.82974214501575e-05,0.9999217025785498
google/gemma-3-1b-it,20,0.7692307692307693,analogy,causality,0.5,2030.8195998743336,0.5,0.0006052774390310489,0.11231419444084167,0.00029980123779937973,0.9997001987622006
google/gemma-3-1b-it,20,0.7692307692307693,analogy,causality,0.75,2030.8195998743336,1.0,0.009061378761225591,0.1684712916612625,0.0006404990420625367,0.9993595009579375
google/gemma-3-1b-it,20,0.7692307692307693,analogy,causality,1.0,2030.8195998743336,1.0,0.017049450775279418,0.22462838888168335,0.0010736687152548274,0.9989263312847452
google/gemma-3-1b-it,20,0.7692307692307693,analogy,causality,1.25,2030.8195998743336,1.0,0.024565802153201366,0.280785471200943,0.001572622164603743,0.9984273778353963
google/gemma-3-1b-it,20,0.7692307692307693,analogy,causality,1.5,2030.8195998743336,1.0,0.031616285526519294,0.336942583322525,0.002112736285477701,0.9978872637145223
google/gemma-3-1b-it,20,0.7692307692307693,analogy,definition,0.25,1457.6572841303455,0.16666666666666666,-0.006429735718418428,0.04030776768922806,3.447842259129974e-05,0.9999655215774087
google/gemma-3-1b-it,20,0.7692307692307693,analogy,definition,0.5,1457.6572841303455,0.5,-0.0001265300734434316,0.08061553537845612,0.00013459688451511465,0.9998654031154849
google/gemma-3-1b-it,20,0.7692307692307693,analogy,definition,0.75,1457.6572841303455,1.0,0.006105563782017209,0.12092330306768417,0.0002933501426566343,0.9997066498573434
google/gemma-3-1b-it,20,0.7692307692307693,analogy,definition,1.0,1457.6572841303455,1.0,0.012239064773015507,0.16123107075691223,0.0005014977115308517,0.9994985022884691
google/gemma-3-1b-it,20,0.7692307692307693,analogy,definition,1.25,1457.6572841303455,1.0,0.018248999335927163,0.2015388458967209,0.0007482925418369479,0.999251707458163
google/gemma-3-1b-it,20,0.7692307692307693,analogy,definition,1.5,1457.6572841303455,1.0,0.024113314939409602,0.24184660613536835,0.0010222927862888476,0.9989777072137112
google/gemma-3-1b-it,20,0.7692307692307693,definition,logic,0.25,1580.3436498637434,0.0,-0.00645240854874618,0.042417749762535095,8.504656975583114e-05,0.9999149534302442
google/gemma-3-1b-it,20,0.7692307692307693,definition,logic,0.5,1580.3436498637434,0.6666666666666666,0.0003052584389329205,0.08483549952507019,0.00032114644068492737,0.9996788535593151
google/gemma-3-1b-it,20,0.7692307692307693,definition,logic,0.75,1580.3436498637434,0.8333333333333334,0.006939601080726443,0.1272532343864441,0.000683809353809961,0.99931619064619
google/gemma-3-1b-it,20,0.7692307692307693,definition,logic,1.0,1580.3436498637434,1.0,0.013422355337245118,0.16967099905014038,0.0011535702880522969,0.9988464297119477
google/gemma-3-1b-it,20,0.7692307692307693,definition,logic,1.25,1580.3436498637434,1.0,0.019729249811820226,0.21208876371383667,0.0017152918438189113,0.9982847081561811
google/gemma-3-1b-it,20,0.7692307692307693,definition,logic,1.5,1580.3436498637434,1.0,0.02584020896498762,0.2545064687728882,0.0023573593123370484,0.997642640687663
google/gemma-3-1b-it,20,0.7692307692307693,definition,causality,0.25,1652.2304276845734,0.0,-0.005383672333793776,0.04434725642204285,7.5336586463636834e-06,0.9999924663413536
google/gemma-3-1b-it,20,0.7692307692307693,definition,causality,0.5,1652.2304276845734,0.8333333333333334,0.000438559851690723,0.0886945128440857,2.6851993116694395e-05,0.9999731480068833
google/gemma-3-1b-it,20,0.7692307692307693,definition,causality,0.75,1652.2304276845734,1.0,0.006031764727485012,0.13304175436496735,5.7825986415127595e-05,0.9999421740135849
google/gemma-3-1b-it,20,0.7692307692307693,definition,causality,1.0,1652.2304276845734,1.0,0.011387422419055881,0.1773890256881714,0.00010486649073837562,0.9998951335092616
google/gemma-3-1b-it,20,0.7692307692307693,definition,causality,1.25,1652.2304276845734,1.0,0.01650127066593776,0.22173626720905304,0.00017489392398806203,0.9998251060760119
google/gemma-3-1b-it,20,0.7692307692307693,definition,causality,1.5,1652.2304276845734,1.0,0.021372674059336738,0.2660835087299347,0.0002757280158713904,0.9997242719841286
google/gemma-3-1b-it,20,0.7692307692307693,definition,analogy,0.25,1457.6572841303455,0.0,-0.006218797027123468,0.039124745875597,9.607907266118154e-05,0.9999039209273388
google/gemma-3-1b-it,20,0.7692307692307693,definition,analogy,0.5,1457.6572841303455,0.8333333333333334,-3.4797673487685366e-05,0.078249491751194,0.00037587484493262213,0.9996241251550674
google/gemma-3-1b-it,20,0.7692307692307693,definition,analogy,0.75,1457.6572841303455,0.8333333333333334,0.006220839235478004,0.1173742339015007,0.000826767998510558,0.9991732320014894
google/gemma-3-1b-it,20,0.7692307692307693,definition,analogy,1.0,1457.6572841303455,0.8333333333333334,0.012519493316788255,0.156498983502388,0.001436602788974839,0.9985633972110252
google/gemma-3-1b-it,20,0.7692307692307693,definition,analogy,1.25,1457.6572841303455,1.0,0.01883121049150238,0.1956237107515335,0.0021940529965595035,0.9978059470034405
google/gemma-3-1b-it,20,0.7692307692307693,definition,analogy,1.5,1457.6572841303455,1.0,0.025125400658259855,0.2347484678030014,0.003088815856192473,0.9969111841438075
google/gemma-3-1b-it,23,0.8846153846153846,logic,causality,0.25,2685.8121452735813,0.0,-0.010153128711506754,0.05073480308055878,3.4499337462357005e-05,0.9999655006625376
google/gemma-3-1b-it,23,0.8846153846153846,logic,causality,0.5,2685.8121452735813,0.6666666666666666,9.093680924232572e-05,0.10146960616111755,0.00013135411050491097,0.9998686458894951
google/gemma-3-1b-it,23,0.8846153846153846,logic,causality,0.75,2685.8121452735813,1.0,0.010257094143937051,0.15220440924167633,0.00028675849130743725,0.9997132415086926
google/gemma-3-1b-it,23,0.8846153846153846,logic,causality,1.0,2685.8121452735813,1.0,0.020270207969388387,0.2029392123222351,0.0005051030575735638,0.9994948969424264
google/gemma-3-1b-it,23,0.8846153846153846,logic,causality,1.25,2685.8121452735813,1.0,0.030061309873725683,0.2536740005016327,0.0007976637675215503,0.9992023362324784
google/gemma-3-1b-it,23,0.8846153846153846,logic,causality,1.5,2685.8121452735813,1.0,0.039569725437472836,0.30440881848335266,0.0011800706609312872,0.9988199293390687
google/gemma-3-1b-it,23,0.8846153846153846,logic,analogy,0.25,1905.7781317129018,0.0,-0.005182551551282999,0.03600001335144043,1.2165535701491592e-05,0.9999878344642985
google/gemma-3-1b-it,23,0.8846153846153846,logic,analogy,0.5,1905.7781317129018,0.5,-0.00017505195454536882,0.07200002670288086,4.852680388434116e-05,0.9999514731961157
google/gemma-3-1b-it,23,0.8846153846153846,logic,analogy,0.75,1905.7781317129018,1.0,0.004931419280736704,0.10800004005432129,0.00011028614864061481,0.9998897138513594
google/gemma-3-1b-it,23,0.8846153846153846,logic,analogy,1.0,1905.7781317129018,1.0,0.010119524284691095,0.14400005340576172,0.0002007886136610182,0.999799211386339
google/gemma-3-1b-it,23,0.8846153846153846,logic,analogy,1.25,1905.7781317129018,1.0,0.015369984309143492,0.18000005185604095,0.0003257077048655077,0.9996742922951345
google/gemma-3-1b-it,23,0.8846153846153846,logic,analogy,1.5,1905.7781317129018,1.0,0.02066186170207851,0.21600008010864258,0.0004930055302241332,0.9995069944697759
google/gemma-3-1b-it,23,0.8846153846153846,logic,definition,0.25,2191.8239197428543,0.0,-0.007007275517345479,0.0414033979177475,1.4066250006661285e-05,0.9999859337499933
google/gemma-3-1b-it,23,0.8846153846153846,logic,definition,0.5,2191.8239197428543,0.5,-0.0002775343865701885,0.082806795835495,5.1624941855510365e-05,0.9999483750581445
google/gemma-3-1b-it,23,0.8846153846153846,logic,definition,0.75,2191.8239197428543,1.0,0.006591169130317209,0.1242101863026619,0.00010792609580612122,0.9998920739041939
google/gemma-3-1b-it,23,0.8846153846153846,logic,definition,1.0,2191.8239197428543,1.0,0.013566427834047379,0.16561359167099,0.00018210665684126326,0.9998178933431587
google/gemma-3-1b-it,23,0.8846153846153846,logic,definition,1.25,2191.8239197428543,1.0,0.020612344127279858,0.2070169895887375,0.0002780556278111357,0.9997219443721889
google/gemma-3-1b-it,23,0.8846153846153846,logic,definition,1.5,2191.8239197428543,1.0,0.027690324834826696,0.2484203726053238,0.00040474093212261586,0.9995952590678774
google/gemma-3-1b-it,23,0.8846153846153846,causality,logic,0.25,2685.8121452735813,0.0,-0.01022815509075159,0.0496353916823864,1.2125245650862482e-05,0.9999878747543491
google/gemma-3-1b-it,23,0.8846153846153846,causality,logic,0.5,2685.8121452735813,0.6666666666666666,-0.00013210389712303705,0.0992707833647728,4.8477621587550423e-05,0.9999515223784124
google/gemma-3-1b-it,23,0.8846153846153846,causality,logic,0.75,2685.8121452735813,1.0,0.01004125590787508,0.1489061862230301,0.00010816438788441296,0.9998918356121156
google/gemma-3-1b-it,23,0.8846153846153846,causality,logic,1.0,2685.8121452735813,1.0,0.020215368631920638,0.1985415667295456,0.00018917991607847462,0.9998108200839215
google/gemma-3-1b-it,23,0.8846153846153846,causality,logic,1.25,2685.8121452735813,1.0,0.03031308542861222,0.24817697703838348,0.0002885378127488458,0.9997114621872512
google/gemma-3-1b-it,23,0.8846153846153846,causality,logic,1.5,2685.8121452735813,1.0,0.04025956145558762,0.2978123724460602,0.00040250073820136123,0.9995974992617986
google/gemma-3-1b-it,23,0.8846153846153846,causality,analogy,0.25,2643.9300046294184,0.0,-0.009891655728159754,0.04886138439178467,5.582589499342205e-06,0.9999944174105007
google/gemma-3-1b-it,23,0.8846153846153846,causality,analogy,0.5,2643.9300046294184,0.5,-0.0005099791200957604,0.09772276878356934,2.266176587861768e-05,0.9999773382341214
google/gemma-3-1b-it,23,0.8846153846153846,causality,analogy,0.75,2643.9300046294184,1.0,0.009129457533099572,0.146584153175354,5.1440786918988124e-05,0.999948559213081
google/gemma-3-1b-it,23,0.8846153846153846,causality,analogy,1.0,2643.9300046294184,1.0,0.018964932501489784,0.19544553756713867,9.169578113077392e-05,0.9999083042188692
google/gemma-3-1b-it,23,0.8846153846153846,causality,analogy,1.25,2643.9300046294184,1.0,0.028925803423139773,0.24430690705776215,0.00014276195341555997,0.9998572380465844
google/gemma-3-1b-it,23,0.8846153846153846,causality,analogy,1.5,2643.9300046294184,1.0,0.038934587573170365,0.293168306350708,0.0002035605102627125,0.9997964394897373
google/gemma-3-1b-it,23,0.8846153846153846,causality,definition,0.25,2119.4567116040794,0.0,-0.006013660246314556,0.03916880860924721,2.776804342907724e-06,0.9999972231956571
google/gemma-3-1b-it,23,0.8846153846153846,causality,definition,0.5,2119.4567116040794,0.3333333333333333,-0.00029544454510999074,0.07833761721849442,1.1097190015796343e-05,0.9999889028099842
google/gemma-3-1b-it,23,0.8846153846153846,causality,definition,0.75,2119.4567116040794,1.0,0.0055833014410238135,0.11750642210245132,2.495853730632991e-05,0.9999750414626937
google/gemma-3-1b-it,23,0.8846153846153846,causality,definition,1.0,2119.4567116040794,1.0,0.01160237447796686,0.15667523443698883,4.440524879778529e-05,0.9999555947512022
google/gemma-3-1b-it,23,0.8846153846153846,causality,definition,1.25,2119.4567116040794,1.0,0.017737889486683756,0.19584403932094574,6.956748406261593e-05,0.9999304325159374
google/gemma-3-1b-it,23,0.8846153846153846,causality,definition,1.5,2119.4567116040794,1.0,0.023962518427357415,0.23501284420490265,0.00010069546747448754,0.9998993045325255
google/gemma-3-1b-it,23,0.8846153846153846,analogy,logic,0.25,1905.7781317129018,0.0,-0.005012290320709711,0.03739704564213753,6.307009837058786e-06,0.9999936929901629
google/gemma-3-1b-it,23,0.8846153846153846,analogy,logic,0.5,1905.7781317129018,0.5,8.94625759753076e-05,0.07479409128427505,2.46208658334357e-05,0.9999753791341666
google/gemma-3-1b-it,23,0.8846153846153846,analogy,logic,0.75,1905.7781317129018,1.0,0.005093473089764156,0.11219113320112228,5.418163758119654e-05,0.9999458183624188
google/gemma-3-1b-it,23,0.8846153846153846,analogy,logic,1.0,1905.7781317129018,1.0,0.009984523464032558,0.1495881825685501,9.44156032557375e-05,0.9999055843967443
google/gemma-3-1b-it,23,0.8846153846153846,analogy,logic,1.25,1905.7781317129018,1.0,0.014749604371130709,0.18698523938655853,0.00014490352415030827,0.9998550964758497
google/gemma-3-1b-it,23,0.8846153846153846,analogy,logic,1.5,1905.7781317129018,1.0,0.01937795158240796,0.22438226640224457,0.0002053386748527286,0.9997946613251473
google/gemma-3-1b-it,23,0.8846153846153846,analogy,causality,0.25,2643.9300046294184,0.0,-0.009394428117115883,0.05188177898526192,5.8601009222281064e-05,0.9999413989907777
google/gemma-3-1b-it,23,0.8846153846153846,analogy,causality,0.5,2643.9300046294184,0.5,0.00030441376382617236,0.10376355797052383,0.0002287803174957359,0.9997712196825043
google/gemma-3-1b-it,23,0.8846153846153846,analogy,causality,0.75,2643.9300046294184,1.0,0.009745199797615234,0.15564535558223724,0.0004985048489012378,0.9995014951510988
google/gemma-3-1b-it,23,0.8846153846153846,analogy,causality,1.0,2643.9300046294184,1.0,0.018874953813472595,0.20752711594104767,0.0008520332191808144,0.9991479667808192
google/gemma-3-1b-it,23,0.8846153846153846,analogy,causality,1.25,2643.9300046294184,1.0,0.02765177020596221,0.2594089210033417,0.0012714412139086528,0.9987285587860913
google/gemma-3-1b-it,23,0.8846153846153846,analogy,causality,1.5,2643.9300046294184,1.0,0.03604477592444055,0.3112907111644745,0.0017381460775747204,0.9982618539224253
google/gemma-3-1b-it,23,0.8846153846153846,analogy,definition,0.25,2094.5466609265263,0.16666666666666666,-0.0070695284419561855,0.04110124707221985,4.027654819427351e-05,0.9999597234518057
google/gemma-3-1b-it,23,0.8846153846153846,analogy,definition,0.5,2094.5466609265263,0.5,-0.00022225794068408966,0.0822024941444397,0.00016076742639337116,0.9998392325736066
google/gemma-3-1b-it,23,0.8846153846153846,analogy,definition,0.75,2094.5466609265263,1.0,0.006633494898039771,0.12330374121665955,0.00035869332467064474,0.9996413066753294
google/gemma-3-1b-it,23,0.8846153846153846,analogy,definition,1.0,2094.5466609265263,1.0,0.013462770634338761,0.1644049882888794,0.0006282806325087487,0.9993717193674913
google/gemma-3-1b-it,23,0.8846153846153846,analogy,definition,1.25,2094.5466609265263,1.0,0.02023120439969872,0.20550622045993805,0.0009609966261600045,0.99903900337384
google/gemma-3-1b-it,23,0.8846153846153846,analogy,definition,1.5,2094.5466609265263,1.0,0.02690588338051214,0.2466074824333191,0.001346002458771034,0.998653997541229
google/gemma-3-1b-it,23,0.8846153846153846,definition,logic,0.25,2191.8239197428543,0.16666666666666666,-0.006663070376433211,0.04282694682478905,5.081132728979032e-05,0.9999491886727102
google/gemma-3-1b-it,23,0.8846153846153846,definition,logic,0.5,2191.8239197428543,0.6666666666666666,0.00015023401186375906,0.0856538936495781,0.00018622164013815112,0.9998137783598618
google/gemma-3-1b-it,23,0.8846153846153846,definition,logic,0.75,2191.8239197428543,0.8333333333333334,0.0068296110576124835,0.12848083674907684,0.0003822586231615466,0.9996177413768385
google/gemma-3-1b-it,23,0.8846153846153846,definition,logic,1.0,2191.8239197428543,0.8333333333333334,0.013347269963404185,0.1713077872991562,0.0006176660731358474,0.9993823339268642
google/gemma-3-1b-it,23,0.8846153846153846,definition,logic,1.25,2191.8239197428543,1.0,0.019679593583903587,0.21413470804691315,0.0008744284696130533,0.999125571530387
google/gemma-3-1b-it,23,0.8846153846153846,definition,logic,1.5,2191.8239197428543,1.0,0.025807291203053473,0.2569616734981537,0.0011379983294054208,0.9988620016705946
google/gemma-3-1b-it,23,0.8846153846153846,definition,causality,0.25,2119.4567116040794,0.0,-0.005578902234459893,0.04141293093562126,7.329091422536571e-06,0.9999926709085775
google/gemma-3-1b-it,23,0.8846153846153846,definition,causality,0.5,2119.4567116040794,0.6666666666666666,0.000304450062520778,0.08282586187124252,2.6325495343426653e-05,0.9999736745046566
google/gemma-3-1b-it,23,0.8846153846153846,definition,causality,0.75,2119.4567116040794,1.0,0.006026773007166253,0.12423878908157349,5.3660021627877086e-05,0.9999463399783721
google/gemma-3-1b-it,23,0.8846153846153846,definition,causality,1.0,2119.4567116040794,1.0,0.011571511688487246,0.16565172374248505,8.737448378026702e-05,0.9999126255162197
google/gemma-3-1b-it,23,0.8846153846153846,definition,causality,1.25,2119.4567116040794,1.0,0.01692584043289691,0.2070646435022354,0.00012662557581533118,0.9998733744241847
google/gemma-3-1b-it,23,0.8846153846153846,definition,causality,1.5,2119.4567116040794,1.0,0.022080467906197665,0.24847757816314697,0.0001714096222000805,0.9998285903777999
google/gemma-3-1b-it,23,0.8846153846153846,definition,analogy,0.25,2094.5466609265263,0.0,-0.006905250104085603,0.04092619940638542,5.482985689941877e-05,0.9999451701431006
google/gemma-3-1b-it,23,0.8846153846153846,definition,analogy,0.5,2094.5466609265263,0.6666666666666666,-0.00010110107050465,0.08185239881277084,0.00020543450095522608,0.9997945654990448
google/gemma-3-1b-it,23,0.8846153846153846,definition,analogy,0.75,2094.5466609265263,0.8333333333333334,0.006699352261891445,0.12277860194444656,0.00043030150379674836,0.9995696984962033
google/gemma-3-1b-it,23,0.8846153846153846,definition,analogy,1.0,2094.5466609265263,0.8333333333333334,0.013462183631585467,0.1637047976255417,0.0007079023185982969,0.9992920976814017
google/gemma-3-1b-it,23,0.8846153846153846,definition,analogy,1.25,2094.5466609265263,1.0,0.02015440579583072,0.2046310156583786,0.0010177606317610666,0.9989822393682389
google/gemma-3-1b-it,23,0.8846153846153846,definition,analogy,1.5,2094.5466609265263,1.0,0.02674475418745148,0.24555720388889313,0.0013413882019577272,0.9986586117980423
google/gemma-3-1b-it,26,1.0,logic,causality,0.25,64.24250338031695,0.0,-0.11103489233211117,0.16246218979358673,0.0028033282504007495,0.9971966717495993
google/gemma-3-1b-it,26,1.0,logic,causality,0.5,64.24250338031695,0.8333333333333334,0.008260207085858062,0.32492437958717346,0.01218072213782595,0.987819277862174
google/gemma-3-1b-it,26,1.0,logic,causality,0.75,64.24250338031695,0.8333333333333334,0.1242724288889141,0.487386554479599,0.026571462204136753,0.9734285377958632
google/gemma-3-1b-it,26,1.0,logic,causality,1.0,64.24250338031695,1.0,0.22906641135682204,0.6498487591743469,0.041671614761395026,0.958328385238605
google/gemma-3-1b-it,26,1.0,logic,causality,1.25,64.24250338031695,1.0,0.3183152215424012,0.8123109936714172,0.053844864896996913,0.9461551351030031
google/gemma-3-1b-it,26,1.0,logic,causality,1.5,64.24250338031695,1.0,0.3912816394059926,0.974773108959198,0.06180558794074831,0.9381944120592517
google/gemma-3-1b-it,26,1.0,logic,analogy,0.25,45.95569827196907,0.0,-0.067807007081509,0.11621689796447754,0.00045135903717252734,0.9995486409628275
google/gemma-3-1b-it,26,1.0,logic,analogy,0.5,45.95569827196907,0.5,-0.0033116446471067595,0.23243379592895508,0.0014978727221952592,0.9985021272778047
google/gemma-3-1b-it,26,1.0,logic,analogy,0.75,45.95569827196907,1.0,0.062346111122920767,0.3486506938934326,0.002576289920308339,0.9974237100796917
google/gemma-3-1b-it,26,1.0,logic,analogy,1.0,45.95569827196907,1.0,0.1263000584934416,0.46486759185791016,0.003248178347424413,0.9967518216525756
google/gemma-3-1b-it,26,1.0,logic,analogy,1.25,45.95569827196907,1.0,0.1859916261729121,0.5810844302177429,0.0034180914510973937,0.9965819085489026
google/gemma-3-1b-it,26,1.0,logic,analogy,1.5,45.95569827196907,1.0,0.23963933320894815,0.6973013877868652,0.0032987270896946974,0.9967012729103053
google/gemma-3-1b-it,26,1.0,logic,definition,0.25,50.34522395349936,0.0,-0.07347266951040088,0.12731750309467316,0.0002224492789242305,0.9997775507210758
google/gemma-3-1b-it,26,1.0,logic,definition,0.5,50.34522395349936,0.5,0.001687225112095625,0.2546350061893463,0.0010595281499341525,0.9989404718500658
google/gemma-3-1b-it,26,1.0,logic,definition,0.75,50.34522395349936,1.0,0.07628650768773071,0.38195255398750305,0.002765185995191155,0.9972348140048088
google/gemma-3-1b-it,26,1.0,logic,definition,1.0,50.34522395349936,1.0,0.14676460709361683,0.5092700123786926,0.00543181366765344,0.9945681863323466
google/gemma-3-1b-it,26,1.0,logic,definition,1.25,50.34522395349936,1.0,0.21050426092231656,0.6365875601768494,0.00887851250372751,0.9911214874962725
google/gemma-3-1b-it,26,1.0,logic,definition,1.5,50.34522395349936,1.0,0.26616268532348253,0.7639051079750061,0.012727626733832542,0.9872723732661675
google/gemma-3-1b-it,26,1.0,causality,logic,0.25,64.24250338031695,0.0,-0.11883989864513156,0.14984257519245148,0.001550509720780524,0.9984494902792195
google/gemma-3-1b-it,26,1.0,causality,logic,0.5,64.24250338031695,0.5,-0.0065326495966593345,0.29968515038490295,0.0065841708394063225,0.9934158291605937
google/gemma-3-1b-it,26,1.0,causality,logic,0.75,64.24250338031695,1.0,0.10840941793236492,0.4495277404785156,0.014650280840089014,0.985349719159911
google/gemma-3-1b-it,26,1.0,causality,logic,1.0,64.24250338031695,1.0,0.21748910074066763,0.5993703007698059,0.02407708832285871,0.9759229116771413
google/gemma-3-1b-it,26,1.0,causality,logic,1.25,64.24250338031695,1.0,0.3140517519270596,0.749212920665741,0.03289036561517711,0.9671096343848229
google/gemma-3-1b-it,26,1.0,causality,logic,1.5,64.24250338031695,1.0,0.3949276515474404,0.8990554809570312,0.03977984360853759,0.9602201563914624
google/gemma-3-1b-it,26,1.0,causality,analogy,0.25,69.6762003843974,0.0,-0.1488084661899488,0.16251641511917114,0.0020436429002910206,0.997956357099709
google/gemma-3-1b-it,26,1.0,causality,analogy,0.5,69.6762003843974,0.5,-0.013495868773432895,0.3250328302383423,0.008820312215188086,0.9911796877848119
google/gemma-3-1b-it,26,1.0,causality,analogy,0.75,69.6762003843974,1.0,0.12733356377195526,0.48754921555519104,0.01956396650451575,0.9804360334954842
google/gemma-3-1b-it,26,1.0,causality,analogy,1.0,69.6762003843974,1.0,0.2608511080289696,0.6500656604766846,0.03139539167104588,0.9686046083289541
google/gemma-3-1b-it,26,1.0,causality,analogy,1.25,69.6762003843974,1.0,0.3769241880396817,0.8125820755958557,0.041189790843529694,0.9588102091564703
google/gemma-3-1b-it,26,1.0,causality,analogy,1.5,69.6762003843974,1.0,0.4712291075923184,0.9750984311103821,0.047409302355248206,0.9525906976447518
google/gemma-3-1b-it,26,1.0,causality,definition,0.25,52.302126872288426,0.0,-0.0750403303993763,0.12199223041534424,0.0005468086930091598,0.9994531913069908
google/gemma-3-1b-it,26,1.0,causality,definition,0.5,52.302126872288426,0.5,-0.002173817187046012,0.24398446083068848,0.0025516958143024793,0.9974483041856975
google/gemma-3-1b-it,26,1.0,causality,definition,0.75,52.302126872288426,1.0,0.07174814220317449,0.3659766614437103,0.00641156573088153,0.9935884342691185
google/gemma-3-1b-it,26,1.0,causality,definition,1.0,52.302126872288426,1.0,0.14323673277472748,0.48796892166137695,0.012078709200322613,0.9879212907996774
google/gemma-3-1b-it,26,1.0,causality,definition,1.25,52.302126872288426,1.0,0.2093125565713574,0.6099610328674316,0.01896566133509059,0.9810343386649094
google/gemma-3-1b-it,26,1.0,causality,definition,1.5,52.302126872288426,1.0,0.2680436815933148,0.7319533228874207,0.02618657162061122,0.9738134283793888
google/gemma-3-1b-it,26,1.0,analogy,logic,0.25,45.95569827196907,0.5,-0.06057701035445284,0.11874813586473465,0.0022631808037230083,0.997736819196277
google/gemma-3-1b-it,26,1.0,analogy,logic,0.5,45.95569827196907,0.5,0.0028573451466337163,0.2374962717294693,0.008808820685334284,0.9911911793146657
google/gemma-3-1b-it,26,1.0,analogy,logic,0.75,45.95569827196907,0.6666666666666666,0.06526664263320403,0.35624441504478455,0.018505119234219713,0.9814948807657803
google/gemma-3-1b-it,26,1.0,analogy,logic,1.0,45.95569827196907,1.0,0.12445527671568013,0.4749925434589386,0.02959879591643566,0.9704012040835643
google/gemma-3-1b-it,26,1.0,analogy,logic,1.25,45.95569827196907,1.0,0.1787630245823001,0.593740701675415,0.040335325344985073,0.9596646746550149
google/gemma-3-1b-it,26,1.0,analogy,logic,1.5,45.95569827196907,1.0,0.22721259591813925,0.7124888300895691,0.04943199142028998,0.95056800857971
google/gemma-3-1b-it,26,1.0,analogy,causality,0.25,69.6762003843974,0.16666666666666666,-0.13137505670883887,0.18004119396209717,0.006347087137130947,0.993652912862869
google/gemma-3-1b-it,26,1.0,analogy,causality,0.5,69.6762003843974,0.5,0.011667466088639777,0.36008238792419434,0.024227495242468033,0.975772504757532
google/gemma-3-1b-it,26,1.0,analogy,causality,0.75,69.6762003843974,0.8333333333333334,0.1494276111546644,0.5401235222816467,0.04712450731557094,0.9528754926844291
google/gemma-3-1b-it,26,1.0,analogy,causality,1.0,69.6762003843974,1.0,0.2714811794996137,0.7201647758483887,0.06704267465063174,0.9329573253493683
google/gemma-3-1b-it,26,1.0,analogy,causality,1.25,69.6762003843974,1.0,0.37273446200690086,0.9002059102058411,0.07967475379626776,0.9203252462037322
google/gemma-3-1b-it,26,1.0,analogy,causality,1.5,69.6762003843974,1.0,0.453136776512174,1.0802470445632935,0.08491834442938828,0.9150816555706117
google/gemma-3-1b-it,26,1.0,analogy,definition,0.25,56.62173336114752,0.16666666666666666,-0.09187228755507748,0.14630883932113647,0.0035113341801941145,0.9964886658198059
google/gemma-3-1b-it,26,1.0,analogy,definition,0.5,56.62173336114752,0.5,0.00476023197980413,0.29261767864227295,0.013706775196241416,0.9862932248037586
google/gemma-3-1b-it,26,1.0,analogy,definition,0.75,56.62173336114752,0.6666666666666666,0.09932611472114483,0.4389265477657318,0.02825291124085827,0.9717470887591417
google/gemma-3-1b-it,26,1.0,analogy,definition,1.0,56.62173336114752,1.0,0.18670256168037214,0.5852353572845459,0.043605648585273826,0.9563943514147262
google/gemma-3-1b-it,26,1.0,analogy,definition,1.25,56.62173336114752,1.0,0.2635701403315902,0.7315441966056824,0.056743587154731934,0.9432564128452681
google/gemma-3-1b-it,26,1.0,analogy,definition,1.5,56.62173336114752,1.0,0.32869104742866917,0.8778530955314636,0.06609976218097324,0.9339002378190268
google/gemma-3-1b-it,26,1.0,definition,logic,0.25,50.34522395349936,0.3333333333333333,-0.061416957411498,0.11826624721288681,0.0021648624045694786,0.9978351375954305
google/gemma-3-1b-it,26,1.0,definition,logic,0.5,50.34522395349936,0.6666666666666666,0.006937912378498834,0.23653249442577362,0.009440465419254807,0.9905595345807452
google/gemma-3-1b-it,26,1.0,definition,logic,0.75,50.34522395349936,0.6666666666666666,0.07468325656145636,0.3547987937927246,0.02191075501486961,0.9780892449851304
google/gemma-3-1b-it,26,1.0,definition,logic,1.0,50.34522395349936,0.8333333333333334,0.13925791983886948,0.47306498885154724,0.03823534947081375,0.9617646505291862
google/gemma-3-1b-it,26,1.0,definition,logic,1.25,50.34522395349936,1.0,0.19874258380808063,0.5913313031196594,0.05629701689660693,0.9437029831033931
google/gemma-3-1b-it,26,1.0,definition,logic,1.5,50.34522395349936,1.0,0.25201110517182324,0.7095975875854492,0.07404300544006692,0.9259569945599331
google/gemma-3-1b-it,26,1.0,definition,causality,0.25,52.302126872288426,0.0,-0.06596477873646711,0.12286323308944702,0.00033451506154358324,0.9996654849384564
google/gemma-3-1b-it,26,1.0,definition,causality,0.5,52.302126872288426,0.5,0.006150938424329455,0.24572646617889404,0.0016811407396981615,0.9983188592603018
google/gemma-3-1b-it,26,1.0,definition,causality,0.75,52.302126872288426,1.0,0.07678494348497189,0.36858972907066345,0.004724005991479152,0.9952759940085208
google/gemma-3-1b-it,26,1.0,definition,causality,1.0,52.302126872288426,1.0,0.14303234763466766,0.4914529323577881,0.009955811375627066,0.9900441886243729
google/gemma-3-1b-it,26,1.0,definition,causality,1.25,52.302126872288426,1.0,0.20291144639353664,0.6143161058425903,0.017283755671740342,0.9827162443282597
google/gemma-3-1b-it,26,1.0,definition,causality,1.5,52.302126872288426,1.0,0.25548949763386675,0.7371794581413269,0.026061425974010843,0.9739385740259892
google/gemma-3-1b-it,26,1.0,definition,analogy,0.25,56.62173336114752,0.16666666666666666,-0.08420206133467356,0.13301044702529907,0.0018517572213512246,0.9981482427786488
google/gemma-3-1b-it,26,1.0,definition,analogy,0.5,56.62173336114752,0.6666666666666666,0.00462445123687405,0.26602089405059814,0.008994117961266479,0.9910058820387335
google/gemma-3-1b-it,26,1.0,definition,analogy,0.75,56.62173336114752,0.8333333333333334,0.09367689042303096,0.3990313708782196,0.02258638066935703,0.977413619330643
google/gemma-3-1b-it,26,1.0,definition,analogy,1.0,56.62173336114752,0.8333333333333334,0.17846549180912352,0.5320417881011963,0.04137777291292155,0.9586222270870784
google/gemma-3-1b-it,26,1.0,definition,analogy,1.25,56.62173336114752,1.0,0.2555948965149628,0.6650522351264954,0.06236473223136163,0.9376352677686384
google/gemma-3-1b-it,26,1.0,definition,analogy,1.5,56.62173336114752,1.0,0.3231796094751778,0.7980627417564392,0.08246086022203347,0.9175391397779665
