model,source_layer,target_layer,CKA,C0,D,R,is_diagonal,direction
Qwen,0,1,0.87857719363912246,0.99375000000000002,0.0062500000000000003,-0.0093749999999999997,false,forward
Qwen,0,2,0.83756266877550445,0.99687499999999996,0.0031250000000000002,-0.025000000000000001,false,forward
Qwen,0,3,0.78738722752770918,0.9375,0.0625,0.0031250000000000002,false,forward
Qwen,0,4,0.78365523065767428,0.70625000000000004,0.29375000000000001,0.090624999999999997,false,forward
Qwen,0,5,0.78578258978108084,0.69062500000000004,0.30937500000000001,0.056250000000000001,false,forward
Qwen,0,6,0.77376798266868674,0.703125,0.296875,-0.012500000000000001,false,forward
Qwen,0,7,0.73614534209528482,0.65312499999999996,0.34687499999999999,0.043749999999999997,false,forward
Qwen,0,8,0.70843905240380445,0.64687499999999998,0.35312500000000002,-0.034375000000000003,false,forward
Qwen,0,9,0.69896671166601598,0.50937500000000002,0.49062499999999998,0.059374999999999997,false,forward
Qwen,0,10,0.70018581146578929,0.45624999999999999,0.54374999999999996,0.037499999999999999,false,forward
Qwen,0,11,0.70740266231971893,0.49687500000000001,0.50312500000000004,-0.0031250000000000002,false,forward
Qwen,0,12,0.70328812793824269,0.45624999999999999,0.54374999999999996,-0.025000000000000001,false,forward
Qwen,0,13,0.69722704569803806,0.50937500000000002,0.49062499999999998,-0.09375,false,forward
Qwen,0,14,0.69428452571529575,0.484375,0.515625,-0.040625000000000001,false,forward
Qwen,0,15,0.66562116971357266,0.609375,0.390625,-0.12812499999999999,false,forward
Qwen,0,16,0.66160043393086732,0.54062500000000002,0.45937499999999998,-0.087499999999999994,false,forward
Qwen,0,17,0.62433955831749954,0.51249999999999996,0.48749999999999999,-0.040625000000000001,false,forward
Qwen,0,18,0.61351222588871634,0.43437500000000001,0.56562500000000004,-0.050000000000000003,false,forward
Qwen,0,19,0.58230007762714553,0.375,0.625,0.081250000000000003,false,forward
Qwen,0,20,0.57512844355796378,0.265625,0.734375,0.15625,false,forward
Qwen,0,21,0.54888740469653452,0.26250000000000001,0.73750000000000004,0.071874999999999994,false,forward
Qwen,0,22,0.537415070233496,0.29375000000000001,0.70625000000000004,0.046875,false,forward
Qwen,0,23,0.5381872743045526,0.25937500000000002,0.74062499999999998,0.1125,false,forward
Qwen,0,24,0.54192873015772181,0.25624999999999998,0.74375000000000002,0.1125,false,forward
Qwen,0,25,0.56277600615520518,0.25312499999999999,0.74687499999999996,0.084375000000000006,false,forward
Qwen,0,26,0.55332741376451466,0.25,0.75,0.059374999999999997,false,forward
Qwen,0,27,0.51975858036070821,0.25,0.75,0.10312499999999999,false,forward
Qwen,1,0,0.87857719363912246,0.97499999999999998,0.025000000000000001,0.025000000000000001,false,backward
Qwen,1,2,0.94704811984123638,1,0,0,false,forward
Qwen,1,3,0.88640955819991918,0.99375000000000002,0.0062500000000000003,0.0031250000000000002,false,forward
Qwen,1,4,0.87487130760880416,0.51249999999999996,0.48749999999999999,0.48749999999999999,false,forward
Qwen,1,5,0.85884605345818821,0.421875,0.578125,0.56874999999999998,false,forward
Qwen,1,6,0.83376300494577049,0.42499999999999999,0.57499999999999996,0.54062500000000002,false,forward
Qwen,1,7,0.81098493254527149,0.41875000000000001,0.58125000000000004,0.47187499999999999,false,forward
Qwen,1,8,0.78776007081185695,0.453125,0.546875,0.40937499999999999,false,forward
Qwen,1,9,0.7669346452284076,0.421875,0.578125,0.38124999999999998,false,forward
Qwen,1,10,0.76596887782774181,0.30937500000000001,0.69062500000000004,0.49062499999999998,false,forward
Qwen,1,11,0.76865647868618703,0.35312500000000002,0.64687499999999998,0.40000000000000002,false,forward
Qwen,1,12,0.76603544232096443,0.30937500000000001,0.69062500000000004,0.37812499999999999,false,forward
Qwen,1,13,0.75438318590374676,0.28437499999999999,0.71562499999999996,0.39687499999999998,false,forward
Qwen,1,14,0.74951190914645027,0.33437499999999998,0.66562500000000002,0.37812499999999999,false,forward
Qwen,1,15,0.72231875251997635,0.40625,0.59375,0.34062500000000001,false,forward
Qwen,1,16,0.72024080673087609,0.390625,0.609375,0.31562499999999999,false,forward
Qwen,1,17,0.67811706449015507,0.49062499999999998,0.50937500000000002,0.25624999999999998,false,forward
Qwen,1,18,0.66751199609889855,0.44374999999999998,0.55625000000000002,0.24687500000000001,false,forward
Qwen,1,19,0.63506086298223186,0.515625,0.484375,0.23125000000000001,false,forward
Qwen,1,20,0.62347590580420964,0.59999999999999998,0.40000000000000002,0.11874999999999999,false,forward
Qwen,1,21,0.59298681422973265,0.46250000000000002,0.53749999999999998,0.1875,false,forward
Qwen,1,22,0.57974510531083778,0.41249999999999998,0.58750000000000002,0.21249999999999999,false,forward
Qwen,1,23,0.58066323369086348,0.40000000000000002,0.59999999999999998,0.14687500000000001,false,forward
Qwen,1,24,0.58262531636624293,0.38750000000000001,0.61250000000000004,0.171875,false,forward
Qwen,1,25,0.60626807619930045,0.375,0.625,0.171875,false,forward
Qwen,1,26,0.59197678507313545,0.359375,0.640625,0.203125,false,forward
Qwen,1,27,0.55010522497086556,0.3125,0.6875,0.19375000000000001,false,forward
Qwen,2,0,0.83756266877550445,0.29062500000000002,0.70937499999999998,0.69687500000000002,false,backward
Qwen,2,1,0.94704811984123638,0.60624999999999996,0.39374999999999999,0.39374999999999999,false,backward
Qwen,2,3,0.94205267543765225,0.99375000000000002,0.0062500000000000003,0.0062500000000000003,false,forward
Qwen,2,4,0.91327981995919727,0.55937499999999996,0.44062499999999999,0.4375,false,forward
Qwen,2,5,0.89769283575795078,0.40625,0.59375,0.59375,false,forward
Qwen,2,6,0.86917380310952541,0.41562500000000002,0.58437499999999998,0.57499999999999996,false,forward
Qwen,2,7,0.85067937253091352,0.36249999999999999,0.63749999999999996,0.61250000000000004,false,forward
Qwen,2,8,0.83062498488314029,0.45624999999999999,0.54374999999999996,0.50312500000000004,false,forward
Qwen,2,9,0.80389169681069772,0.40000000000000002,0.59999999999999998,0.49062499999999998,false,forward
Qwen,2,10,0.80115669833180458,0.34999999999999998,0.65000000000000002,0.46250000000000002,false,forward
Qwen,2,11,0.80458788157959638,0.37187500000000001,0.62812500000000004,0.43125000000000002,false,forward
Qwen,2,12,0.80244080415008812,0.33437499999999998,0.66562500000000002,0.46562500000000001,false,forward
Qwen,2,13,0.79104324944722904,0.33437499999999998,0.66562500000000002,0.48749999999999999,false,forward
Qwen,2,14,0.78818935137367974,0.36249999999999999,0.63749999999999996,0.43437500000000001,false,forward
Qwen,2,15,0.76751632442994944,0.41875000000000001,0.58125000000000004,0.41875000000000001,false,forward
Qwen,2,16,0.76421492505502853,0.41562500000000002,0.58437499999999998,0.40625,false,forward
Qwen,2,17,0.72259455094653746,0.46562500000000001,0.53437500000000004,0.43125000000000002,false,forward
Qwen,2,18,0.70464510005008363,0.49375000000000002,0.50624999999999998,0.36875000000000002,false,forward
Qwen,2,19,0.67237789042095675,0.50937500000000002,0.49062499999999998,0.38124999999999998,false,forward
Qwen,2,20,0.66043733682228323,0.51875000000000004,0.48125000000000001,0.31562499999999999,false,forward
Qwen,2,21,0.63062094283484127,0.40625,0.59375,0.33750000000000002,false,forward
Qwen,2,22,0.61729372922144699,0.33124999999999999,0.66874999999999996,0.39687499999999998,false,forward
Qwen,2,23,0.61801644848648218,0.31562499999999999,0.68437499999999996,0.38437500000000002,false,forward
Qwen,2,24,0.61951540896110879,0.34375,0.65625,0.36562499999999998,false,forward
Qwen,2,25,0.64569239238700438,0.35625000000000001,0.64375000000000004,0.29999999999999999,false,forward
Qwen,2,26,0.63133952309668151,0.35312500000000002,0.64687499999999998,0.31562499999999999,false,forward
Qwen,2,27,0.5794840356675367,0.25,0.75,0.41562500000000002,false,forward
Qwen,3,0,0.78738722752770918,0.34687499999999999,0.65312499999999996,0.64687499999999998,false,backward
Qwen,3,1,0.88640955819991918,0.55000000000000004,0.45000000000000001,0.45000000000000001,false,backward
Qwen,3,2,0.94205267543765225,0.953125,0.046875,0.046875,false,backward
Qwen,3,4,0.97017547241435675,0.99687499999999996,0.0031250000000000002,0.0031250000000000002,false,forward
Qwen,3,5,0.9446053295391158,0.91874999999999996,0.081250000000000003,0.081250000000000003,false,forward
Qwen,3,6,0.90291663072563455,0.80937499999999996,0.19062499999999999,0.19062499999999999,false,forward
Qwen,3,7,0.88855185043349483,0.90000000000000002,0.10000000000000001,0.09375,false,forward
Qwen,3,8,0.87359553187998573,0.91562500000000002,0.084375000000000006,0.074999999999999997,false,forward
Qwen,3,9,0.83979185148619473,0.81874999999999998,0.18124999999999999,0.15625,false,forward
Qwen,3,10,0.83339067579220227,0.63437500000000002,0.36562499999999998,0.30625000000000002,false,forward
Qwen,3,11,0.83917613911568423,0.671875,0.328125,0.26250000000000001,false,forward
Qwen,3,12,0.83666591183173544,0.66562500000000002,0.33437499999999998,0.26874999999999999,false,forward
Qwen,3,13,0.82699073035545656,0.69687500000000002,0.30312499999999998,0.24687500000000001,false,forward
Qwen,3,14,0.82457130233294251,0.79374999999999996,0.20624999999999999,0.13125000000000001,false,forward
Qwen,3,15,0.80909938396468939,0.90312499999999996,0.096875000000000003,0.0625,false,forward
Qwen,3,16,0.80424790751892983,0.94062500000000004,0.059374999999999997,0.040625000000000001,false,forward
Qwen,3,17,0.76533809752760762,0.890625,0.109375,0.087499999999999994,false,forward
Qwen,3,18,0.75268237589804277,0.75937500000000002,0.24062500000000001,0.21875,false,forward
Qwen,3,19,0.72339925876481881,0.69374999999999998,0.30625000000000002,0.26250000000000001,false,forward
Qwen,3,20,0.71167263899318212,0.59687500000000004,0.40312500000000001,0.34999999999999998,false,forward
Qwen,3,21,0.68154170217063292,0.40000000000000002,0.59999999999999998,0.45624999999999999,false,forward
Qwen,3,22,0.66580185833421757,0.328125,0.671875,0.53749999999999998,false,forward
Qwen,3,23,0.66794269781439986,0.30312499999999998,0.69687500000000002,0.57187500000000002,false,forward
Qwen,3,24,0.6684310891976758,0.28437499999999999,0.71562499999999996,0.56562500000000004,false,forward
Qwen,3,25,0.69517769450043254,0.27500000000000002,0.72499999999999998,0.57187500000000002,false,forward
Qwen,3,26,0.67791956774070028,0.25,0.75,0.58750000000000002,false,forward
Qwen,3,27,0.61787638664223654,0.25,0.75,0.52812499999999996,false,forward
Qwen,4,0,0.78365523065767428,0.42812499999999998,0.57187500000000002,0.53749999999999998,false,backward
Qwen,4,1,0.87487130760880416,0.53125,0.46875,0.45937499999999998,false,backward
Qwen,4,2,0.91327981995919727,0.890625,0.109375,0.10625,false,backward
Qwen,4,3,0.97017547241435675,1,0,0,false,backward
Qwen,4,5,0.96264889068302895,1,0,0,false,forward
Qwen,4,6,0.91755051006692012,0.99687499999999996,0.0031250000000000002,0.0031250000000000002,false,forward
Qwen,4,7,0.8941591745470524,1,0,0,false,forward
Qwen,4,8,0.87591954302343722,0.98124999999999996,0.018749999999999999,0.018749999999999999,false,forward
Qwen,4,9,0.83711155048860697,0.984375,0.015625,-0.0062500000000000003,false,forward
Qwen,4,10,0.8262195628060679,0.96875,0.03125,0.021874999999999999,false,forward
Qwen,4,11,0.839175366995073,0.95625000000000004,0.043749999999999997,0.028125000000000001,false,forward
Qwen,4,12,0.83634218648403702,0.92500000000000004,0.074999999999999997,0.037499999999999999,false,forward
Qwen,4,13,0.82792731714485845,0.92812499999999998,0.071874999999999994,0.03125,false,forward
Qwen,4,14,0.82893479707354423,0.93437499999999996,0.065625000000000003,0.015625,false,forward
Qwen,4,15,0.81168266311713466,0.94687500000000002,0.053124999999999999,0.0093749999999999997,false,forward
Qwen,4,16,0.80847335759070571,0.91249999999999998,0.087499999999999994,0.050000000000000003,false,forward
Qwen,4,17,0.7702252634094473,0.97187500000000004,0.028125000000000001,0,false,forward
Qwen,4,18,0.76519004832887949,0.88749999999999996,0.1125,0.09375,false,forward
Qwen,4,19,0.74071587248747128,0.82499999999999996,0.17499999999999999,0.140625,false,forward
Qwen,4,20,0.7269786671377686,0.64375000000000004,0.35625000000000001,0.27812500000000001,false,forward
Qwen,4,21,0.69035033966859471,0.38750000000000001,0.61250000000000004,0.49062499999999998,false,forward
Qwen,4,22,0.66994160856308527,0.28125,0.71875,0.56562500000000004,false,forward
Qwen,4,23,0.67313856376876946,0.27812500000000001,0.72187500000000004,0.546875,false,forward
Qwen,4,24,0.67403262385086526,0.25312499999999999,0.74687499999999996,0.55000000000000004,false,forward
Qwen,4,25,0.70055109086403222,0.25,0.75,0.54062500000000002,false,forward
Qwen,4,26,0.68170587975871366,0.25,0.75,0.50312500000000004,false,forward
Qwen,4,27,0.62703470405803408,0.25,0.75,0.37812499999999999,false,forward
Qwen,5,0,0.78578258978108084,0.29062500000000002,0.70937499999999998,0.67500000000000004,false,backward
Qwen,5,1,0.85884605345818821,0.43125000000000002,0.56874999999999998,0.55937499999999996,false,backward
Qwen,5,2,0.89769283575795078,0.65937500000000004,0.34062500000000001,0.33750000000000002,false,backward
Qwen,5,3,0.9446053295391158,0.97187500000000004,0.028125000000000001,0.028125000000000001,false,backward
Qwen,5,4,0.96264889068302895,1,0,0,false,backward
Qwen,5,6,0.95886613023896539,1,0,0,false,forward
Qwen,5,7,0.93211020233375996,1,0,0,false,forward
Qwen,5,8,0.90551579151566397,1,0,0,false,forward
Qwen,5,9,0.87813012735136309,0.984375,0.015625,0.015625,false,forward
Qwen,5,10,0.87093686091659284,0.98124999999999996,0.018749999999999999,0.018749999999999999,false,forward
Qwen,5,11,0.87911183969315232,0.97187500000000004,0.028125000000000001,0.021874999999999999,false,forward
Qwen,5,12,0.87204787066635592,0.96875,0.03125,0.03125,false,forward
Qwen,5,13,0.86249890408597374,0.97499999999999998,0.025000000000000001,0.018749999999999999,false,forward
Qwen,5,14,0.86280864026784387,0.99062499999999998,0.0093749999999999997,0.0062500000000000003,false,forward
Qwen,5,15,0.84486665337483735,0.99062499999999998,0.0093749999999999997,-0.0093749999999999997,false,forward
Qwen,5,16,0.83795236202957424,0.96875,0.03125,0.025000000000000001,false,forward
Qwen,5,17,0.79646003764011231,0.98124999999999996,0.018749999999999999,0,false,forward
Qwen,5,18,0.78444333116957932,0.96875,0.03125,0.015625,false,forward
Qwen,5,19,0.75437159204362025,0.88124999999999998,0.11874999999999999,0.090624999999999997,false,forward
Qwen,5,20,0.74340537164284237,0.76875000000000004,0.23125000000000001,0.19062499999999999,false,forward
Qwen,5,21,0.70964701538827013,0.54062500000000002,0.45937499999999998,0.36249999999999999,false,forward
Qwen,5,22,0.69180267821688424,0.34375,0.65625,0.546875,false,forward
Qwen,5,23,0.69403289417611247,0.30312499999999998,0.69687500000000002,0.58125000000000004,false,forward
Qwen,5,24,0.69425599728973142,0.265625,0.734375,0.64687499999999998,false,forward
Qwen,5,25,0.72223573758145254,0.25,0.75,0.66249999999999998,false,forward
Qwen,5,26,0.70499786096318484,0.25,0.75,0.63437500000000002,false,forward
Qwen,5,27,0.64235634851842915,0.25,0.75,0.55312499999999998,false,forward
Qwen,6,0,0.77376798266868674,0.25,0.75,0.6875,false,backward
Qwen,6,1,0.83376300494577049,0.25,0.75,0.73124999999999996,false,backward
Qwen,6,2,0.86917380310952541,0.25937500000000002,0.74062499999999998,0.72499999999999998,false,backward
Qwen,6,3,0.90291663072563455,0.875,0.125,0.125,false,backward
Qwen,6,4,0.91755051006692012,0.95937499999999998,0.040625000000000001,0.034375000000000003,false,backward
Qwen,6,5,0.95886613023896539,1,0,0,false,backward
Qwen,6,7,0.94906611448004874,1,0,0,false,forward
Qwen,6,8,0.91985672396776419,1,0,0,false,forward
Qwen,6,9,0.90762514784583692,1,0,0,false,forward
Qwen,6,10,0.90467773450898059,0.99375000000000002,0.0062500000000000003,0.0062500000000000003,false,forward
Qwen,6,11,0.91150383316256534,0.99375000000000002,0.0062500000000000003,0.0062500000000000003,false,forward
Qwen,6,12,0.90650598965074569,0.98750000000000004,0.012500000000000001,0.012500000000000001,false,forward
Qwen,6,13,0.89885683637595981,0.984375,0.015625,0.015625,false,forward
Qwen,6,14,0.89663332322488365,0.98750000000000004,0.012500000000000001,0.012500000000000001,false,forward
Qwen,6,15,0.86980909584092092,0.98750000000000004,0.012500000000000001,0.0031250000000000002,false,forward
Qwen,6,16,0.86710605569129373,0.95625000000000004,0.043749999999999997,0.037499999999999999,false,forward
Qwen,6,17,0.82736160186498531,0.97812500000000002,0.021874999999999999,0.018749999999999999,false,forward
Qwen,6,18,0.81592683530385302,0.94062500000000004,0.059374999999999997,0.053124999999999999,false,forward
Qwen,6,19,0.78448270521885821,0.86250000000000004,0.13750000000000001,0.12812499999999999,false,forward
Qwen,6,20,0.7764769995172206,0.80312499999999998,0.19687499999999999,0.18124999999999999,false,forward
Qwen,6,21,0.74900691566599076,0.48749999999999999,0.51249999999999996,0.49062499999999998,false,forward
Qwen,6,22,0.7332836869171111,0.33437499999999998,0.66562500000000002,0.64375000000000004,false,forward
Qwen,6,23,0.73370854827456644,0.29062500000000002,0.70937499999999998,0.68125000000000002,false,forward
Qwen,6,24,0.73567775875028352,0.25,0.75,0.72187500000000004,false,forward
Qwen,6,25,0.75912010573900202,0.25,0.75,0.72499999999999998,false,forward
Qwen,6,26,0.74591867553345337,0.25,0.75,0.70625000000000004,false,forward
Qwen,6,27,0.68940251169129207,0.25,0.75,0.66562500000000002,false,forward
Qwen,7,0,0.73614534209528482,0.25,0.75,0.62812500000000004,false,backward
Qwen,7,1,0.81098493254527149,0.25,0.75,0.69687500000000002,false,backward
Qwen,7,2,0.85067937253091352,0.25312499999999999,0.74687499999999996,0.734375,false,backward
Qwen,7,3,0.88855185043349483,0.75624999999999998,0.24374999999999999,0.24062500000000001,false,backward
Qwen,7,4,0.8941591745470524,0.91249999999999998,0.087499999999999994,0.087499999999999994,false,backward
Qwen,7,5,0.93211020233375996,0.99687499999999996,0.0031250000000000002,0.0031250000000000002,false,backward
Qwen,7,6,0.94906611448004874,1,0,0,false,backward
Qwen,7,8,0.97874425928190645,1,0,0,false,forward
Qwen,7,9,0.94025966604421862,1,0,0,false,forward
Qwen,7,10,0.92884221700324154,1,0,0,false,forward
Qwen,7,11,0.933674249810729,1,0,0,false,forward
Qwen,7,12,0.93007003261919197,1,0,0,false,forward
Qwen,7,13,0.92049894831962276,1,0,0,false,forward
Qwen,7,14,0.91740929274897043,1,0,0,false,forward
Qwen,7,15,0.90112408783532949,1,0,0,false,forward
Qwen,7,16,0.89348614707022367,1,0,0,false,forward
Qwen,7,17,0.85168708197275722,0.99687499999999996,0.0031250000000000002,0.0031250000000000002,false,forward
Qwen,7,18,0.83485062501807306,0.99687499999999996,0.0031250000000000002,0,false,forward
Qwen,7,19,0.80729932394932657,0.984375,0.015625,0.0093749999999999997,false,forward
Qwen,7,20,0.79632859385196586,0.98124999999999996,0.018749999999999999,0.0062500000000000003,false,forward
Qwen,7,21,0.76805511875984567,0.97187500000000004,0.028125000000000001,0.018749999999999999,false,forward
Qwen,7,22,0.74994498805647936,0.94999999999999996,0.050000000000000003,0.028125000000000001,false,forward
Qwen,7,23,0.75208043573331407,0.921875,0.078125,0.040625000000000001,false,forward
Qwen,7,24,0.74966198791295591,0.77500000000000002,0.22500000000000001,0.1875,false,forward
Qwen,7,25,0.7758548731711169,0.39374999999999999,0.60624999999999996,0.58125000000000004,false,forward
Qwen,7,26,0.75532457254712704,0.26874999999999999,0.73124999999999996,0.69687500000000002,false,forward
Qwen,7,27,0.68220254237077727,0.44687500000000002,0.55312499999999998,0.50312500000000004,false,forward
Qwen,8,0,0.70843905240380445,0.25,0.75,0.57499999999999996,false,backward
Qwen,8,1,0.78776007081185695,0.39374999999999999,0.60624999999999996,0.55625000000000002,false,backward
Qwen,8,2,0.83062498488314029,0.58750000000000002,0.41249999999999998,0.38124999999999998,false,backward
Qwen,8,3,0.87359553187998573,0.83437499999999998,0.16562499999999999,0.16562499999999999,false,backward
Qwen,8,4,0.87591954302343722,0.94374999999999998,0.056250000000000001,0.056250000000000001,false,backward
Qwen,8,5,0.90551579151566397,1,0,0,false,backward
Qwen,8,6,0.91985672396776419,1,0,0,false,backward
Qwen,8,7,0.97874425928190645,1,0,0,false,backward
Qwen,8,9,0.95842515638651882,1,0,0,false,forward
Qwen,8,10,0.94100077450058128,1,0,0,false,forward
Qwen,8,11,0.94690501681830086,1,0,0,false,forward
Qwen,8,12,0.9426241296006389,1,0,0,false,forward
Qwen,8,13,0.93436836625547137,1,0,0,false,forward
Qwen,8,14,0.93165463088303835,0.99687499999999996,0.0031250000000000002,0.0031250000000000002,false,forward
Qwen,8,15,0.92365389225922001,1,0,0,false,forward
Qwen,8,16,0.91671848357011565,1,0,0,false,forward
Qwen,8,17,0.88272832429891745,1,0,0,false,forward
Qwen,8,18,0.8630801525784173,0.99687499999999996,0.0031250000000000002,0.0031250000000000002,false,forward
Qwen,8,19,0.84167360271382241,0.97812500000000002,0.021874999999999999,0.021874999999999999,false,forward
Qwen,8,20,0.83034379058636942,0.97187500000000004,0.028125000000000001,0.028125000000000001,false,forward
Qwen,8,21,0.80650016926846579,0.98124999999999996,0.018749999999999999,0.015625,false,forward
Qwen,8,22,0.78860966181041448,0.93437499999999996,0.065625000000000003,0.065625000000000003,false,forward
Qwen,8,23,0.79086719133467231,0.93437499999999996,0.065625000000000003,0.0625,false,forward
Qwen,8,24,0.78573446620630116,0.9375,0.0625,0.056250000000000001,false,forward
Qwen,8,25,0.80963879423608942,0.90937500000000004,0.090624999999999997,0.078125,false,forward
Qwen,8,26,0.78797250053683265,0.83750000000000002,0.16250000000000001,0.13437499999999999,false,forward
Qwen,8,27,0.70292579282269319,0.62812500000000004,0.37187500000000001,0.31562499999999999,false,forward
Qwen,9,0,0.69896671166601598,0.46875,0.53125,0.19375000000000001,false,backward
Qwen,9,1,0.7669346452284076,0.625,0.375,0.21562500000000001,false,backward
Qwen,9,2,0.80389169681069772,0.69062500000000004,0.30937500000000001,0.24687500000000001,false,backward
Qwen,9,3,0.83979185148619473,0.80625000000000002,0.19375000000000001,0.1875,false,backward
Qwen,9,4,0.83711155048860697,0.80000000000000004,0.20000000000000001,0.19375000000000001,false,backward
Qwen,9,5,0.87813012735136309,0.97499999999999998,0.025000000000000001,0.021874999999999999,false,backward
Qwen,9,6,0.90762514784583692,0.99687499999999996,0.0031250000000000002,0.0031250000000000002,false,backward
Qwen,9,7,0.94025966604421862,1,0,0,false,backward
Qwen,9,8,0.95842515638651882,1,0,0,false,backward
Qwen,9,10,0.98591794613861472,1,0,0,false,forward
Qwen,9,11,0.98115942057900596,1,0,0,false,forward
Qwen,9,12,0.97375585100491313,1,0,0,false,forward
Qwen,9,13,0.9651166726471182,1,0,0,false,forward
Qwen,9,14,0.95636468580408607,1,0,0,false,forward
Qwen,9,15,0.9392024135284901,1,0,0,false,forward
Qwen,9,16,0.93433888968970524,1,0,0,false,forward
Qwen,9,17,0.9020958677883717,1,0,0,false,forward
Qwen,9,18,0.88934814052050604,0.99375000000000002,0.0062500000000000003,0.0062500000000000003,false,forward
Qwen,9,19,0.85812523037381938,0.97499999999999998,0.025000000000000001,0.025000000000000001,false,forward
Qwen,9,20,0.85321859115626053,0.93437499999999996,0.065625000000000003,0.065625000000000003,false,forward
Qwen,9,21,0.84141767573589221,0.90937500000000004,0.090624999999999997,0.090624999999999997,false,forward
Qwen,9,22,0.82826757870844392,0.82499999999999996,0.17499999999999999,0.17499999999999999,false,forward
Qwen,9,23,0.82795742781529647,0.72499999999999998,0.27500000000000002,0.27500000000000002,false,forward
Qwen,9,24,0.82462955922627024,0.62812500000000004,0.37187500000000001,0.37187500000000001,false,forward
Qwen,9,25,0.8421728938409927,0.55937499999999996,0.44062499999999999,0.42499999999999999,false,forward
Qwen,9,26,0.8252671636593899,0.50312500000000004,0.49687500000000001,0.47499999999999998,false,forward
Qwen,9,27,0.7453797120557728,0.50312500000000004,0.49687500000000001,0.46875,false,forward
Qwen,10,0,0.70018581146578929,0.25,0.75,0.40625,false,backward
Qwen,10,1,0.76596887782774181,0.41875000000000001,0.58125000000000004,0.43125000000000002,false,backward
Qwen,10,2,0.80115669833180458,0.65312499999999996,0.34687499999999999,0.26874999999999999,false,backward
Qwen,10,3,0.83339067579220227,0.76249999999999996,0.23749999999999999,0.22500000000000001,false,backward
Qwen,10,4,0.8262195628060679,0.71250000000000002,0.28749999999999998,0.27187499999999998,false,backward
Qwen,10,5,0.87093686091659284,0.90937500000000004,0.090624999999999997,0.090624999999999997,false,backward
Qwen,10,6,0.90467773450898059,0.97812500000000002,0.021874999999999999,0.021874999999999999,false,backward
Qwen,10,7,0.92884221700324154,1,0,0,false,backward
Qwen,10,8,0.94100077450058128,1,0,0,false,backward
Qwen,10,9,0.98591794613861472,1,0,0,false,backward
Qwen,10,11,0.99006706069376682,1,0,0,false,forward
Qwen,10,12,0.98036108592900184,1,0,0,false,forward
Qwen,10,13,0.97109956458316127,1,0,0,false,forward
Qwen,10,14,0.96017938289284732,1,0,0,false,forward
Qwen,10,15,0.93751221739118618,1,0,0,false,forward
Qwen,10,16,0.93229831806253616,1,0,0,false,forward
Qwen,10,17,0.89584053988031442,1,0,0,false,forward
Qwen,10,18,0.88298282347662771,0.99375000000000002,0.0062500000000000003,0.0062500000000000003,false,forward
Qwen,10,19,0.84591791265577021,0.96562499999999996,0.034375000000000003,0.034375000000000003,false,forward
Qwen,10,20,0.84346257715985684,0.90937500000000004,0.090624999999999997,0.090624999999999997,false,forward
Qwen,10,21,0.83429961854302015,0.88124999999999998,0.11874999999999999,0.11874999999999999,false,forward
Qwen,10,22,0.82521555145536651,0.76249999999999996,0.23749999999999999,0.234375,false,forward
Qwen,10,23,0.82401733824926282,0.703125,0.296875,0.296875,false,forward
Qwen,10,24,0.8214196814143413,0.64687499999999998,0.35312500000000002,0.34999999999999998,false,forward
Qwen,10,25,0.83874365964068021,0.640625,0.359375,0.35625000000000001,false,forward
Qwen,10,26,0.82443884525165878,0.66249999999999998,0.33750000000000002,0.33437499999999998,false,forward
Qwen,10,27,0.74976366296258923,0.703125,0.296875,0.28125,false,forward
Qwen,11,0,0.70740266231971893,0.25,0.75,0.40312500000000001,false,backward
Qwen,11,1,0.76865647868618703,0.47499999999999998,0.52500000000000002,0.34687499999999999,false,backward
Qwen,11,2,0.80458788157959638,0.546875,0.453125,0.390625,false,backward
Qwen,11,3,0.83917613911568423,0.83437499999999998,0.16562499999999999,0.15312500000000001,false,backward
Qwen,11,4,0.839175366995073,0.6875,0.3125,0.29375000000000001,false,backward
Qwen,11,5,0.87911183969315232,0.91249999999999998,0.087499999999999994,0.087499999999999994,false,backward
Qwen,11,6,0.91150383316256534,0.99062499999999998,0.0093749999999999997,0.0093749999999999997,false,backward
Qwen,11,7,0.933674249810729,1,0,0,false,backward
Qwen,11,8,0.94690501681830086,1,0,0,false,backward
Qwen,11,9,0.98115942057900596,1,0,0,false,backward
Qwen,11,10,0.99006706069376682,1,0,0,false,backward
Qwen,11,12,0.99168048400087117,1,0,0,false,forward
Qwen,11,13,0.98486105754929087,1,0,0,false,forward
Qwen,11,14,0.97662138831984513,1,0,0,false,forward
Qwen,11,15,0.95625616740465214,1,0,0,false,forward
Qwen,11,16,0.95246825984401473,1,0,0,false,forward
Qwen,11,17,0.91929795838980766,1,0,0,false,forward
Qwen,11,18,0.9066530404220976,0.99062499999999998,0.0093749999999999997,0.0093749999999999997,false,forward
Qwen,11,19,0.87453023386461637,0.953125,0.046875,0.046875,false,forward
Qwen,11,20,0.87042280086461243,0.88749999999999996,0.1125,0.1125,false,forward
Qwen,11,21,0.85786502774686657,0.78125,0.21875,0.21875,false,forward
Qwen,11,22,0.84608010068583661,0.65625,0.34375,0.34375,false,forward
Qwen,11,23,0.84546560294514617,0.59999999999999998,0.40000000000000002,0.40000000000000002,false,forward
Qwen,11,24,0.84232585769302437,0.55937499999999996,0.44062499999999999,0.4375,false,forward
Qwen,11,25,0.85936950445693361,0.55937499999999996,0.44062499999999999,0.4375,false,forward
Qwen,11,26,0.84348990197437634,0.55312499999999998,0.44687500000000002,0.42499999999999999,false,forward
Qwen,11,27,0.7664105649307662,0.515625,0.484375,0.45000000000000001,false,forward
Qwen,12,0,0.70328812793824269,0.34062500000000001,0.65937500000000004,0.30625000000000002,false,backward
Qwen,12,1,0.76603544232096443,0.35625000000000001,0.64375000000000004,0.45937499999999998,false,backward
Qwen,12,2,0.80244080415008812,0.609375,0.390625,0.30937500000000001,false,backward
Qwen,12,3,0.83666591183173544,0.86875000000000002,0.13125000000000001,0.11874999999999999,false,backward
Qwen,12,4,0.83634218648403702,0.74375000000000002,0.25624999999999998,0.21875,false,backward
Qwen,12,5,0.87204787066635592,0.953125,0.046875,0.043749999999999997,false,backward
Qwen,12,6,0.90650598965074569,0.99062499999999998,0.0093749999999999997,0.0093749999999999997,false,backward
Qwen,12,7,0.93007003261919197,1,0,0,false,backward
Qwen,12,8,0.9426241296006389,1,0,0,false,backward
Qwen,12,9,0.97375585100491313,1,0,0,false,backward
Qwen,12,10,0.98036108592900184,1,0,0,false,backward
Qwen,12,11,0.99168048400087117,1,0,0,false,backward
Qwen,12,13,0.9946580457941373,1,0,0,false,forward
Qwen,12,14,0.98636959160909754,1,0,0,false,forward
Qwen,12,15,0.96750358899116318,1,0,0,false,forward
Qwen,12,16,0.96359691845003126,1,0,0,false,forward
Qwen,12,17,0.93090807679844556,1,0,0,false,forward
Qwen,12,18,0.91937519699776238,0.99375000000000002,0.0062500000000000003,0.0062500000000000003,false,forward
Qwen,12,19,0.8887178048248161,0.984375,0.015625,0.015625,false,forward
Qwen,12,20,0.88372779358700126,0.97187500000000004,0.028125000000000001,0.028125000000000001,false,forward
Qwen,12,21,0.87041454215131808,0.86562499999999998,0.13437499999999999,0.13437499999999999,false,forward
Qwen,12,22,0.8573034878206427,0.72187500000000004,0.27812500000000001,0.27500000000000002,false,forward
Qwen,12,23,0.85696281091425497,0.6875,0.3125,0.3125,false,forward
Qwen,12,24,0.85447690522802178,0.640625,0.359375,0.35625000000000001,false,forward
Qwen,12,25,0.86885795805575738,0.60312500000000002,0.39687499999999998,0.390625,false,forward
Qwen,12,26,0.85311862138576477,0.58125000000000004,0.41875000000000001,0.40000000000000002,false,forward
Qwen,12,27,0.78157265759457561,0.70937499999999998,0.29062500000000002,0.27500000000000002,false,forward
Qwen,13,0,0.69722704569803806,0.25,0.75,0.40625,false,backward
Qwen,13,1,0.75438318590374676,0.51249999999999996,0.48749999999999999,0.28437499999999999,false,backward
Qwen,13,2,0.79104324944722904,0.77812499999999996,0.22187499999999999,0.14687500000000001,false,backward
Qwen,13,3,0.82699073035545656,0.765625,0.234375,0.22500000000000001,false,backward
Qwen,13,4,0.82792731714485845,0.9375,0.0625,0.025000000000000001,false,backward
Qwen,13,5,0.86249890408597374,0.99375000000000002,0.0062500000000000003,0.0031250000000000002,false,backward
Qwen,13,6,0.89885683637595981,0.99687499999999996,0.0031250000000000002,0.0031250000000000002,false,backward
Qwen,13,7,0.92049894831962276,1,0,0,false,backward
Qwen,13,8,0.93436836625547137,1,0,0,false,backward
Qwen,13,9,0.9651166726471182,1,0,0,false,backward
Qwen,13,10,0.97109956458316127,1,0,0,false,backward
Qwen,13,11,0.98486105754929087,1,0,0,false,backward
Qwen,13,12,0.9946580457941373,1,0,0,false,backward
Qwen,13,14,0.99380027390438119,1,0,0,false,forward
Qwen,13,15,0.97456794541616032,1,0,0,false,forward
Qwen,13,16,0.97089696715396723,1,0,0,false,forward
Qwen,13,17,0.9413234459147809,1,0,0,false,forward
Qwen,13,18,0.93082536821289519,1,0,0,false,forward
Qwen,13,19,0.90348154624657162,0.98124999999999996,0.018749999999999999,0.018749999999999999,false,forward
Qwen,13,20,0.89896117797786113,0.96562499999999996,0.034375000000000003,0.034375000000000003,false,forward
Qwen,13,21,0.88570352724830803,0.84375,0.15625,0.15625,false,forward
Qwen,13,22,0.87254488972537525,0.66562500000000002,0.33437499999999998,0.33437499999999998,false,forward
Qwen,13,23,0.87264373578997056,0.640625,0.359375,0.359375,false,forward
Qwen,13,24,0.87067456908207919,0.58750000000000002,0.41249999999999998,0.40625,false,forward
Qwen,13,25,0.88276363070173958,0.54374999999999996,0.45624999999999999,0.44687500000000002,false,forward
Qwen,13,26,0.86818812461250694,0.47499999999999998,0.52500000000000002,0.515625,false,forward
Qwen,13,27,0.80058652451746626,0.72499999999999998,0.27500000000000002,0.26874999999999999,false,forward
Qwen,14,0,0.69428452571529575,0.25,0.75,0.43125000000000002,false,backward
Qwen,14,1,0.74951190914645027,0.34687499999999999,0.65312499999999996,0.48125000000000001,false,backward
Qwen,14,2,0.78818935137367974,0.69999999999999996,0.29999999999999999,0.22812499999999999,false,backward
Qwen,14,3,0.82457130233294251,0.72499999999999998,0.27500000000000002,0.25937500000000002,false,backward
Qwen,14,4,0.82893479707354423,0.8125,0.1875,0.15937499999999999,false,backward
Qwen,14,5,0.86280864026784387,0.98750000000000004,0.012500000000000001,0.0062500000000000003,false,backward
Qwen,14,6,0.89663332322488365,0.984375,0.015625,0.015625,false,backward
Qwen,14,7,0.91740929274897043,0.99687499999999996,0.0031250000000000002,0,false,backward
Qwen,14,8,0.93165463088303835,1,0,0,false,backward
Qwen,14,9,0.95636468580408607,1,0,0,false,backward
Qwen,14,10,0.96017938289284732,1,0,0,false,backward
Qwen,14,11,0.97662138831984513,1,0,0,false,backward
Qwen,14,12,0.98636959160909754,1,0,0,false,backward
Qwen,14,13,0.99380027390438119,1,0,0,false,backward
Qwen,14,15,0.98222272799581656,1,0,0,false,forward
Qwen,14,16,0.97785065568006613,1,0,0,false,forward
Qwen,14,17,0.95001867685877295,1,0,0,false,forward
Qwen,14,18,0.93918036541364103,1,0,0,false,forward
Qwen,14,19,0.9148710166409072,0.99687499999999996,0.0031250000000000002,0.0031250000000000002,false,forward
Qwen,14,20,0.90977261092739869,0.984375,0.015625,0.015625,false,forward
Qwen,14,21,0.89372347183254353,0.88749999999999996,0.1125,0.1125,false,forward
Qwen,14,22,0.87907801081629799,0.71250000000000002,0.28749999999999998,0.28749999999999998,false,forward
Qwen,14,23,0.8794816316891384,0.63749999999999996,0.36249999999999999,0.36249999999999999,false,forward
Qwen,14,24,0.87763117645405497,0.57187500000000002,0.42812499999999998,0.42812499999999998,false,forward
Qwen,14,25,0.88972899721729104,0.53749999999999998,0.46250000000000002,0.46250000000000002,false,forward
Qwen,14,26,0.87551428368631234,0.53437500000000004,0.46562500000000001,0.45937499999999998,false,forward
Qwen,14,27,0.80797195197518235,0.65625,0.34375,0.33750000000000002,false,forward
Qwen,15,0,0.66562116971357266,0.25,0.75,0.39687499999999998,false,backward
Qwen,15,1,0.72231875251997635,0.5,0.5,0.29062500000000002,false,backward
Qwen,15,2,0.76751632442994944,0.47812500000000002,0.52187499999999998,0.45937499999999998,false,backward
Qwen,15,3,0.80909938396468939,0.72499999999999998,0.27500000000000002,0.25,false,backward
Qwen,15,4,0.81168266311713466,0.70625000000000004,0.29375000000000001,0.25,false,backward
Qwen,15,5,0.84486665337483735,0.95625000000000004,0.043749999999999997,0.037499999999999999,false,backward
Qwen,15,6,0.86980909584092092,0.94687500000000002,0.053124999999999999,0.050000000000000003,false,backward
Qwen,15,7,0.90112408783532949,0.99375000000000002,0.0062500000000000003,0.0062500000000000003,false,backward
Qwen,15,8,0.92365389225922001,0.99687499999999996,0.0031250000000000002,0.0031250000000000002,false,backward
Qwen,15,9,0.9392024135284901,1,0,0,false,backward
Qwen,15,10,0.93751221739118618,1,0,0,false,backward
Qwen,15,11,0.95625616740465214,1,0,0,false,backward
Qwen,15,12,0.96750358899116318,1,0,0,false,backward
Qwen,15,13,0.97456794541616032,1,0,0,false,backward
Qwen,15,14,0.98222272799581656,1,0,0,false,backward
Qwen,15,16,0.99424046774531782,1,0,0,false,forward
Qwen,15,17,0.97605350044567363,1,0,0,false,forward
Qwen,15,18,0.96272279245664893,1,0,0,false,forward
Qwen,15,19,0.94451759161203075,1,0,0,false,forward
Qwen,15,20,0.93889880112682578,1,0,0,false,forward
Qwen,15,21,0.92441877536566541,0.99062499999999998,0.0093749999999999997,0.0093749999999999997,false,forward
Qwen,15,22,0.90951868042770467,0.953125,0.046875,0.046875,false,forward
Qwen,15,23,0.91015261102653189,0.859375,0.140625,0.140625,false,forward
Qwen,15,24,0.90643164131111287,0.73124999999999996,0.26874999999999999,0.26874999999999999,false,forward
Qwen,15,25,0.91619624491266283,0.65312499999999996,0.34687499999999999,0.34687499999999999,false,forward
Qwen,15,26,0.90062166202890226,0.63749999999999996,0.36249999999999999,0.36249999999999999,false,forward
Qwen,15,27,0.82729698913753513,0.625,0.375,0.37187500000000001,false,forward
Qwen,16,0,0.66160043393086732,0.25,0.75,0.375,false,backward
Qwen,16,1,0.72024080673087609,0.5625,0.4375,0.20624999999999999,false,backward
Qwen,16,2,0.76421492505502853,0.81562500000000004,0.18437500000000001,0.140625,false,backward
Qwen,16,3,0.80424790751892983,0.82187500000000002,0.17812500000000001,0.15937499999999999,false,backward
Qwen,16,4,0.80847335759070571,0.78749999999999998,0.21249999999999999,0.19062499999999999,false,backward
Qwen,16,5,0.83795236202957424,0.95937499999999998,0.040625000000000001,0.03125,false,backward
Qwen,16,6,0.86710605569129373,0.96875,0.03125,0.028125000000000001,false,backward
Qwen,16,7,0.89348614707022367,0.99375000000000002,0.0062500000000000003,0.0062500000000000003,false,backward
Qwen,16,8,0.91671848357011565,0.99687499999999996,0.0031250000000000002,0.0031250000000000002,false,backward
Qwen,16,9,0.93433888968970524,1,0,0,false,backward
Qwen,16,10,0.93229831806253616,1,0,0,false,backward
Qwen,16,11,0.95246825984401473,1,0,0,false,backward
Qwen,16,12,0.96359691845003126,1,0,0,false,backward
Qwen,16,13,0.97089696715396723,1,0,0,false,backward
Qwen,16,14,0.97785065568006613,1,0,0,false,backward
Qwen,16,15,0.99424046774531782,1,0,0,false,backward
Qwen,16,17,0.98528370967970524,1,0,0,false,forward
Qwen,16,18,0.97410705078835613,1,0,0,false,forward
Qwen,16,19,0.95850280391100984,1,0,0,false,forward
Qwen,16,20,0.95261644577867932,1,0,0,false,forward
Qwen,16,21,0.93869180677786646,0.99375000000000002,0.0062500000000000003,0.0062500000000000003,false,forward
Qwen,16,22,0.92427272913141134,0.98124999999999996,0.018749999999999999,0.018749999999999999,false,forward
Qwen,16,23,0.92446953364993545,0.94687500000000002,0.053124999999999999,0.053124999999999999,false,forward
Qwen,16,24,0.92092802956500597,0.80625000000000002,0.19375000000000001,0.19375000000000001,false,forward
Qwen,16,25,0.92880431318403311,0.71875,0.28125,0.28125,false,forward
Qwen,16,26,0.91405228153079998,0.71250000000000002,0.28749999999999998,0.28437499999999999,false,forward
Qwen,16,27,0.84572964324564159,0.74687499999999996,0.25312499999999999,0.25,false,forward
Qwen,17,0,0.62433955831749954,0.28437499999999999,0.71562499999999996,0.35625000000000001,false,backward
Qwen,17,1,0.67811706449015507,0.34999999999999998,0.65000000000000002,0.39687499999999998,false,backward
Qwen,17,2,0.72259455094653746,0.484375,0.515625,0.44374999999999998,false,backward
Qwen,17,3,0.76533809752760762,0.609375,0.390625,0.36875000000000002,false,backward
Qwen,17,4,0.7702252634094473,0.52812499999999996,0.47187499999999999,0.43437500000000001,false,backward
Qwen,17,5,0.79646003764011231,0.75624999999999998,0.24374999999999999,0.234375,false,backward
Qwen,17,6,0.82736160186498531,0.89375000000000004,0.10625,0.10312499999999999,false,backward
Qwen,17,7,0.85168708197275722,0.98124999999999996,0.018749999999999999,0.018749999999999999,false,backward
Qwen,17,8,0.88272832429891745,1,0,0,false,backward
Qwen,17,9,0.9020958677883717,0.99687499999999996,0.0031250000000000002,0.0031250000000000002,false,backward
Qwen,17,10,0.89584053988031442,0.99687499999999996,0.0031250000000000002,0.0031250000000000002,false,backward
Qwen,17,11,0.91929795838980766,1,0,0,false,backward
Qwen,17,12,0.93090807679844556,1,0,0,false,backward
Qwen,17,13,0.9413234459147809,1,0,0,false,backward
Qwen,17,14,0.95001867685877295,1,0,0,false,backward
Qwen,17,15,0.97605350044567363,1,0,0,false,backward
Qwen,17,16,0.98528370967970524,1,0,0,false,backward
Qwen,17,18,0.9898780929404436,1,0,0,false,forward
Qwen,17,19,0.98134391067006665,1,0,0,false,forward
Qwen,17,20,0.97730327803208594,1,0,0,false,forward
Qwen,17,21,0.96937442589061695,1,0,0,false,forward
Qwen,17,22,0.9572968424303161,1,0,0,false,forward
Qwen,17,23,0.95651330944106916,1,0,0,false,forward
Qwen,17,24,0.95237468324791164,1,0,0,false,forward
Qwen,17,25,0.95643310743893484,1,0,0,false,forward
Qwen,17,26,0.94263934469920974,0.99375000000000002,0.0062500000000000003,0.0062500000000000003,false,forward
Qwen,17,27,0.87480325216553212,0.98124999999999996,0.018749999999999999,0.015625,false,forward
Qwen,18,0,0.61351222588871634,0.46875,0.53125,0.11562500000000001,false,backward
Qwen,18,1,0.66751199609889855,0.40000000000000002,0.59999999999999998,0.28437499999999999,false,backward
Qwen,18,2,0.70464510005008363,0.75,0.25,0.15937499999999999,false,backward
Qwen,18,3,0.75268237589804277,0.77187499999999998,0.22812499999999999,0.19062499999999999,false,backward
Qwen,18,4,0.76519004832887949,0.72187500000000004,0.27812500000000001,0.234375,false,backward
Qwen,18,5,0.78444333116957932,0.86562499999999998,0.13437499999999999,0.11874999999999999,false,backward
Qwen,18,6,0.81592683530385302,0.93437499999999996,0.065625000000000003,0.0625,false,backward
Qwen,18,7,0.83485062501807306,0.99062499999999998,0.0093749999999999997,0.0093749999999999997,false,backward
Qwen,18,8,0.8630801525784173,0.99375000000000002,0.0062500000000000003,0.0062500000000000003,false,backward
Qwen,18,9,0.88934814052050604,1,0,0,false,backward
Qwen,18,10,0.88298282347662771,0.99687499999999996,0.0031250000000000002,0.0031250000000000002,false,backward
Qwen,18,11,0.9066530404220976,1,0,0,false,backward
Qwen,18,12,0.91937519699776238,1,0,0,false,backward
Qwen,18,13,0.93082536821289519,1,0,0,false,backward
Qwen,18,14,0.93918036541364103,1,0,0,false,backward
Qwen,18,15,0.96272279245664893,1,0,0,false,backward
Qwen,18,16,0.97410705078835613,1,0,0,false,backward
Qwen,18,17,0.9898780929404436,1,0,0,false,backward
Qwen,18,19,0.99158500544895667,1,0,0,false,forward
Qwen,18,20,0.98950614016849503,1,0,0,false,forward
Qwen,18,21,0.98006366699572389,1,0,0,false,forward
Qwen,18,22,0.96741041903017377,1,0,0,false,forward
Qwen,18,23,0.96700771970579957,0.99687499999999996,0.0031250000000000002,0.0031250000000000002,false,forward
Qwen,18,24,0.96538690805060512,0.98750000000000004,0.012500000000000001,0.012500000000000001,false,forward
Qwen,18,25,0.9662478048150972,0.9375,0.0625,0.0625,false,forward
Qwen,18,26,0.95327622354076247,0.84687500000000004,0.15312500000000001,0.15312500000000001,false,forward
Qwen,18,27,0.90122810739129677,0.82499999999999996,0.17499999999999999,0.17499999999999999,false,forward
Qwen,19,0,0.58230007762714553,0.296875,0.703125,0.31562499999999999,false,backward
Qwen,19,1,0.63506086298223186,0.48125000000000001,0.51875000000000004,0.14374999999999999,false,backward
Qwen,19,2,0.67237789042095675,0.69062500000000004,0.30937500000000001,0.16875000000000001,false,backward
Qwen,19,3,0.72339925876481881,0.84062499999999996,0.15937499999999999,0.121875,false,backward
Qwen,19,4,0.74071587248747128,0.75624999999999998,0.24374999999999999,0.17812500000000001,false,backward
Qwen,19,5,0.75437159204362025,0.921875,0.078125,0.068750000000000006,false,backward
Qwen,19,6,0.78448270521885821,0.95937499999999998,0.040625000000000001,0.037499999999999999,false,backward
Qwen,19,7,0.80729932394932657,0.99687499999999996,0.0031250000000000002,0.0031250000000000002,false,backward
Qwen,19,8,0.84167360271382241,1,0,0,false,backward
Qwen,19,9,0.85812523037381938,1,0,0,false,backward
Qwen,19,10,0.84591791265577021,1,0,0,false,backward
Qwen,19,11,0.87453023386461637,1,0,0,false,backward
Qwen,19,12,0.8887178048248161,0.99687499999999996,0.0031250000000000002,0.0031250000000000002,false,backward
Qwen,19,13,0.90348154624657162,0.99687499999999996,0.0031250000000000002,0.0031250000000000002,false,backward
Qwen,19,14,0.9148710166409072,1,0,0,false,backward
Qwen,19,15,0.94451759161203075,1,0,0,false,backward
Qwen,19,16,0.95850280391100984,1,0,0,false,backward
Qwen,19,17,0.98134391067006665,1,0,0,false,backward
Qwen,19,18,0.99158500544895667,1,0,0,false,backward
Qwen,19,20,0.99616748410774991,1,0,0,false,forward
Qwen,19,21,0.9848754534695523,1,0,0,false,forward
Qwen,19,22,0.9699438523501841,1,0,0,false,forward
Qwen,19,23,0.97061724690683893,0.99375000000000002,0.0062500000000000003,0.0062500000000000003,false,forward
Qwen,19,24,0.96857122393286765,0.97812500000000002,0.021874999999999999,0.021874999999999999,false,forward
Qwen,19,25,0.96804157087348242,0.94374999999999998,0.056250000000000001,0.056250000000000001,false,forward
Qwen,19,26,0.95463347853997604,0.84999999999999998,0.14999999999999999,0.14999999999999999,false,forward
Qwen,19,27,0.90310550204243512,0.83437499999999998,0.16562499999999999,0.16250000000000001,false,forward
Qwen,20,0,0.57512844355796378,0.27187499999999998,0.72812500000000002,0.35625000000000001,false,backward
Qwen,20,1,0.62347590580420964,0.45624999999999999,0.54374999999999996,0.20000000000000001,false,backward
Qwen,20,2,0.66043733682228323,0.53125,0.46875,0.32500000000000001,false,backward
Qwen,20,3,0.71167263899318212,0.83750000000000002,0.16250000000000001,0.1125,false,backward
Qwen,20,4,0.7269786671377686,0.80937499999999996,0.19062499999999999,0.11562500000000001,false,backward
Qwen,20,5,0.74340537164284237,0.86875000000000002,0.13125000000000001,0.10312499999999999,false,backward
Qwen,20,6,0.7764769995172206,0.94062500000000004,0.059374999999999997,0.056250000000000001,false,backward
Qwen,20,7,0.79632859385196586,0.97187500000000004,0.028125000000000001,0.028125000000000001,false,backward
Qwen,20,8,0.83034379058636942,0.97187500000000004,0.028125000000000001,0.021874999999999999,false,backward
Qwen,20,9,0.85321859115626053,0.99687499999999996,0.0031250000000000002,-0.0031250000000000002,false,backward
Qwen,20,10,0.84346257715985684,1,0,0,false,backward
Qwen,20,11,0.87042280086461243,1,0,0,false,backward
Qwen,20,12,0.88372779358700126,1,0,0,false,backward
Qwen,20,13,0.89896117797786113,1,0,0,false,backward
Qwen,20,14,0.90977261092739869,1,0,0,false,backward
Qwen,20,15,0.93889880112682578,1,0,0,false,backward
Qwen,20,16,0.95261644577867932,1,0,0,false,backward
Qwen,20,17,0.97730327803208594,1,0,0,false,backward
Qwen,20,18,0.98950614016849503,1,0,0,false,backward
Qwen,20,19,0.99616748410774991,1,0,0,false,backward
Qwen,20,21,0.99263644297449316,1,0,0,false,forward
Qwen,20,22,0.98144786470026268,1,0,0,false,forward
Qwen,20,23,0.98194180869974368,0.99375000000000002,0.0062500000000000003,0.0062500000000000003,false,forward
Qwen,20,24,0.97994249722944216,0.98750000000000004,0.012500000000000001,0.012500000000000001,false,forward
Qwen,20,25,0.97794609789788867,0.984375,0.015625,0.015625,false,forward
Qwen,20,26,0.966978944970738,0.859375,0.140625,0.140625,false,forward
Qwen,20,27,0.91834929171958612,0.84687500000000004,0.15312500000000001,0.15312500000000001,false,forward
Qwen,21,0,0.54888740469653452,0.32187500000000002,0.67812499999999998,0.21249999999999999,false,backward
Qwen,21,1,0.59298681422973265,0.52187499999999998,0.47812500000000002,0.040625000000000001,false,backward
Qwen,21,2,0.63062094283484127,0.61562499999999998,0.38437500000000002,0.203125,false,backward
Qwen,21,3,0.68154170217063292,0.6875,0.3125,0.21875,false,backward
Qwen,21,4,0.69035033966859471,0.671875,0.328125,0.22812499999999999,false,backward
Qwen,21,5,0.70964701538827013,0.94062500000000004,0.059374999999999997,0.0093749999999999997,false,backward
Qwen,21,6,0.74900691566599076,0.953125,0.046875,0.040625000000000001,false,backward
Qwen,21,7,0.76805511875984567,0.98750000000000004,0.012500000000000001,0.012500000000000001,false,backward
Qwen,21,8,0.80650016926846579,0.98750000000000004,0.012500000000000001,0.0093749999999999997,false,backward
Qwen,21,9,0.84141767573589221,1,0,0,false,backward
Qwen,21,10,0.83429961854302015,1,0,0,false,backward
Qwen,21,11,0.85786502774686657,1,0,0,false,backward
Qwen,21,12,0.87041454215131808,0.99687499999999996,0.0031250000000000002,0,false,backward
Qwen,21,13,0.88570352724830803,0.99687499999999996,0.0031250000000000002,0.0031250000000000002,false,backward
Qwen,21,14,0.89372347183254353,1,0,0,false,backward
Qwen,21,15,0.92441877536566541,1,0,0,false,backward
Qwen,21,16,0.93869180677786646,1,0,0,false,backward
Qwen,21,17,0.96937442589061695,1,0,0,false,backward
Qwen,21,18,0.98006366699572389,1,0,0,false,backward
Qwen,21,19,0.9848754534695523,1,0,0,false,backward
Qwen,21,20,0.99263644297449316,1,0,0,false,backward
Qwen,21,22,0.99463008938102371,1,0,0,false,forward
Qwen,21,23,0.99381335305612095,1,0,0,false,forward
Qwen,21,24,0.99120594801745532,1,0,0,false,forward
Qwen,21,25,0.98607592188723592,0.99687499999999996,0.0031250000000000002,0.0031250000000000002,false,forward
Qwen,21,26,0.978294370152342,0.99375000000000002,0.0062500000000000003,0.0062500000000000003,false,forward
Qwen,21,27,0.92357521762676997,0.98750000000000004,0.012500000000000001,0.012500000000000001,false,forward
Qwen,22,0,0.537415070233496,0.25,0.75,0.27500000000000002,false,backward
Qwen,22,1,0.57974510531083778,0.30312499999999998,0.69687500000000002,0.25312499999999999,false,backward
Qwen,22,2,0.61729372922144699,0.53437500000000004,0.46562500000000001,0.22812499999999999,false,backward
Qwen,22,3,0.66580185833421757,0.73750000000000004,0.26250000000000001,0.15937499999999999,false,backward
Qwen,22,4,0.66994160856308527,0.80625000000000002,0.19375000000000001,0.068750000000000006,false,backward
Qwen,22,5,0.69180267821688424,0.91874999999999996,0.081250000000000003,-0.015625,false,backward
Qwen,22,6,0.7332836869171111,0.90937500000000004,0.090624999999999997,0.074999999999999997,false,backward
Qwen,22,7,0.74994498805647936,0.97812500000000002,0.021874999999999999,0.021874999999999999,false,backward
Qwen,22,8,0.78860966181041448,0.99062499999999998,0.0093749999999999997,0.0031250000000000002,false,backward
Qwen,22,9,0.82826757870844392,1,0,-0.0031250000000000002,false,backward
Qwen,22,10,0.82521555145536651,1,0,0,false,backward
Qwen,22,11,0.84608010068583661,1,0,0,false,backward
Qwen,22,12,0.8573034878206427,1,0,0,false,backward
Qwen,22,13,0.87254488972537525,1,0,-0.0062500000000000003,false,backward
Qwen,22,14,0.87907801081629799,1,0,-0.0031250000000000002,false,backward
Qwen,22,15,0.90951868042770467,1,0,0,false,backward
Qwen,22,16,0.92427272913141134,1,0,0,false,backward
Qwen,22,17,0.9572968424303161,1,0,0,false,backward
Qwen,22,18,0.96741041903017377,1,0,0,false,backward
Qwen,22,19,0.9699438523501841,1,0,0,false,backward
Qwen,22,20,0.98144786470026268,1,0,0,false,backward
Qwen,22,21,0.99463008938102371,1,0,0,false,backward
Qwen,22,23,0.99835382034216436,1,0,0,false,forward
Qwen,22,24,0.99583593484326893,1,0,0,false,forward
Qwen,22,25,0.98919311822741274,1,0,0,false,forward
Qwen,22,26,0.98536954109316166,0.99375000000000002,0.0062500000000000003,0.0062500000000000003,false,forward
Qwen,22,27,0.93442249919538811,0.99375000000000002,0.0062500000000000003,0.0062500000000000003,false,forward
Qwen,23,0,0.5381872743045526,0.25,0.75,0.24374999999999999,false,backward
Qwen,23,1,0.58066323369086348,0.25,0.75,0.25,false,backward
Qwen,23,2,0.61801644848648218,0.3125,0.6875,0.453125,false,backward
Qwen,23,3,0.66794269781439986,0.578125,0.421875,0.33124999999999999,false,backward
Qwen,23,4,0.67313856376876946,0.55312499999999998,0.44687500000000002,0.328125,false,backward
Qwen,23,5,0.69403289417611247,0.72812500000000002,0.27187499999999998,0.16562499999999999,false,backward
Qwen,23,6,0.73370854827456644,0.81874999999999998,0.18124999999999999,0.14687500000000001,false,backward
Qwen,23,7,0.75208043573331407,0.88437500000000002,0.11562500000000001,0.10312499999999999,false,backward
Qwen,23,8,0.79086719133467231,0.96562499999999996,0.034375000000000003,0.015625,false,backward
Qwen,23,9,0.82795742781529647,0.99375000000000002,0.0062500000000000003,0,false,backward
Qwen,23,10,0.82401733824926282,0.99062499999999998,0.0093749999999999997,0.0093749999999999997,false,backward
Qwen,23,11,0.84546560294514617,0.99687499999999996,0.0031250000000000002,0.0031250000000000002,false,backward
Qwen,23,12,0.85696281091425497,1,0,-0.0031250000000000002,false,backward
Qwen,23,13,0.87264373578997056,1,0,-0.0062500000000000003,false,backward
Qwen,23,14,0.8794816316891384,1,0,-0.0031250000000000002,false,backward
Qwen,23,15,0.91015261102653189,1,0,0,false,backward
Qwen,23,16,0.92446953364993545,1,0,0,false,backward
Qwen,23,17,0.95651330944106916,1,0,0,false,backward
Qwen,23,18,0.96700771970579957,1,0,0,false,backward
Qwen,23,19,0.97061724690683893,1,0,0,false,backward
Qwen,23,20,0.98194180869974368,1,0,0,false,backward
Qwen,23,21,0.99381335305612095,1,0,0,false,backward
Qwen,23,22,0.99835382034216436,1,0,0,false,backward
Qwen,23,24,0.99785267185404258,1,0,0,false,forward
Qwen,23,25,0.99215380341989468,0.99687499999999996,0.0031250000000000002,0.0031250000000000002,false,forward
Qwen,23,26,0.98832234102738481,0.99375000000000002,0.0062500000000000003,0.0062500000000000003,false,forward
Qwen,23,27,0.93717688625290541,0.99062499999999998,0.0093749999999999997,0.0093749999999999997,false,forward
Qwen,24,0,0.54192873015772181,0.25,0.75,0.25,false,backward
Qwen,24,1,0.58262531636624293,0.265625,0.734375,0.25312499999999999,false,backward
Qwen,24,2,0.61951540896110879,0.41562500000000002,0.58437499999999998,0.35625000000000001,false,backward
Qwen,24,3,0.6684310891976758,0.57187500000000002,0.42812499999999998,0.31562499999999999,false,backward
Qwen,24,4,0.67403262385086526,0.546875,0.453125,0.31874999999999998,false,backward
Qwen,24,5,0.69425599728973142,0.68125000000000002,0.31874999999999998,0.18124999999999999,false,backward
Qwen,24,6,0.73567775875028352,0.74062499999999998,0.25937500000000002,0.234375,false,backward
Qwen,24,7,0.74966198791295591,0.80937499999999996,0.19062499999999999,0.17499999999999999,false,backward
Qwen,24,8,0.78573446620630116,0.91874999999999996,0.081250000000000003,0.071874999999999994,false,backward
Qwen,24,9,0.82462955922627024,0.97499999999999998,0.025000000000000001,0.018749999999999999,false,backward
Qwen,24,10,0.8214196814143413,0.98124999999999996,0.018749999999999999,0.018749999999999999,false,backward
Qwen,24,11,0.84232585769302437,0.99687499999999996,0.0031250000000000002,0.0031250000000000002,false,backward
Qwen,24,12,0.85447690522802178,0.99687499999999996,0.0031250000000000002,0.0031250000000000002,false,backward
Qwen,24,13,0.87067456908207919,0.99687499999999996,0.0031250000000000002,-0.0031250000000000002,false,backward
Qwen,24,14,0.87763117645405497,0.99687499999999996,0.0031250000000000002,0,false,backward
Qwen,24,15,0.90643164131111287,1,0,0,false,backward
Qwen,24,16,0.92092802956500597,1,0,0,false,backward
Qwen,24,17,0.95237468324791164,1,0,0,false,backward
Qwen,24,18,0.96538690805060512,1,0,0,false,backward
Qwen,24,19,0.96857122393286765,1,0,0,false,backward
Qwen,24,20,0.97994249722944216,1,0,0,false,backward
Qwen,24,21,0.99120594801745532,1,0,0,false,backward
Qwen,24,22,0.99583593484326893,1,0,0,false,backward
Qwen,24,23,0.99785267185404258,1,0,0,false,backward
Qwen,24,25,0.99450346021323721,1,0,0,false,forward
Qwen,24,26,0.99242486004998631,1,0,0,false,forward
Qwen,24,27,0.94767329766296271,1,0,0,false,forward
Qwen,25,0,0.56277600615520518,0.25,0.75,0.24062500000000001,false,backward
Qwen,25,1,0.60626807619930045,0.25,0.75,0.27187499999999998,false,backward
Qwen,25,2,0.64569239238700438,0.40000000000000002,0.59999999999999998,0.33750000000000002,false,backward
Qwen,25,3,0.69517769450043254,0.484375,0.515625,0.41562500000000002,false,backward
Qwen,25,4,0.70055109086403222,0.421875,0.578125,0.41562500000000002,false,backward
Qwen,25,5,0.72223573758145254,0.52812499999999996,0.47187499999999999,0.34062500000000001,false,backward
Qwen,25,6,0.75912010573900202,0.72499999999999998,0.27500000000000002,0.25,false,backward
Qwen,25,7,0.7758548731711169,0.76875000000000004,0.23125000000000001,0.21562500000000001,false,backward
Qwen,25,8,0.80963879423608942,0.91874999999999996,0.081250000000000003,0.0625,false,backward
Qwen,25,9,0.8421728938409927,0.98124999999999996,0.018749999999999999,0.012500000000000001,false,backward
Qwen,25,10,0.83874365964068021,0.99375000000000002,0.0062500000000000003,0.0062500000000000003,false,backward
Qwen,25,11,0.85936950445693361,0.99687499999999996,0.0031250000000000002,0.0031250000000000002,false,backward
Qwen,25,12,0.86885795805575738,1,0,-0.0031250000000000002,false,backward
Qwen,25,13,0.88276363070173958,1,0,-0.0062500000000000003,false,backward
Qwen,25,14,0.88972899721729104,1,0,-0.0031250000000000002,false,backward
Qwen,25,15,0.91619624491266283,1,0,0,false,backward
Qwen,25,16,0.92880431318403311,1,0,0,false,backward
Qwen,25,17,0.95643310743893484,1,0,0,false,backward
Qwen,25,18,0.9662478048150972,1,0,0,false,backward
Qwen,25,19,0.96804157087348242,1,0,0,false,backward
Qwen,25,20,0.97794609789788867,1,0,0,false,backward
Qwen,25,21,0.98607592188723592,1,0,0,false,backward
Qwen,25,22,0.98919311822741274,1,0,0,false,backward
Qwen,25,23,0.99215380341989468,1,0,0,false,backward
Qwen,25,24,0.99450346021323721,1,0,0,false,backward
Qwen,25,26,0.99541685191029339,1,0,0,false,forward
Qwen,25,27,0.93576333247801546,1,0,0,false,forward
Qwen,26,0,0.55332741376451466,0.39374999999999999,0.60624999999999996,0.13125000000000001,false,backward
Qwen,26,1,0.59197678507313545,0.38437500000000002,0.61562499999999998,0.14687500000000001,false,backward
Qwen,26,2,0.63133952309668151,0.45624999999999999,0.54374999999999996,0.24687500000000001,false,backward
Qwen,26,3,0.67791956774070028,0.578125,0.421875,0.32500000000000001,false,backward
Qwen,26,4,0.68170587975871366,0.50624999999999998,0.49375000000000002,0.28437499999999999,false,backward
Qwen,26,5,0.70499786096318484,0.55937499999999996,0.44062499999999999,0.28749999999999998,false,backward
Qwen,26,6,0.74591867553345337,0.75312500000000004,0.24687500000000001,0.21875,false,backward
Qwen,26,7,0.75532457254712704,0.79374999999999996,0.20624999999999999,0.19062499999999999,false,backward
Qwen,26,8,0.78797250053683265,0.83437499999999998,0.16562499999999999,0.140625,false,backward
Qwen,26,9,0.8252671636593899,0.94999999999999996,0.050000000000000003,0.037499999999999999,false,backward
Qwen,26,10,0.82443884525165878,0.97499999999999998,0.025000000000000001,0.025000000000000001,false,backward
Qwen,26,11,0.84348990197437634,0.99687499999999996,0.0031250000000000002,0.0031250000000000002,false,backward
Qwen,26,12,0.85311862138576477,0.99687499999999996,0.0031250000000000002,-0.0031250000000000002,false,backward
Qwen,26,13,0.86818812461250694,0.99375000000000002,0.0062500000000000003,0,false,backward
Qwen,26,14,0.87551428368631234,0.99375000000000002,0.0062500000000000003,0.0031250000000000002,false,backward
Qwen,26,15,0.90062166202890226,1,0,0,false,backward
Qwen,26,16,0.91405228153079998,0.99375000000000002,0.0062500000000000003,0.0062500000000000003,false,backward
Qwen,26,17,0.94263934469920974,0.99375000000000002,0.0062500000000000003,0.0062500000000000003,false,backward
Qwen,26,18,0.95327622354076247,0.99687499999999996,0.0031250000000000002,0.0031250000000000002,false,backward
Qwen,26,19,0.95463347853997604,0.98750000000000004,0.012500000000000001,0.012500000000000001,false,backward
Qwen,26,20,0.966978944970738,0.99062499999999998,0.0093749999999999997,0.0093749999999999997,false,backward
Qwen,26,21,0.978294370152342,1,0,0,false,backward
Qwen,26,22,0.98536954109316166,1,0,0,false,backward
Qwen,26,23,0.98832234102738481,1,0,0,false,backward
Qwen,26,24,0.99242486004998631,1,0,0,false,backward
Qwen,26,25,0.99541685191029339,1,0,0,false,backward
Qwen,26,27,0.95051613719361883,0.99375000000000002,0.0062500000000000003,0.0062500000000000003,false,forward
Qwen,27,0,0.51975858036070821,0.25,0.74687499999999996,0.24062500000000001,false,backward
Qwen,27,1,0.55010522497086556,0.33437499999999998,0.66249999999999998,0.140625,false,backward
Qwen,27,2,0.5794840356675367,0.515625,0.48125000000000001,0.15937499999999999,false,backward
Qwen,27,3,0.61787638664223654,0.64687499999999998,0.34999999999999998,0.18437500000000001,false,backward
Qwen,27,4,0.62703470405803408,0.56874999999999998,0.42812499999999998,0.19375000000000001,false,backward
Qwen,27,5,0.64235634851842915,0.703125,0.29375000000000001,0.125,false,backward
Qwen,27,6,0.68940251169129207,0.74062499999999998,0.25624999999999998,0.21249999999999999,false,backward
Qwen,27,7,0.68220254237077727,0.73750000000000004,0.25937500000000002,0.23125000000000001,false,backward
Qwen,27,8,0.70292579282269319,0.734375,0.26250000000000001,0.22812499999999999,false,backward
Qwen,27,9,0.7453797120557728,0.80000000000000004,0.19687499999999999,0.171875,false,backward
Qwen,27,10,0.74976366296258923,0.77812499999999996,0.21875,0.21875,false,backward
Qwen,27,11,0.7664105649307662,0.828125,0.16875000000000001,0.16562499999999999,false,backward
Qwen,27,12,0.78157265759457561,0.90312499999999996,0.09375,0.090624999999999997,false,backward
Qwen,27,13,0.80058652451746626,0.90000000000000002,0.096875000000000003,0.090624999999999997,false,backward
Qwen,27,14,0.80797195197518235,0.91249999999999998,0.084375000000000006,0.078125,false,backward
Qwen,27,15,0.82729698913753513,0.96250000000000002,0.034375000000000003,0.034375000000000003,false,backward
Qwen,27,16,0.84572964324564159,0.95625000000000004,0.040625000000000001,0.043749999999999997,false,backward
Qwen,27,17,0.87480325216553212,0.99375000000000002,0.0031250000000000002,0.0062500000000000003,false,backward
Qwen,27,18,0.90122810739129677,0.98750000000000004,0.0093749999999999997,0.012500000000000001,false,backward
Qwen,27,19,0.90310550204243512,0.96875,0.028125000000000001,0.03125,false,backward
Qwen,27,20,0.91834929171958612,0.96562499999999996,0.03125,0.034375000000000003,false,backward
Qwen,27,21,0.92357521762676997,0.97499999999999998,0.021874999999999999,0.025000000000000001,false,backward
Qwen,27,22,0.93442249919538811,0.97499999999999998,0.021874999999999999,0.025000000000000001,false,backward
Qwen,27,23,0.93717688625290541,0.97812500000000002,0.018749999999999999,0.021874999999999999,false,backward
Qwen,27,24,0.94767329766296271,0.97812500000000002,0.018749999999999999,0.021874999999999999,false,backward
Qwen,27,25,0.93576333247801546,0.97812500000000002,0.018749999999999999,0.021874999999999999,false,backward
Qwen,27,26,0.95051613719361883,0.97187500000000004,0.025000000000000001,0.028125000000000001,false,backward
OLMo,0,1,0.8409048556366745,0.45624999999999999,0.46875,0.484375,false,forward
OLMo,0,2,0.77342828311242362,0.24374999999999999,0.68125000000000002,0.54062500000000002,false,forward
OLMo,0,3,0.75704277816988763,0.24374999999999999,0.68125000000000002,0.36875000000000002,false,forward
OLMo,0,4,0.76096785563306568,0.24374999999999999,0.68125000000000002,0.36249999999999999,false,forward
OLMo,0,5,0.76486451587331961,0.24374999999999999,0.68125000000000002,0.5,false,forward
OLMo,0,6,0.76365998662364842,0.24374999999999999,0.68125000000000002,0.44062499999999999,false,forward
OLMo,0,7,0.76057441725148067,0.27187499999999998,0.65312499999999996,0.31562499999999999,false,forward
OLMo,0,8,0.75615802499215456,0.36249999999999999,0.5625,0.09375,false,forward
OLMo,0,9,0.75038619470661727,0.31874999999999998,0.60624999999999996,0.20937500000000001,false,forward
OLMo,0,10,0.73943588235582525,0.31874999999999998,0.60624999999999996,0.203125,false,forward
OLMo,0,11,0.73633745932251071,0.31874999999999998,0.60624999999999996,0.13750000000000001,false,forward
OLMo,0,12,0.73303824583906474,0.31874999999999998,0.60624999999999996,-0.0093749999999999997,false,forward
OLMo,0,13,0.71832265541877494,0.31874999999999998,0.60624999999999996,-0.03125,false,forward
OLMo,0,14,0.69575209123081549,0.31874999999999998,0.60624999999999996,-0.03125,false,forward
OLMo,0,15,0.67970600401916781,0.1875,0.73750000000000004,0.071874999999999994,false,forward
OLMo,1,0,0.8409048556366745,0.37187500000000001,0.59062499999999996,0.60624999999999996,false,backward
OLMo,1,2,0.94682588535136514,0.80000000000000004,0.16250000000000001,0.11874999999999999,false,forward
OLMo,1,3,0.90456080228151314,0.51875000000000004,0.44374999999999998,0.34062500000000001,false,forward
OLMo,1,4,0.93361703853599665,0.45000000000000001,0.51249999999999996,0.328125,false,forward
OLMo,1,5,0.92047288599867971,0.578125,0.38437500000000002,0.25312499999999999,false,forward
OLMo,1,6,0.92659097496380327,0.49687500000000001,0.46562500000000001,0.25,false,forward
OLMo,1,7,0.90048041665240686,0.5,0.46250000000000002,0.12812499999999999,false,forward
OLMo,1,8,0.92990839994949281,0.46250000000000002,0.5,0.125,false,forward
OLMo,1,9,0.92963217045618851,0.36249999999999999,0.59999999999999998,0.26250000000000001,false,forward
OLMo,1,10,0.93261986442257361,0.33124999999999999,0.63124999999999998,0.18437500000000001,false,forward
OLMo,1,11,0.92720213478986491,0.31874999999999998,0.64375000000000004,0.25624999999999998,false,forward
OLMo,1,12,0.91815792897914528,0.31874999999999998,0.64375000000000004,0.015625,false,forward
OLMo,1,13,0.89805998558080569,0.31874999999999998,0.64375000000000004,0.068750000000000006,false,forward
OLMo,1,14,0.90834715959934875,0.34062500000000001,0.62187499999999996,-0.0093749999999999997,false,forward
OLMo,1,15,0.88963497009827708,0.16875000000000001,0.79374999999999996,0.121875,false,forward
OLMo,2,0,0.77342828311242362,0.25,0.578125,0.67500000000000004,false,backward
OLMo,2,1,0.94682588535136514,0.76875000000000004,0.059374999999999997,0.22500000000000001,false,backward
OLMo,2,3,0.96953095024413227,0.81562500000000004,0.012500000000000001,0.13437499999999999,false,forward
OLMo,2,4,0.98120580246739075,0.69687500000000002,0.13125000000000001,0.24374999999999999,false,forward
OLMo,2,5,0.97400273530475756,0.65937500000000004,0.16875000000000001,0.21249999999999999,false,forward
OLMo,2,6,0.97539850599756905,0.58750000000000002,0.24062500000000001,0.234375,false,forward
OLMo,2,7,0.9584670382308309,0.63124999999999998,0.19687499999999999,0.21249999999999999,false,forward
OLMo,2,8,0.97037075781084003,0.51875000000000004,0.30937500000000001,0.22812499999999999,false,forward
OLMo,2,9,0.96826247747928784,0.421875,0.40625,0.31562499999999999,false,forward
OLMo,2,10,0.96663619806087531,0.33437499999999998,0.49375000000000002,0.37812499999999999,false,forward
OLMo,2,11,0.96280934005001728,0.328125,0.5,0.36875000000000002,false,forward
OLMo,2,12,0.95623198159393397,0.31874999999999998,0.50937500000000002,0.27187499999999998,false,forward
OLMo,2,13,0.94291333793615106,0.31874999999999998,0.50937500000000002,0.22812499999999999,false,forward
OLMo,2,14,0.93913930584446392,0.33124999999999999,0.49687500000000001,0.21875,false,forward
OLMo,2,15,0.92200084999991028,0.42499999999999999,0.40312500000000001,0.03125,false,forward
OLMo,3,0,0.75704277816988763,0.25312499999999999,0.56562500000000004,0.69999999999999996,false,backward
OLMo,3,1,0.90456080228151314,0.64375000000000004,0.17499999999999999,0.33124999999999999,false,backward
OLMo,3,2,0.96953095024413227,0.78437500000000004,0.034375000000000003,0.15312500000000001,false,backward
OLMo,3,4,0.98779941969634277,0.81874999999999998,0,0.13437499999999999,false,forward
OLMo,3,5,0.98545118137853216,0.81874999999999998,0,0.11562500000000001,false,forward
OLMo,3,6,0.98292538694218834,0.78749999999999998,0.03125,0.087499999999999994,false,forward
OLMo,3,7,0.9819315568490018,0.77500000000000002,0.043749999999999997,0.078125,false,forward
OLMo,3,8,0.97728097613883302,0.64687499999999998,0.171875,0.22187499999999999,false,forward
OLMo,3,9,0.97440148164388796,0.53749999999999998,0.28125,0.24062500000000001,false,forward
OLMo,3,10,0.96657786540809887,0.34999999999999998,0.46875,0.42812499999999998,false,forward
OLMo,3,11,0.9650914718115825,0.34687499999999999,0.47187499999999999,0.41875000000000001,false,forward
OLMo,3,12,0.96247062452961718,0.33124999999999999,0.48749999999999999,0.27812500000000001,false,forward
OLMo,3,13,0.95751183277034424,0.37812499999999999,0.44062499999999999,0.14999999999999999,false,forward
OLMo,3,14,0.94111720449794878,0.47499999999999998,0.34375,0.14374999999999999,false,forward
OLMo,3,15,0.92754849750813051,0.37812499999999999,0.44062499999999999,-0.028125000000000001,false,forward
OLMo,4,0,0.76096785563306568,0.25,0.56874999999999998,0.67500000000000004,false,backward
OLMo,4,1,0.93361703853599665,0.54062500000000002,0.27812500000000001,0.38750000000000001,false,backward
OLMo,4,2,0.98120580246739075,0.77500000000000002,0.043749999999999997,0.11874999999999999,false,backward
OLMo,4,3,0.98779941969634277,0.81874999999999998,0,0.087499999999999994,false,backward
OLMo,4,5,0.9908188624630444,0.81874999999999998,0,0.090624999999999997,false,forward
OLMo,4,6,0.99037055339705893,0.81874999999999998,0,0.11874999999999999,false,forward
OLMo,4,7,0.9806756861144762,0.81562500000000004,0.0031250000000000002,0.10000000000000001,false,forward
OLMo,4,8,0.98808885529603585,0.8125,0.0062500000000000003,0.018749999999999999,false,forward
OLMo,4,9,0.98529171352733791,0.77500000000000002,0.043749999999999997,0.071874999999999994,false,forward
OLMo,4,10,0.98157624311807068,0.5625,0.25624999999999998,0.23749999999999999,false,forward
OLMo,4,11,0.97833347590354591,0.45937499999999998,0.359375,0.29062500000000002,false,forward
OLMo,4,12,0.97299719503782489,0.33750000000000002,0.48125000000000001,0.328125,false,forward
OLMo,4,13,0.96323694888197575,0.34687499999999999,0.47187499999999999,0.33437499999999998,false,forward
OLMo,4,14,0.95662901171857362,0.46250000000000002,0.35625000000000001,0.15937499999999999,false,forward
OLMo,4,15,0.94145772355148494,0.46562500000000001,0.35312500000000002,-0.043749999999999997,false,forward
OLMo,5,0,0.76486451587331961,0.375,0.44374999999999998,0.53125,false,backward
OLMo,5,1,0.92047288599867971,0.38750000000000001,0.43125000000000002,0.453125,false,backward
OLMo,5,2,0.97400273530475756,0.53437500000000004,0.28437499999999999,0.29375000000000001,false,backward
OLMo,5,3,0.98545118137853216,0.81874999999999998,0,0.084375000000000006,false,backward
OLMo,5,4,0.9908188624630444,0.81874999999999998,0,0.059374999999999997,false,backward
OLMo,5,6,0.99623087987768577,0.81874999999999998,0,0.068750000000000006,false,forward
OLMo,5,7,0.98869520703584612,0.81874999999999998,0,0.043749999999999997,false,forward
OLMo,5,8,0.98847285872707547,0.81562500000000004,0.0031250000000000002,0.059374999999999997,false,forward
OLMo,5,9,0.98478363495159704,0.796875,0.021874999999999999,0.012500000000000001,false,forward
OLMo,5,10,0.97709398694787164,0.66249999999999998,0.15625,0.121875,false,forward
OLMo,5,11,0.97307852080274171,0.515625,0.30312499999999998,0.25312499999999999,false,forward
OLMo,5,12,0.96904719632824921,0.44374999999999998,0.375,0.24374999999999999,false,forward
OLMo,5,13,0.96109297852619036,0.43125000000000002,0.38750000000000001,0.27500000000000002,false,forward
OLMo,5,14,0.94683412372091247,0.5,0.31874999999999998,0.171875,false,forward
OLMo,5,15,0.93060364745054303,0.49375000000000002,0.32500000000000001,-0.034375000000000003,false,forward
OLMo,6,0,0.76365998662364842,0.25,0.56874999999999998,0.64687499999999998,false,backward
OLMo,6,1,0.92659097496380327,0.40625,0.41249999999999998,0.39374999999999999,false,backward
OLMo,6,2,0.97539850599756905,0.46875,0.34999999999999998,0.33437499999999998,false,backward
OLMo,6,3,0.98292538694218834,0.80625000000000002,0.012500000000000001,0.071874999999999994,false,backward
OLMo,6,4,0.99037055339705893,0.81874999999999998,0,0.074999999999999997,false,backward
OLMo,6,5,0.99623087987768577,0.81874999999999998,0,0.09375,false,backward
OLMo,6,7,0.98840116866680994,0.81874999999999998,0,0.050000000000000003,false,forward
OLMo,6,8,0.99114899520305133,0.81874999999999998,0,0.043749999999999997,false,forward
OLMo,6,9,0.98835062619876668,0.81562500000000004,0.0031250000000000002,0.025000000000000001,false,forward
OLMo,6,10,0.98288822846768475,0.74687499999999996,0.071874999999999994,0.068750000000000006,false,forward
OLMo,6,11,0.97946007488512243,0.65000000000000002,0.16875000000000001,0.13437499999999999,false,forward
OLMo,6,12,0.97589685620939248,0.56874999999999998,0.25,0.16562499999999999,false,forward
OLMo,6,13,0.96817076333534113,0.50937500000000002,0.30937500000000001,0.20000000000000001,false,forward
OLMo,6,14,0.95270205234095251,0.49375000000000002,0.32500000000000001,0.16250000000000001,false,forward
OLMo,6,15,0.93493521194852469,0.47812500000000002,0.34062500000000001,0.018749999999999999,false,forward
OLMo,7,0,0.76057441725148067,0.29375000000000001,0.52500000000000002,0.53125,false,backward
OLMo,7,1,0.90048041665240686,0.32500000000000001,0.49375000000000002,0.53125,false,backward
OLMo,7,2,0.9584670382308309,0.33750000000000002,0.48125000000000001,0.48125000000000001,false,backward
OLMo,7,3,0.9819315568490018,0.62187499999999996,0.19687499999999999,0.28749999999999998,false,backward
OLMo,7,4,0.9806756861144762,0.72187500000000004,0.096875000000000003,0.17499999999999999,false,backward
OLMo,7,5,0.98869520703584612,0.81874999999999998,0,0.09375,false,backward
OLMo,7,6,0.98840116866680994,0.81874999999999998,0,0.081250000000000003,false,backward
OLMo,7,8,0.98980543958325984,0.81562500000000004,0.0031250000000000002,0.10000000000000001,false,forward
OLMo,7,9,0.98476753258007832,0.81562500000000004,0.0031250000000000002,0.0625,false,forward
OLMo,7,10,0.97350925434834323,0.8125,0.0062500000000000003,0.028125000000000001,false,forward
OLMo,7,11,0.96950141475536988,0.74687499999999996,0.071874999999999994,0.090624999999999997,false,forward
OLMo,7,12,0.96603365703841826,0.58125000000000004,0.23749999999999999,0.24687500000000001,false,forward
OLMo,7,13,0.96102899370415207,0.578125,0.24062500000000001,0.22812499999999999,false,forward
OLMo,7,14,0.93947648569698083,0.63437500000000002,0.18437500000000001,0.17499999999999999,false,forward
OLMo,7,15,0.92363841121515933,0.46562500000000001,0.35312500000000002,0.15625,false,forward
OLMo,8,0,0.75615802499215456,0.25,0.56562500000000004,0.59687500000000004,false,backward
OLMo,8,1,0.92990839994949281,0.30312499999999998,0.51249999999999996,0.55000000000000004,false,backward
OLMo,8,2,0.97037075781084003,0.42499999999999999,0.390625,0.35625000000000001,false,backward
OLMo,8,3,0.97728097613883302,0.76249999999999996,0.053124999999999999,0.14687500000000001,false,backward
OLMo,8,4,0.98808885529603585,0.77812499999999996,0.037499999999999999,0.12812499999999999,false,backward
OLMo,8,5,0.98847285872707547,0.81874999999999998,-0.0031250000000000002,0.090624999999999997,false,backward
OLMo,8,6,0.99114899520305133,0.81874999999999998,-0.0031250000000000002,0.09375,false,backward
OLMo,8,7,0.98980543958325984,0.81874999999999998,-0.0031250000000000002,0.056250000000000001,false,backward
OLMo,8,9,0.99727674806259337,0.81562500000000004,0,0.053124999999999999,false,forward
OLMo,8,10,0.99249425498680299,0.81562500000000004,0,0.059374999999999997,false,forward
OLMo,8,11,0.98737039267875248,0.80937499999999996,0.0062500000000000003,0.040625000000000001,false,forward
OLMo,8,12,0.98193621499605233,0.77187499999999998,0.043749999999999997,0.065625000000000003,false,forward
OLMo,8,13,0.97277944348192502,0.74062499999999998,0.074999999999999997,0.087499999999999994,false,forward
OLMo,8,14,0.96461737471337483,0.74375000000000002,0.071874999999999994,0.074999999999999997,false,forward
OLMo,8,15,0.94841154239417857,0.60624999999999996,0.20937500000000001,0.125,false,forward
OLMo,9,0,0.75038619470661727,0.30312499999999998,0.51249999999999996,0.51875000000000004,false,backward
OLMo,9,1,0.92963217045618851,0.32500000000000001,0.49062499999999998,0.50937500000000002,false,backward
OLMo,9,2,0.96826247747928784,0.328125,0.48749999999999999,0.42499999999999999,false,backward
OLMo,9,3,0.97440148164388796,0.49687500000000001,0.31874999999999998,0.37187500000000001,false,backward
OLMo,9,4,0.98529171352733791,0.53125,0.28437499999999999,0.34062500000000001,false,backward
OLMo,9,5,0.98478363495159704,0.77187499999999998,0.043749999999999997,0.109375,false,backward
OLMo,9,6,0.98835062619876668,0.80625000000000002,0.0093749999999999997,0.096875000000000003,false,backward
OLMo,9,7,0.98476753258007832,0.81874999999999998,-0.0031250000000000002,0.056250000000000001,false,backward
OLMo,9,8,0.99727674806259337,0.81562500000000004,0,0.074999999999999997,false,backward
OLMo,9,10,0.99635290239485408,0.81562500000000004,0,0.050000000000000003,false,forward
OLMo,9,11,0.99179432224857156,0.81562500000000004,0,0.059374999999999997,false,forward
OLMo,9,12,0.98622730079464349,0.80312499999999998,0.012500000000000001,0.068750000000000006,false,forward
OLMo,9,13,0.97773318439320012,0.78125,0.034375000000000003,0.10625,false,forward
OLMo,9,14,0.97005211765403188,0.80625000000000002,0.0093749999999999997,0.043749999999999997,false,forward
OLMo,9,15,0.95321233148376328,0.69062500000000004,0.125,0.081250000000000003,false,forward
OLMo,10,0,0.73943588235582525,0.25,0.56562500000000004,0.390625,false,backward
OLMo,10,1,0.93261986442257361,0.25,0.56562500000000004,0.45624999999999999,false,backward
OLMo,10,2,0.96663619806087531,0.33437499999999998,0.48125000000000001,0.29375000000000001,false,backward
OLMo,10,3,0.96657786540809887,0.33750000000000002,0.47812500000000002,0.36562499999999998,false,backward
OLMo,10,4,0.98157624311807068,0.35312500000000002,0.46250000000000002,0.328125,false,backward
OLMo,10,5,0.97709398694787164,0.53437500000000004,0.28125,0.21875,false,backward
OLMo,10,6,0.98288822846768475,0.61875000000000002,0.19687499999999999,0.19062499999999999,false,backward
OLMo,10,7,0.97350925434834323,0.80625000000000002,0.0093749999999999997,0.053124999999999999,false,backward
OLMo,10,8,0.99249425498680299,0.8125,0.0031250000000000002,0.087499999999999994,false,backward
OLMo,10,9,0.99635290239485408,0.81562500000000004,0,0.074999999999999997,false,backward
OLMo,10,11,0.99644336424900193,0.81874999999999998,-0.0031250000000000002,0.021874999999999999,false,forward
OLMo,10,12,0.99150815538118964,0.81562500000000004,0,0.034375000000000003,false,forward
OLMo,10,13,0.98189043675376153,0.859375,-0.043749999999999997,0.0031250000000000002,false,forward
OLMo,10,14,0.97578600939561499,0.73124999999999996,0.084375000000000006,0.10625,false,forward
OLMo,10,15,0.95712373296560105,0.64375000000000004,0.171875,0.140625,false,forward
OLMo,11,0,0.73633745932251071,0.25,0.56562500000000004,0.18437500000000001,false,backward
OLMo,11,1,0.92720213478986491,0.25,0.56562500000000004,0.25,false,backward
OLMo,11,2,0.96280934005001728,0.25,0.56562500000000004,0.22187499999999999,false,backward
OLMo,11,3,0.9650914718115825,0.25,0.56562500000000004,0.296875,false,backward
OLMo,11,4,0.97833347590354591,0.25,0.56562500000000004,0.25624999999999998,false,backward
OLMo,11,5,0.97307852080274171,0.25,0.56562500000000004,0.34062500000000001,false,backward
OLMo,11,6,0.97946007488512243,0.25,0.56562500000000004,0.42812499999999998,false,backward
OLMo,11,7,0.96950141475536988,0.28749999999999998,0.52812499999999996,0.44374999999999998,false,backward
OLMo,11,8,0.98737039267875248,0.3125,0.50312500000000004,0.42499999999999999,false,backward
OLMo,11,9,0.99179432224857156,0.61875000000000002,0.19687499999999999,0.18437500000000001,false,backward
OLMo,11,10,0.99644336424900193,0.734375,0.081250000000000003,0.081250000000000003,false,backward
OLMo,11,12,0.99761692871156138,0.8125,0.0031250000000000002,0,false,forward
OLMo,11,13,0.99082236974382831,0.8125,0.0031250000000000002,0.0031250000000000002,false,forward
OLMo,11,14,0.98425416859711112,0.875,-0.059374999999999997,-0.065625000000000003,false,forward
OLMo,11,15,0.96726365796350267,0.72499999999999998,0.090624999999999997,0.0031250000000000002,false,forward
OLMo,12,0,0.73303824583906474,0.25,0.56562500000000004,0.203125,false,backward
OLMo,12,1,0.91815792897914528,0.25,0.56562500000000004,0.1875,false,backward
OLMo,12,2,0.95623198159393397,0.25,0.56562500000000004,0.22187499999999999,false,backward
OLMo,12,3,0.96247062452961718,0.25,0.56562500000000004,0.1875,false,backward
OLMo,12,4,0.97299719503782489,0.25,0.56562500000000004,0.22500000000000001,false,backward
OLMo,12,5,0.96904719632824921,0.25,0.56562500000000004,0.30312499999999998,false,backward
OLMo,12,6,0.97589685620939248,0.25,0.56562500000000004,0.375,false,backward
OLMo,12,7,0.96603365703841826,0.25312499999999999,0.5625,0.43437500000000001,false,backward
OLMo,12,8,0.98193621499605233,0.25937500000000002,0.55625000000000002,0.50312500000000004,false,backward
OLMo,12,9,0.98622730079464349,0.36562499999999998,0.45000000000000001,0.43437500000000001,false,backward
OLMo,12,10,0.99150815538118964,0.66562500000000002,0.14999999999999999,0.14687500000000001,false,backward
OLMo,12,11,0.99761692871156138,0.81562500000000004,0,0,false,backward
OLMo,12,13,0.99600752499405976,0.8125,0.0031250000000000002,0.025000000000000001,false,forward
OLMo,12,14,0.98382687635804245,0.86562499999999998,-0.050000000000000003,-0.043749999999999997,false,forward
OLMo,12,15,0.96687874021966236,0.734375,0.081250000000000003,0.071874999999999994,false,forward
OLMo,13,0,0.71832265541877494,0.25,0.5625,0.09375,false,backward
OLMo,13,1,0.89805998558080569,0.25,0.5625,0.14687500000000001,false,backward
OLMo,13,2,0.94291333793615106,0.25,0.5625,0.121875,false,backward
OLMo,13,3,0.95751183277034424,0.25,0.5625,0.11874999999999999,false,backward
OLMo,13,4,0.96323694888197575,0.25,0.5625,0.087499999999999994,false,backward
OLMo,13,5,0.96109297852619036,0.25,0.5625,0.15312500000000001,false,backward
OLMo,13,6,0.96817076333534113,0.25,0.5625,0.24062500000000001,false,backward
OLMo,13,7,0.96102899370415207,0.27187499999999998,0.54062500000000002,0.29375000000000001,false,backward
OLMo,13,8,0.97277944348192502,0.26874999999999999,0.54374999999999996,0.30937500000000001,false,backward
OLMo,13,9,0.97773318439320012,0.34062500000000001,0.47187499999999999,0.328125,false,backward
OLMo,13,10,0.98189043675376153,0.49062499999999998,0.32187500000000002,0.25937500000000002,false,backward
OLMo,13,11,0.99082236974382831,0.82499999999999996,-0.012500000000000001,-0.012500000000000001,false,backward
OLMo,13,12,0.99600752499405976,0.81562500000000004,-0.0031250000000000002,-0.0062500000000000003,false,backward
OLMo,13,14,0.9846392148773121,0.88437500000000002,-0.071874999999999994,-0.053124999999999999,false,forward
OLMo,13,15,0.96999922809198824,0.72187500000000004,0.090624999999999997,0.084375000000000006,false,forward
OLMo,14,0,0.69575209123081549,0.25,0.62187499999999996,0.0031250000000000002,false,backward
OLMo,14,1,0.90834715959934875,0.25,0.62187499999999996,0.0625,false,backward
OLMo,14,2,0.93913930584446392,0.25,0.62187499999999996,0.14999999999999999,false,backward
OLMo,14,3,0.94111720449794878,0.25,0.62187499999999996,0.12812499999999999,false,backward
OLMo,14,4,0.95662901171857362,0.25,0.62187499999999996,0.12812499999999999,false,backward
OLMo,14,5,0.94683412372091247,0.25312499999999999,0.61875000000000002,0.14999999999999999,false,backward
OLMo,14,6,0.95270205234095251,0.25,0.62187499999999996,0.234375,false,backward
OLMo,14,7,0.93947648569698083,0.34999999999999998,0.52187499999999998,0.13750000000000001,false,backward
OLMo,14,8,0.96461737471337483,0.34999999999999998,0.52187499999999998,0.14687500000000001,false,backward
OLMo,14,9,0.97005211765403188,0.359375,0.51249999999999996,0.203125,false,backward
OLMo,14,10,0.97578600939561499,0.41249999999999998,0.45937499999999998,0.22187499999999999,false,backward
OLMo,14,11,0.98425416859711112,0.59999999999999998,0.27187499999999998,0.1125,false,backward
OLMo,14,12,0.98382687635804245,0.81562500000000004,0.056250000000000001,-0.084375000000000006,false,backward
OLMo,14,13,0.9846392148773121,0.80625000000000002,0.065625000000000003,-0.046875,false,backward
OLMo,14,15,0.9939994959741465,0.69687500000000002,0.17499999999999999,0.13125000000000001,false,forward
OLMo,15,0,0.67970600401916781,0.25,0.68125000000000002,-0.065625000000000003,false,backward
OLMo,15,1,0.88963497009827708,0.25,0.68125000000000002,0.037499999999999999,false,backward
OLMo,15,2,0.92200084999991028,0.25,0.68125000000000002,0.19062499999999999,false,backward
OLMo,15,3,0.92754849750813051,0.25624999999999998,0.67500000000000004,0.025000000000000001,false,backward
OLMo,15,4,0.94145772355148494,0.27500000000000002,0.65625,0.046875,false,backward
OLMo,15,5,0.93060364745054303,0.28749999999999998,0.64375000000000004,0.140625,false,backward
OLMo,15,6,0.93493521194852469,0.25312499999999999,0.67812499999999998,0.140625,false,backward
OLMo,15,7,0.92363841121515933,0.25624999999999998,0.67500000000000004,0.23125000000000001,false,backward
OLMo,15,8,0.94841154239417857,0.33437499999999998,0.59687500000000004,0.265625,false,backward
OLMo,15,9,0.95321233148376328,0.36875000000000002,0.5625,0.24062500000000001,false,backward
OLMo,15,10,0.95712373296560105,0.33124999999999999,0.59999999999999998,0.390625,false,backward
OLMo,15,11,0.96726365796350267,0.4375,0.49375000000000002,0.40625,false,backward
OLMo,15,12,0.96687874021966236,0.57187500000000002,0.359375,0.25937500000000002,false,backward
OLMo,15,13,0.96999922809198824,0.65625,0.27500000000000002,0.21249999999999999,false,backward
OLMo,15,14,0.9939994959741465,0.734375,0.19687499999999999,0.090624999999999997,false,backward
Llama,0,1,0.88701628371845331,0.86875000000000002,0.10000000000000001,0.11874999999999999,false,forward
Llama,0,2,0.8338776202871615,0.65937500000000004,0.30937500000000001,0.31562499999999999,false,forward
Llama,0,3,0.78007707389929015,0.56874999999999998,0.40000000000000002,0.25312499999999999,false,forward
Llama,0,4,0.75220076109336909,0.49687500000000001,0.47187499999999999,0.25937500000000002,false,forward
Llama,0,5,0.73481923412632932,0.37187500000000001,0.59687500000000004,0.27187499999999998,false,forward
Llama,0,6,0.72011697234258776,0.27500000000000002,0.69374999999999998,0.32500000000000001,false,forward
Llama,0,7,0.70720908485513179,0.28437499999999999,0.68437499999999996,0.203125,false,forward
Llama,0,8,0.68454804949168169,0.484375,0.484375,0.13750000000000001,false,forward
Llama,0,9,0.68559674613143551,0.25312499999999999,0.71562499999999996,0.34999999999999998,false,forward
Llama,0,10,0.65903791105667353,0.25,0.71875,0.453125,false,forward
Llama,0,11,0.6379575284424881,0.265625,0.703125,0.38124999999999998,false,forward
Llama,0,12,0.6264075142210257,0.27500000000000002,0.69374999999999998,0.37187500000000001,false,forward
Llama,0,13,0.60405182733671503,0.33124999999999999,0.63749999999999996,0.26874999999999999,false,forward
Llama,0,14,0.58039210452069279,0.40937499999999999,0.55937499999999996,0.11562500000000001,false,forward
Llama,0,15,0.55936778095119422,0.45000000000000001,0.51875000000000004,0.018749999999999999,false,forward
Llama,1,0,0.88701628371845331,0.74375000000000002,0.25624999999999998,0.24374999999999999,false,backward
Llama,1,2,0.90099704800315095,0.99687499999999996,0.0031250000000000002,0.0031250000000000002,false,forward
Llama,1,3,0.8536879033354724,0.81874999999999998,0.18124999999999999,0.15937499999999999,false,forward
Llama,1,4,0.84039534571947083,0.94687500000000002,0.053124999999999999,0.021874999999999999,false,forward
Llama,1,5,0.79062645223037176,0.72812500000000002,0.27187499999999998,0.15312500000000001,false,forward
Llama,1,6,0.77932979574122763,0.66874999999999996,0.33124999999999999,0.19687499999999999,false,forward
Llama,1,7,0.7659909606364369,0.625,0.375,0.1875,false,forward
Llama,1,8,0.75922615716098496,0.30625000000000002,0.69374999999999998,0.38750000000000001,false,forward
Llama,1,9,0.75074351242968851,0.27812500000000001,0.72187500000000004,0.40312500000000001,false,forward
Llama,1,10,0.7177791633715781,0.265625,0.734375,0.42499999999999999,false,forward
Llama,1,11,0.69156646234836949,0.34687499999999999,0.65312499999999996,0.30625000000000002,false,forward
Llama,1,12,0.67853791191145008,0.375,0.625,0.328125,false,forward
Llama,1,13,0.65451813877343357,0.43437500000000001,0.56562500000000004,0.22812499999999999,false,forward
Llama,1,14,0.63346865113906814,0.66249999999999998,0.33750000000000002,-0.037499999999999999,false,forward
Llama,1,15,0.61603515509964002,0.44374999999999998,0.55625000000000002,0.14374999999999999,false,forward
Llama,2,0,0.8338776202871615,0.25,0.75,0.73124999999999996,false,backward
Llama,2,1,0.90099704800315095,0.33750000000000002,0.66249999999999998,0.66249999999999998,false,backward
Llama,2,3,0.94354089098883209,0.97812500000000002,0.021874999999999999,0.021874999999999999,false,forward
Llama,2,4,0.8827942269134974,0.91874999999999996,0.081250000000000003,0.074999999999999997,false,forward
Llama,2,5,0.87232952950146914,0.70937499999999998,0.29062500000000002,0.25,false,forward
Llama,2,6,0.86521060596430177,0.52500000000000002,0.47499999999999998,0.41875000000000001,false,forward
Llama,2,7,0.84932848557731089,0.44374999999999998,0.55625000000000002,0.45937499999999998,false,forward
Llama,2,8,0.8433157484902879,0.609375,0.390625,0.25937500000000002,false,forward
Llama,2,9,0.83237234628721923,0.58125000000000004,0.41875000000000001,0.29999999999999999,false,forward
Llama,2,10,0.81451473886219516,0.58437499999999998,0.41562500000000002,0.30625000000000002,false,forward
Llama,2,11,0.79578368038976499,0.40312500000000001,0.59687500000000004,0.40937499999999999,false,forward
Llama,2,12,0.78446283365707159,0.33750000000000002,0.66249999999999998,0.47812500000000002,false,forward
Llama,2,13,0.75303840486723861,0.29375000000000001,0.70625000000000004,0.484375,false,forward
Llama,2,14,0.72763787950189074,0.37812499999999999,0.62187499999999996,0.39687499999999998,false,forward
Llama,2,15,0.70635507237325501,0.29062500000000002,0.70937499999999998,0.30312499999999998,false,forward
Llama,3,0,0.78007707389929015,0.25,0.75,0.578125,false,backward
Llama,3,1,0.8536879033354724,0.25,0.75,0.68437499999999996,false,backward
Llama,3,2,0.94354089098883209,0.5,0.5,0.5,false,backward
Llama,3,4,0.94691465596397828,1,0,0,false,forward
Llama,3,5,0.94353526585324821,0.96562499999999996,0.034375000000000003,0.034375000000000003,false,forward
Llama,3,6,0.93419045594240924,0.84999999999999998,0.14999999999999999,0.14687500000000001,false,forward
Llama,3,7,0.92798931660654782,0.64375000000000004,0.35625000000000001,0.35625000000000001,false,forward
Llama,3,8,0.91730170413222423,0.63749999999999996,0.36249999999999999,0.34999999999999998,false,forward
Llama,3,9,0.91256716579357233,0.69999999999999996,0.29999999999999999,0.28437499999999999,false,forward
Llama,3,10,0.89787331777360468,0.65000000000000002,0.34999999999999998,0.32187500000000002,false,forward
Llama,3,11,0.88474681299960833,0.47187499999999999,0.52812499999999996,0.47499999999999998,false,forward
Llama,3,12,0.87683180746983036,0.47499999999999998,0.52500000000000002,0.41562500000000002,false,forward
Llama,3,13,0.85079304412251511,0.484375,0.515625,0.35625000000000001,false,forward
Llama,3,14,0.82874771231755073,0.74375000000000002,0.25624999999999998,0.056250000000000001,false,forward
Llama,3,15,0.8014238918050719,0.55937499999999996,0.44062499999999999,0.121875,false,forward
Llama,4,0,0.75220076109336909,0.25,0.75,0.45937499999999998,false,backward
Llama,4,1,0.84039534571947083,0.25,0.75,0.67812499999999998,false,backward
Llama,4,2,0.8827942269134974,0.34062500000000001,0.65937500000000004,0.65000000000000002,false,backward
Llama,4,3,0.94691465596397828,0.98750000000000004,0.012500000000000001,0.012500000000000001,false,backward
Llama,4,5,0.95894851779478674,1,0,0,false,forward
Llama,4,6,0.9487772828942328,0.98750000000000004,0.012500000000000001,0.012500000000000001,false,forward
Llama,4,7,0.93925253911556794,0.80312499999999998,0.19687499999999999,0.19375000000000001,false,forward
Llama,4,8,0.93161742831358918,0.80625000000000002,0.19375000000000001,0.19375000000000001,false,forward
Llama,4,9,0.91983087607962244,0.81562500000000004,0.18437500000000001,0.18124999999999999,false,forward
Llama,4,10,0.89770142794562913,0.72812500000000002,0.27187499999999998,0.25937500000000002,false,forward
Llama,4,11,0.88076913033187576,0.69062500000000004,0.30937500000000001,0.29062500000000002,false,forward
Llama,4,12,0.86849799305093844,0.66874999999999996,0.33124999999999999,0.29062500000000002,false,forward
Llama,4,13,0.83622827645536391,0.72499999999999998,0.27500000000000002,0.21249999999999999,false,forward
Llama,4,14,0.81449050761147146,0.859375,0.140625,0.046875,false,forward
Llama,4,15,0.78405141969082548,0.61875000000000002,0.38124999999999998,0.19687499999999999,false,forward
Llama,5,0,0.73481923412632932,0.25,0.75,0.36562499999999998,false,backward
Llama,5,1,0.79062645223037176,0.25,0.75,0.58437499999999998,false,backward
Llama,5,2,0.87232952950146914,0.31874999999999998,0.68125000000000002,0.671875,false,backward
Llama,5,3,0.94353526585324821,0.96562499999999996,0.034375000000000003,0.034375000000000003,false,backward
Llama,5,4,0.95894851779478674,1,0,0,false,backward
Llama,5,6,0.98280462953997494,1,0,0,false,forward
Llama,5,7,0.97003880866468484,0.98750000000000004,0.012500000000000001,0.0062500000000000003,false,forward
Llama,5,8,0.94692082746386863,0.87187499999999996,0.12812499999999999,0.12812499999999999,false,forward
Llama,5,9,0.93537423468752523,0.69374999999999998,0.30625000000000002,0.30312499999999998,false,forward
Llama,5,10,0.91670339089585562,0.61875000000000002,0.38124999999999998,0.36875000000000002,false,forward
Llama,5,11,0.90466887726207235,0.515625,0.484375,0.46562500000000001,false,forward
Llama,5,12,0.89639887541433327,0.48749999999999999,0.51249999999999996,0.47187499999999999,false,forward
Llama,5,13,0.85848461053161762,0.57499999999999996,0.42499999999999999,0.35312500000000002,false,forward
Llama,5,14,0.8315750651395537,0.921875,0.078125,-0.0031250000000000002,false,forward
Llama,5,15,0.79577946705381786,0.77812499999999996,0.22187499999999999,0.043749999999999997,false,forward
Llama,6,0,0.72011697234258776,0.25,0.75,0.18124999999999999,false,backward
Llama,6,1,0.77932979574122763,0.25,0.75,0.47812500000000002,false,backward
Llama,6,2,0.86521060596430177,0.25,0.75,0.69687500000000002,false,backward
Llama,6,3,0.93419045594240924,0.53125,0.46875,0.46875,false,backward
Llama,6,4,0.9487772828942328,0.9375,0.0625,0.0625,false,backward
Llama,6,5,0.98280462953997494,0.99687499999999996,0.0031250000000000002,0.0031250000000000002,false,backward
Llama,6,7,0.98198887841623506,0.99375000000000002,0.0062500000000000003,0.0031250000000000002,false,forward
Llama,6,8,0.96198315156571412,0.99375000000000002,0.0062500000000000003,0.0062500000000000003,false,forward
Llama,6,9,0.94562920795790406,0.91249999999999998,0.087499999999999994,0.087499999999999994,false,forward
Llama,6,10,0.92840632767450415,0.75312500000000004,0.24687500000000001,0.24374999999999999,false,forward
Llama,6,11,0.91611348162522921,0.55000000000000004,0.45000000000000001,0.44062499999999999,false,forward
Llama,6,12,0.90660036319094206,0.55000000000000004,0.45000000000000001,0.43437500000000001,false,forward
Llama,6,13,0.86663647383318754,0.65625,0.34375,0.3125,false,forward
Llama,6,14,0.83913303520104132,0.89375000000000004,0.10625,0.078125,false,forward
Llama,6,15,0.80344710722045543,0.89375000000000004,0.10625,0.015625,false,forward
Llama,7,0,0.70720908485513179,0.25,0.75,0.203125,false,backward
Llama,7,1,0.7659909606364369,0.25,0.75,0.37187500000000001,false,backward
Llama,7,2,0.84932848557731089,0.25,0.75,0.62812500000000004,false,backward
Llama,7,3,0.92798931660654782,0.25312499999999999,0.74687499999999996,0.73750000000000004,false,backward
Llama,7,4,0.93925253911556794,0.91562500000000002,0.084375000000000006,0.081250000000000003,false,backward
Llama,7,5,0.97003880866468484,0.99375000000000002,0.0062500000000000003,0.0062500000000000003,false,backward
Llama,7,6,0.98198887841623506,1,0,-0.0031250000000000002,false,backward
Llama,7,8,0.97681491039963342,1,0,0,false,forward
Llama,7,9,0.96720831635430804,0.984375,0.015625,0.015625,false,forward
Llama,7,10,0.95079113962745232,0.89375000000000004,0.10625,0.10625,false,forward
Llama,7,11,0.93550742566302292,0.73124999999999996,0.26874999999999999,0.265625,false,forward
Llama,7,12,0.9266367343480213,0.6875,0.3125,0.30625000000000002,false,forward
Llama,7,13,0.88980848864075435,0.6875,0.3125,0.296875,false,forward
Llama,7,14,0.86360257011263541,0.86562499999999998,0.13437499999999999,0.12812499999999999,false,forward
Llama,7,15,0.82886839535879475,0.828125,0.171875,0.11874999999999999,false,forward
Llama,8,0,0.68454804949168169,0.25,0.75,0.25937500000000002,false,backward
Llama,8,1,0.75922615716098496,0.25,0.75,0.24687500000000001,false,backward
Llama,8,2,0.8433157484902879,0.25,0.75,0.57187500000000002,false,backward
Llama,8,3,0.91730170413222423,0.30625000000000002,0.69374999999999998,0.65000000000000002,false,backward
Llama,8,4,0.93161742831358918,0.5625,0.4375,0.4375,false,backward
Llama,8,5,0.94692082746386863,0.83437499999999998,0.16562499999999999,0.16250000000000001,false,backward
Llama,8,6,0.96198315156571412,0.99062499999999998,0.0093749999999999997,0.0062500000000000003,false,backward
Llama,8,7,0.97681491039963342,0.99687499999999996,0.0031250000000000002,0,false,backward
Llama,8,9,0.98027968431457491,1,0,-0.0031250000000000002,false,forward
Llama,8,10,0.96788099483327272,1,0,0,false,forward
Llama,8,11,0.95034750945186219,1,0,0,false,forward
Llama,8,12,0.93950242888149049,1,0,0,false,forward
Llama,8,13,0.8989047693331178,0.99375000000000002,0.0062500000000000003,0.0062500000000000003,false,forward
Llama,8,14,0.8717092223522741,0.98124999999999996,0.018749999999999999,0.018749999999999999,false,forward
Llama,8,15,0.83503859484775533,0.54062500000000002,0.45937499999999998,0.45937499999999998,false,forward
Llama,9,0,0.68559674613143551,0.25,0.75,0.234375,false,backward
Llama,9,1,0.75074351242968851,0.25,0.75,0.265625,false,backward
Llama,9,2,0.83237234628721923,0.25,0.75,0.625,false,backward
Llama,9,3,0.91256716579357233,0.25,0.75,0.69999999999999996,false,backward
Llama,9,4,0.91983087607962244,0.25937500000000002,0.74062499999999998,0.71875,false,backward
Llama,9,5,0.93537423468752523,0.6875,0.3125,0.30312499999999998,false,backward
Llama,9,6,0.94562920795790406,0.94999999999999996,0.050000000000000003,0.050000000000000003,false,backward
Llama,9,7,0.96720831635430804,0.99687499999999996,0.0031250000000000002,0.0031250000000000002,false,backward
Llama,9,8,0.98027968431457491,1,0,0,false,backward
Llama,9,10,0.98816141415029046,1,0,0,false,forward
Llama,9,11,0.97457523247676958,1,0,0,false,forward
Llama,9,12,0.96611838094418545,1,0,-0.0031250000000000002,false,forward
Llama,9,13,0.93797868637863879,1,0,0,false,forward
Llama,9,14,0.91529326249487419,0.99375000000000002,0.0062500000000000003,0.0062500000000000003,false,forward
Llama,9,15,0.8799340672849888,0.76875000000000004,0.23125000000000001,0.23125000000000001,false,forward
Llama,10,0,0.65903791105667353,0.25,0.75,0.36562499999999998,false,backward
Llama,10,1,0.7177791633715781,0.25,0.75,0.29999999999999999,false,backward
Llama,10,2,0.81451473886219516,0.53125,0.46875,0.27187499999999998,false,backward
Llama,10,3,0.89787331777360468,0.71250000000000002,0.28749999999999998,0.24062500000000001,false,backward
Llama,10,4,0.89770142794562913,0.73124999999999996,0.26874999999999999,0.24062500000000001,false,backward
Llama,10,5,0.91670339089585562,0.921875,0.078125,0.071874999999999994,false,backward
Llama,10,6,0.92840632767450415,0.984375,0.015625,0.012500000000000001,false,backward
Llama,10,7,0.95079113962745232,0.99687499999999996,0.0031250000000000002,0,false,backward
Llama,10,8,0.96788099483327272,0.99687499999999996,0.0031250000000000002,0,false,backward
Llama,10,9,0.98816141415029046,1,0,-0.0031250000000000002,false,backward
Llama,10,11,0.99153306267935148,1,0,0,false,forward
Llama,10,12,0.9843984857199487,0.99687499999999996,0.0031250000000000002,0.0031250000000000002,false,forward
Llama,10,13,0.95940942004395657,0.99375000000000002,0.0062500000000000003,0.0062500000000000003,false,forward
Llama,10,14,0.93819934094592072,1,0,0,false,forward
Llama,10,15,0.90357341844780037,0.83750000000000002,0.16250000000000001,0.16250000000000001,false,forward
Llama,11,0,0.6379575284424881,0.25,0.75,0.24687500000000001,false,backward
Llama,11,1,0.69156646234836949,0.25,0.75,0.24687500000000001,false,backward
Llama,11,2,0.79578368038976499,0.25,0.75,0.42499999999999999,false,backward
Llama,11,3,0.88474681299960833,0.25,0.75,0.58750000000000002,false,backward
Llama,11,4,0.88076913033187576,0.25,0.75,0.66562500000000002,false,backward
Llama,11,5,0.90466887726207235,0.25,0.75,0.69999999999999996,false,backward
Llama,11,6,0.91611348162522921,0.25,0.75,0.74062499999999998,false,backward
Llama,11,7,0.93550742566302292,0.25624999999999998,0.74375000000000002,0.73750000000000004,false,backward
Llama,11,8,0.95034750945186219,0.63124999999999998,0.36875000000000002,0.36562499999999998,false,backward
Llama,11,9,0.97457523247676958,0.99062499999999998,0.0093749999999999997,0.0062500000000000003,false,backward
Llama,11,10,0.99153306267935148,1,0,0,false,backward
Llama,11,12,0.99603243318558665,1,0,0,false,forward
Llama,11,13,0.9779585091810632,0.99687499999999996,0.0031250000000000002,0.0031250000000000002,false,forward
Llama,11,14,0.96109808941668828,0.99375000000000002,0.0062500000000000003,0.0062500000000000003,false,forward
Llama,11,15,0.92832366644206499,0.96562499999999996,0.034375000000000003,0.034375000000000003,false,forward
Llama,12,0,0.6264075142210257,0.25,0.75,0.265625,false,backward
Llama,12,1,0.67853791191145008,0.25,0.75,0.33124999999999999,false,backward
Llama,12,2,0.78446283365707159,0.25,0.75,0.50937500000000002,false,backward
Llama,12,3,0.87683180746983036,0.29062500000000002,0.70937499999999998,0.61562499999999998,false,backward
Llama,12,4,0.86849799305093844,0.53749999999999998,0.46250000000000002,0.43437500000000001,false,backward
Llama,12,5,0.89639887541433327,0.84999999999999998,0.14999999999999999,0.13125000000000001,false,backward
Llama,12,6,0.90660036319094206,0.92812499999999998,0.071874999999999994,0.071874999999999994,false,backward
Llama,12,7,0.9266367343480213,0.95625000000000004,0.043749999999999997,0.040625000000000001,false,backward
Llama,12,8,0.93950242888149049,0.97187500000000004,0.028125000000000001,0.025000000000000001,false,backward
Llama,12,9,0.96611838094418545,1,0,0,false,backward
Llama,12,10,0.9843984857199487,1,0,0,false,backward
Llama,12,11,0.99603243318558665,1,0,0,false,backward
Llama,12,13,0.98444116343364119,1,0,0,false,forward
Llama,12,14,0.97010047229157592,0.99375000000000002,0.0062500000000000003,0.0062500000000000003,false,forward
Llama,12,15,0.93818440849255225,0.96562499999999996,0.034375000000000003,0.034375000000000003,false,forward
Llama,13,0,0.60405182733671503,0.28125,0.71875,0.25,false,backward
Llama,13,1,0.65451813877343357,0.359375,0.640625,0.14999999999999999,false,backward
Llama,13,2,0.75303840486723861,0.70937499999999998,0.29062500000000002,-0.0031250000000000002,false,backward
Llama,13,3,0.85079304412251511,0.87812500000000004,0.121875,-0.0093749999999999997,false,backward
Llama,13,4,0.83622827645536391,0.95937499999999998,0.040625000000000001,-0.0062500000000000003,false,backward
Llama,13,5,0.85848461053161762,0.97187500000000004,0.028125000000000001,0.015625,false,backward
Llama,13,6,0.86663647383318754,0.97499999999999998,0.025000000000000001,0.025000000000000001,false,backward
Llama,13,7,0.88980848864075435,0.98750000000000004,0.012500000000000001,0.012500000000000001,false,backward
Llama,13,8,0.8989047693331178,0.98124999999999996,0.018749999999999999,0.018749999999999999,false,backward
Llama,13,9,0.93797868637863879,1,0,0,false,backward
Llama,13,10,0.95940942004395657,1,0,0,false,backward
Llama,13,11,0.9779585091810632,1,0,0,false,backward
Llama,13,12,0.98444116343364119,1,0,0,false,backward
Llama,13,14,0.99137575814124135,0.99375000000000002,0.0062500000000000003,0.0062500000000000003,false,forward
Llama,13,15,0.96707154323583677,0.95937499999999998,0.040625000000000001,0.037499999999999999,false,forward
Llama,14,0,0.58039210452069279,0.25624999999999998,0.74062499999999998,0.25,false,backward
Llama,14,1,0.63346865113906814,0.37812499999999999,0.61875000000000002,0.109375,false,backward
Llama,14,2,0.72763787950189074,0.41875000000000001,0.578125,0.35625000000000001,false,backward
Llama,14,3,0.82874771231755073,0.46875,0.52812499999999996,0.41562500000000002,false,backward
Llama,14,4,0.81449050761147146,0.72812500000000002,0.26874999999999999,0.24374999999999999,false,backward
Llama,14,5,0.8315750651395537,0.92812499999999998,0.068750000000000006,0.056250000000000001,false,backward
Llama,14,6,0.83913303520104132,0.94374999999999998,0.053124999999999999,0.056250000000000001,false,backward
Llama,14,7,0.86360257011263541,0.96875,0.028125000000000001,0.03125,false,backward
Llama,14,8,0.8717092223522741,0.97812500000000002,0.018749999999999999,0.018749999999999999,false,backward
Llama,14,9,0.91529326249487419,0.99375000000000002,0.0031250000000000002,0.0062500000000000003,false,backward
Llama,14,10,0.93819934094592072,1,-0.0031250000000000002,0,false,backward
Llama,14,11,0.96109808941668828,0.99687499999999996,0,0,false,backward
Llama,14,12,0.97010047229157592,1,-0.0031250000000000002,0,false,backward
Llama,14,13,0.99137575814124135,1,-0.0031250000000000002,0,false,backward
Llama,14,15,0.98026011777709354,0.97187500000000004,0.025000000000000001,0.025000000000000001,false,forward
Llama,15,0,0.55936778095119422,0.29062500000000002,0.70625000000000004,0.068750000000000006,false,backward
Llama,15,1,0.61603515509964002,0.25624999999999998,0.74062499999999998,0.3125,false,backward
Llama,15,2,0.70635507237325501,0.49687500000000001,0.5,0.084375000000000006,false,backward
Llama,15,3,0.8014238918050719,0.74062499999999998,0.25624999999999998,0.0062500000000000003,false,backward
Llama,15,4,0.78405141969082548,0.72812500000000002,0.26874999999999999,0.16562499999999999,false,backward
Llama,15,5,0.79577946705381786,0.64687499999999998,0.34999999999999998,0.24062500000000001,false,backward
Llama,15,6,0.80344710722045543,0.80000000000000004,0.19687499999999999,0.18124999999999999,false,backward
Llama,15,7,0.82886839535879475,0.90312499999999996,0.09375,0.084375000000000006,false,backward
Llama,15,8,0.83503859484775533,0.97187500000000004,0.025000000000000001,0.028125000000000001,false,backward
Llama,15,9,0.8799340672849888,0.99375000000000002,0.0031250000000000002,0.0062500000000000003,false,backward
Llama,15,10,0.90357341844780037,0.99375000000000002,0.0031250000000000002,0.0031250000000000002,false,backward
Llama,15,11,0.92832366644206499,0.99687499999999996,0,0,false,backward
Llama,15,12,0.93818440849255225,0.99687499999999996,0,0,false,backward
Llama,15,13,0.96707154323583677,0.99062499999999998,0.0062500000000000003,0.0031250000000000002,false,backward
Llama,15,14,0.98026011777709354,0.99375000000000002,0.0031250000000000002,0.0031250000000000002,false,backward
