model,layer,split,source_group,target_group,beta,intervention_type,rsm_pearson,invariant_violation_score,rsm_frobenius_distance,ivs_advantage_vs_random
Qwen/Qwen3-1.7B,16,A_original_fit_paraphrase_eval,logic,causality,0.5,task,0.999944710904878,5.528909512197977e-05,0.03856187449915242,-5.011522110809352e-05
Qwen/Qwen3-1.7B,16,A_original_fit_paraphrase_eval,logic,causality,0.5,matched_random,0.9999948261259861,5.173874013886248e-06,0.026935816139974474,-5.011522110809352e-05
Qwen/Qwen3-1.7B,16,A_original_fit_paraphrase_eval,logic,causality,0.5,opposite,0.9999899336841551,1.0066315844881046e-05,0.02212195656632522,-5.011522110809352e-05
Qwen/Qwen3-1.7B,16,A_original_fit_paraphrase_eval,logic,causality,0.75,task,0.9998193537042597,0.00018064629574032764,0.07213458647373304,-0.00013561283814800262
Qwen/Qwen3-1.7B,16,A_original_fit_paraphrase_eval,logic,causality,0.75,matched_random,0.9999549665424077,4.503345759232502e-05,0.05785562452607673,-0.00013561283814800262
Qwen/Qwen3-1.7B,16,A_original_fit_paraphrase_eval,logic,causality,0.75,opposite,0.9999353056290923,6.469437090772523e-05,0.051837586405689556,-0.00013561283814800262
Qwen/Qwen3-1.7B,16,A_original_fit_paraphrase_eval,logic,causality,1.0,task,0.9996128934922457,0.000387106507754309,0.10821396145433292,-0.00024064923829913987
Qwen/Qwen3-1.7B,16,A_original_fit_paraphrase_eval,logic,causality,1.0,matched_random,0.9998535427305448,0.00014645726945516913,0.0933548228136488,-0.00024064923829913987
Qwen/Qwen3-1.7B,16,A_original_fit_paraphrase_eval,logic,causality,1.0,opposite,0.9998088928412325,0.0001911071587674673,0.08701364368977625,-0.00024064923829913987
Qwen/Qwen3-1.7B,16,A_original_fit_paraphrase_eval,logic,analogy,0.5,task,0.99991393676381,8.606323618998157e-05,0.0366000747288163,-5.24784343756135e-05
Qwen/Qwen3-1.7B,16,A_original_fit_paraphrase_eval,logic,analogy,0.5,matched_random,0.9999664151981856,3.358480181436807e-05,0.026411660991599122,-5.24784343756135e-05
Qwen/Qwen3-1.7B,16,A_original_fit_paraphrase_eval,logic,analogy,0.5,opposite,0.9999999997861949,2.138050847477757e-10,0.016987633123463852,-5.24784343756135e-05
Qwen/Qwen3-1.7B,16,A_original_fit_paraphrase_eval,logic,analogy,0.75,task,0.999755137824723,0.00024486217527697196,0.06770872144479796,-0.00012020793767797411
Qwen/Qwen3-1.7B,16,A_original_fit_paraphrase_eval,logic,analogy,0.75,matched_random,0.999875345762401,0.00012465423759899785,0.054989754460554985,-0.00012020793767797411
Qwen/Qwen3-1.7B,16,A_original_fit_paraphrase_eval,logic,analogy,0.75,opposite,0.9999882729768947,1.1727023105256862e-05,0.042981066761212446,-0.00012020793767797411
Qwen/Qwen3-1.7B,16,A_original_fit_paraphrase_eval,logic,analogy,1.0,task,0.9995138073401267,0.00048619265987326354,0.10148525151953072,-0.0001949481818090959
Qwen/Qwen3-1.7B,16,A_original_fit_paraphrase_eval,logic,analogy,1.0,matched_random,0.9997087555219358,0.00029124447806416764,0.0879738464256654,-0.0001949481818090959
Qwen/Qwen3-1.7B,16,A_original_fit_paraphrase_eval,logic,analogy,1.0,opposite,0.9999337324392914,6.62675607085994e-05,0.0750377465156246,-0.0001949481818090959
Qwen/Qwen3-1.7B,16,A_original_fit_paraphrase_eval,logic,definition,0.5,task,0.9999741637926816,2.5836207318441495e-05,0.03416366190017687,-1.7854686347851256e-05
Qwen/Qwen3-1.7B,16,A_original_fit_paraphrase_eval,logic,definition,0.5,matched_random,0.9999920184790294,7.981520970590239e-06,0.029382273974555468,-1.7854686347851256e-05
Qwen/Qwen3-1.7B,16,A_original_fit_paraphrase_eval,logic,definition,0.5,opposite,0.999974419638218,2.558036178201828e-05,0.023193279210691236,-1.7854686347851256e-05
Qwen/Qwen3-1.7B,16,A_original_fit_paraphrase_eval,logic,definition,0.75,task,0.999895472123132,0.00010452787686798803,0.065716106221981,-5.333167754739687e-05
Qwen/Qwen3-1.7B,16,A_original_fit_paraphrase_eval,logic,definition,0.75,matched_random,0.9999488038006794,5.119619932059116e-05,0.0597813953633103,-5.333167754739687e-05
Qwen/Qwen3-1.7B,16,A_original_fit_paraphrase_eval,logic,definition,0.75,opposite,0.9998917019251449,0.00010829807485512877,0.05202008493907455,-5.333167754739687e-05
Qwen/Qwen3-1.7B,16,A_original_fit_paraphrase_eval,logic,definition,1.0,task,0.9997466148914605,0.00025338510853945007,0.10045635756533533,-0.00010211377760072082
Qwen/Qwen3-1.7B,16,A_original_fit_paraphrase_eval,logic,definition,1.0,matched_random,0.9998487286690613,0.00015127133093872924,0.09420452109204962,-0.00010211377760072082
Qwen/Qwen3-1.7B,16,A_original_fit_paraphrase_eval,logic,definition,1.0,opposite,0.9997304750113397,0.00026952498866028574,0.08596862288374953,-0.00010211377760072082
Qwen/Qwen3-1.7B,16,A_original_fit_paraphrase_eval,causality,logic,0.5,task,0.999982670168476,1.7329831524026673e-05,0.02512022825387239,0.0004201766233614679
Qwen/Qwen3-1.7B,16,A_original_fit_paraphrase_eval,causality,logic,0.5,matched_random,0.9995624935451145,0.00043750645488549456,0.02890105382972687,0.0004201766233614679
Qwen/Qwen3-1.7B,16,A_original_fit_paraphrase_eval,causality,logic,0.5,opposite,0.9999713843950493,2.861560495071025e-05,0.07955246494436914,0.0004201766233614679
Qwen/Qwen3-1.7B,16,A_original_fit_paraphrase_eval,causality,logic,0.75,task,0.9998808518733565,0.00011914812664348684,0.009820265040588217,0.000938533413504028
Qwen/Qwen3-1.7B,16,A_original_fit_paraphrase_eval,causality,logic,0.75,matched_random,0.9989423184598525,0.0010576815401475148,0.06327775310681082,0.000938533413504028
Qwen/Qwen3-1.7B,16,A_original_fit_paraphrase_eval,causality,logic,0.75,opposite,0.9999095791606505,9.042083934951428e-05,0.12499500412497878,0.000938533413504028
Qwen/Qwen3-1.7B,16,A_original_fit_paraphrase_eval,causality,logic,1.0,task,0.9996037433841404,0.0003962566158596248,0.024736002347428572,0.0014752575619423336
Qwen/Qwen3-1.7B,16,A_original_fit_paraphrase_eval,causality,logic,1.0,matched_random,0.998128485822198,0.0018715141778019584,0.10380458935547494,0.0014752575619423336
Qwen/Qwen3-1.7B,16,A_original_fit_paraphrase_eval,causality,logic,1.0,opposite,0.999808519336467,0.00019148066353302795,0.16832099058011946,0.0014752575619423336
Qwen/Qwen3-1.7B,16,A_original_fit_paraphrase_eval,causality,analogy,0.5,task,0.999935239224003,6.476077599704144e-05,0.005201973474026845,-4.651002622291234e-05
Qwen/Qwen3-1.7B,16,A_original_fit_paraphrase_eval,causality,analogy,0.5,matched_random,0.9999817492502259,1.8250749774129105e-05,0.04091344928580381,-4.651002622291234e-05
Qwen/Qwen3-1.7B,16,A_original_fit_paraphrase_eval,causality,analogy,0.5,opposite,0.9999716736812094,2.8326318790572458e-05,0.0817679918438234,-4.651002622291234e-05
Qwen/Qwen3-1.7B,16,A_original_fit_paraphrase_eval,causality,analogy,0.75,task,0.9996881948106795,0.00031180518932050205,0.03127543511773297,-0.0003083891901597413
Qwen/Qwen3-1.7B,16,A_original_fit_paraphrase_eval,causality,analogy,0.75,matched_random,0.9999965840008392,3.415999160760741e-06,0.0845629315006498,-0.0003083891901597413
Qwen/Qwen3-1.7B,16,A_original_fit_paraphrase_eval,causality,analogy,0.75,opposite,0.9998992640254988,0.0001007359745012204,0.13230992292415109,-0.0003083891901597413
Qwen/Qwen3-1.7B,16,A_original_fit_paraphrase_eval,causality,analogy,1.0,task,0.9991681736985158,0.0008318263014841509,0.07724513640991959,-0.0008262013836849436
Qwen/Qwen3-1.7B,16,A_original_fit_paraphrase_eval,causality,analogy,1.0,matched_random,0.9999943750822008,5.624917799207374e-06,0.1327510564145937,-0.0008262013836849436
Qwen/Qwen3-1.7B,16,A_original_fit_paraphrase_eval,causality,analogy,1.0,opposite,0.9997777154453322,0.0002222845546677732,0.1803371105838205,-0.0008262013836849436
Qwen/Qwen3-1.7B,16,A_original_fit_paraphrase_eval,causality,definition,0.5,task,0.9998434169586552,0.00015658304134480439,0.003346693172193897,-0.00012977231063349137
Qwen/Qwen3-1.7B,16,A_original_fit_paraphrase_eval,causality,definition,0.5,matched_random,0.9999731892692887,2.6810730711313013e-05,0.017152352516013616,-0.00012977231063349137
Qwen/Qwen3-1.7B,16,A_original_fit_paraphrase_eval,causality,definition,0.5,opposite,0.9999626501111438,3.7349888856175184e-05,0.04234165027628729,-0.00012977231063349137
Qwen/Qwen3-1.7B,16,A_original_fit_paraphrase_eval,causality,definition,0.75,task,0.9995896380466419,0.0004103619533580849,0.011158939664955786,-0.00032723205366769204
Qwen/Qwen3-1.7B,16,A_original_fit_paraphrase_eval,causality,definition,0.75,matched_random,0.9999168701003096,8.312989969039286e-05,0.03930896734718593,-0.00032723205366769204
Qwen/Qwen3-1.7B,16,A_original_fit_paraphrase_eval,causality,definition,0.75,opposite,0.9999551659330491,4.483406695088288e-05,0.07263933720234336,-0.00032723205366769204
Qwen/Qwen3-1.7B,16,A_original_fit_paraphrase_eval,causality,definition,1.0,task,0.9992026707026114,0.000797329297388627,0.034157811632972025,-0.0006155193240883206
Qwen/Qwen3-1.7B,16,A_original_fit_paraphrase_eval,causality,definition,1.0,matched_random,0.9998181900266997,0.00018180997330030646,0.06743806668256616,-0.0006155193240883206
Qwen/Qwen3-1.7B,16,A_original_fit_paraphrase_eval,causality,definition,1.0,opposite,0.9999644203528256,3.557964717437745e-05,0.10544294221913258,-0.0006155193240883206
Qwen/Qwen3-1.7B,16,A_original_fit_paraphrase_eval,analogy,logic,0.5,task,0.9995775095965096,0.00042249040349040534,0.01465059310016806,-0.0003876228746750865
Qwen/Qwen3-1.7B,16,A_original_fit_paraphrase_eval,analogy,logic,0.5,matched_random,0.9999651324711847,3.486752881531885e-05,0.036116641849133706,-0.0003876228746750865
Qwen/Qwen3-1.7B,16,A_original_fit_paraphrase_eval,analogy,logic,0.5,opposite,0.9998943597857848,0.00010564021421521907,0.07718367306672458,-0.0003876228746750865
Qwen/Qwen3-1.7B,16,A_original_fit_paraphrase_eval,analogy,logic,0.75,task,0.9989060506186113,0.0010939493813887369,0.01781817164906058,-0.0009655378656303615
Qwen/Qwen3-1.7B,16,A_original_fit_paraphrase_eval,analogy,logic,0.75,matched_random,0.9998715884842416,0.0001284115157583754,0.07473451690643843,-0.0009655378656303615
Qwen/Qwen3-1.7B,16,A_original_fit_paraphrase_eval,analogy,logic,0.75,opposite,0.999853666456946,0.00014633354305404467,0.12489816634161624,-0.0009655378656303615
Qwen/Qwen3-1.7B,16,A_original_fit_paraphrase_eval,analogy,logic,1.0,task,0.9979605659698165,0.0020394340301834735,0.05323577006745346,-0.0017346694814943664
Qwen/Qwen3-1.7B,16,A_original_fit_paraphrase_eval,analogy,logic,1.0,matched_random,0.9996952354513109,0.0003047645486891071,0.11906216721574008,-0.0017346694814943664
Qwen/Qwen3-1.7B,16,A_original_fit_paraphrase_eval,analogy,logic,1.0,opposite,0.9998450969949984,0.00015490300500164977,0.1715894949975279,-0.0017346694814943664
Qwen/Qwen3-1.7B,16,A_original_fit_paraphrase_eval,analogy,causality,0.5,task,0.9984098519936274,0.0015901480063725826,0.02757527838581087,-0.0015752408052659428
Qwen/Qwen3-1.7B,16,A_original_fit_paraphrase_eval,analogy,causality,0.5,matched_random,0.9999850927988934,1.4907201106639789e-05,0.054940312386429394,-0.0015752408052659428
Qwen/Qwen3-1.7B,16,A_original_fit_paraphrase_eval,analogy,causality,0.5,opposite,0.9996555287298771,0.0003444712701229369,0.07942051948899387,-0.0015752408052659428
Qwen/Qwen3-1.7B,16,A_original_fit_paraphrase_eval,analogy,causality,0.75,task,0.9962419953447222,0.003758004655277758,0.07442960061051168,-0.0036656313744808378
Qwen/Qwen3-1.7B,16,A_original_fit_paraphrase_eval,analogy,causality,0.75,matched_random,0.9999076267192031,9.23732807969202e-05,0.10775515073499274,-0.0036656313744808378
Qwen/Qwen3-1.7B,16,A_original_fit_paraphrase_eval,analogy,causality,0.75,opposite,0.9995969031240804,0.0004030968759195508,0.13589380625191164,-0.0036656313744808378
Qwen/Qwen3-1.7B,16,A_original_fit_paraphrase_eval,analogy,causality,1.0,task,0.9937229175494288,0.006277082450571236,0.13015776321817413,-0.00601183708912878
Qwen/Qwen3-1.7B,16,A_original_fit_paraphrase_eval,analogy,causality,1.0,matched_random,0.9997347546385575,0.0002652453614424566,0.16326428627854014,-0.00601183708912878
Qwen/Qwen3-1.7B,16,A_original_fit_paraphrase_eval,analogy,causality,1.0,opposite,0.9996576452949321,0.00034235470506793764,0.19078268603603865,-0.00601183708912878
Qwen/Qwen3-1.7B,16,A_original_fit_paraphrase_eval,analogy,definition,0.5,task,0.9990273251665927,0.0009726748334073498,0.02207582013508422,-0.000967880595466597
Qwen/Qwen3-1.7B,16,A_original_fit_paraphrase_eval,analogy,definition,0.5,matched_random,0.9999952057620592,4.7942379407528435e-06,0.048089306862288524,-0.000967880595466597
Qwen/Qwen3-1.7B,16,A_original_fit_paraphrase_eval,analogy,definition,0.5,opposite,0.9997564144295892,0.0002435855704108203,0.07809354038323518,-0.000967880595466597
Qwen/Qwen3-1.7B,16,A_original_fit_paraphrase_eval,analogy,definition,0.75,task,0.9976912005089627,0.00230879949103735,0.06478378931275053,-0.002261634095889198
Qwen/Qwen3-1.7B,16,A_original_fit_paraphrase_eval,analogy,definition,0.75,matched_random,0.9999528346048518,4.71653951481521e-05,0.09768894350610037,-0.002261634095889198
Qwen/Qwen3-1.7B,16,A_original_fit_paraphrase_eval,analogy,definition,0.75,opposite,0.999684898768999,0.0003151012310009804,0.1326652158411293,-0.002261634095889198
Qwen/Qwen3-1.7B,16,A_original_fit_paraphrase_eval,analogy,definition,1.0,task,0.9961165273362874,0.003883472663712584,0.11786426091943213,-0.0037257262845969974
Qwen/Qwen3-1.7B,16,A_original_fit_paraphrase_eval,analogy,definition,1.0,matched_random,0.9998422536208844,0.00015774637911558642,0.1513346367362463,-0.0037257262845969974
Qwen/Qwen3-1.7B,16,A_original_fit_paraphrase_eval,analogy,definition,1.0,opposite,0.9996925782817042,0.00030742171829578613,0.18600825795276246,-0.0037257262845969974
Qwen/Qwen3-1.7B,16,A_original_fit_paraphrase_eval,definition,logic,0.5,task,0.9990520438447289,0.0009479561552711013,0.01723648723132263,-0.0006049077948346859
Qwen/Qwen3-1.7B,16,A_original_fit_paraphrase_eval,definition,logic,0.5,matched_random,0.9996569516395636,0.0003430483604364154,0.03157887426342682,-0.0006049077948346859
Qwen/Qwen3-1.7B,16,A_original_fit_paraphrase_eval,definition,logic,0.5,opposite,0.9974119548326531,0.0025880451673468974,0.0937001606168103,-0.0006049077948346859
Qwen/Qwen3-1.7B,16,A_original_fit_paraphrase_eval,definition,logic,0.75,task,0.9989455269187734,0.0010544730812266367,0.01139890896796793,0.00025610842067791406
Qwen/Qwen3-1.7B,16,A_original_fit_paraphrase_eval,definition,logic,0.75,matched_random,0.9986894184980954,0.0013105815019045508,0.07471332381969284,0.00025610842067791406
Qwen/Qwen3-1.7B,16,A_original_fit_paraphrase_eval,definition,logic,0.75,opposite,0.9941288528953446,0.0058711471046554164,0.1509921981359777,0.00025610842067791406
Qwen/Qwen3-1.7B,16,A_original_fit_paraphrase_eval,definition,logic,1.0,task,0.9993881083083638,0.0006118916916362238,0.05616493214355356,0.00257622982928285
Qwen/Qwen3-1.7B,16,A_original_fit_paraphrase_eval,definition,logic,1.0,matched_random,0.9968118784790809,0.003188121520919074,0.12680996625140104,0.00257622982928285
Qwen/Qwen3-1.7B,16,A_original_fit_paraphrase_eval,definition,logic,1.0,opposite,0.9899640760044243,0.010035923995575735,0.2068957063871942,0.00257622982928285
Qwen/Qwen3-1.7B,16,A_original_fit_paraphrase_eval,definition,causality,0.5,task,0.9995946394915127,0.00040536050848727356,0.025864829915608352,0.0011042844435428245
Qwen/Qwen3-1.7B,16,A_original_fit_paraphrase_eval,definition,causality,0.5,matched_random,0.9984903550479699,0.001509644952030098,0.025767635237102498,0.0011042844435428245
Qwen/Qwen3-1.7B,16,A_original_fit_paraphrase_eval,definition,causality,0.5,opposite,0.999998726775578,1.2732244220048372e-06,0.03177098132986516,0.0011042844435428245
Qwen/Qwen3-1.7B,16,A_original_fit_paraphrase_eval,definition,causality,0.75,task,0.9987260700553661,0.0012739299446339336,0.05716894184623908,0.0026934937176990026
Qwen/Qwen3-1.7B,16,A_original_fit_paraphrase_eval,definition,causality,0.75,matched_random,0.9960325763376671,0.003967423662332936,0.05697266599748672,0.0026934937176990026
Qwen/Qwen3-1.7B,16,A_original_fit_paraphrase_eval,definition,causality,0.75,opposite,0.9999758720628213,2.4127937178652914e-05,0.06506938411746642,0.0026934937176990026
Qwen/Qwen3-1.7B,16,A_original_fit_paraphrase_eval,definition,causality,1.0,task,0.9971654377248538,0.002834562275146224,0.09608019956634725,0.004898298482924446
Qwen/Qwen3-1.7B,16,A_original_fit_paraphrase_eval,definition,causality,1.0,matched_random,0.9922671392419293,0.00773286075807067,0.09581821385421062,0.004898298482924446
Qwen/Qwen3-1.7B,16,A_original_fit_paraphrase_eval,definition,causality,1.0,opposite,0.9997993394970713,0.00020066050292866233,0.10514330091493299,0.004898298482924446
Qwen/Qwen3-1.7B,16,A_original_fit_paraphrase_eval,definition,analogy,0.5,task,0.9990304368725418,0.0009695631274582173,0.01957304006011253,-0.00028460804820718
Qwen/Qwen3-1.7B,16,A_original_fit_paraphrase_eval,definition,analogy,0.5,matched_random,0.999315044920749,0.0006849550792510373,0.059981829834371295,-0.00028460804820718
Qwen/Qwen3-1.7B,16,A_original_fit_paraphrase_eval,definition,analogy,0.5,opposite,0.9957072200739041,0.004292779926095891,0.08941642699980987,-0.00028460804820718
Qwen/Qwen3-1.7B,16,A_original_fit_paraphrase_eval,definition,analogy,0.75,task,0.9990862475249771,0.0009137524750228998,0.06812381076245086,0.001357963510558502
Qwen/Qwen3-1.7B,16,A_original_fit_paraphrase_eval,definition,analogy,0.75,matched_random,0.9977282840144186,0.0022717159855814018,0.11782573806923625,0.001357963510558502
Qwen/Qwen3-1.7B,16,A_original_fit_paraphrase_eval,definition,analogy,0.75,opposite,0.9899602989289924,0.0100397010710076,0.15227861250353433,0.001357963510558502
Qwen/Qwen3-1.7B,16,A_original_fit_paraphrase_eval,definition,analogy,1.0,task,0.9995489363928529,0.00045106360714708416,0.1292457590308532,0.00449587699332088
Qwen/Qwen3-1.7B,16,A_original_fit_paraphrase_eval,definition,analogy,1.0,matched_random,0.995053059399532,0.004946940600467964,0.18016010273797833,0.00449587699332088
Qwen/Qwen3-1.7B,16,A_original_fit_paraphrase_eval,definition,analogy,1.0,opposite,0.9828302784969967,0.017169721503003332,0.21447540172457757,0.00449587699332088
Qwen/Qwen3-1.7B,16,B_paraphrase_fit_original_eval,logic,causality,0.5,task,0.9993895589045684,0.0006104410954316242,0.03564658648382898,-0.0002927844175119043
Qwen/Qwen3-1.7B,16,B_paraphrase_fit_original_eval,logic,causality,0.5,matched_random,0.9996823433220803,0.00031765667791971985,0.020832372013224736,-0.0002927844175119043
Qwen/Qwen3-1.7B,16,B_paraphrase_fit_original_eval,logic,causality,0.5,opposite,0.9996220546495445,0.0003779453504555441,0.007306926208219405,-0.0002927844175119043
Qwen/Qwen3-1.7B,16,B_paraphrase_fit_original_eval,logic,causality,0.75,task,0.9987685757742417,0.001231424225758282,0.061228592528887786,-0.0004623591253777315
Qwen/Qwen3-1.7B,16,B_paraphrase_fit_original_eval,logic,causality,0.75,matched_random,0.9992309348996194,0.0007690651003805504,0.04346202437176504,-0.0004623591253777315
Qwen/Qwen3-1.7B,16,B_paraphrase_fit_original_eval,logic,causality,0.75,opposite,0.9994382942727886,0.0005617057272113701,0.026503207365748332,-0.0004623591253777315
Qwen/Qwen3-1.7B,16,B_paraphrase_fit_original_eval,logic,causality,1.0,task,0.9981243053681124,0.0018756946318876366,0.08701636752828966,-0.0005310656314928552
Qwen/Qwen3-1.7B,16,B_paraphrase_fit_original_eval,logic,causality,1.0,matched_random,0.9986553709996052,0.0013446290003947814,0.06890328213731352,-0.0005310656314928552
Qwen/Qwen3-1.7B,16,B_paraphrase_fit_original_eval,logic,causality,1.0,opposite,0.999408663333714,0.0005913366662859687,0.05112000754755124,-0.0005310656314928552
Qwen/Qwen3-1.7B,16,B_paraphrase_fit_original_eval,logic,analogy,0.5,task,0.9998053054101159,0.00019469458988408128,0.020660444695055454,1.2251369974070059e-06
Qwen/Qwen3-1.7B,16,B_paraphrase_fit_original_eval,logic,analogy,0.5,matched_random,0.9998040802731185,0.0001959197268814883,0.017585588117089292,1.2251369974070059e-06
Qwen/Qwen3-1.7B,16,B_paraphrase_fit_original_eval,logic,analogy,0.5,opposite,0.999957660084311,4.233991568902695e-05,0.016506355238658246,1.2251369974070059e-06
Qwen/Qwen3-1.7B,16,B_paraphrase_fit_original_eval,logic,analogy,0.75,task,0.9995395999305973,0.00046040006940273326,0.040932320624420766,3.290798730049005e-05
Qwen/Qwen3-1.7B,16,B_paraphrase_fit_original_eval,logic,analogy,0.75,matched_random,0.9995066919432968,0.0004933080567032233,0.03703674224115828,3.290798730049005e-05
Qwen/Qwen3-1.7B,16,B_paraphrase_fit_original_eval,logic,analogy,0.75,opposite,0.9999643195604578,3.568043954216282e-05,0.035697542163468945,3.290798730049005e-05
Qwen/Qwen3-1.7B,16,B_paraphrase_fit_original_eval,logic,analogy,1.0,task,0.9991977344683028,0.000802265531697155,0.06381951599426916,9.832040938284603e-05
Qwen/Qwen3-1.7B,16,B_paraphrase_fit_original_eval,logic,analogy,1.0,matched_random,0.99909941405892,0.000900585941080001,0.059624663775709456,9.832040938284603e-05
Qwen/Qwen3-1.7B,16,B_paraphrase_fit_original_eval,logic,analogy,1.0,opposite,0.9999879980990863,1.2001900913660712e-05,0.05822844010271867,9.832040938284603e-05
Qwen/Qwen3-1.7B,16,B_paraphrase_fit_original_eval,logic,definition,0.5,task,0.999743971725574,0.00025602827442594567,0.025194785708101484,0.00014925941906263063
Qwen/Qwen3-1.7B,16,B_paraphrase_fit_original_eval,logic,definition,0.5,matched_random,0.9995947123065114,0.0004052876934885763,0.017803743648787305,0.00014925941906263063
Qwen/Qwen3-1.7B,16,B_paraphrase_fit_original_eval,logic,definition,0.5,opposite,0.9999213412116605,7.86587883394585e-05,0.01482529990329183,0.00014925941906263063
Qwen/Qwen3-1.7B,16,B_paraphrase_fit_original_eval,logic,definition,0.75,task,0.999421910515787,0.0005780894842130069,0.047483470071970936,0.0003523592490887184
Qwen/Qwen3-1.7B,16,B_paraphrase_fit_original_eval,logic,definition,0.75,matched_random,0.9990695512666983,0.0009304487333017253,0.038318349200757156,0.0003523592490887184
Qwen/Qwen3-1.7B,16,B_paraphrase_fit_original_eval,logic,definition,0.75,opposite,0.9999143848236576,8.561517634242399e-05,0.03457565086217633,0.0003523592490887184
Qwen/Qwen3-1.7B,16,B_paraphrase_fit_original_eval,logic,definition,1.0,task,0.9990322826851814,0.0009677173148185947,0.07170323906773761,0.0006031675502083944
Qwen/Qwen3-1.7B,16,B_paraphrase_fit_original_eval,logic,definition,1.0,matched_random,0.998429115134973,0.001570884865026989,0.06206639302148596,0.0006031675502083944
Qwen/Qwen3-1.7B,16,B_paraphrase_fit_original_eval,logic,definition,1.0,opposite,0.9999446815264487,5.531847355133568e-05,0.05810334274058125,0.0006031675502083944
Qwen/Qwen3-1.7B,16,B_paraphrase_fit_original_eval,causality,logic,0.5,task,0.9969262291213863,0.003073770878613713,0.04219391098987958,-0.002831247250207558
Qwen/Qwen3-1.7B,16,B_paraphrase_fit_original_eval,causality,logic,0.5,matched_random,0.9997574763715938,0.00024252362840615493,0.03189383715443913,-0.002831247250207558
Qwen/Qwen3-1.7B,16,B_paraphrase_fit_original_eval,causality,logic,0.5,opposite,0.9975214409185577,0.002478559081442344,0.08459940213557038,-0.002831247250207558
Qwen/Qwen3-1.7B,16,B_paraphrase_fit_original_eval,causality,logic,0.75,task,0.9939424333653324,0.0060575666346676105,0.03535266751284708,-0.005455971566231788
Qwen/Qwen3-1.7B,16,B_paraphrase_fit_original_eval,causality,logic,0.75,matched_random,0.9993984049315642,0.0006015950684358229,0.06501409290858827,-0.005455971566231788
Qwen/Qwen3-1.7B,16,B_paraphrase_fit_original_eval,causality,logic,0.75,opposite,0.9952184706338725,0.004781529366127524,0.12835845473220353,-0.005455971566231788
Qwen/Qwen3-1.7B,16,B_paraphrase_fit_original_eval,causality,logic,1.0,task,0.9914791467249658,0.008520853275034157,0.012285476414797668,-0.007422409143023945
Qwen/Qwen3-1.7B,16,B_paraphrase_fit_original_eval,causality,logic,1.0,matched_random,0.9989015558679898,0.0010984441320102123,0.10291093217069845,-0.007422409143023945
Qwen/Qwen3-1.7B,16,B_paraphrase_fit_original_eval,causality,logic,1.0,opposite,0.9928054257598008,0.007194574240199203,0.16854595904116762,-0.007422409143023945
Qwen/Qwen3-1.7B,16,B_paraphrase_fit_original_eval,causality,analogy,0.5,task,0.9970865578479307,0.0029134421520693454,0.03428996328383237,-0.0024390448960794897
Qwen/Qwen3-1.7B,16,B_paraphrase_fit_original_eval,causality,analogy,0.5,matched_random,0.9995256027440101,0.0004743972559898557,0.03488982710105958,-0.0024390448960794897
Qwen/Qwen3-1.7B,16,B_paraphrase_fit_original_eval,causality,analogy,0.5,opposite,0.9973656482719905,0.0026343517280095208,0.07873650673060635,-0.0024390448960794897
Qwen/Qwen3-1.7B,16,B_paraphrase_fit_original_eval,causality,analogy,0.75,task,0.9944556109684705,0.00554438903152954,0.02515457216986095,-0.004465772929703626
Qwen/Qwen3-1.7B,16,B_paraphrase_fit_original_eval,causality,analogy,0.75,matched_random,0.9989213838981741,0.0010786161018259133,0.06812830314175344,-0.004465772929703626
Qwen/Qwen3-1.7B,16,B_paraphrase_fit_original_eval,causality,analogy,0.75,opposite,0.9947874545420211,0.00521254545797889,0.12120922729099003,-0.004465772929703626
Qwen/Qwen3-1.7B,16,B_paraphrase_fit_original_eval,causality,analogy,1.0,task,0.9925389589082136,0.007461041091786358,0.008907380452385769,-0.005621065348858867
Qwen/Qwen3-1.7B,16,B_paraphrase_fit_original_eval,causality,analogy,1.0,matched_random,0.9981600242570725,0.001839975742927491,0.10554460909426149,-0.005621065348858867
Qwen/Qwen3-1.7B,16,B_paraphrase_fit_original_eval,causality,analogy,1.0,opposite,0.9919701876320296,0.008029812367970401,0.16095519924815824,-0.005621065348858867
Qwen/Qwen3-1.7B,16,B_paraphrase_fit_original_eval,causality,definition,0.5,task,0.9984284302965574,0.0015715697034426324,0.01277554194714126,-0.0015648425790201204
Qwen/Qwen3-1.7B,16,B_paraphrase_fit_original_eval,causality,definition,0.5,matched_random,0.9999932728755775,6.727124422511999e-06,0.02119493956632018,-0.0015648425790201204
Qwen/Qwen3-1.7B,16,B_paraphrase_fit_original_eval,causality,definition,0.5,opposite,0.9985089166395367,0.00149108336046333,0.04391867607140504,-0.0015648425790201204
Qwen/Qwen3-1.7B,16,B_paraphrase_fit_original_eval,causality,definition,0.75,task,0.9967634292354893,0.003236570764510671,0.0058224327595234465,-0.003232463984141787
Qwen/Qwen3-1.7B,16,B_paraphrase_fit_original_eval,causality,definition,0.75,matched_random,0.9999958932196311,4.106780368884344e-06,0.04248668646596818,-0.003232463984141787
Qwen/Qwen3-1.7B,16,B_paraphrase_fit_original_eval,causality,definition,0.75,opposite,0.9969384238142622,0.003061576185737769,0.07241501073550488,-0.003232463984141787
Qwen/Qwen3-1.7B,16,B_paraphrase_fit_original_eval,causality,definition,1.0,task,0.9949579877747065,0.005042012225293546,0.012869477883962116,-0.005041840826409794
Qwen/Qwen3-1.7B,16,B_paraphrase_fit_original_eval,causality,definition,1.0,matched_random,0.9999998286011162,1.7139888375261592e-07,0.06823870354432425,-0.005041840826409794
Qwen/Qwen3-1.7B,16,B_paraphrase_fit_original_eval,causality,definition,1.0,opposite,0.995128533927221,0.004871466072778996,0.1023717280622235,-0.005041840826409794
Qwen/Qwen3-1.7B,16,B_paraphrase_fit_original_eval,analogy,logic,0.5,task,0.9999948543168891,5.14568311094088e-06,0.0008307216106532946,5.886416042377718e-07
Qwen/Qwen3-1.7B,16,B_paraphrase_fit_original_eval,analogy,logic,0.5,matched_random,0.9999942656752848,5.734324715178651e-06,0.003564825465472632,5.886416042377718e-07
Qwen/Qwen3-1.7B,16,B_paraphrase_fit_original_eval,analogy,logic,0.5,opposite,0.9999534651700756,4.653482992444946e-05,0.008009177141852515,5.886416042377718e-07
Qwen/Qwen3-1.7B,16,B_paraphrase_fit_original_eval,analogy,logic,0.75,task,0.9999984876922291,1.5123077709011667e-06,0.0018684707668360234,2.4739704728826695e-05
Qwen/Qwen3-1.7B,16,B_paraphrase_fit_original_eval,analogy,logic,0.75,matched_random,0.9999737479875003,2.625201249972786e-05,0.007708161625021141,2.4739704728826695e-05
Qwen/Qwen3-1.7B,16,B_paraphrase_fit_original_eval,analogy,logic,0.75,opposite,0.9998817227921432,0.00011827720785684281,0.013272228612955725,2.4739704728826695e-05
Qwen/Qwen3-1.7B,16,B_paraphrase_fit_original_eval,analogy,logic,1.0,task,0.9999990353632475,9.646367524762667e-07,0.006094083750594117,6.90454703470289e-05
Qwen/Qwen3-1.7B,16,B_paraphrase_fit_original_eval,analogy,logic,1.0,matched_random,0.9999299898929005,7.001010709950517e-05,0.012641525234299329,6.90454703470289e-05
Qwen/Qwen3-1.7B,16,B_paraphrase_fit_original_eval,analogy,logic,1.0,opposite,0.9997796878907246,0.00022031210927542233,0.01860978009043453,6.90454703470289e-05
Qwen/Qwen3-1.7B,16,B_paraphrase_fit_original_eval,analogy,causality,0.5,task,0.9999998731016173,1.2689838269075437e-07,0.002896871212271046,5.3362794729783225e-05
Qwen/Qwen3-1.7B,16,B_paraphrase_fit_original_eval,analogy,causality,0.5,matched_random,0.9999465103068875,5.348969311247398e-05,0.005148985027687778,5.3362794729783225e-05
Qwen/Qwen3-1.7B,16,B_paraphrase_fit_original_eval,analogy,causality,0.5,opposite,0.9999656090678078,3.439093219215206e-05,0.006169279648717832,5.3362794729783225e-05
Qwen/Qwen3-1.7B,16,B_paraphrase_fit_original_eval,analogy,causality,0.75,task,0.9999923015096417,7.69849035830994e-06,0.007283993244091979,0.00013498696941527388
Qwen/Qwen3-1.7B,16,B_paraphrase_fit_original_eval,analogy,causality,0.75,matched_random,0.9998573145402264,0.00014268545977358382,0.010121504743449803,0.00013498696941527388
Qwen/Qwen3-1.7B,16,B_paraphrase_fit_original_eval,analogy,causality,0.75,opposite,0.999898647193537,0.00010135280646295097,0.011383582187763605,0.00013498696941527388
Qwen/Qwen3-1.7B,16,B_paraphrase_fit_original_eval,analogy,causality,1.0,task,0.999963158261954,3.6841738045967354e-05,0.012652470645057754,0.00023556647071720782
Qwen/Qwen3-1.7B,16,B_paraphrase_fit_original_eval,analogy,causality,1.0,matched_random,0.9997275917912368,0.0002724082087631752,0.01567605161906814,0.00023556647071720782
Qwen/Qwen3-1.7B,16,B_paraphrase_fit_original_eval,analogy,causality,1.0,opposite,0.9997928453020171,0.0002071546979829364,0.017004801543041723,0.00023556647071720782
Qwen/Qwen3-1.7B,16,B_paraphrase_fit_original_eval,analogy,definition,0.5,task,0.9999952365668618,4.763433138155193e-06,0.0008185218909663226,-6.822580594922911e-07
Qwen/Qwen3-1.7B,16,B_paraphrase_fit_original_eval,analogy,definition,0.5,matched_random,0.9999959188249213,4.081175078662902e-06,0.004173436504124496,-6.822580594922911e-07
Qwen/Qwen3-1.7B,16,B_paraphrase_fit_original_eval,analogy,definition,0.5,opposite,0.9999528042412922,4.719575870781867e-05,0.006432576878151342,-6.822580594922911e-07
Qwen/Qwen3-1.7B,16,B_paraphrase_fit_original_eval,analogy,definition,0.75,task,0.9999985812922559,1.418707744060832e-06,0.003972323687741733,1.8637883677730116e-05
Qwen/Qwen3-1.7B,16,B_paraphrase_fit_original_eval,analogy,definition,0.75,matched_random,0.9999799434085782,2.0056591421790948e-05,0.008382263410061713,1.8637883677730116e-05
Qwen/Qwen3-1.7B,16,B_paraphrase_fit_original_eval,analogy,definition,0.75,opposite,0.9998773670631781,0.00012263293682190923,0.011240991305711982,1.8637883677730116e-05
Qwen/Qwen3-1.7B,16,B_paraphrase_fit_original_eval,analogy,definition,1.0,task,0.9999992145672604,7.854327396250582e-07,0.008345641974390193,5.460101219323388e-05
Qwen/Qwen3-1.7B,16,B_paraphrase_fit_original_eval,analogy,definition,1.0,matched_random,0.9999446135550671,5.5386444932858936e-05,0.013260531241820812,5.460101219323388e-05
Qwen/Qwen3-1.7B,16,B_paraphrase_fit_original_eval,analogy,definition,1.0,opposite,0.9997674153567176,0.00023258464328235195,0.016358804263932394,5.460101219323388e-05
Qwen/Qwen3-1.7B,16,B_paraphrase_fit_original_eval,definition,logic,0.5,task,0.9998308876090689,0.0001691123909310921,0.018882833647725052,0.0005110721352171721
Qwen/Qwen3-1.7B,16,B_paraphrase_fit_original_eval,definition,logic,0.5,matched_random,0.9993198154738517,0.0006801845261482642,0.02130150794317075,0.0005110721352171721
Qwen/Qwen3-1.7B,16,B_paraphrase_fit_original_eval,definition,logic,0.5,opposite,0.9992059859769362,0.0007940140230637827,0.06624245208618773,0.0005110721352171721
Qwen/Qwen3-1.7B,16,B_paraphrase_fit_original_eval,definition,logic,0.75,task,0.9987011810772405,0.0012988189227595148,0.004547765057656097,0.0013444297530430527
Qwen/Qwen3-1.7B,16,B_paraphrase_fit_original_eval,definition,logic,0.75,matched_random,0.9973567513241974,0.0026432486758025675,0.049688736766450345,0.0013444297530430527
Qwen/Qwen3-1.7B,16,B_paraphrase_fit_original_eval,definition,logic,0.75,opposite,0.9973670053354898,0.0026329946645101687,0.10533603529572584,0.0013444297530430527
Qwen/Qwen3-1.7B,16,B_paraphrase_fit_original_eval,definition,logic,1.0,task,0.995538782011222,0.004461217988777966,0.023217813227792577,0.0020509670010236958
Qwen/Qwen3-1.7B,16,B_paraphrase_fit_original_eval,definition,logic,1.0,matched_random,0.9934878150101983,0.0065121849898016615,0.08422895571057941,0.0020509670010236958
Qwen/Qwen3-1.7B,16,B_paraphrase_fit_original_eval,definition,logic,1.0,opposite,0.9941368466706701,0.005863153329329851,0.14331922858817517,0.0020509670010236958
Qwen/Qwen3-1.7B,16,B_paraphrase_fit_original_eval,definition,causality,0.5,task,0.9996835203521515,0.0003164796478485332,0.022120497458206125,-0.000270798419737428
Qwen/Qwen3-1.7B,16,B_paraphrase_fit_original_eval,definition,causality,0.5,matched_random,0.9999543187718889,4.56812281111052e-05,0.013116773296774303,-0.000270798419737428
Qwen/Qwen3-1.7B,16,B_paraphrase_fit_original_eval,definition,causality,0.5,opposite,0.9982860400648809,0.001713959935119136,0.013652602258115317,-0.000270798419737428
Qwen/Qwen3-1.7B,16,B_paraphrase_fit_original_eval,definition,causality,0.75,task,0.9997401869376076,0.0002598130623924222,0.0438710832838873,0.00011637380026552346
Qwen/Qwen3-1.7B,16,B_paraphrase_fit_original_eval,definition,causality,0.75,matched_random,0.999623813137342,0.00037618686265794565,0.03169983495186799,0.00011637380026552346
Qwen/Qwen3-1.7B,16,B_paraphrase_fit_original_eval,definition,causality,0.75,opposite,0.9954981892237753,0.004501810776224691,0.03239261552243068,0.00011637380026552346
Qwen/Qwen3-1.7B,16,B_paraphrase_fit_original_eval,definition,causality,1.0,task,0.9999361364456179,6.386355438214864e-05,0.0699501923608039,0.001274196314655529
Qwen/Qwen3-1.7B,16,B_paraphrase_fit_original_eval,definition,causality,1.0,matched_random,0.9986619401309623,0.0013380598690376777,0.05579131412231275,0.001274196314655529
Qwen/Qwen3-1.7B,16,B_paraphrase_fit_original_eval,definition,causality,1.0,opposite,0.9912114486472833,0.008788551352716722,0.056585997178052155,0.001274196314655529
Qwen/Qwen3-1.7B,16,B_paraphrase_fit_original_eval,definition,analogy,0.5,task,0.9999300111409006,6.998885909936803e-05,0.013024801885282183,0.0002049694273345004
Qwen/Qwen3-1.7B,16,B_paraphrase_fit_original_eval,definition,analogy,0.5,matched_random,0.9997250417135661,0.00027495828643386844,0.023963978865719507,0.0002049694273345004
Qwen/Qwen3-1.7B,16,B_paraphrase_fit_original_eval,definition,analogy,0.5,opposite,0.9979779737733243,0.0020220262266756883,0.05679645494290211,0.0002049694273345004
Qwen/Qwen3-1.7B,16,B_paraphrase_fit_original_eval,definition,analogy,0.75,task,0.9999140989798208,8.59010201792465e-05,0.004225658851256225,0.001246239662339721
Qwen/Qwen3-1.7B,16,B_paraphrase_fit_original_eval,definition,analogy,0.75,matched_random,0.998667859317481,0.0013321406825189674,0.05091956469790682,0.001246239662339721
Qwen/Qwen3-1.7B,16,B_paraphrase_fit_original_eval,definition,analogy,0.75,opposite,0.9947677811570416,0.005232218842958436,0.09238457345503093,0.001246239662339721
Qwen/Qwen3-1.7B,16,B_paraphrase_fit_original_eval,definition,analogy,1.0,task,0.9982244062825675,0.001775593717432522,0.02716002310197085,0.0019382276738511006
Qwen/Qwen3-1.7B,16,B_paraphrase_fit_original_eval,definition,analogy,1.0,matched_random,0.9962861786087164,0.0037138213912836227,0.08313507685997239,0.0019382276738511006
Qwen/Qwen3-1.7B,16,B_paraphrase_fit_original_eval,definition,analogy,1.0,opposite,0.9900671503958047,0.00993284960419527,0.12815375091875233,0.0019382276738511006
google/gemma-3-1b-it,16,A_original_fit_paraphrase_eval,logic,causality,0.5,task,0.9999962643166028,3.735683397176892e-06,0.00010847934366226244,1.749213329627075e-06
google/gemma-3-1b-it,16,A_original_fit_paraphrase_eval,logic,causality,0.5,matched_random,0.9999945151032732,5.484896726803967e-06,2.6558186742568785e-05,1.749213329627075e-06
google/gemma-3-1b-it,16,A_original_fit_paraphrase_eval,logic,causality,0.5,opposite,0.9999522077327807,4.7792267219293194e-05,0.0003118416201544375,1.749213329627075e-06
google/gemma-3-1b-it,16,A_original_fit_paraphrase_eval,logic,causality,0.75,task,0.9999995487981311,4.512018688673791e-07,0.00022212645461146594,1.8475861486288991e-06
google/gemma-3-1b-it,16,A_original_fit_paraphrase_eval,logic,causality,0.75,matched_random,0.9999977012119825,2.2987880174962783e-06,0.0001456306893281747,1.8475861486288991e-06
google/gemma-3-1b-it,16,A_original_fit_paraphrase_eval,logic,causality,0.75,opposite,0.999861106822995,0.00013889317700499504,0.0005753475739525027,1.8475861486288991e-06
google/gemma-3-1b-it,16,A_original_fit_paraphrase_eval,logic,causality,1.0,task,0.9999952521602256,4.747839774443818e-06,0.00041955778012242356,-4.432493311945507e-06
google/gemma-3-1b-it,16,A_original_fit_paraphrase_eval,logic,causality,1.0,matched_random,0.9999996846535375,3.1534646249831155e-07,0.0003465810264142932,-4.432493311945507e-06
google/gemma-3-1b-it,16,A_original_fit_paraphrase_eval,logic,causality,1.0,opposite,0.9996990623811289,0.0003009376188710666,0.0009066090352248488,-4.432493311945507e-06
google/gemma-3-1b-it,16,A_original_fit_paraphrase_eval,logic,analogy,0.5,task,0.9999819868477291,1.80131522709015e-05,0.0006789118485820881,1.432850594396129e-05
google/gemma-3-1b-it,16,A_original_fit_paraphrase_eval,logic,analogy,0.5,matched_random,0.9999676583417851,3.234165821486279e-05,6.580129277012961e-05,1.432850594396129e-05
google/gemma-3-1b-it,16,A_original_fit_paraphrase_eval,logic,analogy,0.5,opposite,0.9999999757916858,2.4208314242102347e-08,0.0008902661581633468,1.432850594396129e-05
google/gemma-3-1b-it,16,A_original_fit_paraphrase_eval,logic,analogy,0.75,task,0.9999341606213643,6.583937863569034e-05,0.0009240675102378088,3.371906564442195e-05
google/gemma-3-1b-it,16,A_original_fit_paraphrase_eval,logic,analogy,0.75,matched_random,0.9999004415557199,9.955844428011229e-05,0.00019005080665703068,3.371906564442195e-05
google/gemma-3-1b-it,16,A_original_fit_paraphrase_eval,logic,analogy,0.75,opposite,0.9999971944578054,2.8055421945616388e-06,0.001397709742718661,3.371906564442195e-05
google/gemma-3-1b-it,16,A_original_fit_paraphrase_eval,logic,analogy,1.0,task,0.9998276925904255,0.00017230740957452362,0.0011000346455871156,5.514621487223703e-05
google/gemma-3-1b-it,16,A_original_fit_paraphrase_eval,logic,analogy,1.0,matched_random,0.9997725463755532,0.00022745362444676065,0.00038082876735602816,5.514621487223703e-05
google/gemma-3-1b-it,16,A_original_fit_paraphrase_eval,logic,analogy,1.0,opposite,0.9999839486558152,1.605134418480869e-05,0.0019372963102463107,5.514621487223703e-05
google/gemma-3-1b-it,16,A_original_fit_paraphrase_eval,logic,definition,0.5,task,0.9999998500810405,1.4991895946891987e-07,0.0005761184273959589,6.329794243975506e-06
google/gemma-3-1b-it,16,A_original_fit_paraphrase_eval,logic,definition,0.5,matched_random,0.9999935202867966,6.479713203444426e-06,4.4793212520907566e-05,6.329794243975506e-06
google/gemma-3-1b-it,16,A_original_fit_paraphrase_eval,logic,definition,0.5,opposite,0.999988499138251,1.15008617489476e-05,0.0007753394896504387,6.329794243975506e-06
google/gemma-3-1b-it,16,A_original_fit_paraphrase_eval,logic,definition,0.75,task,0.9999952117942091,4.788205790862143e-06,0.0007779297166927805,3.951710288996324e-07
google/gemma-3-1b-it,16,A_original_fit_paraphrase_eval,logic,definition,0.75,matched_random,0.9999948166231802,5.183376819761776e-06,0.00014989068631723765,3.951710288996324e-07
google/gemma-3-1b-it,16,A_original_fit_paraphrase_eval,logic,definition,0.75,opposite,0.9999609704988448,3.9029501155196655e-05,0.0012242282594731575,3.951710288996324e-07
google/gemma-3-1b-it,16,A_original_fit_paraphrase_eval,logic,definition,1.0,task,0.9999738983094705,2.6101690529523047e-05,0.00091760753124932,-2.5036215276830198e-05
google/gemma-3-1b-it,16,A_original_fit_paraphrase_eval,logic,definition,1.0,matched_random,0.9999989345247473,1.065475252692849e-06,0.0003154788310567405,-2.5036215276830198e-05
google/gemma-3-1b-it,16,A_original_fit_paraphrase_eval,logic,definition,1.0,opposite,0.999905448392385,9.455160761495662e-05,0.0017061877015102824,-2.5036215276830198e-05
google/gemma-3-1b-it,16,A_original_fit_paraphrase_eval,causality,logic,0.5,task,0.9998399056923669,0.0001600943076330852,0.000559676648431858,-0.00016000510489611042
google/gemma-3-1b-it,16,A_original_fit_paraphrase_eval,causality,logic,0.5,matched_random,0.999999910797263,8.920273697476944e-08,0.00034623170174052773,-0.00016000510489611042
google/gemma-3-1b-it,16,A_original_fit_paraphrase_eval,causality,logic,0.5,opposite,0.9997697942945308,0.0002302057054691664,0.0004709076259326882,-0.00016000510489611042
google/gemma-3-1b-it,16,A_original_fit_paraphrase_eval,causality,logic,0.75,task,0.9996839705477437,0.00031602945225628343,0.0012064576058894638,-0.0003134876983801327
google/gemma-3-1b-it,16,A_original_fit_paraphrase_eval,causality,logic,0.75,matched_random,0.9999974582461238,2.541753876150743e-06,0.0008921597138153668,-0.0003134876983801327
google/gemma-3-1b-it,16,A_original_fit_paraphrase_eval,causality,logic,0.75,opposite,0.9994545705628968,0.0005454294371032287,0.0010758790659530996,-0.0003134876983801327
google/gemma-3-1b-it,16,A_original_fit_paraphrase_eval,causality,logic,1.0,task,0.9995148330804199,0.0004851669195801156,0.0020791169534053007,-0.0004722408444506332
google/gemma-3-1b-it,16,A_original_fit_paraphrase_eval,causality,logic,1.0,matched_random,0.9999870739248705,1.2926075129482406e-05,0.0016701336075913933,-0.0004722408444506332
google/gemma-3-1b-it,16,A_original_fit_paraphrase_eval,causality,logic,1.0,opposite,0.9989937644178297,0.0010062355821702784,0.0019104924062093374,-0.0004722408444506332
google/gemma-3-1b-it,16,A_original_fit_paraphrase_eval,causality,analogy,0.5,task,0.9999973278064687,2.672193531338962e-06,0.001625937538308681,-1.3215999682403279e-06
google/gemma-3-1b-it,16,A_original_fit_paraphrase_eval,causality,analogy,0.5,matched_random,0.9999986494064369,1.3505935630986343e-06,0.0005927149288722926,-1.3215999682403279e-06
google/gemma-3-1b-it,16,A_original_fit_paraphrase_eval,causality,analogy,0.5,opposite,0.9999959961298777,4.003870122337716e-06,0.002650929642014593,-1.3215999682403279e-06
google/gemma-3-1b-it,16,A_original_fit_paraphrase_eval,causality,analogy,0.75,task,0.9999848872655872,1.511273441279215e-05,0.0019898926611643763,-1.4962275227792254e-05
google/gemma-3-1b-it,16,A_original_fit_paraphrase_eval,causality,analogy,0.75,matched_random,0.999999849540815,1.5045918499989597e-07,0.0013162208312135436,-1.4962275227792254e-05
google/gemma-3-1b-it,16,A_original_fit_paraphrase_eval,causality,analogy,0.75,opposite,0.999982572441062,1.742755893796577e-05,0.004275257105133434,-1.4962275227792254e-05
google/gemma-3-1b-it,16,A_original_fit_paraphrase_eval,causality,analogy,1.0,task,0.9999501570555307,4.984294446930271e-05,0.002036393765183146,-4.8345129763260886e-05
google/gemma-3-1b-it,16,A_original_fit_paraphrase_eval,causality,analogy,1.0,matched_random,0.999998502185294,1.4978147060418223e-06,0.0022988926195624277,-4.8345129763260886e-05
google/gemma-3-1b-it,16,A_original_fit_paraphrase_eval,causality,analogy,1.0,opposite,0.9999511772599659,4.882274003414899e-05,0.0060480219786354285,-4.8345129763260886e-05
google/gemma-3-1b-it,16,A_original_fit_paraphrase_eval,causality,definition,0.5,task,0.9996064996492318,0.00039350035076823886,0.0014569200890296868,-0.00028172157685546484
google/gemma-3-1b-it,16,A_original_fit_paraphrase_eval,causality,definition,0.5,matched_random,0.9998882212260872,0.00011177877391277402,0.0003436292077940479,-0.00028172157685546484
google/gemma-3-1b-it,16,A_original_fit_paraphrase_eval,causality,definition,0.5,opposite,0.9996855300663027,0.00031446993369732557,0.001996941173956146,-0.00028172157685546484
google/gemma-3-1b-it,16,A_original_fit_paraphrase_eval,causality,definition,0.75,task,0.9990821173154941,0.0009178826845058774,0.0019532545367167893,-0.0006514513456752358
google/gemma-3-1b-it,16,A_original_fit_paraphrase_eval,causality,definition,0.75,matched_random,0.9997335686611694,0.00026643133883064163,0.0007497623918057338,-0.0006514513456752358
google/gemma-3-1b-it,16,A_original_fit_paraphrase_eval,causality,definition,0.75,opposite,0.9993439994284657,0.0006560005715342543,0.003162632280142247,-0.0006514513456752358
google/gemma-3-1b-it,16,A_original_fit_paraphrase_eval,causality,definition,1.0,task,0.9983216177839341,0.0016783822160658657,0.0022834270258654515,-0.0011816268721658307
google/gemma-3-1b-it,16,A_original_fit_paraphrase_eval,causality,definition,1.0,matched_random,0.9995032446561,0.000496755343900035,0.0013049488919712302,-0.0011816268721658307
google/gemma-3-1b-it,16,A_original_fit_paraphrase_eval,causality,definition,1.0,opposite,0.99892681321691,0.0010731867830899855,0.004419340681142631,-0.0011816268721658307
google/gemma-3-1b-it,16,A_original_fit_paraphrase_eval,analogy,logic,0.5,task,0.9999071912093873,9.280879061268621e-05,0.0019916219909138595,-6.61300189753744e-05
google/gemma-3-1b-it,16,A_original_fit_paraphrase_eval,analogy,logic,0.5,matched_random,0.9999733212283627,2.6678771637311804e-05,0.0006589885496780674,-6.61300189753744e-05
google/gemma-3-1b-it,16,A_original_fit_paraphrase_eval,analogy,logic,0.5,opposite,0.9997470335076653,0.00025296649233474966,0.0015133018167896187,-6.61300189753744e-05
google/gemma-3-1b-it,16,A_original_fit_paraphrase_eval,analogy,logic,0.75,task,0.9998500715309945,0.00014992846900552248,0.003125505790138428,-0.0001197005577201482
google/gemma-3-1b-it,16,A_original_fit_paraphrase_eval,analogy,logic,0.75,matched_random,0.9999697720887146,3.0227911285374276e-05,0.0012005229621455654,-0.0001197005577201482
google/gemma-3-1b-it,16,A_original_fit_paraphrase_eval,analogy,logic,0.75,opposite,0.9993118203948251,0.0006881796051748656,0.0020544286341869365,-0.0001197005577201482
google/gemma-3-1b-it,16,A_original_fit_paraphrase_eval,analogy,logic,1.0,task,0.9998174785176466,0.00018252148235342602,0.004328632257955571,-0.00016354592643530452
google/gemma-3-1b-it,16,A_original_fit_paraphrase_eval,analogy,logic,1.0,matched_random,0.9999810244440819,1.89755559181215e-05,0.0018713315318179677,-0.00016354592643530452
google/gemma-3-1b-it,16,A_original_fit_paraphrase_eval,analogy,logic,1.0,opposite,0.9985499392151755,0.0014500607848244584,0.002437586597560448,-0.00016354592643530452
google/gemma-3-1b-it,16,A_original_fit_paraphrase_eval,analogy,causality,0.5,task,0.9999998937659758,1.0623402424414508e-07,0.0014944683402636023,3.867939161561473e-05
google/gemma-3-1b-it,16,A_original_fit_paraphrase_eval,analogy,causality,0.5,matched_random,0.9999612143743601,3.878562563985888e-05,0.0002750046706451173,3.867939161561473e-05
google/gemma-3-1b-it,16,A_original_fit_paraphrase_eval,analogy,causality,0.5,opposite,0.999905902701789,9.409729821097113e-05,0.0007585856017546948,3.867939161561473e-05
google/gemma-3-1b-it,16,A_original_fit_paraphrase_eval,analogy,causality,0.75,task,0.999994048532987,5.951467012987877e-06,0.0024869068374839365,0.0001443725903966797
google/gemma-3-1b-it,16,A_original_fit_paraphrase_eval,analogy,causality,0.75,matched_random,0.9998496759425903,0.0001503240574096676,0.0007217503008612469,0.0001443725903966797
google/gemma-3-1b-it,16,A_original_fit_paraphrase_eval,analogy,causality,0.75,opposite,0.9996580322889232,0.0003419677110767516,0.0008755492169106542,0.0001443725903966797
google/gemma-3-1b-it,16,A_original_fit_paraphrase_eval,analogy,causality,1.0,task,0.9999536754975573,4.6324502442685045e-05,0.003615486522254786,0.0003556590191217124
google/gemma-3-1b-it,16,A_original_fit_paraphrase_eval,analogy,causality,1.0,matched_random,0.9995980164784356,0.00040198352156439743,0.0013618094376598197,0.0003556590191217124
google/gemma-3-1b-it,16,A_original_fit_paraphrase_eval,analogy,causality,1.0,opposite,0.9990998322298973,0.0009001677701027111,0.0008888630477389217,0.0003556590191217124
google/gemma-3-1b-it,16,A_original_fit_paraphrase_eval,analogy,definition,0.5,task,0.9999884331282554,1.1566871744639329e-05,0.0003761205016548609,-8.470763742218779e-06
google/gemma-3-1b-it,16,A_original_fit_paraphrase_eval,analogy,definition,0.5,matched_random,0.9999969038919976,3.09610800242055e-06,0.00024510938909948665,-8.470763742218779e-06
google/gemma-3-1b-it,16,A_original_fit_paraphrase_eval,analogy,definition,0.5,opposite,0.9999909736910365,9.026308963488994e-06,0.00034902979032949265,-8.470763742218779e-06
google/gemma-3-1b-it,16,A_original_fit_paraphrase_eval,analogy,definition,0.75,task,0.9999470205920431,5.297940795689904e-05,0.0007780903262969739,-2.8546209428603753e-05
google/gemma-3-1b-it,16,A_original_fit_paraphrase_eval,analogy,definition,0.75,matched_random,0.9999755668014717,2.4433198528295286e-05,0.0006015397741947457,-2.8546209428603753e-05
google/gemma-3-1b-it,16,A_original_fit_paraphrase_eval,analogy,definition,0.75,opposite,0.9999507599690829,4.924003091710816e-05,0.0007344371695381198,-2.8546209428603753e-05
google/gemma-3-1b-it,16,A_original_fit_paraphrase_eval,analogy,definition,1.0,task,0.9998452488958163,0.00015475110418372573,0.0013246860314335507,-6.282108557642552e-05
google/gemma-3-1b-it,16,A_original_fit_paraphrase_eval,analogy,definition,1.0,matched_random,0.9999080699813927,9.193001860730021e-05,0.0011056264695582514,-6.282108557642552e-05
google/gemma-3-1b-it,16,A_original_fit_paraphrase_eval,analogy,definition,1.0,opposite,0.9998389703071192,0.0001610296928807875,0.0012646787257625267,-6.282108557642552e-05
google/gemma-3-1b-it,16,A_original_fit_paraphrase_eval,definition,logic,0.5,task,0.9999900933621374,9.906637862600043e-06,0.002220995810734515,7.25532742006374e-05
google/gemma-3-1b-it,16,A_original_fit_paraphrase_eval,definition,logic,0.5,matched_random,0.9999175400879368,8.245991206323744e-05,0.0004840648803288575,7.25532742006374e-05
google/gemma-3-1b-it,16,A_original_fit_paraphrase_eval,definition,logic,0.5,opposite,0.9999433668004448,5.6633199555178315e-05,0.0014682296985684875,7.25532742006374e-05
google/gemma-3-1b-it,16,A_original_fit_paraphrase_eval,definition,logic,0.75,task,0.9999904289037644,9.571096235561072e-06,0.0035653152801560398,0.000211778942777463
google/gemma-3-1b-it,16,A_original_fit_paraphrase_eval,definition,logic,0.75,matched_random,0.999778649960987,0.00022135003901302408,0.0010351331194462284,0.000211778942777463
google/gemma-3-1b-it,16,A_original_fit_paraphrase_eval,definition,logic,0.75,opposite,0.9998352416509954,0.0001647583490046456,0.0018828874093074228,0.000211778942777463
google/gemma-3-1b-it,16,A_original_fit_paraphrase_eval,definition,logic,1.0,task,0.9999959346206272,4.065379372808486e-06,0.00503617361056043,0.0004523512845914235
google/gemma-3-1b-it,16,A_original_fit_paraphrase_eval,definition,logic,1.0,matched_random,0.9995435833360358,0.00045641666396423197,0.0017802580080839533,0.0004523512845914235
google/gemma-3-1b-it,16,A_original_fit_paraphrase_eval,definition,logic,1.0,opposite,0.999636248201487,0.0003637517985130012,0.0020733238408548816,0.0004523512845914235
google/gemma-3-1b-it,16,A_original_fit_paraphrase_eval,definition,causality,0.5,task,0.9999831915189781,1.6808481021923782e-05,0.001673208103446695,1.860694713440303e-05
google/gemma-3-1b-it,16,A_original_fit_paraphrase_eval,definition,causality,0.5,matched_random,0.9999645845718437,3.541542815632681e-05,0.0005443324713478956,1.860694713440303e-05
google/gemma-3-1b-it,16,A_original_fit_paraphrase_eval,definition,causality,0.5,opposite,0.9999996209678508,3.790321492225246e-07,0.0010238491769937958,1.860694713440303e-05
google/gemma-3-1b-it,16,A_original_fit_paraphrase_eval,definition,causality,0.75,task,0.9999469837265512,5.301627344878046e-05,0.0027221958201931193,4.76935489620578e-05
google/gemma-3-1b-it,16,A_original_fit_paraphrase_eval,definition,causality,0.75,matched_random,0.9998992901775892,0.00010070982241083826,0.0010702848076504534,4.76935489620578e-05
google/gemma-3-1b-it,16,A_original_fit_paraphrase_eval,definition,causality,0.75,opposite,0.9999997529296959,2.4707030410464625e-07,0.0012697029538930118,4.76935489620578e-05
google/gemma-3-1b-it,16,A_original_fit_paraphrase_eval,definition,causality,1.0,task,0.999876747610975,0.00012325238902499702,0.003892925307812936,9.461843377400747e-05
google/gemma-3-1b-it,16,A_original_fit_paraphrase_eval,definition,causality,1.0,matched_random,0.999782129177201,0.0002178708227990045,0.0017553037076071234,9.461843377400747e-05
google/gemma-3-1b-it,16,A_original_fit_paraphrase_eval,definition,causality,1.0,opposite,0.9999933632793881,6.636720611852276e-06,0.0013318429633846587,9.461843377400747e-05
google/gemma-3-1b-it,16,A_original_fit_paraphrase_eval,definition,analogy,0.5,task,0.9999676904256984,3.2309574301558897e-05,0.00010324966737912482,-3.2250001776312764e-05
google/gemma-3-1b-it,16,A_original_fit_paraphrase_eval,definition,analogy,0.5,matched_random,0.9999999404274748,5.95725252461321e-08,0.0004114607621309707,-3.2250001776312764e-05
google/gemma-3-1b-it,16,A_original_fit_paraphrase_eval,definition,analogy,0.5,opposite,0.9998932258997895,0.00010677410021053824,0.000969321688267516,-3.2250001776312764e-05
google/gemma-3-1b-it,16,A_original_fit_paraphrase_eval,definition,analogy,0.75,task,0.9999569563077418,4.304369225816007e-05,0.00042471896636168683,-3.854011426163151e-05
google/gemma-3-1b-it,16,A_original_fit_paraphrase_eval,definition,analogy,0.75,matched_random,0.9999954964220035,4.503577996528563e-06,0.0009770813204758493,-3.854011426163151e-05
google/gemma-3-1b-it,16,A_original_fit_paraphrase_eval,definition,analogy,0.75,opposite,0.9997141206100372,0.0002858793899628287,0.0017959140485351904,-3.854011426163151e-05
google/gemma-3-1b-it,16,A_original_fit_paraphrase_eval,definition,analogy,1.0,task,0.9999629519171835,3.704808281645988e-05,0.001033466613980172,-1.1218573697902023e-05
google/gemma-3-1b-it,16,A_original_fit_paraphrase_eval,definition,analogy,1.0,matched_random,0.9999741704908814,2.582950911855786e-05,0.0017674261129506802,-1.1218573697902023e-05
google/gemma-3-1b-it,16,A_original_fit_paraphrase_eval,definition,analogy,1.0,opposite,0.9994140437046377,0.0005859562953622888,0.002828406122840173,-1.1218573697902023e-05
google/gemma-3-1b-it,16,B_paraphrase_fit_original_eval,logic,causality,0.5,task,0.9999688586248929,3.1141375107068825e-05,0.0011211558209529959,-2.9640181707257796e-05
google/gemma-3-1b-it,16,B_paraphrase_fit_original_eval,logic,causality,0.5,matched_random,0.9999984988066002,1.5011933998110294e-06,0.0003550751619178605,-2.9640181707257796e-05
google/gemma-3-1b-it,16,B_paraphrase_fit_original_eval,logic,causality,0.5,opposite,0.9999647360585235,3.526394147645995e-05,0.0015430947371986635,-2.9640181707257796e-05
google/gemma-3-1b-it,16,B_paraphrase_fit_original_eval,logic,causality,0.75,task,0.9999346057716096,6.539422839035858e-05,0.0014985002016163474,-6.345417228137418e-05
google/gemma-3-1b-it,16,B_paraphrase_fit_original_eval,logic,causality,0.75,matched_random,0.999998059943891,1.9400561089844004e-06,0.0007143594417773941,-6.345417228137418e-05
google/gemma-3-1b-it,16,B_paraphrase_fit_original_eval,logic,causality,0.75,opposite,0.9999206824767509,7.931752324907837e-05,0.0024431226477271803,-6.345417228137418e-05
google/gemma-3-1b-it,16,B_paraphrase_fit_original_eval,logic,causality,1.0,task,0.9998933994980934,0.0001066005019065841,0.0017440251787589026,-0.00010496287349814892
google/gemma-3-1b-it,16,B_paraphrase_fit_original_eval,logic,causality,1.0,matched_random,0.9999983623715916,1.6376284084351767e-06,0.0011878340002562315,-0.00010496287349814892
google/gemma-3-1b-it,16,B_paraphrase_fit_original_eval,logic,causality,1.0,opposite,0.999860435533714,0.00013956446628604624,0.003411625687180543,-0.00010496287349814892
google/gemma-3-1b-it,16,B_paraphrase_fit_original_eval,logic,analogy,0.5,task,0.9999853729371329,1.4627062867145213e-05,0.0018799774961403629,-1.3185338002652536e-05
google/gemma-3-1b-it,16,B_paraphrase_fit_original_eval,logic,analogy,0.5,matched_random,0.9999985582751355,1.4417248644926772e-06,2.854341276459249e-05,-1.3185338002652536e-05
google/gemma-3-1b-it,16,B_paraphrase_fit_original_eval,logic,analogy,0.5,opposite,0.9999823696844887,1.7630315511274475e-05,0.002062527993693899,-1.3185338002652536e-05
google/gemma-3-1b-it,16,B_paraphrase_fit_original_eval,logic,analogy,0.75,task,0.9999696414005319,3.0358599468094383e-05,0.0027262550472560896,-2.815305853742789e-05
google/gemma-3-1b-it,16,B_paraphrase_fit_original_eval,logic,analogy,0.75,matched_random,0.9999977944590693,2.205540930666494e-06,0.00010760772327234156,-2.815305853742789e-05
google/gemma-3-1b-it,16,B_paraphrase_fit_original_eval,logic,analogy,0.75,opposite,0.99995956497153,4.043502846995395e-05,0.00313819199560303,-2.815305853742789e-05
google/gemma-3-1b-it,16,B_paraphrase_fit_original_eval,logic,analogy,1.0,task,0.9999510337193982,4.896628060180319e-05,0.003496521974654129,-4.654030817619059e-05
google/gemma-3-1b-it,16,B_paraphrase_fit_original_eval,logic,analogy,1.0,matched_random,0.9999975740275744,2.425972425612599e-06,0.0003245183618443886,-4.654030817619059e-05
google/gemma-3-1b-it,16,B_paraphrase_fit_original_eval,logic,analogy,1.0,opposite,0.9999273633969021,7.263660309786424e-05,0.004231704414832568,-4.654030817619059e-05
google/gemma-3-1b-it,16,B_paraphrase_fit_original_eval,logic,definition,0.5,task,0.9999337019799928,6.629802000723828e-05,0.00117429481873754,-6.629752652875798e-05
google/gemma-3-1b-it,16,B_paraphrase_fit_original_eval,logic,definition,0.5,matched_random,0.9999999995065215,4.934784803012349e-10,3.90489589099281e-05,-6.629752652875798e-05
google/gemma-3-1b-it,16,B_paraphrase_fit_original_eval,logic,definition,0.5,opposite,0.9999385017772496,6.149822275036687e-05,0.001510995941030781,-6.629752652875798e-05
google/gemma-3-1b-it,16,B_paraphrase_fit_original_eval,logic,definition,0.75,task,0.9998514620881026,0.00014853791189739507,0.0016141759931386076,-0.00014843838931755116
google/gemma-3-1b-it,16,B_paraphrase_fit_original_eval,logic,definition,0.75,matched_random,0.9999999004774202,9.952257984391366e-08,0.00021090972993792682,-0.00014843838931755116
google/gemma-3-1b-it,16,B_paraphrase_fit_original_eval,logic,definition,0.75,opposite,0.9998667381088828,0.00013326189111717568,0.0023688618165488558,-0.00014843838931755116
google/gemma-3-1b-it,16,B_paraphrase_fit_original_eval,logic,definition,1.0,task,0.9997398701811163,0.0002601298188836809,0.0019470282070062762,-0.00025936224646283534
google/gemma-3-1b-it,16,B_paraphrase_fit_original_eval,logic,definition,1.0,matched_random,0.9999992324275792,7.675724208455748e-07,0.0004865314273857302,-0.00025936224646283534
google/gemma-3-1b-it,16,B_paraphrase_fit_original_eval,logic,definition,1.0,opposite,0.9997731691873926,0.00022683081260743698,0.0032815025944511827,-0.00025936224646283534
google/gemma-3-1b-it,16,B_paraphrase_fit_original_eval,causality,logic,0.5,task,0.998627403493441,0.0013725965065589651,0.001754645916990383,-0.0012068339237341075
google/gemma-3-1b-it,16,B_paraphrase_fit_original_eval,causality,logic,0.5,matched_random,0.9998342374171751,0.00016576258282485767,9.265291513966779e-05,-0.0012068339237341075
google/gemma-3-1b-it,16,B_paraphrase_fit_original_eval,causality,logic,0.5,opposite,0.9984863992869281,0.0015136007130719387,0.0009922636790344636,-0.0012068339237341075
google/gemma-3-1b-it,16,B_paraphrase_fit_original_eval,causality,logic,0.75,task,0.997053279420289,0.002946720579711015,0.0028764640329484105,-0.002545152274691098
google/gemma-3-1b-it,16,B_paraphrase_fit_original_eval,causality,logic,0.75,matched_random,0.9995984316949801,0.000401568305019917,0.00020479837061043382,-0.002545152274691098
google/gemma-3-1b-it,16,B_paraphrase_fit_original_eval,causality,logic,0.75,opposite,0.9965887466955566,0.0034112533044433624,0.0011759306541874145,-0.002545152274691098
google/gemma-3-1b-it,16,B_paraphrase_fit_original_eval,causality,logic,1.0,task,0.9950435255950614,0.004956474404938627,0.004134134576978108,-0.004197893500399563
google/gemma-3-1b-it,16,B_paraphrase_fit_original_eval,causality,logic,1.0,matched_random,0.9992414190954609,0.0007585809045390635,0.0006715804457476616,-0.004197893500399563
google/gemma-3-1b-it,16,B_paraphrase_fit_original_eval,causality,logic,1.0,opposite,0.9939783307535818,0.006021669246418226,0.0011489935899385711,-0.004197893500399563
google/gemma-3-1b-it,16,B_paraphrase_fit_original_eval,causality,analogy,0.5,task,0.9997570629126507,0.0002429370873493486,0.0010808334450538048,-0.0002427230216253129
google/gemma-3-1b-it,16,B_paraphrase_fit_original_eval,causality,analogy,0.5,matched_random,0.999999785934276,2.1406572403570578e-07,0.00022680120561974776,-0.0002427230216253129
google/gemma-3-1b-it,16,B_paraphrase_fit_original_eval,causality,analogy,0.5,opposite,0.9997251809356569,0.00027481906434312364,0.0017027402971697741,-0.0002427230216253129
google/gemma-3-1b-it,16,B_paraphrase_fit_original_eval,causality,analogy,0.75,task,0.9994832183150353,0.0005167816849647178,0.0013623167748900785,-0.000514417598098782
google/gemma-3-1b-it,16,B_paraphrase_fit_original_eval,causality,analogy,0.75,matched_random,0.9999976359131341,2.3640868659358105e-06,0.0005960356585467894,-0.000514417598098782
google/gemma-3-1b-it,16,B_paraphrase_fit_original_eval,causality,analogy,0.75,opposite,0.9993763574680519,0.000623642531948132,0.0027531224172141922,-0.000514417598098782
google/gemma-3-1b-it,16,B_paraphrase_fit_original_eval,causality,analogy,1.0,task,0.9991410366195523,0.0008589633804476637,0.0014633213900575915,-0.0008490611349292188
google/gemma-3-1b-it,16,B_paraphrase_fit_original_eval,causality,analogy,1.0,matched_random,0.9999900977544816,9.902245518444985e-06,0.0011280507118959192,-0.0008490611349292188
google/gemma-3-1b-it,16,B_paraphrase_fit_original_eval,causality,analogy,1.0,opposite,0.9988902810021073,0.0011097189978926947,0.003914945240856526,-0.0008490611349292188
google/gemma-3-1b-it,16,B_paraphrase_fit_original_eval,causality,definition,0.5,task,0.9999485171073462,5.1482892653775814e-05,0.0002817784032915513,-4.419359801111078e-05
google/gemma-3-1b-it,16,B_paraphrase_fit_original_eval,causality,definition,0.5,matched_random,0.9999927107053573,7.289294642665034e-06,0.00010419290076951762,-4.419359801111078e-05
google/gemma-3-1b-it,16,B_paraphrase_fit_original_eval,causality,definition,0.5,opposite,0.9999278151348535,7.218486514648514e-05,0.0007236893019738499,-4.419359801111078e-05
google/gemma-3-1b-it,16,B_paraphrase_fit_original_eval,causality,definition,0.75,task,0.9998964056209583,0.00010359437904172708,0.00025283830416268237,-8.27851481987052e-05
google/gemma-3-1b-it,16,B_paraphrase_fit_original_eval,causality,definition,0.75,matched_random,0.999979190769157,2.0809230843021886e-05,0.0003241870664720557,-8.27851481987052e-05
google/gemma-3-1b-it,16,B_paraphrase_fit_original_eval,causality,definition,0.75,opposite,0.99982743538917,0.00017256461083003938,0.0012416425681790514,-8.27851481987052e-05
google/gemma-3-1b-it,16,B_paraphrase_fit_original_eval,causality,definition,1.0,task,0.9998373306453392,0.0001626693546608049,0.00011702543614972342,-0.00011724041399863161
google/gemma-3-1b-it,16,B_paraphrase_fit_original_eval,causality,definition,1.0,matched_random,0.9999545710593378,4.542894066217329e-05,0.0006533312357082169,-0.00011724041399863161
google/gemma-3-1b-it,16,B_paraphrase_fit_original_eval,causality,definition,1.0,opposite,0.9996767646244348,0.00032323537556522286,0.0018562455963423584,-0.00011724041399863161
google/gemma-3-1b-it,16,B_paraphrase_fit_original_eval,analogy,logic,0.5,task,0.999999793191076,2.0680892398594608e-07,0.0009473736031609376,-2.0644947107406608e-07
google/gemma-3-1b-it,16,B_paraphrase_fit_original_eval,analogy,logic,0.5,matched_random,0.9999999996405471,3.594529118799983e-10,3.331647517387404e-05,-2.0644947107406608e-07
google/gemma-3-1b-it,16,B_paraphrase_fit_original_eval,analogy,logic,0.5,opposite,0.9999998111305024,1.8886949759711058e-07,0.0008309175570984612,-2.0644947107406608e-07
google/gemma-3-1b-it,16,B_paraphrase_fit_original_eval,analogy,logic,0.75,task,0.999999531959367,4.680406330281883e-07,0.0014499838762599764,-4.6583004831290964e-07
google/gemma-3-1b-it,16,B_paraphrase_fit_original_eval,analogy,logic,0.75,matched_random,0.9999999977894153,2.210584715278685e-09,0.00012639282649612107,-4.6583004831290964e-07
google/gemma-3-1b-it,16,B_paraphrase_fit_original_eval,analogy,logic,0.75,opposite,0.9999995927416028,4.072583972281052e-07,0.0011876059784138415,-4.6583004831290964e-07
google/gemma-3-1b-it,16,B_paraphrase_fit_original_eval,analogy,logic,1.0,task,0.9999991677402663,8.3225973368517e-07,0.001964592083689318,-8.246974163572673e-07
google/gemma-3-1b-it,16,B_paraphrase_fit_original_eval,analogy,logic,1.0,matched_random,0.9999999924376827,7.56231732790269e-09,0.0002686103886806474,-8.246974163572673e-07
google/gemma-3-1b-it,16,B_paraphrase_fit_original_eval,analogy,logic,1.0,opposite,0.9999993124780452,6.875219548119205e-07,0.0014973689671529426,-8.246974163572673e-07
google/gemma-3-1b-it,16,B_paraphrase_fit_original_eval,analogy,causality,0.5,task,0.9999998859890636,1.1401093635843296e-07,0.0003112406545055464,-1.075046622833753e-07
google/gemma-3-1b-it,16,B_paraphrase_fit_original_eval,analogy,causality,0.5,matched_random,0.9999999934937259,6.506274075057661e-09,0.00020021321569553828,-1.075046622833753e-07
google/gemma-3-1b-it,16,B_paraphrase_fit_original_eval,analogy,causality,0.5,opposite,0.9999999259580065,7.404199353633345e-08,8.074129115291804e-05,-1.075046622833753e-07
google/gemma-3-1b-it,16,B_paraphrase_fit_original_eval,analogy,causality,0.75,task,0.9999997231600718,2.768399282038203e-07,0.0005465588541956644,-2.568640967703928e-07
google/gemma-3-1b-it,16,B_paraphrase_fit_original_eval,analogy,causality,0.75,matched_random,0.9999999800241686,1.9975831433427516e-08,0.0003838434442787191,-2.568640967703928e-07
google/gemma-3-1b-it,16,B_paraphrase_fit_original_eval,analogy,causality,0.75,opposite,0.9999998557850327,1.4421496730143701e-07,3.237547854163304e-05,-2.568640967703928e-07
google/gemma-3-1b-it,16,B_paraphrase_fit_original_eval,analogy,causality,1.0,task,0.9999994746974281,5.253025718854332e-07,0.0008295769724426249,-4.793669734493022e-07
google/gemma-3-1b-it,16,B_paraphrase_fit_original_eval,analogy,causality,1.0,matched_random,0.9999999540644016,4.593559843613093e-08,0.0006188866771010627,-4.793669734493022e-07
google/gemma-3-1b-it,16,B_paraphrase_fit_original_eval,analogy,causality,1.0,opposite,0.9999997817558488,2.1824415119553464e-07,7.600344969615923e-05,-4.793669734493022e-07
google/gemma-3-1b-it,16,B_paraphrase_fit_original_eval,analogy,definition,0.5,task,0.9999999994925373,5.074627384971109e-10,0.00024073888065304162,1.5445060230767638e-08
google/gemma-3-1b-it,16,B_paraphrase_fit_original_eval,analogy,definition,0.5,matched_random,0.999999984047477,1.595252296926475e-08,0.00012180914219895422,1.5445060230767638e-08
google/gemma-3-1b-it,16,B_paraphrase_fit_original_eval,analogy,definition,0.5,opposite,0.9999999952783308,4.721669166762865e-09,4.462012365429725e-05,1.5445060230767638e-08
google/gemma-3-1b-it,16,B_paraphrase_fit_original_eval,analogy,definition,0.75,task,0.9999999997236279,2.7637214738973626e-10,0.00043030472862641225,3.0246726234750554e-08
google/gemma-3-1b-it,16,B_paraphrase_fit_original_eval,analogy,definition,0.75,matched_random,0.9999999694769016,3.052309838214029e-08,0.0002551412528411808,3.0246726234750554e-08
google/gemma-3-1b-it,16,B_paraphrase_fit_original_eval,analogy,definition,0.75,opposite,0.9999999856436397,1.4356360322764772e-08,1.091753112285423e-05,3.0246726234750554e-08
google/gemma-3-1b-it,16,B_paraphrase_fit_original_eval,analogy,definition,1.0,task,0.9999999999999282,7.183142969324763e-14,0.0006622574385835262,4.5340772247826067e-08
google/gemma-3-1b-it,16,B_paraphrase_fit_original_eval,analogy,definition,1.0,matched_random,0.9999999546591559,4.534084407925576e-08,0.00043420469365557806,4.5340772247826067e-08
google/gemma-3-1b-it,16,B_paraphrase_fit_original_eval,analogy,definition,1.0,opposite,0.9999999670923152,3.29076847993548e-08,0.00011085168354862783,4.5340772247826067e-08
google/gemma-3-1b-it,16,B_paraphrase_fit_original_eval,definition,logic,0.5,task,0.9999998863132556,1.1368674435185966e-07,0.0020411004241465305,2.935277351179266e-07
google/gemma-3-1b-it,16,B_paraphrase_fit_original_eval,definition,logic,0.5,matched_random,0.9999995927855205,4.072144794697863e-07,4.2670502778821794e-05,2.935277351179266e-07
google/gemma-3-1b-it,16,B_paraphrase_fit_original_eval,definition,logic,0.5,opposite,0.9999998419059828,1.5809401721078586e-07,0.0014863703797503695,2.935277351179266e-07
google/gemma-3-1b-it,16,B_paraphrase_fit_original_eval,definition,logic,0.75,task,0.9999997692237353,2.3077626465362044e-07,0.0032289171749063615,6.132429654082117e-07
google/gemma-3-1b-it,16,B_paraphrase_fit_original_eval,definition,logic,0.75,matched_random,0.9999991559807699,8.440192300618321e-07,0.00029552029771097573,6.132429654082117e-07
google/gemma-3-1b-it,16,B_paraphrase_fit_original_eval,definition,logic,0.75,opposite,0.9999996215785601,3.7842143985056254e-07,0.0019868586153608658,6.132429654082117e-07
google/gemma-3-1b-it,16,B_paraphrase_fit_original_eval,definition,logic,1.0,task,0.9999996328208857,3.671791143355918e-07,0.004504980736720645,1.000811051588002e-06
google/gemma-3-1b-it,16,B_paraphrase_fit_original_eval,definition,logic,1.0,matched_random,0.9999986320098341,1.3679901659235938e-06,0.0007218884014841298,1.000811051588002e-06
google/gemma-3-1b-it,16,B_paraphrase_fit_original_eval,definition,logic,1.0,opposite,0.9999992900434742,7.099565257906448e-07,0.0023119683449261013,1.000811051588002e-06
google/gemma-3-1b-it,16,B_paraphrase_fit_original_eval,definition,causality,0.5,task,0.999999999947146,5.285405446642244e-11,0.00032030666865108423,3.2865402949111555e-06
google/gemma-3-1b-it,16,B_paraphrase_fit_original_eval,definition,causality,0.5,matched_random,0.999996713406851,3.286593148965622e-06,0.00016305196440555216,3.2865402949111555e-06
google/gemma-3-1b-it,16,B_paraphrase_fit_original_eval,definition,causality,0.5,opposite,0.9999999974538084,2.5461915909019694e-09,0.00012250955615591681,3.2865402949111555e-06
google/gemma-3-1b-it,16,B_paraphrase_fit_original_eval,definition,causality,0.75,task,0.9999999989412204,1.0587796195338228e-09,0.0006423520331650175,7.529609222456379e-06
google/gemma-3-1b-it,16,B_paraphrase_fit_original_eval,definition,causality,0.75,matched_random,0.9999924693319979,7.530668002075913e-06,0.0004078161140732623,7.529609222456379e-06
google/gemma-3-1b-it,16,B_paraphrase_fit_original_eval,definition,causality,0.75,opposite,0.9999999906107069,9.389293120776188e-09,0.0003486726135819831,7.529609222456379e-06
google/gemma-3-1b-it,16,B_paraphrase_fit_original_eval,definition,causality,1.0,task,0.9999999948194568,5.180543216631861e-09,0.0010675261569641986,1.3568392146390273e-05
google/gemma-3-1b-it,16,B_paraphrase_fit_original_eval,definition,causality,1.0,matched_random,0.9999864264273104,1.3573572689606905e-05,0.0007590400907577404,1.3568392146390273e-05
google/gemma-3-1b-it,16,B_paraphrase_fit_original_eval,definition,causality,1.0,opposite,0.9999999753479989,2.4652001107128285e-08,0.0006815495567307185,1.3568392146390273e-05
google/gemma-3-1b-it,16,B_paraphrase_fit_original_eval,definition,analogy,0.5,task,0.9999888271724955,1.1172827504513094e-05,0.0007037639052756568,-1.0777390737626291e-05
google/gemma-3-1b-it,16,B_paraphrase_fit_original_eval,definition,analogy,0.5,matched_random,0.9999996045632331,3.9543676688680307e-07,0.00023362303736239535,-1.0777390737626291e-05
google/gemma-3-1b-it,16,B_paraphrase_fit_original_eval,definition,analogy,0.5,opposite,0.9999874523339318,1.2547666068174479e-05,0.0012452225895418958,-1.0777390737626291e-05
google/gemma-3-1b-it,16,B_paraphrase_fit_original_eval,definition,analogy,0.75,task,0.9999759777297157,2.4022270284307368e-05,0.0008372528774402139,-2.314391234936597e-05
google/gemma-3-1b-it,16,B_paraphrase_fit_original_eval,definition,analogy,0.75,matched_random,0.9999991216420651,8.783579349413984e-07,0.0005579790023430087,-2.314391234936597e-05
google/gemma-3-1b-it,16,B_paraphrase_fit_original_eval,definition,analogy,0.75,opposite,0.9999713812236607,2.861877633930643e-05,0.0020482677024162795,-2.314391234936597e-05
google/gemma-3-1b-it,16,B_paraphrase_fit_original_eval,definition,analogy,1.0,task,0.999959468840411,4.0531159589018984e-05,0.0008216613670163796,-3.89974637567958e-05
google/gemma-3-1b-it,16,B_paraphrase_fit_original_eval,definition,analogy,1.0,matched_random,0.9999984663041678,1.5336958322231808e-06,0.0010181761549364857,-3.89974637567958e-05
google/gemma-3-1b-it,16,B_paraphrase_fit_original_eval,definition,analogy,1.0,opposite,0.9999487162760943,5.128372390572622e-05,0.0029566240510465777,-3.89974637567958e-05
google/gemma-3-1b-it,26,A_original_fit_paraphrase_eval,logic,causality,0.5,task,0.999111176004543,0.0008888239954569777,0.0407580391540348,-0.000861707658153632
google/gemma-3-1b-it,26,A_original_fit_paraphrase_eval,logic,causality,0.5,matched_random,0.9999728836626967,2.7116337303345617e-05,0.0987535125295426,-0.000861707658153632
google/gemma-3-1b-it,26,A_original_fit_paraphrase_eval,logic,causality,0.5,opposite,0.9994305332196229,0.0005694667803770592,0.1383859116920345,-0.000861707658153632
google/gemma-3-1b-it,26,A_original_fit_paraphrase_eval,logic,causality,0.75,task,0.9985445913226991,0.0014554086773008734,0.11737841433962878,-0.0014121015127060987
google/gemma-3-1b-it,26,A_original_fit_paraphrase_eval,logic,causality,0.75,matched_random,0.9999566928354052,4.330716459477468e-05,0.17953697329486343,-0.0014121015127060987
google/gemma-3-1b-it,26,A_original_fit_paraphrase_eval,logic,causality,0.75,opposite,0.9990873983853203,0.0009126016146796534,0.22102646497799097,-0.0014121015127060987
google/gemma-3-1b-it,26,A_original_fit_paraphrase_eval,logic,causality,1.0,task,0.9983670594475693,0.001632940552430684,0.20121238881651315,-0.001581204465937014
google/gemma-3-1b-it,26,A_original_fit_paraphrase_eval,logic,causality,1.0,matched_random,0.9999482639135063,5.173608649367001e-05,0.255288131160369,-0.001581204465937014
google/gemma-3-1b-it,26,A_original_fit_paraphrase_eval,logic,causality,1.0,opposite,0.9988524119917749,0.00114758800822512,0.2925127767448815,-0.001581204465937014
google/gemma-3-1b-it,26,A_original_fit_paraphrase_eval,logic,analogy,0.5,task,0.9999294872461312,7.051275386882327e-05,0.005560525674663039,-4.792574710310582e-05
google/gemma-3-1b-it,26,A_original_fit_paraphrase_eval,logic,analogy,0.5,matched_random,0.9999774129932343,2.2587006765717454e-05,0.0714443700178584,-4.792574710310582e-05
google/gemma-3-1b-it,26,A_original_fit_paraphrase_eval,logic,analogy,0.5,opposite,0.999961374760167,3.8625239833001146e-05,0.13064327217972027,-4.792574710310582e-05
google/gemma-3-1b-it,26,A_original_fit_paraphrase_eval,logic,analogy,0.75,task,0.9998674322210561,0.00013256777894388172,0.048865997118216216,-9.35590475291681e-05
google/gemma-3-1b-it,26,A_original_fit_paraphrase_eval,logic,analogy,0.75,matched_random,0.9999609912685853,3.9008731414713615e-05,0.1394784415993224,-9.35590475291681e-05
google/gemma-3-1b-it,26,A_original_fit_paraphrase_eval,logic,analogy,0.75,opposite,0.9999402966289114,5.9703371088626334e-05,0.2040100650302655,-9.35590475291681e-05
google/gemma-3-1b-it,26,A_original_fit_paraphrase_eval,logic,analogy,1.0,task,0.9998215094216647,0.0001784905783352997,0.12097371037914745,-0.0001283098399437188
google/gemma-3-1b-it,26,A_original_fit_paraphrase_eval,logic,analogy,1.0,matched_random,0.9999498192616084,5.018073839158088e-05,0.2091419194156555,-0.0001283098399437188
google/gemma-3-1b-it,26,A_original_fit_paraphrase_eval,logic,analogy,1.0,opposite,0.99992875205723,7.124794277002522e-05,0.2692258992250941,-0.0001283098399437188
google/gemma-3-1b-it,26,A_original_fit_paraphrase_eval,logic,definition,0.5,task,0.9999832730002141,1.6726999785943164e-05,0.008955898507444618,-1.4913680419503805e-05
google/gemma-3-1b-it,26,A_original_fit_paraphrase_eval,logic,definition,0.5,matched_random,0.9999981866806336,1.8133193664393588e-06,0.050981289655011856,-1.4913680419503805e-05
google/gemma-3-1b-it,26,A_original_fit_paraphrase_eval,logic,definition,0.5,opposite,0.9999560964796412,4.390352035876788e-05,0.09286561664144347,-1.4913680419503805e-05
google/gemma-3-1b-it,26,A_original_fit_paraphrase_eval,logic,definition,0.75,task,0.9999831229299279,1.687707007214101e-05,0.043804983863773725,-1.4016271793648727e-05
google/gemma-3-1b-it,26,A_original_fit_paraphrase_eval,logic,definition,0.75,matched_random,0.9999971392017215,2.8607982784922825e-06,0.10312818733078848,-1.4016271793648727e-05
google/gemma-3-1b-it,26,A_original_fit_paraphrase_eval,logic,definition,0.75,opposite,0.9999040342326816,9.596576731840667e-05,0.15325650872844618,-1.4016271793648727e-05
google/gemma-3-1b-it,26,A_original_fit_paraphrase_eval,logic,definition,1.0,task,0.9999923815104005,7.618489599514611e-06,0.09840899246499647,-4.288315508471641e-06
google/gemma-3-1b-it,26,A_original_fit_paraphrase_eval,logic,definition,1.0,matched_random,0.999996669825909,3.33017409104297e-06,0.16099719214994618,-4.288315508471641e-06
google/gemma-3-1b-it,26,A_original_fit_paraphrase_eval,logic,definition,1.0,opposite,0.9998414071108195,0.00015859288918051995,0.21223214833575269,-4.288315508471641e-06
google/gemma-3-1b-it,26,A_original_fit_paraphrase_eval,causality,logic,0.5,task,0.9827813261734226,0.01721867382657738,0.012424090633833809,-0.012436015099904663
google/gemma-3-1b-it,26,A_original_fit_paraphrase_eval,causality,logic,0.5,matched_random,0.9952173412733273,0.004782658726672717,0.11554380221042289,-0.012436015099904663
google/gemma-3-1b-it,26,A_original_fit_paraphrase_eval,causality,logic,0.5,opposite,0.9720139832560301,0.027986016743969944,0.2057696368995039,-0.012436015099904663
google/gemma-3-1b-it,26,A_original_fit_paraphrase_eval,causality,logic,0.75,task,0.9753182062595868,0.024681793740413238,0.07851689945767379,-0.007827628011242926
google/gemma-3-1b-it,26,A_original_fit_paraphrase_eval,causality,logic,0.75,matched_random,0.9831458342708297,0.016854165729170312,0.2235470490363344,-0.007827628011242926
google/gemma-3-1b-it,26,A_original_fit_paraphrase_eval,causality,logic,0.75,opposite,0.94241236388444,0.05758763611555995,0.3224374467844913,-0.007827628011242926
google/gemma-3-1b-it,26,A_original_fit_paraphrase_eval,causality,logic,1.0,task,0.9775366530985309,0.022463346901469117,0.19206835537035655,0.015960882102070473
google/gemma-3-1b-it,26,A_original_fit_paraphrase_eval,causality,logic,1.0,matched_random,0.9615757709964604,0.03842422900353959,0.3342022851061628,0.015960882102070473
google/gemma-3-1b-it,26,A_original_fit_paraphrase_eval,causality,logic,1.0,opposite,0.9097145885259521,0.0902854114740479,0.4268678836766609,0.015960882102070473
google/gemma-3-1b-it,26,A_original_fit_paraphrase_eval,causality,analogy,0.5,task,0.9845352591460369,0.0154647408539631,0.0580939031724578,-0.013616270598724167
google/gemma-3-1b-it,26,A_original_fit_paraphrase_eval,causality,analogy,0.5,matched_random,0.9981515297447611,0.001848470255238932,0.15714725799475932,-0.013616270598724167
google/gemma-3-1b-it,26,A_original_fit_paraphrase_eval,causality,analogy,0.5,opposite,0.9524076861245901,0.04759231387540985,0.27788909900785325,-0.013616270598724167
google/gemma-3-1b-it,26,A_original_fit_paraphrase_eval,causality,analogy,0.75,task,0.9842649857794089,0.015735014220591093,0.045456502832688865,-0.0051037846935211295
google/gemma-3-1b-it,26,A_original_fit_paraphrase_eval,causality,analogy,0.75,matched_random,0.98936877047293,0.010631229527069963,0.28581497950956186,-0.0051037846935211295
google/gemma-3-1b-it,26,A_original_fit_paraphrase_eval,causality,analogy,0.75,opposite,0.9003718271083949,0.09962817289160508,0.40740295790603437,-0.0051037846935211295
google/gemma-3-1b-it,26,A_original_fit_paraphrase_eval,causality,analogy,1.0,task,0.991806075582473,0.008193924417526977,0.18714812260735644,0.02173543942462164
google/gemma-3-1b-it,26,A_original_fit_paraphrase_eval,causality,analogy,1.0,matched_random,0.9700706361578514,0.029929363842148615,0.40697395145148185,0.02173543942462164
google/gemma-3-1b-it,26,A_original_fit_paraphrase_eval,causality,analogy,1.0,opposite,0.8456937934714408,0.1543062065285592,0.5128554179999394,0.02173543942462164
google/gemma-3-1b-it,26,A_original_fit_paraphrase_eval,causality,definition,0.5,task,0.9984419178059213,0.0015580821940787137,0.036996191085106135,-0.0013425280523572392
google/gemma-3-1b-it,26,A_original_fit_paraphrase_eval,causality,definition,0.5,matched_random,0.9997844458582785,0.00021555414172147458,0.0773648840299953,-0.0013425280523572392
google/gemma-3-1b-it,26,A_original_fit_paraphrase_eval,causality,definition,0.5,opposite,0.9929652210427139,0.007034778957286103,0.15486206211052672,-0.0013425280523572392
google/gemma-3-1b-it,26,A_original_fit_paraphrase_eval,causality,definition,0.75,task,0.9988367270137563,0.0011632729862437463,0.006505710906957863,0.000995800757590093
google/gemma-3-1b-it,26,A_original_fit_paraphrase_eval,causality,definition,0.75,matched_random,0.9978409262561662,0.002159073743833839,0.15286239028896492,0.000995800757590093
google/gemma-3-1b-it,26,A_original_fit_paraphrase_eval,causality,definition,0.75,opposite,0.9825782588514396,0.017421741148560432,0.24658209124534344,0.000995800757590093
google/gemma-3-1b-it,26,A_original_fit_paraphrase_eval,causality,definition,1.0,task,0.9998927774016347,0.00010722259836526415,0.07334445118934756,0.008395763186931693
google/gemma-3-1b-it,26,A_original_fit_paraphrase_eval,causality,definition,1.0,matched_random,0.991497014214703,0.008502985785296957,0.237712658456788,0.008395763186931693
google/gemma-3-1b-it,26,A_original_fit_paraphrase_eval,causality,definition,1.0,opposite,0.9677812263559019,0.032218773644098087,0.3350222477951683,0.008395763186931693
google/gemma-3-1b-it,26,A_original_fit_paraphrase_eval,analogy,logic,0.5,task,0.9707385110745163,0.029261488925483747,0.14630651222658955,0.4334154018167222
google/gemma-3-1b-it,26,A_original_fit_paraphrase_eval,analogy,logic,0.5,matched_random,0.537323109257794,0.46267689074220597,0.11826196428664584,0.4334154018167222
google/gemma-3-1b-it,26,A_original_fit_paraphrase_eval,analogy,logic,0.5,opposite,-0.5352051614225597,1.5352051614225597,0.04470930374745797,0.4334154018167222
google/gemma-3-1b-it,26,A_original_fit_paraphrase_eval,analogy,logic,0.75,task,0.8514625125059434,0.1485374874940566,0.24475073135381553,1.0749878998026878
google/gemma-3-1b-it,26,A_original_fit_paraphrase_eval,analogy,logic,0.75,matched_random,-0.22352538729674445,1.2235253872967444,0.21360423188699007,1.0749878998026878
google/gemma-3-1b-it,26,A_original_fit_paraphrase_eval,analogy,logic,0.75,opposite,-0.8360181485837885,1.8360181485837885,0.1282854613039931,1.0749878998026878
google/gemma-3-1b-it,26,A_original_fit_paraphrase_eval,analogy,logic,1.0,task,0.5437608562025017,0.4562391437974983,0.336970131476164,1.0537639538043595
google/gemma-3-1b-it,26,A_original_fit_paraphrase_eval,analogy,logic,1.0,matched_random,-0.5100030976018579,1.510003097601858,0.3074275068921725,1.0537639538043595
google/gemma-3-1b-it,26,A_original_fit_paraphrase_eval,analogy,logic,1.0,opposite,-0.8638709060213644,1.8638709060213645,0.22537311719036324,1.0537639538043595
google/gemma-3-1b-it,26,A_original_fit_paraphrase_eval,analogy,causality,0.5,task,0.9990187076445308,0.0009812923554691766,0.1365928616169406,1.1544811598642353
google/gemma-3-1b-it,26,A_original_fit_paraphrase_eval,analogy,causality,0.5,matched_random,-0.15546245221970462,1.1554624522197046,0.1690012747177567,1.1544811598642353
google/gemma-3-1b-it,26,A_original_fit_paraphrase_eval,analogy,causality,0.5,opposite,-0.9609748352364945,1.9609748352364944,0.1846332566848786,1.1544811598642353
google/gemma-3-1b-it,26,A_original_fit_paraphrase_eval,analogy,causality,0.75,task,0.9999999271826815,7.28173185082781e-08,0.2654257515919358,1.5375292532361389
google/gemma-3-1b-it,26,A_original_fit_paraphrase_eval,analogy,causality,0.75,matched_random,-0.5375293260534574,1.5375293260534573,0.2952044950936226,1.5375292532361389
google/gemma-3-1b-it,26,A_original_fit_paraphrase_eval,analogy,causality,0.75,opposite,-0.9626257445896904,1.9626257445896904,0.30987110549414526,1.5375292532361389
google/gemma-3-1b-it,26,A_original_fit_paraphrase_eval,analogy,causality,1.0,task,0.9975464705575684,0.002453529442431601,0.38230451444069397,1.6414673718209474
google/gemma-3-1b-it,26,A_original_fit_paraphrase_eval,analogy,causality,1.0,matched_random,-0.6439209012633789,1.6439209012633789,0.4046591836773686,1.6414673718209474
google/gemma-3-1b-it,26,A_original_fit_paraphrase_eval,analogy,causality,1.0,opposite,-0.9613479560667405,1.9613479560667404,0.4169174114609674,1.6414673718209474
google/gemma-3-1b-it,26,A_original_fit_paraphrase_eval,analogy,definition,0.5,task,0.9981152673196774,0.0018847326803226316,0.11437528803310641,0.03835492009150587
google/gemma-3-1b-it,26,A_original_fit_paraphrase_eval,analogy,definition,0.5,matched_random,0.9597603472281715,0.040239652771828505,0.08909571850895137,0.03835492009150587
google/gemma-3-1b-it,26,A_original_fit_paraphrase_eval,analogy,definition,0.5,opposite,-0.9615805130684664,1.9615805130684665,0.0986035910452783,0.03835492009150587
google/gemma-3-1b-it,26,A_original_fit_paraphrase_eval,analogy,definition,0.75,task,0.9890187456986571,0.010981254301342891,0.21332704740695768,0.6783559944077043
google/gemma-3-1b-it,26,A_original_fit_paraphrase_eval,analogy,definition,0.75,matched_random,0.31066275129095283,0.6893372487090472,0.18462465436767184,0.6783559944077043
google/gemma-3-1b-it,26,A_original_fit_paraphrase_eval,analogy,definition,0.75,opposite,-0.9646507517125169,1.964650751712517,0.19425459298808265,0.6783559944077043
google/gemma-3-1b-it,26,A_original_fit_paraphrase_eval,analogy,definition,1.0,task,0.9629809386930326,0.037019061306967416,0.31131256039165095,1.3787745844602801
google/gemma-3-1b-it,26,A_original_fit_paraphrase_eval,analogy,definition,1.0,matched_random,-0.4157936457672476,1.4157936457672475,0.28354144879398757,1.3787745844602801
google/gemma-3-1b-it,26,A_original_fit_paraphrase_eval,analogy,definition,1.0,opposite,-0.9618424742284347,1.9618424742284346,0.29213154771043354,1.3787745844602801
google/gemma-3-1b-it,26,A_original_fit_paraphrase_eval,definition,logic,0.5,task,0.9929056025703255,0.007094397429674548,0.03958082823794511,-0.0070913699391647045
google/gemma-3-1b-it,26,A_original_fit_paraphrase_eval,definition,logic,0.5,matched_random,0.9999969725094902,3.0274905098437443e-06,0.06650058625420106,-0.0070913699391647045
google/gemma-3-1b-it,26,A_original_fit_paraphrase_eval,definition,logic,0.5,opposite,0.9959912200856548,0.0040087799143452285,0.1432827547602322,-0.0070913699391647045
google/gemma-3-1b-it,26,A_original_fit_paraphrase_eval,definition,logic,0.75,task,0.9860466005078532,0.0139533994921468,0.08025010797468056,-0.013774182595334028
google/gemma-3-1b-it,26,A_original_fit_paraphrase_eval,definition,logic,0.75,matched_random,0.9998207831031872,0.00017921689681277275,0.1448263519188482,-0.013774182595334028
google/gemma-3-1b-it,26,A_original_fit_paraphrase_eval,definition,logic,0.75,opposite,0.994654766743495,0.005345233256505044,0.24371522952120847,-0.013774182595334028
google/gemma-3-1b-it,26,A_original_fit_paraphrase_eval,definition,logic,1.0,task,0.9792818256471988,0.02071817435280121,0.15412903818870305,-0.019941056318855233
google/gemma-3-1b-it,26,A_original_fit_paraphrase_eval,definition,logic,1.0,matched_random,0.999222881966054,0.0007771180339459782,0.2391063390072049,-0.019941056318855233
google/gemma-3-1b-it,26,A_original_fit_paraphrase_eval,definition,logic,1.0,opposite,0.9951779476808188,0.004822052319181203,0.3491208916757438,-0.019941056318855233
google/gemma-3-1b-it,26,A_original_fit_paraphrase_eval,definition,causality,0.5,task,0.9977626501699134,0.00223734983008661,0.048806724721936055,-0.002230522917336053
google/gemma-3-1b-it,26,A_original_fit_paraphrase_eval,definition,causality,0.5,matched_random,0.9999931730872494,6.826912750557135e-06,0.07488848900116304,-0.002230522917336053
google/gemma-3-1b-it,26,A_original_fit_paraphrase_eval,definition,causality,0.5,opposite,0.9998912971967298,0.00010870280327024417,0.12118430991598182,-0.002230522917336053
google/gemma-3-1b-it,26,A_original_fit_paraphrase_eval,definition,causality,0.75,task,0.9947090464989337,0.005290953501066342,0.12621770592148213,-0.005034313779028632
google/gemma-3-1b-it,26,A_original_fit_paraphrase_eval,definition,causality,0.75,matched_random,0.9997433602779623,0.00025663972203771035,0.1623464953978882,-0.005034313779028632
google/gemma-3-1b-it,26,A_original_fit_paraphrase_eval,definition,causality,0.75,opposite,0.999999525331867,4.746681330214386e-07,0.22124286906653384,-0.005034313779028632
google/gemma-3-1b-it,26,A_original_fit_paraphrase_eval,definition,causality,1.0,task,0.991097853247067,0.008902146752932993,0.2243701130384722,-0.007867138768097415
google/gemma-3-1b-it,26,A_original_fit_paraphrase_eval,definition,causality,1.0,matched_random,0.9989649920151644,0.0010350079848355787,0.2656720806767798,-0.007867138768097415
google/gemma-3-1b-it,26,A_original_fit_paraphrase_eval,definition,causality,1.0,opposite,0.9998088733096816,0.00019112669031839946,0.3298166202877971,-0.007867138768097415
google/gemma-3-1b-it,26,A_original_fit_paraphrase_eval,definition,analogy,0.5,task,0.9903265503574294,0.009673449642570553,0.10728826891784889,-0.009311342698418712
google/gemma-3-1b-it,26,A_original_fit_paraphrase_eval,definition,analogy,0.5,matched_random,0.9996378930558482,0.00036210694415184097,0.12561744927132634,-0.009311342698418712
google/gemma-3-1b-it,26,A_original_fit_paraphrase_eval,definition,analogy,0.5,opposite,0.9974249592314752,0.0025750407685247723,0.2695396119139743,-0.009311342698418712
google/gemma-3-1b-it,26,A_original_fit_paraphrase_eval,definition,analogy,0.75,task,0.9810832093520545,0.01891679064794549,0.09052071719465565,-0.017393807054373545
google/gemma-3-1b-it,26,A_original_fit_paraphrase_eval,definition,analogy,0.75,matched_random,0.998477016406428,0.0015229835935719471,0.2429830819701114,-0.017393807054373545
google/gemma-3-1b-it,26,A_original_fit_paraphrase_eval,definition,analogy,0.75,opposite,0.9977105177092337,0.0022894822907663093,0.41105832405574777,-0.017393807054373545
google/gemma-3-1b-it,26,A_original_fit_paraphrase_eval,definition,analogy,1.0,task,0.9728683522791006,0.027131647720899377,0.1203264444722609,-0.023712649530911456
google/gemma-3-1b-it,26,A_original_fit_paraphrase_eval,definition,analogy,1.0,matched_random,0.9965810018100121,0.0034189981899879207,0.36901697324797694,-0.023712649530911456
google/gemma-3-1b-it,26,A_original_fit_paraphrase_eval,definition,analogy,1.0,opposite,0.998817192792607,0.0011828072073930551,0.5384130778364147,-0.023712649530911456
google/gemma-3-1b-it,26,B_paraphrase_fit_original_eval,logic,causality,0.5,task,0.9960794612305748,0.003920538769425219,0.025948762508714595,-0.0038908997903159825
google/gemma-3-1b-it,26,B_paraphrase_fit_original_eval,logic,causality,0.5,matched_random,0.9999703610208908,2.963897910923663e-05,0.06341476096759813,-0.0038908997903159825
google/gemma-3-1b-it,26,B_paraphrase_fit_original_eval,logic,causality,0.5,opposite,0.9980923180249555,0.0019076819750445395,0.0961887616549423,-0.0038908997903159825
google/gemma-3-1b-it,26,B_paraphrase_fit_original_eval,logic,causality,0.75,task,0.9914136990797943,0.008586300920205736,0.08009841828786841,-0.008487474052633726
google/gemma-3-1b-it,26,B_paraphrase_fit_original_eval,logic,causality,0.75,matched_random,0.999901173132428,9.882686757201053e-05,0.12753734548335366,-0.008487474052633726
google/gemma-3-1b-it,26,B_paraphrase_fit_original_eval,logic,causality,0.75,opposite,0.9969873326382636,0.003012667361736443,0.1666695709694378,-0.008487474052633726
google/gemma-3-1b-it,26,B_paraphrase_fit_original_eval,logic,causality,1.0,task,0.9861099281254505,0.013890071874549492,0.14858954255067328,-0.013670921860095442
google/gemma-3-1b-it,26,B_paraphrase_fit_original_eval,logic,causality,1.0,matched_random,0.999780849985546,0.00021915001445405036,0.19829035896147998,-0.013670921860095442
google/gemma-3-1b-it,26,B_paraphrase_fit_original_eval,logic,causality,1.0,opposite,0.9963914063303495,0.003608593669650495,0.23804547218283287,-0.013670921860095442
google/gemma-3-1b-it,26,B_paraphrase_fit_original_eval,logic,analogy,0.5,task,0.9999720595408865,2.7940459113473537e-05,0.02030086416785701,0.0002274762798342156
google/gemma-3-1b-it,26,B_paraphrase_fit_original_eval,logic,analogy,0.5,matched_random,0.9997445832610523,0.0002554167389476891,0.042667199916373764,0.0002274762798342156
google/gemma-3-1b-it,26,B_paraphrase_fit_original_eval,logic,analogy,0.5,opposite,0.9999095233381444,9.047666185557635e-05,0.051921870656339415,0.0002274762798342156
google/gemma-3-1b-it,26,B_paraphrase_fit_original_eval,logic,analogy,0.75,task,0.9999622187969669,3.778120303310484e-05,0.055173459583946,0.00039375423153720224
google/gemma-3-1b-it,26,B_paraphrase_fit_original_eval,logic,analogy,0.75,matched_random,0.9995684645654297,0.0004315354345703071,0.0850788051533384,0.00039375423153720224
google/gemma-3-1b-it,26,B_paraphrase_fit_original_eval,logic,analogy,0.75,opposite,0.9997700014247896,0.00022999857521044387,0.09713843421229416,0.00039375423153720224
google/gemma-3-1b-it,26,B_paraphrase_fit_original_eval,logic,analogy,1.0,task,0.9999643119225649,3.568807743514757e-05,0.10111591146703484,0.000512241014160919
google/gemma-3-1b-it,26,B_paraphrase_fit_original_eval,logic,analogy,1.0,matched_random,0.9994520709084039,0.0005479290915960666,0.13514974355152942,0.000512241014160919
google/gemma-3-1b-it,26,B_paraphrase_fit_original_eval,logic,analogy,1.0,opposite,0.999561981100616,0.0004380188993839962,0.1486381841848853,0.000512241014160919
google/gemma-3-1b-it,26,B_paraphrase_fit_original_eval,logic,definition,0.5,task,0.9998534082267959,0.00014659177320408556,0.03937694238657763,-5.220136255212893e-05
google/gemma-3-1b-it,26,B_paraphrase_fit_original_eval,logic,definition,0.5,matched_random,0.999905609589348,9.439041065195664e-05,0.06415354610370264,-5.220136255212893e-05
google/gemma-3-1b-it,26,B_paraphrase_fit_original_eval,logic,definition,0.5,opposite,0.9996312382913398,0.0003687617086601813,0.06886586369297605,-5.220136255212893e-05
google/gemma-3-1b-it,26,B_paraphrase_fit_original_eval,logic,definition,0.75,task,0.9997988795195408,0.00020112048045917152,0.0927055263128189,5.646187183006024e-05
google/gemma-3-1b-it,26,B_paraphrase_fit_original_eval,logic,definition,0.75,matched_random,0.9997424176477108,0.00025758235228923176,0.12371580858131814,5.646187183006024e-05
google/gemma-3-1b-it,26,B_paraphrase_fit_original_eval,logic,definition,0.75,opposite,0.9991515624627451,0.0008484375372549424,0.12953292322338986,5.646187183006024e-05
google/gemma-3-1b-it,26,B_paraphrase_fit_original_eval,logic,definition,1.0,task,0.9998085406150671,0.0001914593849329238,0.1565578108134469,0.0003149680058582849
google/gemma-3-1b-it,26,B_paraphrase_fit_original_eval,logic,definition,1.0,matched_random,0.9994935726092088,0.0005064273907912087,0.1893936522391913,0.0003149680058582849
google/gemma-3-1b-it,26,B_paraphrase_fit_original_eval,logic,definition,1.0,opposite,0.9985392528167504,0.0014607471832496222,0.19550896771424225,0.0003149680058582849
google/gemma-3-1b-it,26,B_paraphrase_fit_original_eval,causality,logic,0.5,task,0.9714178807615241,0.028582119238475867,0.08595488455207842,-0.027699205874818444
google/gemma-3-1b-it,26,B_paraphrase_fit_original_eval,causality,logic,0.5,matched_random,0.9991170866363426,0.0008829133636574227,0.08139141781556117,-0.027699205874818444
google/gemma-3-1b-it,26,B_paraphrase_fit_original_eval,causality,logic,0.5,opposite,0.9700608934691534,0.029939106530846638,0.169698165702251,-0.027699205874818444
google/gemma-3-1b-it,26,B_paraphrase_fit_original_eval,causality,logic,0.75,task,0.9616925803046924,0.0383074196953076,0.06803405911635665,-0.032926527773162406
google/gemma-3-1b-it,26,B_paraphrase_fit_original_eval,causality,logic,0.75,matched_random,0.9946191080778548,0.005380891922145192,0.1520479413156786,-0.032926527773162406
google/gemma-3-1b-it,26,B_paraphrase_fit_original_eval,causality,logic,0.75,opposite,0.946027899790097,0.05397210020990295,0.25352024611794394,-0.032926527773162406
google/gemma-3-1b-it,26,B_paraphrase_fit_original_eval,causality,logic,1.0,task,0.9703852509058922,0.029614749094107773,0.016643958705666227,-0.014878239097210866
google/gemma-3-1b-it,26,B_paraphrase_fit_original_eval,causality,logic,1.0,matched_random,0.9852634900031031,0.014736509996896907,0.22738760624360316,-0.014878239097210866
google/gemma-3-1b-it,26,B_paraphrase_fit_original_eval,causality,logic,1.0,opposite,0.9239678564661485,0.07603214353385146,0.3281733729171287,-0.014878239097210866
google/gemma-3-1b-it,26,B_paraphrase_fit_original_eval,causality,analogy,0.5,task,0.9802485056802192,0.01975149431978085,0.11856531736544057,-0.016629863869746964
google/gemma-3-1b-it,26,B_paraphrase_fit_original_eval,causality,analogy,0.5,matched_random,0.9968783695499661,0.0031216304500338854,0.0851208055643314,-0.016629863869746964
google/gemma-3-1b-it,26,B_paraphrase_fit_original_eval,causality,analogy,0.5,opposite,0.999999689774912,3.102250879516433e-07,0.1834185408945454,-0.016629863869746964
google/gemma-3-1b-it,26,B_paraphrase_fit_original_eval,causality,analogy,0.75,task,0.9304815085504085,0.06951849144959155,0.11857243483721723,-0.05867025122845204
google/gemma-3-1b-it,26,B_paraphrase_fit_original_eval,causality,analogy,0.75,matched_random,0.9891517597788605,0.010848240221139505,0.15552275103625154,-0.05867025122845204
google/gemma-3-1b-it,26,B_paraphrase_fit_original_eval,causality,analogy,0.75,opposite,0.9994347343693839,0.0005652656306160964,0.26848370373652514,-0.05867025122845204
google/gemma-3-1b-it,26,B_paraphrase_fit_original_eval,causality,analogy,1.0,task,0.8552912579659486,0.14470874203405137,0.07803235810870729,-0.12146857381396992
google/gemma-3-1b-it,26,B_paraphrase_fit_original_eval,causality,analogy,1.0,matched_random,0.9767598317799185,0.02324016822008146,0.22989826515214012,-0.12146857381396992
google/gemma-3-1b-it,26,B_paraphrase_fit_original_eval,causality,analogy,1.0,opposite,0.9973438504394095,0.0026561495605904595,0.34253199173365645,-0.12146857381396992
google/gemma-3-1b-it,26,B_paraphrase_fit_original_eval,causality,definition,0.5,task,0.9999955338852214,4.466114778556296e-06,0.010068202052424783,0.001688270818247628
google/gemma-3-1b-it,26,B_paraphrase_fit_original_eval,causality,definition,0.5,matched_random,0.9983072630669738,0.0016927369330261843,0.05606202257060475,0.001688270818247628
google/gemma-3-1b-it,26,B_paraphrase_fit_original_eval,causality,definition,0.5,opposite,0.9935973026907673,0.006402697309232708,0.11001614557593176,0.001688270818247628
google/gemma-3-1b-it,26,B_paraphrase_fit_original_eval,causality,definition,0.75,task,0.9982112286214253,0.001788771378574694,0.02915359041223216,0.0056099815151980925
google/gemma-3-1b-it,26,B_paraphrase_fit_original_eval,causality,definition,0.75,matched_random,0.9926012471062272,0.0073987528937727864,0.1148665940235412,0.0056099815151980925
google/gemma-3-1b-it,26,B_paraphrase_fit_original_eval,causality,definition,0.75,opposite,0.9836739362680205,0.016326063731979534,0.1808529223401686,0.0056099815151980925
google/gemma-3-1b-it,26,B_paraphrase_fit_original_eval,causality,definition,1.0,task,0.9904538460349828,0.009546153965017234,0.08820329542936516,0.008595123967819807
google/gemma-3-1b-it,26,B_paraphrase_fit_original_eval,causality,definition,1.0,matched_random,0.981858722067163,0.01814127793283704,0.18222043134948965,0.008595123967819807
google/gemma-3-1b-it,26,B_paraphrase_fit_original_eval,causality,definition,1.0,opposite,0.9704740639317903,0.029525936068209746,0.25133932079950855,0.008595123967819807
google/gemma-3-1b-it,26,B_paraphrase_fit_original_eval,analogy,logic,0.5,task,0.9997725633493385,0.00022743665066149443,0.010277211196922362,-0.0002152831698919444
google/gemma-3-1b-it,26,B_paraphrase_fit_original_eval,analogy,logic,0.5,matched_random,0.9999878465192304,1.2153480769550029e-05,0.017481422617251097,-0.0002152831698919444
google/gemma-3-1b-it,26,B_paraphrase_fit_original_eval,analogy,logic,0.5,opposite,0.9997432155801341,0.0002567844198658742,0.03252619608408854,-0.0002152831698919444
google/gemma-3-1b-it,26,B_paraphrase_fit_original_eval,analogy,logic,0.75,task,0.9995467153549716,0.0004532846450283623,0.030164246799984216,-0.0004215665878651853
google/gemma-3-1b-it,26,B_paraphrase_fit_original_eval,analogy,logic,0.75,matched_random,0.9999682819428368,3.1718057163176994e-05,0.03994218122360903,-0.0004215665878651853
google/gemma-3-1b-it,26,B_paraphrase_fit_original_eval,analogy,logic,0.75,opposite,0.9994581447583413,0.0005418552416587286,0.05951928120759517,-0.0004215665878651853
google/gemma-3-1b-it,26,B_paraphrase_fit_original_eval,analogy,logic,1.0,task,0.9993061845899526,0.000693815410047427,0.056674887877511314,-0.0006321559180700875
google/gemma-3-1b-it,26,B_paraphrase_fit_original_eval,analogy,logic,1.0,matched_random,0.9999383405080227,6.165949197733944e-05,0.0677798740116071,-0.0006321559180700875
google/gemma-3-1b-it,26,B_paraphrase_fit_original_eval,analogy,logic,1.0,opposite,0.9991252912105439,0.0008747087894560579,0.08959828723378363,-0.0006321559180700875
google/gemma-3-1b-it,26,B_paraphrase_fit_original_eval,analogy,causality,0.5,task,0.9986820708902708,0.0013179291097291657,0.007899117826828056,-0.001317871944919946
google/gemma-3-1b-it,26,B_paraphrase_fit_original_eval,analogy,causality,0.5,matched_random,0.9999999428351908,5.716480921957867e-08,0.02853372976243831,-0.001317871944919946
google/gemma-3-1b-it,26,B_paraphrase_fit_original_eval,analogy,causality,0.5,opposite,0.9986511378277905,0.0013488621722095306,0.061319002043323426,-0.001317871944919946
google/gemma-3-1b-it,26,B_paraphrase_fit_original_eval,analogy,causality,0.75,task,0.9974700073808317,0.0025299926191683086,0.03751249761815275,-0.0025296885153696103
google/gemma-3-1b-it,26,B_paraphrase_fit_original_eval,analogy,causality,0.75,matched_random,0.9999996958962013,3.041037986983852e-07,0.06340514176659016,-0.0025296885153696103
google/gemma-3-1b-it,26,B_paraphrase_fit_original_eval,analogy,causality,0.75,opposite,0.9973348185319585,0.002665181468041511,0.10253303110278454,-0.0025296885153696103
google/gemma-3-1b-it,26,B_paraphrase_fit_original_eval,analogy,causality,1.0,task,0.9963448375409999,0.0036551624590001053,0.07656400564496138,-0.0036521839378079735
google/gemma-3-1b-it,26,B_paraphrase_fit_original_eval,analogy,causality,1.0,matched_random,0.9999970214788079,2.978521192131822e-06,0.10316494001026076,-0.0036521839378079735
google/gemma-3-1b-it,26,B_paraphrase_fit_original_eval,analogy,causality,1.0,opposite,0.9959804589553201,0.004019541044679942,0.14283697530537354,-0.0036521839378079735
google/gemma-3-1b-it,26,B_paraphrase_fit_original_eval,analogy,definition,0.5,task,0.9999087803232299,9.121967677006015e-05,0.010510291318761229,-8.561204801516009e-05
google/gemma-3-1b-it,26,B_paraphrase_fit_original_eval,analogy,definition,0.5,matched_random,0.9999943923712451,5.6076287549000625e-06,0.03182948691178872,-8.561204801516009e-05
google/gemma-3-1b-it,26,B_paraphrase_fit_original_eval,analogy,definition,0.5,opposite,0.9999471781393353,5.282186066468686e-05,0.05191971056423892,-8.561204801516009e-05
google/gemma-3-1b-it,26,B_paraphrase_fit_original_eval,analogy,definition,0.75,task,0.9997993061725836,0.0002006938274163872,0.03845143029897559,-0.00017825719209607627
google/gemma-3-1b-it,26,B_paraphrase_fit_original_eval,analogy,definition,0.75,matched_random,0.9999775633646797,2.2436635320310927e-05,0.06526626985351941,-0.00017825719209607627
google/gemma-3-1b-it,26,B_paraphrase_fit_original_eval,analogy,definition,0.75,opposite,0.9999101165278695,8.988347213045866e-05,0.08955405633087626,-0.00017825719209607627
google/gemma-3-1b-it,26,B_paraphrase_fit_original_eval,analogy,definition,1.0,task,0.9996689750249583,0.0003310249750416716,0.0745367763933588,-0.000274682587830144
google/gemma-3-1b-it,26,B_paraphrase_fit_original_eval,analogy,definition,1.0,matched_random,0.9999436576127885,5.634238721152762e-05,0.10284050222505242,-0.000274682587830144
google/gemma-3-1b-it,26,B_paraphrase_fit_original_eval,analogy,definition,1.0,opposite,0.9998837892947997,0.00011621070520029253,0.12782575809293198,-0.000274682587830144
google/gemma-3-1b-it,26,B_paraphrase_fit_original_eval,definition,logic,0.5,task,0.9640230561490968,0.03597694385090322,0.0600196200446311,-0.03444357664306408
google/gemma-3-1b-it,26,B_paraphrase_fit_original_eval,definition,logic,0.5,matched_random,0.9984666327921609,0.0015333672078391425,0.06660995642097918,-0.03444357664306408
google/gemma-3-1b-it,26,B_paraphrase_fit_original_eval,definition,logic,0.5,opposite,0.980717637952505,0.019282362047495005,0.1740134377874288,-0.03444357664306408
google/gemma-3-1b-it,26,B_paraphrase_fit_original_eval,definition,logic,0.75,task,0.923723126438986,0.07627687356101398,0.05421963283252155,-0.06974753000124723
google/gemma-3-1b-it,26,B_paraphrase_fit_original_eval,definition,logic,0.75,matched_random,0.9934706564402332,0.006529343559766754,0.14207924108546688,-0.06974753000124723
google/gemma-3-1b-it,26,B_paraphrase_fit_original_eval,definition,logic,0.75,opposite,0.968897371544948,0.03110262845505196,0.2720178860852151,-0.06974753000124723
google/gemma-3-1b-it,26,B_paraphrase_fit_original_eval,definition,logic,1.0,task,0.8799939528171212,0.12000604718287877,0.09300939833369821,-0.10347784912448355
google/gemma-3-1b-it,26,B_paraphrase_fit_original_eval,definition,logic,1.0,matched_random,0.9834718019416048,0.016528198058395227,0.22867124015443016,-0.10347784912448355
google/gemma-3-1b-it,26,B_paraphrase_fit_original_eval,definition,logic,1.0,opposite,0.9620376535030063,0.037962346496993704,0.3638032334879005,-0.10347784912448355
google/gemma-3-1b-it,26,B_paraphrase_fit_original_eval,definition,causality,0.5,task,0.997019805630166,0.0029801943698339883,0.013298423421266888,-0.0018165081061379817
google/gemma-3-1b-it,26,B_paraphrase_fit_original_eval,definition,causality,0.5,matched_random,0.998836313736304,0.0011636862636960066,0.06534432674119367,-0.0018165081061379817
google/gemma-3-1b-it,26,B_paraphrase_fit_original_eval,definition,causality,0.5,opposite,0.9992670776219791,0.0007329223780209171,0.1292851675921331,-0.0018165081061379817
google/gemma-3-1b-it,26,B_paraphrase_fit_original_eval,definition,causality,0.75,task,0.9877482092824621,0.012251790717537903,0.0674926498197663,-0.007001906954549275
google/gemma-3-1b-it,26,B_paraphrase_fit_original_eval,definition,causality,0.75,matched_random,0.9947501162370114,0.0052498837629886275,0.1390984200156291,-0.007001906954549275
google/gemma-3-1b-it,26,B_paraphrase_fit_original_eval,definition,causality,0.75,opposite,0.9963526734088806,0.0036473265911194375,0.21790602980322796,-0.007001906954549275
google/gemma-3-1b-it,26,B_paraphrase_fit_original_eval,definition,causality,1.0,task,0.9689853816727378,0.031014618327262156,0.1460390787047797,-0.017302070016412596
google/gemma-3-1b-it,26,B_paraphrase_fit_original_eval,definition,causality,1.0,matched_random,0.9862874516891504,0.01371254831084956,0.22405507654361023,-0.017302070016412596
google/gemma-3-1b-it,26,B_paraphrase_fit_original_eval,definition,causality,1.0,opposite,0.9901390357584045,0.009860964241595549,0.30700203675894516,-0.017302070016412596
google/gemma-3-1b-it,26,B_paraphrase_fit_original_eval,definition,analogy,0.5,task,0.9704225358185177,0.029577464181482327,0.05672769021343702,-0.029453565880832255
google/gemma-3-1b-it,26,B_paraphrase_fit_original_eval,definition,analogy,0.5,matched_random,0.9998761016993499,0.00012389830065007157,0.08083983135457846,-0.029453565880832255
google/gemma-3-1b-it,26,B_paraphrase_fit_original_eval,definition,analogy,0.5,opposite,0.9874230712109885,0.01257692878901151,0.17296899677743244,-0.029453565880832255
google/gemma-3-1b-it,26,B_paraphrase_fit_original_eval,definition,analogy,0.75,task,0.9345136055242009,0.06548639447579907,0.04890886360540007,-0.06374746566283562
google/gemma-3-1b-it,26,B_paraphrase_fit_original_eval,definition,analogy,0.75,matched_random,0.9982610711870366,0.0017389288129634473,0.16012270430028844,-0.06374746566283562
google/gemma-3-1b-it,26,B_paraphrase_fit_original_eval,definition,analogy,0.75,opposite,0.9812193144275655,0.018780685572434508,0.2707573646503485,-0.06374746566283562
google/gemma-3-1b-it,26,B_paraphrase_fit_original_eval,definition,analogy,1.0,task,0.8933459912471919,0.10665400875280806,0.09083814531805963,-0.10000119015749998
google/gemma-3-1b-it,26,B_paraphrase_fit_original_eval,definition,analogy,1.0,matched_random,0.9933471814046919,0.006652818595308085,0.24810403654163646,-0.10000119015749998
google/gemma-3-1b-it,26,B_paraphrase_fit_original_eval,definition,analogy,1.0,opposite,0.9791423418766783,0.020857658123321743,0.36242069676357785,-0.10000119015749998
