model,layer,split,source_group,target_group,beta,intervention_type,eval_item_id,target_probability,source_probability,target_minus_source_probability,target_prediction_rate,source_prediction_rate
Qwen/Qwen3-1.7B,16,A_original_fit_paraphrase_eval,logic,causality,0.5,task,logic_para_01,0.97788702908336,0.0009122362596378455,0.9769747928237221,1.0,0.0
Qwen/Qwen3-1.7B,16,A_original_fit_paraphrase_eval,logic,causality,0.5,task,logic_para_02,0.979552411978006,0.0010936148174009324,0.9784587971606051,1.0,0.0
Qwen/Qwen3-1.7B,16,A_original_fit_paraphrase_eval,logic,causality,0.5,task,logic_para_03,0.9746554162356315,0.0015893769523194056,0.973066039283312,1.0,0.0
Qwen/Qwen3-1.7B,16,A_original_fit_paraphrase_eval,logic,causality,0.5,matched_random,logic_para_01,0.23656721069626455,0.5782978016804777,-0.3417305909842132,0.0,1.0
Qwen/Qwen3-1.7B,16,A_original_fit_paraphrase_eval,logic,causality,0.5,matched_random,logic_para_02,0.21580619315033617,0.6313627546843619,-0.4155565615340257,0.0,1.0
Qwen/Qwen3-1.7B,16,A_original_fit_paraphrase_eval,logic,causality,0.5,matched_random,logic_para_03,0.16286082886504646,0.6959383967492505,-0.533077567884204,0.0,1.0
Qwen/Qwen3-1.7B,16,A_original_fit_paraphrase_eval,logic,causality,0.5,opposite,logic_para_01,0.0001706572377269392,0.9903879223360705,-0.9902172650983436,0.0,1.0
Qwen/Qwen3-1.7B,16,A_original_fit_paraphrase_eval,logic,causality,0.5,opposite,logic_para_02,0.00014299268783771334,0.9931446693469779,-0.9930016766591402,0.0,1.0
Qwen/Qwen3-1.7B,16,A_original_fit_paraphrase_eval,logic,causality,0.5,opposite,logic_para_03,9.804881539215188e-05,0.9946725665433632,-0.9945745177279711,0.0,1.0
Qwen/Qwen3-1.7B,16,A_original_fit_paraphrase_eval,logic,causality,0.75,task,logic_para_01,0.9968249326169613,1.8619672691285707e-05,0.99680631294427,1.0,0.0
Qwen/Qwen3-1.7B,16,A_original_fit_paraphrase_eval,logic,causality,0.75,task,logic_para_02,0.9970360164058719,2.2288562505189814e-05,0.9970137278433667,1.0,0.0
Qwen/Qwen3-1.7B,16,A_original_fit_paraphrase_eval,logic,causality,0.75,task,logic_para_03,0.9962567792781437,3.252981590178081e-05,0.996224249462242,1.0,0.0
Qwen/Qwen3-1.7B,16,A_original_fit_paraphrase_eval,logic,causality,0.75,matched_random,logic_para_01,0.238827748748801,0.5984191127848242,-0.3595913640360232,0.0,1.0
Qwen/Qwen3-1.7B,16,A_original_fit_paraphrase_eval,logic,causality,0.75,matched_random,logic_para_02,0.21613594718823653,0.6481353920810252,-0.4319994448927887,0.0,1.0
Qwen/Qwen3-1.7B,16,A_original_fit_paraphrase_eval,logic,causality,0.75,matched_random,logic_para_03,0.16223737040747654,0.71060577885713,-0.5483684084496535,0.0,1.0
Qwen/Qwen3-1.7B,16,A_original_fit_paraphrase_eval,logic,causality,0.75,opposite,logic_para_01,3.4454546992390987e-06,0.9986025312751481,-0.9985990858204489,0.0,1.0
Qwen/Qwen3-1.7B,16,A_original_fit_paraphrase_eval,logic,causality,0.75,opposite,logic_para_02,2.8801173855957018e-06,0.9990204299609889,-0.9990175498436034,0.0,1.0
Qwen/Qwen3-1.7B,16,A_original_fit_paraphrase_eval,logic,causality,0.75,opposite,logic_para_03,1.9722899880015596e-06,0.9992497629379891,-0.9992477906480011,0.0,1.0
Qwen/Qwen3-1.7B,16,A_original_fit_paraphrase_eval,logic,causality,1.0,task,logic_para_01,0.99952912871432,3.7383771262023763e-07,0.9995287548766073,1.0,0.0
Qwen/Qwen3-1.7B,16,A_original_fit_paraphrase_eval,logic,causality,1.0,task,logic_para_02,0.9995510901096218,4.474151804921203e-07,0.9995506426944414,1.0,0.0
Qwen/Qwen3-1.7B,16,A_original_fit_paraphrase_eval,logic,causality,1.0,task,logic_para_03,0.9994203475347286,6.534208800781148e-07,0.9994196941138486,1.0,0.0
Qwen/Qwen3-1.7B,16,A_original_fit_paraphrase_eval,logic,causality,1.0,matched_random,logic_para_01,0.2398734773828657,0.616065063373476,-0.3761915859906103,0.0,1.0
Qwen/Qwen3-1.7B,16,A_original_fit_paraphrase_eval,logic,causality,1.0,matched_random,logic_para_02,0.21562709959127224,0.6627744433592085,-0.4471473437679363,0.0,1.0
Qwen/Qwen3-1.7B,16,A_original_fit_paraphrase_eval,logic,causality,1.0,matched_random,logic_para_03,0.16110799627069214,0.7233002440238977,-0.5621922477532055,0.0,1.0
Qwen/Qwen3-1.7B,16,A_original_fit_paraphrase_eval,logic,causality,1.0,opposite,logic_para_01,6.907149955066609e-08,0.9997939346835877,-0.9997938656120882,0.0,1.0
Qwen/Qwen3-1.7B,16,A_original_fit_paraphrase_eval,logic,causality,1.0,opposite,logic_para_02,5.7717600517706087e-08,0.9998571198515561,-0.9998570621339556,0.0,1.0
Qwen/Qwen3-1.7B,16,A_original_fit_paraphrase_eval,logic,causality,1.0,opposite,logic_para_03,3.951703106279827e-08,0.9998919842334069,-0.9998919447163758,0.0,1.0
Qwen/Qwen3-1.7B,16,A_original_fit_paraphrase_eval,logic,analogy,0.5,task,logic_para_01,0.970988933323282,0.0015427147972896047,0.9694462185259923,1.0,0.0
Qwen/Qwen3-1.7B,16,A_original_fit_paraphrase_eval,logic,analogy,0.5,task,logic_para_02,0.9627289490262658,0.002292097345565235,0.9604368516807006,1.0,0.0
Qwen/Qwen3-1.7B,16,A_original_fit_paraphrase_eval,logic,analogy,0.5,task,logic_para_03,0.9597963940607283,0.003184635211721731,0.9566117588490065,1.0,0.0
Qwen/Qwen3-1.7B,16,A_original_fit_paraphrase_eval,logic,analogy,0.5,matched_random,logic_para_01,0.23901475070783007,0.4627470702266259,-0.22373231951879585,0.0,1.0
Qwen/Qwen3-1.7B,16,A_original_fit_paraphrase_eval,logic,analogy,0.5,matched_random,logic_para_02,0.181878844496993,0.5276656484981483,-0.34578680400115536,0.0,1.0
Qwen/Qwen3-1.7B,16,A_original_fit_paraphrase_eval,logic,analogy,0.5,matched_random,logic_para_03,0.14891884592720772,0.6021127855264873,-0.45319393959927956,0.0,1.0
Qwen/Qwen3-1.7B,16,A_original_fit_paraphrase_eval,logic,analogy,0.5,opposite,logic_para_01,0.0001896797799715722,0.9836990173329339,-0.9835093375529623,0.0,1.0
Qwen/Qwen3-1.7B,16,A_original_fit_paraphrase_eval,logic,analogy,0.5,opposite,logic_para_02,0.00012688448060517224,0.9860691429780417,-0.9859422584974366,0.0,1.0
Qwen/Qwen3-1.7B,16,A_original_fit_paraphrase_eval,logic,analogy,0.5,opposite,logic_para_03,9.135939178571265e-05,0.9894722383343517,-0.989380878942566,0.0,1.0
Qwen/Qwen3-1.7B,16,A_original_fit_paraphrase_eval,logic,analogy,0.75,task,logic_para_01,0.996153758172588,3.72353365847412e-05,0.9961165228360033,1.0,0.0
Qwen/Qwen3-1.7B,16,A_original_fit_paraphrase_eval,logic,analogy,0.75,task,logic_para_02,0.9950540068332995,5.57356693473363e-05,0.9949982711639521,1.0,0.0
Qwen/Qwen3-1.7B,16,A_original_fit_paraphrase_eval,logic,analogy,0.75,task,logic_para_03,0.9947180326484132,7.764940119755813e-05,0.9946403832472156,1.0,0.0
Qwen/Qwen3-1.7B,16,A_original_fit_paraphrase_eval,logic,analogy,0.75,matched_random,logic_para_01,0.2694974348111041,0.4285040736232803,-0.1590066388121762,0.0,1.0
Qwen/Qwen3-1.7B,16,A_original_fit_paraphrase_eval,logic,analogy,0.75,matched_random,logic_para_02,0.20766688933792973,0.49479492765631056,-0.28712803831838085,0.0,1.0
Qwen/Qwen3-1.7B,16,A_original_fit_paraphrase_eval,logic,analogy,0.75,matched_random,logic_para_03,0.1719840544630134,0.5710810060948533,-0.39909695163183995,0.0,1.0
Qwen/Qwen3-1.7B,16,A_original_fit_paraphrase_eval,logic,analogy,0.75,opposite,logic_para_01,4.523522321560345e-06,0.9971497779989965,-0.9971452544766749,0.0,1.0
Qwen/Qwen3-1.7B,16,A_original_fit_paraphrase_eval,logic,analogy,0.75,opposite,logic_para_02,3.019951678193067e-06,0.9975652568724727,-0.9975622369207945,0.0,1.0
Qwen/Qwen3-1.7B,16,A_original_fit_paraphrase_eval,logic,analogy,0.75,opposite,logic_para_03,2.168259958032112e-06,0.9981693323173764,-0.9981671640574183,0.0,1.0
Qwen/Qwen3-1.7B,16,A_original_fit_paraphrase_eval,logic,analogy,1.0,task,logic_para_01,0.9994824340829445,8.789448243720837e-07,0.9994815551381201,1.0,0.0
Qwen/Qwen3-1.7B,16,A_original_fit_paraphrase_eval,logic,analogy,1.0,task,logic_para_02,0.9993341993817775,1.3169062522637106e-06,0.9993328824755252,1.0,0.0
Qwen/Qwen3-1.7B,16,A_original_fit_paraphrase_eval,logic,analogy,1.0,task,logic_para_03,0.9992887511485795,1.8352137722327918e-06,0.9992869159348072,1.0,0.0
Qwen/Qwen3-1.7B,16,A_original_fit_paraphrase_eval,logic,analogy,1.0,matched_random,logic_para_01,0.30187032108527445,0.39418680388615257,-0.09231648280087812,0.0,1.0
Qwen/Qwen3-1.7B,16,A_original_fit_paraphrase_eval,logic,analogy,1.0,matched_random,logic_para_02,0.23568898617959047,0.4611886546643225,-0.22549966848473205,0.0,1.0
Qwen/Qwen3-1.7B,16,A_original_fit_paraphrase_eval,logic,analogy,1.0,matched_random,logic_para_03,0.19751622904718885,0.5386338761575611,-0.34111764711037224,0.0,1.0
Qwen/Qwen3-1.7B,16,A_original_fit_paraphrase_eval,logic,analogy,1.0,opposite,logic_para_01,1.0667382943085876e-07,0.9995027742988805,-0.999502667625051,0.0,1.0
Qwen/Qwen3-1.7B,16,A_original_fit_paraphrase_eval,logic,analogy,1.0,opposite,logic_para_02,7.119210633166784e-08,0.9995755451781194,-0.9995754739860131,0.0,1.0
Qwen/Qwen3-1.7B,16,A_original_fit_paraphrase_eval,logic,analogy,1.0,opposite,logic_para_03,5.108888917371297e-08,0.9996818140896573,-0.9996817630007682,0.0,1.0
Qwen/Qwen3-1.7B,16,A_original_fit_paraphrase_eval,logic,definition,0.5,task,logic_para_01,0.8527371785120001,0.003212680286106667,0.8495244982258935,1.0,0.0
Qwen/Qwen3-1.7B,16,A_original_fit_paraphrase_eval,logic,definition,0.5,task,logic_para_02,0.8734523407473179,0.003518508044976327,0.8699338327023416,1.0,0.0
Qwen/Qwen3-1.7B,16,A_original_fit_paraphrase_eval,logic,definition,0.5,task,logic_para_03,0.9086050983659302,0.003617391364145281,0.9049877070017849,1.0,0.0
Qwen/Qwen3-1.7B,16,A_original_fit_paraphrase_eval,logic,definition,0.5,matched_random,logic_para_01,0.08238292692994033,0.46266433066967694,-0.3802814037397366,0.0,1.0
Qwen/Qwen3-1.7B,16,A_original_fit_paraphrase_eval,logic,definition,0.5,matched_random,logic_para_02,0.08748229014865636,0.5253103647862762,-0.43782807463761986,0.0,1.0
Qwen/Qwen3-1.7B,16,A_original_fit_paraphrase_eval,logic,definition,0.5,matched_random,logic_para_03,0.10004921474462772,0.5937594069769362,-0.4937101922323085,0.0,1.0
Qwen/Qwen3-1.7B,16,A_original_fit_paraphrase_eval,logic,definition,0.5,opposite,logic_para_01,4.49403357066083e-05,0.9858272181194051,-0.9857822777836985,0.0,1.0
Qwen/Qwen3-1.7B,16,A_original_fit_paraphrase_eval,logic,definition,0.5,opposite,logic_para_02,4.218624862609829e-05,0.9894695309429233,-0.9894273446942973,0.0,1.0
Qwen/Qwen3-1.7B,16,A_original_fit_paraphrase_eval,logic,definition,0.5,opposite,logic_para_03,4.2818475944077006e-05,0.9925758753868826,-0.9925330569109385,0.0,1.0
Qwen/Qwen3-1.7B,16,A_original_fit_paraphrase_eval,logic,definition,0.75,task,logic_para_01,0.9739717135212446,7.470000118297627e-05,0.9738970135200616,1.0,0.0
Qwen/Qwen3-1.7B,16,A_original_fit_paraphrase_eval,logic,definition,0.75,task,logic_para_02,0.9779466700613914,8.019669337056568e-05,0.9778664733680208,1.0,0.0
Qwen/Qwen3-1.7B,16,A_original_fit_paraphrase_eval,logic,definition,0.75,task,logic_para_03,0.9847782850481971,7.981430680079669e-05,0.9846984707413963,1.0,0.0
Qwen/Qwen3-1.7B,16,A_original_fit_paraphrase_eval,logic,definition,0.75,matched_random,logic_para_01,0.09687172822191996,0.4275983774903368,-0.33072664926841683,0.0,1.0
Qwen/Qwen3-1.7B,16,A_original_fit_paraphrase_eval,logic,definition,0.75,matched_random,logic_para_02,0.1038850762409,0.4902969469458872,-0.3864118707049872,0.0,1.0
Qwen/Qwen3-1.7B,16,A_original_fit_paraphrase_eval,logic,definition,0.75,matched_random,logic_para_03,0.11948003660150182,0.5573170963684875,-0.43783705976698567,0.0,1.0
Qwen/Qwen3-1.7B,16,A_original_fit_paraphrase_eval,logic,definition,0.75,opposite,logic_para_01,9.261774028774001e-07,0.9980141954536511,-0.9980132692762482,0.0,1.0
Qwen/Qwen3-1.7B,16,A_original_fit_paraphrase_eval,logic,definition,0.75,opposite,logic_para_02,8.666829047446613e-07,0.9985499477612467,-0.998549081078342,0.0,1.0
Qwen/Qwen3-1.7B,16,A_original_fit_paraphrase_eval,logic,definition,0.75,opposite,logic_para_03,8.772953707432357e-07,0.9989790797340533,-0.9989782024386825,0.0,1.0
Qwen/Qwen3-1.7B,16,A_original_fit_paraphrase_eval,logic,definition,1.0,task,logic_para_01,0.995761518681324,1.554717753845435e-06,0.9957599639635701,1.0,0.0
Qwen/Qwen3-1.7B,16,A_original_fit_paraphrase_eval,logic,definition,1.0,task,logic_para_02,0.9963878881588432,1.6633807990742163e-06,0.9963862247780441,1.0,0.0
Qwen/Qwen3-1.7B,16,A_original_fit_paraphrase_eval,logic,definition,1.0,task,logic_para_03,0.9975296677509661,1.645849265376606e-06,0.9975280219017006,1.0,0.0
Qwen/Qwen3-1.7B,16,A_original_fit_paraphrase_eval,logic,definition,1.0,matched_random,logic_para_01,0.11299003398075291,0.392002954248421,-0.2790129202676681,0.0,1.0
Qwen/Qwen3-1.7B,16,A_original_fit_paraphrase_eval,logic,definition,1.0,matched_random,logic_para_02,0.12238170401274907,0.4539758201266711,-0.33159411611392203,0.0,1.0
Qwen/Qwen3-1.7B,16,A_original_fit_paraphrase_eval,logic,definition,1.0,matched_random,logic_para_03,0.14150524608820278,0.5187878061160937,-0.37728256002789085,0.0,1.0
Qwen/Qwen3-1.7B,16,A_original_fit_paraphrase_eval,logic,definition,1.0,opposite,logic_para_01,1.8886777037073594e-08,0.999720129543932,-0.9997201106571549,0.0,1.0
Qwen/Qwen3-1.7B,16,A_original_fit_paraphrase_eval,logic,definition,1.0,opposite,logic_para_02,1.7665454356961464e-08,0.9997983613432,-0.9997983436777457,0.0,1.0
Qwen/Qwen3-1.7B,16,A_original_fit_paraphrase_eval,logic,definition,1.0,opposite,logic_para_03,1.787514637577102e-08,0.9998577291285613,-0.9998577112534149,0.0,1.0
Qwen/Qwen3-1.7B,16,A_original_fit_paraphrase_eval,causality,logic,0.5,task,causality_para_01,0.9767173749142996,0.004156000214644793,0.9725613746996548,1.0,0.0
Qwen/Qwen3-1.7B,16,A_original_fit_paraphrase_eval,causality,logic,0.5,task,causality_para_02,0.965240935166341,0.007041879753571341,0.9581990554127697,1.0,0.0
Qwen/Qwen3-1.7B,16,A_original_fit_paraphrase_eval,causality,logic,0.5,task,causality_para_03,0.9327832259576144,0.022319414025156345,0.9104638119324581,1.0,0.0
Qwen/Qwen3-1.7B,16,A_original_fit_paraphrase_eval,causality,logic,0.5,matched_random,causality_para_01,0.0660455600318236,0.8559141351479244,-0.7898685751161008,0.0,1.0
Qwen/Qwen3-1.7B,16,A_original_fit_paraphrase_eval,causality,logic,0.5,matched_random,causality_para_02,0.04011997048338261,0.891442635845923,-0.8513226653625404,0.0,1.0
Qwen/Qwen3-1.7B,16,A_original_fit_paraphrase_eval,causality,logic,0.5,matched_random,causality_para_03,0.01299895143704649,0.9473060386933991,-0.9343070872563527,0.0,1.0
Qwen/Qwen3-1.7B,16,A_original_fit_paraphrase_eval,causality,logic,0.5,opposite,causality_para_01,3.766704987504815e-05,0.99708052483176,-0.997042857781885,0.0,1.0
Qwen/Qwen3-1.7B,16,A_original_fit_paraphrase_eval,causality,logic,0.5,opposite,causality_para_02,2.1982326485574026e-05,0.9976736581390147,-0.9976516758125291,0.0,1.0
Qwen/Qwen3-1.7B,16,A_original_fit_paraphrase_eval,causality,logic,0.5,opposite,causality_para_03,6.7075745262540574e-06,0.9984574139991242,-0.998450706424598,0.0,1.0
Qwen/Qwen3-1.7B,16,A_original_fit_paraphrase_eval,causality,logic,0.75,task,causality_para_01,0.9973385834928433,8.497355222519023e-05,0.9972536099406182,1.0,0.0
Qwen/Qwen3-1.7B,16,A_original_fit_paraphrase_eval,causality,logic,0.75,task,causality_para_02,0.9960090789789714,0.00014549587330293587,0.9958635831056685,1.0,0.0
Qwen/Qwen3-1.7B,16,A_original_fit_paraphrase_eval,causality,logic,0.75,task,causality_para_03,0.9936166652994904,0.0004760531389822154,0.9931406121605082,1.0,0.0
Qwen/Qwen3-1.7B,16,A_original_fit_paraphrase_eval,causality,logic,0.75,matched_random,causality_para_01,0.06056863558048699,0.8673788520936088,-0.8068102165131218,0.0,1.0
Qwen/Qwen3-1.7B,16,A_original_fit_paraphrase_eval,causality,logic,0.75,matched_random,causality_para_02,0.03664417081219588,0.8997299199126557,-0.8630857491004599,0.0,1.0
Qwen/Qwen3-1.7B,16,A_original_fit_paraphrase_eval,causality,logic,0.75,matched_random,causality_para_03,0.011834507573190867,0.9530301575199649,-0.9411956499467741,0.0,1.0
Qwen/Qwen3-1.7B,16,A_original_fit_paraphrase_eval,causality,logic,0.75,opposite,causality_para_01,7.560662688426627e-07,0.9995257432273936,-0.9995249871611248,0.0,1.0
Qwen/Qwen3-1.7B,16,A_original_fit_paraphrase_eval,causality,logic,0.75,opposite,causality_para_02,4.410188627538842e-07,0.999625926269665,-0.9996254852508022,0.0,1.0
Qwen/Qwen3-1.7B,16,A_original_fit_paraphrase_eval,causality,logic,0.75,opposite,causality_para_03,1.3447990323609446e-07,0.999739662310977,-0.9997395278310738,0.0,1.0
Qwen/Qwen3-1.7B,16,A_original_fit_paraphrase_eval,causality,logic,1.0,task,causality_para_01,0.9996513797844239,1.7053920269972728e-06,0.9996496743923968,1.0,0.0
Qwen/Qwen3-1.7B,16,A_original_fit_paraphrase_eval,causality,logic,1.0,task,causality_para_02,0.9994689764043285,2.9234199198957426e-06,0.9994660529844086,1.0,0.0
Qwen/Qwen3-1.7B,16,A_original_fit_paraphrase_eval,causality,logic,1.0,task,causality_para_03,0.9992463948539824,9.58613766398516e-06,0.9992368087163184,1.0,0.0
Qwen/Qwen3-1.7B,16,A_original_fit_paraphrase_eval,causality,logic,1.0,matched_random,causality_para_01,0.055464158628791206,0.8777037122697012,-0.8222395536409101,0.0,1.0
Qwen/Qwen3-1.7B,16,A_original_fit_paraphrase_eval,causality,logic,1.0,matched_random,causality_para_02,0.03343318267393265,0.9071089510754511,-0.8736757684015184,0.0,1.0
Qwen/Qwen3-1.7B,16,A_original_fit_paraphrase_eval,causality,logic,1.0,matched_random,causality_para_03,0.01076591682186405,0.9580362430363634,-0.9472703262144994,0.0,1.0
Qwen/Qwen3-1.7B,16,A_original_fit_paraphrase_eval,causality,logic,1.0,opposite,causality_para_01,1.5144896478232728e-08,0.9999215423448938,-0.9999215271999974,0.0,1.0
Qwen/Qwen3-1.7B,16,A_original_fit_paraphrase_eval,causality,logic,1.0,opposite,causality_para_02,8.833393224855939e-09,0.9999387644104157,-0.9999387555770225,0.0,1.0
Qwen/Qwen3-1.7B,16,A_original_fit_paraphrase_eval,causality,logic,1.0,opposite,causality_para_03,2.6933063912978484e-09,0.9999557694124617,-0.9999557667191553,0.0,1.0
Qwen/Qwen3-1.7B,16,A_original_fit_paraphrase_eval,causality,analogy,0.5,task,causality_para_01,0.9111954619627426,0.008071708206333744,0.9031237537564089,1.0,0.0
Qwen/Qwen3-1.7B,16,A_original_fit_paraphrase_eval,causality,analogy,0.5,task,causality_para_02,0.9388832496463426,0.00838569582191949,0.9304975538244231,1.0,0.0
Qwen/Qwen3-1.7B,16,A_original_fit_paraphrase_eval,causality,analogy,0.5,task,causality_para_03,0.8529483284991741,0.03674868019530307,0.816199648303871,1.0,0.0
Qwen/Qwen3-1.7B,16,A_original_fit_paraphrase_eval,causality,analogy,0.5,matched_random,causality_para_01,0.03298043713902479,0.8143908753548066,-0.7814104382157818,0.0,1.0
Qwen/Qwen3-1.7B,16,A_original_fit_paraphrase_eval,causality,analogy,0.5,matched_random,causality_para_02,0.03452207306775229,0.8595021497370219,-0.8249800766692696,0.0,1.0
Qwen/Qwen3-1.7B,16,A_original_fit_paraphrase_eval,causality,analogy,0.5,matched_random,causality_para_03,0.007714731841351776,0.9265363121888505,-0.9188215803474987,0.0,1.0
Qwen/Qwen3-1.7B,16,A_original_fit_paraphrase_eval,causality,analogy,0.5,opposite,causality_para_01,1.0945714568095303e-05,0.996654132690209,-0.9966431869756409,0.0,1.0
Qwen/Qwen3-1.7B,16,A_original_fit_paraphrase_eval,causality,analogy,0.5,opposite,causality_para_02,1.0867351572164872e-05,0.9976947313601027,-0.9976838640085305,0.0,1.0
Qwen/Qwen3-1.7B,16,A_original_fit_paraphrase_eval,causality,analogy,0.5,opposite,causality_para_03,2.25459721582264e-06,0.9984686599944205,-0.9984664053972047,0.0,1.0
Qwen/Qwen3-1.7B,16,A_original_fit_paraphrase_eval,causality,analogy,0.75,task,causality_para_01,0.9874818952471295,0.00015448859928891855,0.9873274066478406,1.0,0.0
Qwen/Qwen3-1.7B,16,A_original_fit_paraphrase_eval,causality,analogy,0.75,task,causality_para_02,0.9921111104980566,0.0001564952698698885,0.9919546152281866,1.0,0.0
Qwen/Qwen3-1.7B,16,A_original_fit_paraphrase_eval,causality,analogy,0.75,task,causality_para_03,0.9831066145792352,0.0007480541387574358,0.9823585604404778,1.0,0.0
Qwen/Qwen3-1.7B,16,A_original_fit_paraphrase_eval,causality,analogy,0.75,matched_random,causality_para_01,0.03503167866895914,0.8066072495497345,-0.7715755708807753,0.0,1.0
Qwen/Qwen3-1.7B,16,A_original_fit_paraphrase_eval,causality,analogy,0.75,matched_random,causality_para_02,0.036742829756925006,0.852996759688141,-0.816253929931216,0.0,1.0
Qwen/Qwen3-1.7B,16,A_original_fit_paraphrase_eval,causality,analogy,0.75,matched_random,causality_para_03,0.008241235186466559,0.9229084000225106,-0.914667164836044,0.0,1.0
Qwen/Qwen3-1.7B,16,A_original_fit_paraphrase_eval,causality,analogy,0.75,opposite,causality_para_01,1.9386486218796018e-07,0.9995075194972342,-0.999507325632372,0.0,1.0
Qwen/Qwen3-1.7B,16,A_original_fit_paraphrase_eval,causality,analogy,0.75,opposite,causality_para_02,1.923045073045073e-07,0.9996547569281087,-0.9996545646236014,0.0,1.0
Qwen/Qwen3-1.7B,16,A_original_fit_paraphrase_eval,causality,analogy,0.75,opposite,causality_para_03,3.986963185616947e-08,0.999756666681897,-0.9997566268122652,0.0,1.0
Qwen/Qwen3-1.7B,16,A_original_fit_paraphrase_eval,causality,analogy,1.0,task,causality_para_01,0.9981893964393599,2.7579960122052175e-06,0.9981866384433477,1.0,0.0
Qwen/Qwen3-1.7B,16,A_original_fit_paraphrase_eval,causality,analogy,1.0,task,causality_para_02,0.9988876229504887,2.7827290518835342e-06,0.9988848402214369,1.0,0.0
Qwen/Qwen3-1.7B,16,A_original_fit_paraphrase_eval,causality,analogy,1.0,task,causality_para_03,0.9978309311559719,1.340919672469625e-05,0.9978175219592472,1.0,0.0
Qwen/Qwen3-1.7B,16,A_original_fit_paraphrase_eval,causality,analogy,1.0,matched_random,causality_para_01,0.037194750670790006,0.79855991309563,-0.76136516242484,0.0,1.0
Qwen/Qwen3-1.7B,16,A_original_fit_paraphrase_eval,causality,analogy,1.0,matched_random,causality_para_02,0.03909199518939537,0.8462278195086139,-0.8071358243192186,0.0,1.0
Qwen/Qwen3-1.7B,16,A_original_fit_paraphrase_eval,causality,analogy,1.0,matched_random,causality_para_03,0.00880192349695247,0.9191122643855135,-0.910310340888561,0.0,1.0
Qwen/Qwen3-1.7B,16,A_original_fit_paraphrase_eval,causality,analogy,1.0,opposite,causality_para_01,3.4252637399297036e-09,0.9999253851602501,-0.9999253817349864,0.0,1.0
Qwen/Qwen3-1.7B,16,A_original_fit_paraphrase_eval,causality,analogy,1.0,opposite,causality_para_02,3.3972673875273267e-09,0.9999468471663888,-0.9999468437691215,0.0,1.0
Qwen/Qwen3-1.7B,16,A_original_fit_paraphrase_eval,causality,analogy,1.0,opposite,causality_para_03,7.042782704013804e-10,0.9999608203801666,-0.9999608196758883,0.0,1.0
Qwen/Qwen3-1.7B,16,A_original_fit_paraphrase_eval,causality,definition,0.5,task,causality_para_01,0.9406964920678691,0.010572797235480415,0.9301236948323887,1.0,0.0
Qwen/Qwen3-1.7B,16,A_original_fit_paraphrase_eval,causality,definition,0.5,task,causality_para_02,0.9406680938622516,0.014143380244707618,0.926524713617544,1.0,0.0
Qwen/Qwen3-1.7B,16,A_original_fit_paraphrase_eval,causality,definition,0.5,task,causality_para_03,0.9674692208241179,0.017545472290398545,0.9499237485337193,1.0,0.0
Qwen/Qwen3-1.7B,16,A_original_fit_paraphrase_eval,causality,definition,0.5,matched_random,causality_para_01,0.058033679689600264,0.8474921312487899,-0.7894584515591896,0.0,1.0
Qwen/Qwen3-1.7B,16,A_original_fit_paraphrase_eval,causality,definition,0.5,matched_random,causality_para_02,0.045303033519043905,0.8850326136654116,-0.8397295801463678,0.0,1.0
Qwen/Qwen3-1.7B,16,A_original_fit_paraphrase_eval,causality,definition,0.5,matched_random,causality_para_03,0.03991579955631452,0.94056307764802,-0.9006472780917055,0.0,1.0
Qwen/Qwen3-1.7B,16,A_original_fit_paraphrase_eval,causality,definition,0.5,opposite,causality_para_01,6.56613252342658e-05,0.9963127172877788,-0.9962470559625446,0.0,1.0
Qwen/Qwen3-1.7B,16,A_original_fit_paraphrase_eval,causality,definition,0.5,opposite,causality_para_02,4.9138228466259836e-05,0.9974289063353065,-0.9973797681068401,0.0,1.0
Qwen/Qwen3-1.7B,16,A_original_fit_paraphrase_eval,causality,definition,0.5,opposite,causality_para_03,4.081464511436771e-05,0.9992854907159469,-0.9992446760708324,0.0,1.0
Qwen/Qwen3-1.7B,16,A_original_fit_paraphrase_eval,causality,definition,0.75,task,causality_para_01,0.9906888828098415,0.0003266564632710009,0.9903622263465705,1.0,0.0
Qwen/Qwen3-1.7B,16,A_original_fit_paraphrase_eval,causality,definition,0.75,task,causality_para_02,0.9912336341215185,0.0004372264443059916,0.9907964076772126,1.0,0.0
Qwen/Qwen3-1.7B,16,A_original_fit_paraphrase_eval,causality,definition,0.75,task,causality_para_03,0.9967674056905569,0.0005303167215576353,0.9962370889689992,1.0,0.0
Qwen/Qwen3-1.7B,16,A_original_fit_paraphrase_eval,causality,definition,0.75,matched_random,causality_para_01,0.05542350083857427,0.8558954186159053,-0.8004719177773311,0.0,1.0
Qwen/Qwen3-1.7B,16,A_original_fit_paraphrase_eval,causality,definition,0.75,matched_random,causality_para_02,0.043134624061625326,0.8911056338439964,-0.8479710097823712,0.0,1.0
Qwen/Qwen3-1.7B,16,A_original_fit_paraphrase_eval,causality,definition,0.75,matched_random,causality_para_03,0.037879038553788054,0.9438722571941212,-0.9059932186403331,0.0,1.0
Qwen/Qwen3-1.7B,16,A_original_fit_paraphrase_eval,causality,definition,0.75,opposite,causality_para_01,1.9322451988940197e-06,0.9993892640144098,-0.9993873317692109,0.0,1.0
Qwen/Qwen3-1.7B,16,A_original_fit_paraphrase_eval,causality,definition,0.75,opposite,causality_para_02,1.4446623716202984e-06,0.9995746394070125,-0.9995731947446409,0.0,1.0
Qwen/Qwen3-1.7B,16,A_original_fit_paraphrase_eval,causality,definition,0.75,opposite,causality_para_03,1.1980927343773558e-06,0.9998858081340337,-0.9998846100412994,0.0,1.0
Qwen/Qwen3-1.7B,16,A_original_fit_paraphrase_eval,causality,definition,1.0,task,causality_para_01,0.9984052021820123,9.657715075041874e-06,0.9983955444669373,1.0,0.0
Qwen/Qwen3-1.7B,16,A_original_fit_paraphrase_eval,causality,definition,1.0,task,causality_para_02,0.9985194423726615,1.2921130235375063e-05,0.9985065212424262,1.0,0.0
Qwen/Qwen3-1.7B,16,A_original_fit_paraphrase_eval,causality,definition,1.0,task,causality_para_03,0.9995101182182129,1.5600634971287142e-05,0.9994945175832416,1.0,0.0
Qwen/Qwen3-1.7B,16,A_original_fit_paraphrase_eval,causality,definition,1.0,matched_random,causality_para_01,0.05289661624915566,0.863825100673354,-0.8109284844241984,0.0,1.0
Qwen/Qwen3-1.7B,16,A_original_fit_paraphrase_eval,causality,definition,1.0,matched_random,causality_para_02,0.04105194993424876,0.8968259031573746,-0.8557739532231259,0.0,1.0
Qwen/Qwen3-1.7B,16,A_original_fit_paraphrase_eval,causality,definition,1.0,matched_random,causality_para_03,0.035938385547873354,0.9469870027578678,-0.9110486172099945,0.0,1.0
Qwen/Qwen3-1.7B,16,A_original_fit_paraphrase_eval,causality,definition,1.0,opposite,causality_para_01,5.671484962869315e-08,0.9998978638602429,-0.9998978071453933,0.0,1.0
Qwen/Qwen3-1.7B,16,A_original_fit_paraphrase_eval,causality,definition,1.0,opposite,causality_para_02,4.239687130263398e-08,0.999928828351955,-0.9999287859550836,0.0,1.0
Qwen/Qwen3-1.7B,16,A_original_fit_paraphrase_eval,causality,definition,1.0,opposite,causality_para_03,3.5151622494155125e-08,0.9999810226039252,-0.9999809874523027,0.0,1.0
Qwen/Qwen3-1.7B,16,A_original_fit_paraphrase_eval,analogy,logic,0.5,task,analogy_para_01,0.9274195065879073,0.019457560055911035,0.9079619465319962,1.0,0.0
Qwen/Qwen3-1.7B,16,A_original_fit_paraphrase_eval,analogy,logic,0.5,task,analogy_para_02,0.9510281613255583,0.0017968433831220482,0.9492313179424363,1.0,0.0
Qwen/Qwen3-1.7B,16,A_original_fit_paraphrase_eval,analogy,logic,0.5,task,analogy_para_03,0.9498969900533206,0.0021318423204786277,0.947765147732842,1.0,0.0
Qwen/Qwen3-1.7B,16,A_original_fit_paraphrase_eval,analogy,logic,0.5,matched_random,analogy_para_01,0.023634215831346863,0.932503398089966,-0.9088691822586191,0.0,1.0
Qwen/Qwen3-1.7B,16,A_original_fit_paraphrase_eval,analogy,logic,0.5,matched_random,analogy_para_02,0.16234890259849535,0.5768505051870053,-0.41450160258851,0.0,1.0
Qwen/Qwen3-1.7B,16,A_original_fit_paraphrase_eval,analogy,logic,0.5,matched_random,analogy_para_03,0.14583933398684748,0.6155315421276835,-0.469692208140836,0.0,1.0
Qwen/Qwen3-1.7B,16,A_original_fit_paraphrase_eval,analogy,logic,0.5,opposite,analogy_para_01,1.4588398160194708e-05,0.999055457669085,-0.9990408692709248,0.0,1.0
Qwen/Qwen3-1.7B,16,A_original_fit_paraphrase_eval,analogy,logic,0.5,opposite,analogy_para_02,0.0001606430302653067,0.9907146169157187,-0.9905539738854534,0.0,1.0
Qwen/Qwen3-1.7B,16,A_original_fit_paraphrase_eval,analogy,logic,0.5,opposite,analogy_para_03,0.0001354482835099168,0.9922518309037582,-0.9921163826202484,0.0,1.0
Qwen/Qwen3-1.7B,16,A_original_fit_paraphrase_eval,analogy,logic,0.75,task,analogy_para_01,0.9896889500878305,0.0004885043280911617,0.9892004457597394,1.0,0.0
Qwen/Qwen3-1.7B,16,A_original_fit_paraphrase_eval,analogy,logic,0.75,task,analogy_para_02,0.9914942494058709,4.407218560030355e-05,0.9914501772202706,1.0,0.0
Qwen/Qwen3-1.7B,16,A_original_fit_paraphrase_eval,analogy,logic,0.75,task,analogy_para_03,0.9912737816913344,5.2339519182393666e-05,0.991221442172152,1.0,0.0
Qwen/Qwen3-1.7B,16,A_original_fit_paraphrase_eval,analogy,logic,0.75,matched_random,analogy_para_01,0.023209920862669035,0.9343056236590089,-0.9110957027963399,0.0,1.0
Qwen/Qwen3-1.7B,16,A_original_fit_paraphrase_eval,analogy,logic,0.75,matched_random,analogy_para_02,0.16134322743317872,0.5848853419786643,-0.4235421145454855,0.0,1.0
Qwen/Qwen3-1.7B,16,A_original_fit_paraphrase_eval,analogy,logic,0.75,matched_random,analogy_para_03,0.14451119769211535,0.6222762390289749,-0.47776504133685954,0.0,1.0
Qwen/Qwen3-1.7B,16,A_original_fit_paraphrase_eval,analogy,logic,0.75,opposite,analogy_para_01,3.4349500969187046e-07,0.9998730883626404,-0.9998727448676308,0.0,1.0
Qwen/Qwen3-1.7B,16,A_original_fit_paraphrase_eval,analogy,logic,0.75,opposite,analogy_para_02,3.809971067308018e-06,0.998736263908626,-0.9987324539375587,0.0,1.0
Qwen/Qwen3-1.7B,16,A_original_fit_paraphrase_eval,analogy,logic,0.75,opposite,analogy_para_03,3.2081514364200725e-06,0.9989545340748143,-0.9989513259233779,0.0,1.0
Qwen/Qwen3-1.7B,16,A_original_fit_paraphrase_eval,analogy,logic,1.0,task,analogy_para_01,0.9982711987585099,1.1592464565562013e-05,0.9982596062939443,1.0,0.0
Qwen/Qwen3-1.7B,16,A_original_fit_paraphrase_eval,analogy,logic,1.0,task,analogy_para_02,0.9985323265488664,1.0442249340740674e-06,0.9985312823239323,1.0,0.0
Qwen/Qwen3-1.7B,16,A_original_fit_paraphrase_eval,analogy,logic,1.0,task,analogy_para_03,0.9984844776877124,1.2403234879239935e-06,0.9984832373642245,1.0,0.0
Qwen/Qwen3-1.7B,16,A_original_fit_paraphrase_eval,analogy,logic,1.0,matched_random,analogy_para_01,0.022791704742854055,0.9360481533162551,-0.913256448573401,0.0,1.0
Qwen/Qwen3-1.7B,16,A_original_fit_paraphrase_eval,analogy,logic,1.0,matched_random,analogy_para_02,0.16028045888707426,0.5927978938228018,-0.43251743493572753,0.0,1.0
Qwen/Qwen3-1.7B,16,A_original_fit_paraphrase_eval,analogy,logic,1.0,matched_random,analogy_para_03,0.14315484804277828,0.6289177550314498,-0.4857629069886715,0.0,1.0
Qwen/Qwen3-1.7B,16,A_original_fit_paraphrase_eval,analogy,logic,1.0,opposite,analogy_para_01,8.082125907672628e-09,0.9999827725425496,-0.9999827644604238,0.0,1.0
Qwen/Qwen3-1.7B,16,A_original_fit_paraphrase_eval,analogy,logic,1.0,opposite,analogy_para_02,8.973323014335767e-08,0.9998270951053795,-0.9998270053721493,0.0,1.0
Qwen/Qwen3-1.7B,16,A_original_fit_paraphrase_eval,analogy,logic,1.0,opposite,analogy_para_03,7.55448756498356e-08,0.9998580131909366,-0.9998579376460609,0.0,1.0
Qwen/Qwen3-1.7B,16,A_original_fit_paraphrase_eval,analogy,causality,0.5,task,analogy_para_01,0.964959764621363,0.009395851739369052,0.9555639128819939,1.0,0.0
Qwen/Qwen3-1.7B,16,A_original_fit_paraphrase_eval,analogy,causality,0.5,task,analogy_para_02,0.948545362751409,0.0013672863184466492,0.9471780764329624,1.0,0.0
Qwen/Qwen3-1.7B,16,A_original_fit_paraphrase_eval,analogy,causality,0.5,task,analogy_para_03,0.9716122062994975,0.0011482557355839461,0.9704639505639135,1.0,0.0
Qwen/Qwen3-1.7B,16,A_original_fit_paraphrase_eval,analogy,causality,0.5,matched_random,analogy_para_01,0.022514187289730973,0.9380066793723075,-0.9154924920825765,0.0,1.0
Qwen/Qwen3-1.7B,16,A_original_fit_paraphrase_eval,analogy,causality,0.5,matched_random,analogy_para_02,0.09463525839092021,0.5836829959300496,-0.48904773753912933,0.0,1.0
Qwen/Qwen3-1.7B,16,A_original_fit_paraphrase_eval,analogy,causality,0.5,matched_random,analogy_para_03,0.1261622743106352,0.6379665038634673,-0.5118042295528321,0.0,1.0
Qwen/Qwen3-1.7B,16,A_original_fit_paraphrase_eval,analogy,causality,0.5,opposite,analogy_para_01,9.982934266970016e-06,0.9991521083208789,-0.9991421253866118,0.0,1.0
Qwen/Qwen3-1.7B,16,A_original_fit_paraphrase_eval,analogy,causality,0.5,opposite,analogy_para_02,6.681160756552126e-05,0.98991916417359,-0.9898523525660246,0.0,1.0
Qwen/Qwen3-1.7B,16,A_original_fit_paraphrase_eval,analogy,causality,0.5,opposite,analogy_para_03,8.169191645235979e-05,0.9923644394601945,-0.9922827475437421,0.0,1.0
Qwen/Qwen3-1.7B,16,A_original_fit_paraphrase_eval,analogy,causality,0.75,task,analogy_para_01,0.9959836227176899,0.000171274431797534,0.9958123482858924,1.0,0.0
Qwen/Qwen3-1.7B,16,A_original_fit_paraphrase_eval,analogy,causality,0.75,task,analogy_para_02,0.9921732682326968,2.525819273472128e-05,0.9921480100399621,1.0,0.0
Qwen/Qwen3-1.7B,16,A_original_fit_paraphrase_eval,analogy,causality,0.75,task,analogy_para_03,0.9959674262905747,2.078759199255372e-05,0.9959466386985821,1.0,0.0
Qwen/Qwen3-1.7B,16,A_original_fit_paraphrase_eval,analogy,causality,0.75,matched_random,analogy_para_01,0.019559011487922207,0.9413937255908372,-0.9218347141029151,0.0,1.0
Qwen/Qwen3-1.7B,16,A_original_fit_paraphrase_eval,analogy,causality,0.75,matched_random,analogy_para_02,0.08296071843315317,0.5911140945675882,-0.508153376134435,0.0,1.0
Qwen/Qwen3-1.7B,16,A_original_fit_paraphrase_eval,analogy,causality,0.75,matched_random,analogy_para_03,0.11164909927353282,0.652226338269607,-0.5405772389960741,0.0,1.0
Qwen/Qwen3-1.7B,16,A_original_fit_paraphrase_eval,analogy,causality,0.75,opposite,analogy_para_01,1.7643629042270938e-07,0.9998801062137347,-0.9998799297774442,0.0,1.0
Qwen/Qwen3-1.7B,16,A_original_fit_paraphrase_eval,analogy,causality,0.75,opposite,analogy_para_02,1.1902851761574387e-06,0.9985859407864625,-0.9985847505012863,0.0,1.0
Qwen/Qwen3-1.7B,16,A_original_fit_paraphrase_eval,analogy,causality,0.75,opposite,analogy_para_03,1.4522631109985894e-06,0.9989046312012265,-0.9989031789381155,0.0,1.0
Qwen/Qwen3-1.7B,16,A_original_fit_paraphrase_eval,analogy,causality,1.0,task,analogy_para_01,0.9994190269111187,3.0352980267467716e-06,0.999415991613092,1.0,0.0
Qwen/Qwen3-1.7B,16,A_original_fit_paraphrase_eval,analogy,causality,1.0,task,analogy_para_02,0.9987980950520353,4.4906152255750643e-07,0.9987976459905128,1.0,0.0
Qwen/Qwen3-1.7B,16,A_original_fit_paraphrase_eval,analogy,causality,1.0,task,analogy_para_03,0.9994024712290607,3.6839426141637734e-07,0.9994021028347992,1.0,0.0
Qwen/Qwen3-1.7B,16,A_original_fit_paraphrase_eval,analogy,causality,1.0,matched_random,analogy_para_01,0.01697799398722564,0.9440293881344043,-0.9270513941471786,0.0,1.0
Qwen/Qwen3-1.7B,16,A_original_fit_paraphrase_eval,analogy,causality,1.0,matched_random,analogy_para_02,0.07237571656422655,0.5957532610359326,-0.523377544471706,0.0,1.0
Qwen/Qwen3-1.7B,16,A_original_fit_paraphrase_eval,analogy,causality,1.0,matched_random,analogy_para_03,0.09836367704846388,0.6638234732434476,-0.5654597961949837,0.0,1.0
Qwen/Qwen3-1.7B,16,A_original_fit_paraphrase_eval,analogy,causality,1.0,opposite,analogy_para_01,3.1163468846970575e-09,0.9999825350258891,-0.9999825319095422,0.0,1.0
Qwen/Qwen3-1.7B,16,A_original_fit_paraphrase_eval,analogy,causality,1.0,opposite,analogy_para_02,2.104702993965944e-08,0.9997970548555075,-0.9997970338084776,0.0,1.0
Qwen/Qwen3-1.7B,16,A_original_fit_paraphrase_eval,analogy,causality,1.0,opposite,analogy_para_03,2.56723060474753e-08,0.9998393248052284,-0.9998392991329224,0.0,1.0
Qwen/Qwen3-1.7B,16,A_original_fit_paraphrase_eval,analogy,definition,0.5,task,analogy_para_01,0.9142834798211652,0.017030748675264454,0.8972527311459008,1.0,0.0
Qwen/Qwen3-1.7B,16,A_original_fit_paraphrase_eval,analogy,definition,0.5,task,analogy_para_02,0.9604874424838775,0.0011935395139006386,0.9592939029699769,1.0,0.0
Qwen/Qwen3-1.7B,16,A_original_fit_paraphrase_eval,analogy,definition,0.5,task,analogy_para_03,0.9258319294547166,0.0020910837405900967,0.9237408457141265,1.0,0.0
Qwen/Qwen3-1.7B,16,A_original_fit_paraphrase_eval,analogy,definition,0.5,matched_random,analogy_para_01,0.019445917909284568,0.9084530402109496,-0.8890071223016651,0.0,1.0
Qwen/Qwen3-1.7B,16,A_original_fit_paraphrase_eval,analogy,definition,0.5,matched_random,analogy_para_02,0.1596434792972253,0.49752792513832345,-0.3378844458410981,0.0,1.0
Qwen/Qwen3-1.7B,16,A_original_fit_paraphrase_eval,analogy,definition,0.5,matched_random,analogy_para_03,0.09443314871681918,0.5349151628131457,-0.4404820140963265,0.0,1.0
Qwen/Qwen3-1.7B,16,A_original_fit_paraphrase_eval,analogy,definition,0.5,opposite,analogy_para_01,6.264492078638953e-06,0.9990200953272664,-0.9990138308351878,0.0,1.0
Qwen/Qwen3-1.7B,16,A_original_fit_paraphrase_eval,analogy,definition,0.5,opposite,analogy_para_02,9.312416887842313e-05,0.9907019375096615,-0.9906088133407831,0.0,1.0
Qwen/Qwen3-1.7B,16,A_original_fit_paraphrase_eval,analogy,definition,0.5,opposite,analogy_para_03,5.1266322931430064e-05,0.9913041673399713,-0.9912529010170399,0.0,1.0
Qwen/Qwen3-1.7B,16,A_original_fit_paraphrase_eval,analogy,definition,0.75,task,analogy_para_01,0.9877256416858772,0.00034013813237125244,0.987385503553506,1.0,0.0
Qwen/Qwen3-1.7B,16,A_original_fit_paraphrase_eval,analogy,definition,0.75,task,analogy_para_02,0.9938433619333158,2.2831223137915004e-05,0.9938205307101778,1.0,0.0
Qwen/Qwen3-1.7B,16,A_original_fit_paraphrase_eval,analogy,definition,0.75,task,analogy_para_03,0.9877037996688577,4.124127869435251e-05,0.9876625583901634,1.0,0.0
Qwen/Qwen3-1.7B,16,A_original_fit_paraphrase_eval,analogy,definition,0.75,matched_random,analogy_para_01,0.020724026706986583,0.8963443563732244,-0.8756203296662378,0.0,1.0
Qwen/Qwen3-1.7B,16,A_original_fit_paraphrase_eval,analogy,definition,0.75,matched_random,analogy_para_02,0.16134085997650932,0.465518940151092,-0.3041780801745827,0.0,1.0
Qwen/Qwen3-1.7B,16,A_original_fit_paraphrase_eval,analogy,definition,0.75,matched_random,analogy_para_03,0.0954364692926432,0.5004970389962368,-0.40506056970359355,0.0,1.0
Qwen/Qwen3-1.7B,16,A_original_fit_paraphrase_eval,analogy,definition,0.75,opposite,analogy_para_01,1.1590980038281298e-07,0.999867358515753,-0.9998672426059526,0.0,1.0
Qwen/Qwen3-1.7B,16,A_original_fit_paraphrase_eval,analogy,definition,0.75,opposite,analogy_para_02,1.735464128641064e-06,0.998688656605838,-0.9986869211417094,0.0,1.0
Qwen/Qwen3-1.7B,16,A_original_fit_paraphrase_eval,analogy,definition,0.75,opposite,analogy_para_03,9.549286425980608e-07,0.9988023513848179,-0.9988013964561753,0.0,1.0
Qwen/Qwen3-1.7B,16,A_original_fit_paraphrase_eval,analogy,definition,1.0,task,analogy_para_01,0.9980071275430596,6.353583827771065e-06,0.9980007739592319,1.0,0.0
Qwen/Qwen3-1.7B,16,A_original_fit_paraphrase_eval,analogy,definition,1.0,task,analogy_para_02,0.9990160785161551,4.2427734466413877e-07,0.9990156542388104,1.0,0.0
Qwen/Qwen3-1.7B,16,A_original_fit_paraphrase_eval,analogy,definition,1.0,task,analogy_para_03,0.9979742773807543,7.703549405951367e-07,0.9979735070258137,1.0,0.0
Qwen/Qwen3-1.7B,16,A_original_fit_paraphrase_eval,analogy,definition,1.0,matched_random,analogy_para_01,0.022044710783699555,0.8827380784783769,-0.8606933676946774,0.0,1.0
Qwen/Qwen3-1.7B,16,A_original_fit_paraphrase_eval,analogy,definition,1.0,matched_random,analogy_para_02,0.1622793790235374,0.4334939449356323,-0.2712145659120949,0.0,1.0
Qwen/Qwen3-1.7B,16,A_original_fit_paraphrase_eval,analogy,definition,1.0,matched_random,analogy_para_03,0.09594476087386279,0.46583822649415974,-0.36989346562029696,0.0,1.0
Qwen/Qwen3-1.7B,16,A_original_fit_paraphrase_eval,analogy,definition,1.0,opposite,analogy_para_01,2.1430674117396208e-09,0.9999814371633451,-0.9999814350202777,0.0,1.0
Qwen/Qwen3-1.7B,16,A_original_fit_paraphrase_eval,analogy,definition,1.0,opposite,analogy_para_02,3.211954903945096e-08,0.9998107174480361,-0.999810685328487,0.0,1.0
Qwen/Qwen3-1.7B,16,A_original_fit_paraphrase_eval,analogy,definition,1.0,opposite,analogy_para_03,1.7671930552938947e-08,0.9998307866697675,-0.999830768997837,0.0,1.0
Qwen/Qwen3-1.7B,16,A_original_fit_paraphrase_eval,definition,logic,0.5,task,definition_para_01,0.8765099751333861,0.004878102560188463,0.8716318725731976,1.0,0.0
Qwen/Qwen3-1.7B,16,A_original_fit_paraphrase_eval,definition,logic,0.5,task,definition_para_02,0.9669035147967731,0.002377726032876523,0.9645257887638965,1.0,0.0
Qwen/Qwen3-1.7B,16,A_original_fit_paraphrase_eval,definition,logic,0.5,task,definition_para_03,0.8474300848858084,0.005343255234237394,0.842086829651571,1.0,0.0
Qwen/Qwen3-1.7B,16,A_original_fit_paraphrase_eval,definition,logic,0.5,matched_random,definition_para_01,0.049207554978416085,0.5513231314419972,-0.5021155764635811,0.0,1.0
Qwen/Qwen3-1.7B,16,A_original_fit_paraphrase_eval,definition,logic,0.5,matched_random,definition_para_02,0.12496634291640608,0.6186600868866544,-0.49369374397024834,0.0,1.0
Qwen/Qwen3-1.7B,16,A_original_fit_paraphrase_eval,definition,logic,0.5,matched_random,definition_para_03,0.040454331990111794,0.5135082672684141,-0.47305393527830236,0.0,1.0
Qwen/Qwen3-1.7B,16,A_original_fit_paraphrase_eval,definition,logic,0.5,opposite,definition_para_01,3.037407043314525e-05,0.9842586537171284,-0.9842282796466952,0.0,1.0
Qwen/Qwen3-1.7B,16,A_original_fit_paraphrase_eval,definition,logic,0.5,opposite,definition_para_02,6.917681413058837e-05,0.9904930056405384,-0.9904238288264079,0.0,1.0
Qwen/Qwen3-1.7B,16,A_original_fit_paraphrase_eval,definition,logic,0.5,opposite,definition_para_03,2.6709606992758412e-05,0.9805770440239193,-0.9805503344169265,0.0,1.0
Qwen/Qwen3-1.7B,16,A_original_fit_paraphrase_eval,definition,logic,0.75,task,definition_para_01,0.9824490558165873,0.00011130791765364732,0.9823377478989336,1.0,0.0
Qwen/Qwen3-1.7B,16,A_original_fit_paraphrase_eval,definition,logic,0.75,task,definition_para_02,0.9959631346809281,4.985903764219968e-05,0.9959132756432859,1.0,0.0
Qwen/Qwen3-1.7B,16,A_original_fit_paraphrase_eval,definition,logic,0.75,task,definition_para_03,0.9782465951945882,0.00012556608143724098,0.978121029113151,1.0,0.0
Qwen/Qwen3-1.7B,16,A_original_fit_paraphrase_eval,definition,logic,0.75,matched_random,definition_para_01,0.05175630287583529,0.5296632120517514,-0.4779069091759161,0.0,1.0
Qwen/Qwen3-1.7B,16,A_original_fit_paraphrase_eval,definition,logic,0.75,matched_random,definition_para_02,0.13206187055296875,0.597170875198891,-0.46510900464592225,0.0,1.0
Qwen/Qwen3-1.7B,16,A_original_fit_paraphrase_eval,definition,logic,0.75,matched_random,definition_para_03,0.04236320594599083,0.4911717285154264,-0.4488085225694356,0.0,1.0
Qwen/Qwen3-1.7B,16,A_original_fit_paraphrase_eval,definition,logic,0.75,opposite,definition_para_01,6.265851510905962e-07,0.9973885779828363,-0.9973879513976852,0.0,1.0
Qwen/Qwen3-1.7B,16,A_original_fit_paraphrase_eval,definition,logic,0.75,opposite,definition_para_02,1.4195137757096211e-06,0.9984090592974869,-0.9984076397837112,0.0,1.0
Qwen/Qwen3-1.7B,16,A_original_fit_paraphrase_eval,definition,logic,0.75,opposite,definition_para_03,5.526884401433657e-07,0.9967188017813295,-0.9967182490928894,0.0,1.0
Qwen/Qwen3-1.7B,16,A_original_fit_paraphrase_eval,definition,logic,1.0,task,definition_para_01,0.9976406855175024,2.3009761916477593e-06,0.9976383845413107,1.0,0.0
Qwen/Qwen3-1.7B,16,A_original_fit_paraphrase_eval,definition,logic,1.0,task,definition_para_02,0.9994894124281714,1.0185932191542559e-06,0.9994883938349522,1.0,0.0
Qwen/Qwen3-1.7B,16,A_original_fit_paraphrase_eval,definition,logic,1.0,task,definition_para_03,0.9971581005797067,2.6056133607045026e-06,0.9971554949663459,1.0,0.0
Qwen/Qwen3-1.7B,16,A_original_fit_paraphrase_eval,definition,logic,1.0,matched_random,definition_para_01,0.054330681954877606,0.5078598229315708,-0.4535291409766932,0.0,1.0
Qwen/Qwen3-1.7B,16,A_original_fit_paraphrase_eval,definition,logic,1.0,matched_random,definition_para_02,0.13928443276632194,0.5752887619076891,-0.4360043291413671,0.0,1.0
Qwen/Qwen3-1.7B,16,A_original_fit_paraphrase_eval,definition,logic,1.0,matched_random,definition_para_03,0.044271668524103136,0.46884854073373283,-0.4245768722096297,0.0,1.0
Qwen/Qwen3-1.7B,16,A_original_fit_paraphrase_eval,definition,logic,1.0,opposite,definition_para_01,1.2783505689256415e-08,0.9995679126952937,-0.999567899911788,0.0,1.0
Qwen/Qwen3-1.7B,16,A_original_fit_paraphrase_eval,definition,logic,1.0,opposite,definition_para_02,2.8935907842243977e-08,0.9997330730918336,-0.9997330441559257,0.0,1.0
Qwen/Qwen3-1.7B,16,A_original_fit_paraphrase_eval,definition,logic,1.0,opposite,definition_para_03,1.128212323995636e-08,0.9994501893001988,-0.9994501780180756,0.0,1.0
Qwen/Qwen3-1.7B,16,A_original_fit_paraphrase_eval,definition,causality,0.5,task,definition_para_01,0.984820313504354,0.0018341885562946653,0.9829861249480593,1.0,0.0
Qwen/Qwen3-1.7B,16,A_original_fit_paraphrase_eval,definition,causality,0.5,task,definition_para_02,0.9780992624206115,0.0027750934630685863,0.9753241689575429,1.0,0.0
Qwen/Qwen3-1.7B,16,A_original_fit_paraphrase_eval,definition,causality,0.5,task,definition_para_03,0.9906654883561907,0.001381713574388569,0.9892837747818022,1.0,0.0
Qwen/Qwen3-1.7B,16,A_original_fit_paraphrase_eval,definition,causality,0.5,matched_random,definition_para_01,0.2599861778882884,0.6107641182492136,-0.35077794036092524,0.0,1.0
Qwen/Qwen3-1.7B,16,A_original_fit_paraphrase_eval,definition,causality,0.5,matched_random,definition_para_02,0.19018942394327834,0.6806397676088332,-0.49045034366555484,0.0,1.0
Qwen/Qwen3-1.7B,16,A_original_fit_paraphrase_eval,definition,causality,0.5,matched_random,definition_para_03,0.3276058634889521,0.5763402234016872,-0.24873435991273513,0.0,1.0
Qwen/Qwen3-1.7B,16,A_original_fit_paraphrase_eval,definition,causality,0.5,opposite,definition_para_01,0.00039488612516807675,0.9928977056022625,-0.9925028194770945,0.0,1.0
Qwen/Qwen3-1.7B,16,A_original_fit_paraphrase_eval,definition,causality,0.5,opposite,definition_para_02,0.00025932194554567303,0.9932981014195794,-0.9930387794740337,0.0,1.0
Qwen/Qwen3-1.7B,16,A_original_fit_paraphrase_eval,definition,causality,0.5,opposite,definition_para_03,0.0005279790771846423,0.9941532902530422,-0.9936253111758576,0.0,1.0
Qwen/Qwen3-1.7B,16,A_original_fit_paraphrase_eval,definition,causality,0.75,task,definition_para_01,0.9976732553874321,5.451159617155177e-05,0.9976187437912606,1.0,0.0
Qwen/Qwen3-1.7B,16,A_original_fit_paraphrase_eval,definition,causality,0.75,task,definition_para_02,0.9966527457921331,8.295682802310719e-05,0.9965697889641101,1.0,0.0
Qwen/Qwen3-1.7B,16,A_original_fit_paraphrase_eval,definition,causality,0.75,task,definition_para_03,0.9986121822700845,4.0860289322996433e-05,0.9985713219807615,1.0,0.0
Qwen/Qwen3-1.7B,16,A_original_fit_paraphrase_eval,definition,causality,0.75,matched_random,definition_para_01,0.2528788424093149,0.618966970004371,-0.36608812759505605,0.0,1.0
Qwen/Qwen3-1.7B,16,A_original_fit_paraphrase_eval,definition,causality,0.75,matched_random,definition_para_02,0.18518725318407703,0.6905160397353369,-0.5053287865512599,0.0,1.0
Qwen/Qwen3-1.7B,16,A_original_fit_paraphrase_eval,definition,causality,0.75,matched_random,definition_para_03,0.31937177818525725,0.5854037833608856,-0.26603200517562836,0.0,1.0
Qwen/Qwen3-1.7B,16,A_original_fit_paraphrase_eval,definition,causality,0.75,opposite,definition_para_01,1.1653705975400925e-05,0.9988105063458779,-0.9987988526399024,0.0,1.0
Qwen/Qwen3-1.7B,16,A_original_fit_paraphrase_eval,definition,causality,0.75,opposite,definition_para_02,7.650271141096713e-06,0.9988575914272113,-0.9988499411560702,0.0,1.0
Qwen/Qwen3-1.7B,16,A_original_fit_paraphrase_eval,definition,causality,0.75,opposite,definition_para_03,1.5565556950705326e-05,0.9990511387181519,-0.9990355731612012,0.0,1.0
Qwen/Qwen3-1.7B,16,A_original_fit_paraphrase_eval,definition,causality,1.0,task,definition_para_01,0.9996157583954358,1.602312607316008e-06,0.9996141560828286,1.0,0.0
Qwen/Qwen3-1.7B,16,A_original_fit_paraphrase_eval,definition,causality,1.0,task,definition_para_02,0.999449253297299,2.4405213163912183e-06,0.9994468127759826,1.0,0.0
Qwen/Qwen3-1.7B,16,A_original_fit_paraphrase_eval,definition,causality,1.0,task,definition_para_03,0.9997722167384865,1.2001049542280295e-06,0.9997710166335323,1.0,0.0
Qwen/Qwen3-1.7B,16,A_original_fit_paraphrase_eval,definition,causality,1.0,matched_random,definition_para_01,0.24586033490537612,0.6270110182304881,-0.381150683325112,0.0,1.0
Qwen/Qwen3-1.7B,16,A_original_fit_paraphrase_eval,definition,causality,1.0,matched_random,definition_para_02,0.18021691169893903,0.700148154425524,-0.519931242726585,0.0,1.0
Qwen/Qwen3-1.7B,16,A_original_fit_paraphrase_eval,definition,causality,1.0,matched_random,definition_para_03,0.3112052598724184,0.5943436695893408,-0.2831384097169224,0.0,1.0
Qwen/Qwen3-1.7B,16,A_original_fit_paraphrase_eval,definition,causality,1.0,opposite,definition_para_01,3.422196956365602e-07,0.999793845237399,-0.9997935030177034,0.0,1.0
Qwen/Qwen3-1.7B,16,A_original_fit_paraphrase_eval,definition,causality,1.0,opposite,definition_para_02,2.2464684965244912e-07,0.9998008286123894,-0.9998006039655397,0.0,1.0
Qwen/Qwen3-1.7B,16,A_original_fit_paraphrase_eval,definition,causality,1.0,opposite,definition_para_03,4.570034692255801e-07,0.9998364471327125,-0.9998359901292433,0.0,1.0
Qwen/Qwen3-1.7B,16,A_original_fit_paraphrase_eval,definition,analogy,0.5,task,definition_para_01,0.9535201284254059,0.002213391961084944,0.951306736464321,1.0,0.0
Qwen/Qwen3-1.7B,16,A_original_fit_paraphrase_eval,definition,analogy,0.5,task,definition_para_02,0.8486202682838081,0.006761063328325937,0.8418592049554822,1.0,0.0
Qwen/Qwen3-1.7B,16,A_original_fit_paraphrase_eval,definition,analogy,0.5,task,definition_para_03,0.9267574385286603,0.0028860061149768488,0.9238714324136835,1.0,0.0
Qwen/Qwen3-1.7B,16,A_original_fit_paraphrase_eval,definition,analogy,0.5,matched_random,definition_para_01,0.08857327896899048,0.4050866411897878,-0.31651336222079735,0.0,0.0
Qwen/Qwen3-1.7B,16,A_original_fit_paraphrase_eval,definition,analogy,0.5,matched_random,definition_para_02,0.030297417412544044,0.475580402239426,-0.44528298482688194,0.0,1.0
Qwen/Qwen3-1.7B,16,A_original_fit_paraphrase_eval,definition,analogy,0.5,matched_random,definition_para_03,0.058828002569072155,0.3609374992680585,-0.30210949669898635,0.0,0.0
Qwen/Qwen3-1.7B,16,A_original_fit_paraphrase_eval,definition,analogy,0.5,opposite,definition_para_01,4.955135799677053e-05,0.9847353227655308,-0.984685771407534,0.0,1.0
Qwen/Qwen3-1.7B,16,A_original_fit_paraphrase_eval,definition,analogy,0.5,opposite,definition_para_02,1.4488707208570167e-05,0.988249793152199,-0.9882353044449904,0.0,1.0
Qwen/Qwen3-1.7B,16,A_original_fit_paraphrase_eval,definition,analogy,0.5,opposite,definition_para_03,3.6766793451850304e-05,0.980217414753383,-0.9801806479599311,0.0,1.0
Qwen/Qwen3-1.7B,16,A_original_fit_paraphrase_eval,definition,analogy,0.75,task,definition_para_01,0.9945381952551765,4.267917903080692e-05,0.9944955160761457,1.0,0.0
Qwen/Qwen3-1.7B,16,A_original_fit_paraphrase_eval,definition,analogy,0.75,task,definition_para_02,0.9779613085352045,0.00014404208647122405,0.9778172664487332,1.0,0.0
Qwen/Qwen3-1.7B,16,A_original_fit_paraphrase_eval,definition,analogy,0.75,task,definition_para_03,0.991369845795644,5.7073301835597146e-05,0.9913127724938084,1.0,0.0
Qwen/Qwen3-1.7B,16,A_original_fit_paraphrase_eval,definition,analogy,0.75,matched_random,definition_para_01,0.0837972639622337,0.3144847081226268,-0.2306874441603931,0.0,0.0
Qwen/Qwen3-1.7B,16,A_original_fit_paraphrase_eval,definition,analogy,0.75,matched_random,definition_para_02,0.02953194189995807,0.3803950349844745,-0.35086309308451646,0.0,0.0
Qwen/Qwen3-1.7B,16,A_original_fit_paraphrase_eval,definition,analogy,0.75,matched_random,definition_para_03,0.05411405770853241,0.2724472932984131,-0.2183332355898807,0.0,0.0
Qwen/Qwen3-1.7B,16,A_original_fit_paraphrase_eval,definition,analogy,0.75,opposite,definition_para_01,9.277823925381834e-07,0.9973416467238697,-0.9973407189414771,0.0,1.0
Qwen/Qwen3-1.7B,16,A_original_fit_paraphrase_eval,definition,analogy,0.75,opposite,definition_para_02,2.705076637530319e-07,0.9980459637091172,-0.9980456932014535,0.0,1.0
Qwen/Qwen3-1.7B,16,A_original_fit_paraphrase_eval,definition,analogy,0.75,opposite,definition_para_03,6.910064317201885e-07,0.9965122033232503,-0.9965115123168186,0.0,1.0
Qwen/Qwen3-1.7B,16,A_original_fit_paraphrase_eval,definition,analogy,1.0,task,definition_para_01,0.999338987087701,7.928180839194425e-07,0.999338194269617,1.0,0.0
Qwen/Qwen3-1.7B,16,A_original_fit_paraphrase_eval,definition,analogy,1.0,task,definition_para_02,0.9969646826920678,2.7146486710305252e-06,0.9969619680433968,1.0,0.0
Qwen/Qwen3-1.7B,16,A_original_fit_paraphrase_eval,definition,analogy,1.0,task,definition_para_03,0.9989875118202578,1.0632208374428967e-06,0.9989864485994203,1.0,0.0
Qwen/Qwen3-1.7B,16,A_original_fit_paraphrase_eval,definition,analogy,1.0,matched_random,definition_para_01,0.07625254783322803,0.2348272801875465,-0.15857473235431846,0.0,0.0
Qwen/Qwen3-1.7B,16,A_original_fit_paraphrase_eval,definition,analogy,1.0,matched_random,definition_para_02,0.027668721228966634,0.29245322646840183,-0.2647845052394352,0.0,0.0
Qwen/Qwen3-1.7B,16,A_original_fit_paraphrase_eval,definition,analogy,1.0,matched_random,definition_para_03,0.047956921752094595,0.19812906543694794,-0.15017214368485335,0.0,0.0
Qwen/Qwen3-1.7B,16,A_original_fit_paraphrase_eval,definition,analogy,1.0,opposite,definition_para_01,1.7189665097943183e-08,0.9995375566135278,-0.9995375394238627,0.0,1.0
Qwen/Qwen3-1.7B,16,A_original_fit_paraphrase_eval,definition,analogy,1.0,opposite,definition_para_02,5.00901565755049e-09,0.9996713169691134,-0.9996713119600977,0.0,1.0
Qwen/Qwen3-1.7B,16,A_original_fit_paraphrase_eval,definition,analogy,1.0,opposite,definition_para_03,1.2811513517321297e-08,0.9993896420077191,-0.9993896291962056,0.0,1.0
Qwen/Qwen3-1.7B,16,B_paraphrase_fit_original_eval,logic,causality,0.5,task,logic_orig_01,0.9019296850287255,0.000780479790263001,0.9011492052384625,1.0,0.0
Qwen/Qwen3-1.7B,16,B_paraphrase_fit_original_eval,logic,causality,0.5,task,logic_orig_02,0.9557872550006918,0.0004004945148249075,0.9553867604858669,1.0,0.0
Qwen/Qwen3-1.7B,16,B_paraphrase_fit_original_eval,logic,causality,0.5,task,logic_orig_03,0.9102960544806075,0.00045336869042249365,0.909842685790185,1.0,0.0
Qwen/Qwen3-1.7B,16,B_paraphrase_fit_original_eval,logic,causality,0.5,matched_random,logic_orig_01,0.16605296104016692,0.2579556820778351,-0.09190272103766817,0.0,0.0
Qwen/Qwen3-1.7B,16,B_paraphrase_fit_original_eval,logic,causality,0.5,matched_random,logic_orig_02,0.30401687699128666,0.22868755123207055,0.07532932575921611,0.0,0.0
Qwen/Qwen3-1.7B,16,B_paraphrase_fit_original_eval,logic,causality,0.5,matched_random,logic_orig_03,0.19742442369577456,0.17651403246798034,0.02091039122779423,0.0,0.0
Qwen/Qwen3-1.7B,16,B_paraphrase_fit_original_eval,logic,causality,0.5,opposite,logic_orig_01,0.0002529867709559805,0.9455288546772846,-0.9452758679063287,0.0,1.0
Qwen/Qwen3-1.7B,16,B_paraphrase_fit_original_eval,logic,causality,0.5,opposite,logic_orig_02,0.0005241725525256533,0.9486316433594524,-0.9481074708069267,0.0,1.0
Qwen/Qwen3-1.7B,16,B_paraphrase_fit_original_eval,logic,causality,0.5,opposite,logic_orig_03,0.00042578590714631567,0.9159001727849962,-0.9154743868778499,0.0,1.0
Qwen/Qwen3-1.7B,16,B_paraphrase_fit_original_eval,logic,causality,0.75,task,logic_orig_01,0.983088594076635,1.8660988267467824e-05,0.9830699330883675,1.0,0.0
Qwen/Qwen3-1.7B,16,B_paraphrase_fit_original_eval,logic,causality,0.75,task,logic_orig_02,0.9928751300811882,9.12605267649657e-06,0.9928660040285118,1.0,0.0
Qwen/Qwen3-1.7B,16,B_paraphrase_fit_original_eval,logic,causality,0.75,task,logic_orig_03,0.9846491050278674,1.0757301876235195e-05,0.9846383477259911,1.0,0.0
Qwen/Qwen3-1.7B,16,B_paraphrase_fit_original_eval,logic,causality,0.75,matched_random,logic_orig_01,0.1830410206242876,0.2642741297177206,-0.08123310909343298,0.0,0.0
Qwen/Qwen3-1.7B,16,B_paraphrase_fit_original_eval,logic,causality,0.75,matched_random,logic_orig_02,0.3287985375525404,0.22987008485680122,0.09892845269573919,0.0,0.0
Qwen/Qwen3-1.7B,16,B_paraphrase_fit_original_eval,logic,causality,0.75,matched_random,logic_orig_03,0.21773999172105427,0.18093571790033686,0.03680427382071741,0.0,0.0
Qwen/Qwen3-1.7B,16,B_paraphrase_fit_original_eval,logic,causality,0.75,opposite,logic_orig_01,5.817735860988038e-06,0.991238068330579,-0.9912322505947181,0.0,1.0
Qwen/Qwen3-1.7B,16,B_paraphrase_fit_original_eval,logic,causality,0.75,opposite,logic_orig_02,1.2020314534120388e-05,0.9917133547393605,-0.9917013344248264,0.0,1.0
Qwen/Qwen3-1.7B,16,B_paraphrase_fit_original_eval,logic,causality,0.75,opposite,logic_orig_03,1.0055720234418575e-05,0.9860910990765344,-0.9860810433563,0.0,1.0
Qwen/Qwen3-1.7B,16,B_paraphrase_fit_original_eval,logic,causality,1.0,task,logic_orig_01,0.9971996301800613,4.152188800628397e-07,0.9971992149611812,1.0,0.0
Qwen/Qwen3-1.7B,16,B_paraphrase_fit_original_eval,logic,causality,1.0,task,logic_orig_02,0.9988511440091603,2.0139195214373868e-07,0.9988509426172082,1.0,0.0
Qwen/Qwen3-1.7B,16,B_paraphrase_fit_original_eval,logic,causality,1.0,task,logic_orig_03,0.9974666106526944,2.390414607982086e-07,0.9974663716112335,1.0,0.0
Qwen/Qwen3-1.7B,16,B_paraphrase_fit_original_eval,logic,causality,1.0,matched_random,logic_orig_01,0.20109298784644344,0.2698428392368917,-0.06874985139044823,0.0,0.0
Qwen/Qwen3-1.7B,16,B_paraphrase_fit_original_eval,logic,causality,1.0,matched_random,logic_orig_02,0.35424235569662377,0.23017641118437285,0.12406594451225092,1.0,0.0
Qwen/Qwen3-1.7B,16,B_paraphrase_fit_original_eval,logic,causality,1.0,matched_random,logic_orig_03,0.23925284053849258,0.18477829555240943,0.054474544986083145,0.0,0.0
Qwen/Qwen3-1.7B,16,B_paraphrase_fit_original_eval,logic,causality,1.0,opposite,logic_orig_01,1.2856713602161557e-07,0.9986215675788959,-0.9986214390117598,0.0,1.0
Qwen/Qwen3-1.7B,16,B_paraphrase_fit_original_eval,logic,causality,1.0,opposite,logic_orig_02,2.655290223200753e-07,0.9986868341910137,-0.9986865686619913,0.0,1.0
Qwen/Qwen3-1.7B,16,B_paraphrase_fit_original_eval,logic,causality,1.0,opposite,logic_orig_03,2.2319913345037567e-07,0.9977996774447706,-0.9977994542456372,0.0,1.0
Qwen/Qwen3-1.7B,16,B_paraphrase_fit_original_eval,logic,analogy,0.5,task,logic_orig_01,0.9776261576521927,0.00037248234682664617,0.9772536753053661,1.0,0.0
Qwen/Qwen3-1.7B,16,B_paraphrase_fit_original_eval,logic,analogy,0.5,task,logic_orig_02,0.9722213565476768,0.0003790352216594196,0.9718423213260174,1.0,0.0
Qwen/Qwen3-1.7B,16,B_paraphrase_fit_original_eval,logic,analogy,0.5,task,logic_orig_03,0.977570957222373,0.00023226470523233015,0.9773386925171407,1.0,0.0
Qwen/Qwen3-1.7B,16,B_paraphrase_fit_original_eval,logic,analogy,0.5,matched_random,logic_orig_01,0.37847852829260575,0.2801452403655354,0.09833328792707036,1.0,0.0
Qwen/Qwen3-1.7B,16,B_paraphrase_fit_original_eval,logic,analogy,0.5,matched_random,logic_orig_02,0.3152067180941063,0.2387365958315456,0.07647012226256067,0.0,0.0
Qwen/Qwen3-1.7B,16,B_paraphrase_fit_original_eval,logic,analogy,0.5,matched_random,logic_orig_03,0.4173031017577764,0.19261746467036375,0.22468563708741265,1.0,0.0
Qwen/Qwen3-1.7B,16,B_paraphrase_fit_original_eval,logic,analogy,0.5,opposite,logic_orig_01,0.0010554089604795443,0.9658804156398894,-0.9648250066794098,0.0,1.0
Qwen/Qwen3-1.7B,16,B_paraphrase_fit_original_eval,logic,analogy,0.5,opposite,logic_orig_02,0.0010199315590513959,0.9551138508730302,-0.9540939193139788,0.0,1.0
Qwen/Qwen3-1.7B,16,B_paraphrase_fit_original_eval,logic,analogy,0.5,opposite,logic_orig_03,0.0016566408221292807,0.9454378598320914,-0.9437812190099621,0.0,1.0
Qwen/Qwen3-1.7B,16,B_paraphrase_fit_original_eval,logic,analogy,0.75,task,logic_orig_01,0.9962999238145277,9.642298089619088e-06,0.9962902815164381,1.0,0.0
Qwen/Qwen3-1.7B,16,B_paraphrase_fit_original_eval,logic,analogy,0.75,task,logic_orig_02,0.9954769099313833,9.858326038180987e-06,0.9954670516053451,1.0,0.0
Qwen/Qwen3-1.7B,16,B_paraphrase_fit_original_eval,logic,analogy,0.75,task,logic_orig_03,0.9962796887824388,6.012758766865971e-06,0.9962736760236719,1.0,0.0
Qwen/Qwen3-1.7B,16,B_paraphrase_fit_original_eval,logic,analogy,0.75,matched_random,logic_orig_01,0.3545328106335739,0.2938059389596933,0.06072687167388058,1.0,0.0
Qwen/Qwen3-1.7B,16,B_paraphrase_fit_original_eval,logic,analogy,0.75,matched_random,logic_orig_02,0.28377216169663194,0.24063314933636384,0.0431390123602681,0.0,0.0
Qwen/Qwen3-1.7B,16,B_paraphrase_fit_original_eval,logic,analogy,0.75,matched_random,logic_orig_03,0.39137210465678895,0.20225350280986149,0.18911860184692747,1.0,0.0
Qwen/Qwen3-1.7B,16,B_paraphrase_fit_original_eval,logic,analogy,0.75,opposite,logic_orig_01,2.760765817825816e-05,0.9946598272134235,-0.9946322195552453,0.0,1.0
Qwen/Qwen3-1.7B,16,B_paraphrase_fit_original_eval,logic,analogy,0.75,opposite,logic_orig_02,2.6927135420105517e-05,0.9926969623643348,-0.9926700352289147,0.0,1.0
Qwen/Qwen3-1.7B,16,B_paraphrase_fit_original_eval,logic,analogy,0.75,opposite,logic_orig_03,4.412131062423613e-05,0.991277984103785,-0.9912338627931607,0.0,1.0
Qwen/Qwen3-1.7B,16,B_paraphrase_fit_original_eval,logic,analogy,1.0,task,logic_orig_01,0.999389217425671,2.456872902770746e-07,0.9993889717383807,1.0,0.0
Qwen/Qwen3-1.7B,16,B_paraphrase_fit_original_eval,logic,analogy,1.0,task,logic_orig_02,0.9992692838281313,2.5136922073206e-07,0.9992690324589105,1.0,0.0
Qwen/Qwen3-1.7B,16,B_paraphrase_fit_original_eval,logic,analogy,1.0,task,logic_orig_03,0.9993867988870552,1.5320879148553963e-07,0.9993866456782637,1.0,0.0
Qwen/Qwen3-1.7B,16,B_paraphrase_fit_original_eval,logic,analogy,1.0,matched_random,logic_orig_01,0.3271974071097647,0.30358207482900684,0.02361533228075785,1.0,0.0
Qwen/Qwen3-1.7B,16,B_paraphrase_fit_original_eval,logic,analogy,1.0,matched_random,logic_orig_02,0.25160492750632296,0.23887293373820725,0.012731993768115707,0.0,0.0
Qwen/Qwen3-1.7B,16,B_paraphrase_fit_original_eval,logic,analogy,1.0,matched_random,logic_orig_03,0.36099814254993773,0.2088686627034417,0.15212947984649602,1.0,0.0
Qwen/Qwen3-1.7B,16,B_paraphrase_fit_original_eval,logic,analogy,1.0,opposite,logic_orig_01,7.044491750397502e-07,0.9991647384234419,-0.9991640339742669,0.0,1.0
Qwen/Qwen3-1.7B,16,B_paraphrase_fit_original_eval,logic,analogy,1.0,opposite,logic_orig_02,6.882116719949088e-07,0.9988286656530382,-0.9988279774413662,0.0,1.0
Qwen/Qwen3-1.7B,16,B_paraphrase_fit_original_eval,logic,analogy,1.0,opposite,logic_orig_03,1.129052898491393e-06,0.9986280750507757,-0.9986269459978772,0.0,1.0
Qwen/Qwen3-1.7B,16,B_paraphrase_fit_original_eval,logic,definition,0.5,task,logic_orig_01,0.9450894427367008,0.000497113396555496,0.9445923293401454,1.0,0.0
Qwen/Qwen3-1.7B,16,B_paraphrase_fit_original_eval,logic,definition,0.5,task,logic_orig_02,0.909333407955944,0.0006174265356657727,0.9087159814202782,1.0,0.0
Qwen/Qwen3-1.7B,16,B_paraphrase_fit_original_eval,logic,definition,0.5,task,logic_orig_03,0.9421823874250581,0.00031888329313307717,0.941863504131925,1.0,0.0
Qwen/Qwen3-1.7B,16,B_paraphrase_fit_original_eval,logic,definition,0.5,matched_random,logic_orig_01,0.16302973995149525,0.288404805540937,-0.12537506558944175,0.0,0.0
Qwen/Qwen3-1.7B,16,B_paraphrase_fit_original_eval,logic,definition,0.5,matched_random,logic_orig_02,0.11415051711162409,0.26067124639046363,-0.14652072927883952,0.0,0.0
Qwen/Qwen3-1.7B,16,B_paraphrase_fit_original_eval,logic,definition,0.5,matched_random,logic_orig_03,0.17587660438170585,0.2001971813586792,-0.024320576976973346,0.0,0.0
Qwen/Qwen3-1.7B,16,B_paraphrase_fit_original_eval,logic,definition,0.5,opposite,logic_orig_01,0.00037095997491286097,0.9542517135282415,-0.9538807535533286,0.0,1.0
Qwen/Qwen3-1.7B,16,B_paraphrase_fit_original_eval,logic,definition,0.5,opposite,logic_orig_02,0.0002851306122046096,0.9468023562811038,-0.9465172256688992,0.0,1.0
Qwen/Qwen3-1.7B,16,B_paraphrase_fit_original_eval,logic,definition,0.5,opposite,logic_orig_03,0.0005604329413418368,0.9276278505291737,-0.927067417587832,0.0,1.0
Qwen/Qwen3-1.7B,16,B_paraphrase_fit_original_eval,logic,definition,0.75,task,logic_orig_01,0.9914180538631497,1.1089221118489894e-05,0.9914069646420313,1.0,0.0
Qwen/Qwen3-1.7B,16,B_paraphrase_fit_original_eval,logic,definition,0.75,task,logic_orig_02,0.9848142029944166,1.4219296562103907e-05,0.9847999836978545,1.0,0.0
Qwen/Qwen3-1.7B,16,B_paraphrase_fit_original_eval,logic,definition,0.75,task,logic_orig_03,0.9908804272008669,7.131480512214562e-06,0.9908732957203547,1.0,0.0
Qwen/Qwen3-1.7B,16,B_paraphrase_fit_original_eval,logic,definition,0.75,matched_random,logic_orig_01,0.1428853290188652,0.3117177348935199,-0.1688324058746547,0.0,0.0
Qwen/Qwen3-1.7B,16,B_paraphrase_fit_original_eval,logic,definition,0.75,matched_random,logic_orig_02,0.09934244661946945,0.2797617350718937,-0.18041928845242428,0.0,0.0
Qwen/Qwen3-1.7B,16,B_paraphrase_fit_original_eval,logic,definition,0.75,matched_random,logic_orig_03,0.15551345215183812,0.21830117052930778,-0.06278771837746966,0.0,0.0
Qwen/Qwen3-1.7B,16,B_paraphrase_fit_original_eval,logic,definition,0.75,opposite,logic_orig_01,8.209250205123105e-06,0.9930651067791838,-0.9930568975289786,0.0,1.0
Qwen/Qwen3-1.7B,16,B_paraphrase_fit_original_eval,logic,definition,0.75,opposite,logic_orig_02,6.3531169719717535e-06,0.9920662380750938,-0.9920598849581218,0.0,1.0
Qwen/Qwen3-1.7B,16,B_paraphrase_fit_original_eval,logic,definition,0.75,opposite,logic_orig_03,1.2703203087040483e-05,0.9887846160748802,-0.9887719128717932,0.0,1.0
Qwen/Qwen3-1.7B,16,B_paraphrase_fit_original_eval,logic,definition,1.0,task,logic_orig_01,0.9986918784492723,2.3754035617617384e-07,0.9986916409089162,1.0,0.0
Qwen/Qwen3-1.7B,16,B_paraphrase_fit_original_eval,logic,definition,1.0,task,logic_orig_02,0.9975864094844391,3.062922426384708e-07,0.9975861031921964,1.0,0.0
Qwen/Qwen3-1.7B,16,B_paraphrase_fit_original_eval,logic,definition,1.0,task,logic_orig_03,0.9986034558685336,1.5283160697293667e-07,0.9986033030369267,1.0,0.0
Qwen/Qwen3-1.7B,16,B_paraphrase_fit_original_eval,logic,definition,1.0,matched_random,logic_orig_01,0.12466558576554386,0.33539661132223214,-0.21073102555668827,0.0,0.0
Qwen/Qwen3-1.7B,16,B_paraphrase_fit_original_eval,logic,definition,1.0,matched_random,logic_orig_02,0.08615019900005637,0.29919061188139234,-0.21304041288133596,0.0,0.0
Qwen/Qwen3-1.7B,16,B_paraphrase_fit_original_eval,logic,definition,1.0,matched_random,logic_orig_03,0.1369374790409413,0.2370547415962518,-0.1001172625553105,0.0,0.0
Qwen/Qwen3-1.7B,16,B_paraphrase_fit_original_eval,logic,definition,1.0,opposite,logic_orig_01,1.75606687067699e-07,0.9989726876942429,-0.9989725120875558,0.0,1.0
Qwen/Qwen3-1.7B,16,B_paraphrase_fit_original_eval,logic,definition,1.0,opposite,logic_orig_02,1.360216591212408e-07,0.9988498788602741,-0.9988497428386149,0.0,1.0
Qwen/Qwen3-1.7B,16,B_paraphrase_fit_original_eval,logic,definition,1.0,opposite,logic_orig_03,2.7274059832006325e-07,0.9983356584369767,-0.9983353856963784,0.0,1.0
Qwen/Qwen3-1.7B,16,B_paraphrase_fit_original_eval,causality,logic,0.5,task,causality_orig_01,0.8480737930891222,0.009783727845330407,0.8382900652437918,1.0,0.0
Qwen/Qwen3-1.7B,16,B_paraphrase_fit_original_eval,causality,logic,0.5,task,causality_orig_02,0.7591682518339371,0.011590397503261463,0.7475778543306757,1.0,0.0
Qwen/Qwen3-1.7B,16,B_paraphrase_fit_original_eval,causality,logic,0.5,task,causality_orig_03,0.6859906669753995,0.06387285744007276,0.6221178095353267,1.0,0.0
Qwen/Qwen3-1.7B,16,B_paraphrase_fit_original_eval,causality,logic,0.5,matched_random,causality_orig_01,0.017031989864587774,0.7468235273584857,-0.7297915374938979,0.0,1.0
Qwen/Qwen3-1.7B,16,B_paraphrase_fit_original_eval,causality,logic,0.5,matched_random,causality_orig_02,0.011362639957989073,0.6593582118670349,-0.6479955719090459,0.0,1.0
Qwen/Qwen3-1.7B,16,B_paraphrase_fit_original_eval,causality,logic,0.5,matched_random,causality_orig_03,0.002554204842953908,0.9039319624740261,-0.9013777576310722,0.0,1.0
Qwen/Qwen3-1.7B,16,B_paraphrase_fit_original_eval,causality,logic,0.5,opposite,causality_orig_01,1.9834949203660452e-05,0.988302302007521,-0.9882824670583173,0.0,1.0
Qwen/Qwen3-1.7B,16,B_paraphrase_fit_original_eval,causality,logic,0.5,opposite,causality_orig_02,1.4866461182335416e-05,0.9802929699132489,-0.9802781034520666,0.0,1.0
Qwen/Qwen3-1.7B,16,B_paraphrase_fit_original_eval,causality,logic,0.5,opposite,causality_orig_03,2.476133328224978e-06,0.9957725678656199,-0.9957700917322916,0.0,1.0
Qwen/Qwen3-1.7B,16,B_paraphrase_fit_original_eval,causality,logic,0.75,task,causality_orig_01,0.9772029535437069,0.00024729110368217863,0.9769556624400247,1.0,0.0
Qwen/Qwen3-1.7B,16,B_paraphrase_fit_original_eval,causality,logic,0.75,task,causality_orig_02,0.9627586935756622,0.00032242651076266074,0.9624362670648996,1.0,0.0
Qwen/Qwen3-1.7B,16,B_paraphrase_fit_original_eval,causality,logic,0.75,task,causality_orig_03,0.9550708055936864,0.0019506830470051176,0.9531201225466813,1.0,0.0
Qwen/Qwen3-1.7B,16,B_paraphrase_fit_original_eval,causality,logic,0.75,matched_random,causality_orig_01,0.012980777439094213,0.769745656413605,-0.7567648789745108,0.0,1.0
Qwen/Qwen3-1.7B,16,B_paraphrase_fit_original_eval,causality,logic,0.75,matched_random,causality_orig_02,0.008715857756052539,0.6839844833435823,-0.6752686255875298,0.0,1.0
Qwen/Qwen3-1.7B,16,B_paraphrase_fit_original_eval,causality,logic,0.75,matched_random,causality_orig_03,0.001907522194765901,0.9129427850924966,-0.9110352628977307,0.0,1.0
Qwen/Qwen3-1.7B,16,B_paraphrase_fit_original_eval,causality,logic,0.75,opposite,causality_orig_01,4.3932798836551093e-07,0.9979173758325095,-0.9979169365045212,0.0,1.0
Qwen/Qwen3-1.7B,16,B_paraphrase_fit_original_eval,causality,logic,0.75,opposite,causality_orig_02,3.314500976996938e-07,0.996353467991219,-0.9963531365411213,0.0,1.0
Qwen/Qwen3-1.7B,16,B_paraphrase_fit_original_eval,causality,logic,0.75,opposite,causality_orig_03,5.4504040454382244e-08,0.9992216354708577,-0.9992215809668172,0.0,1.0
Qwen/Qwen3-1.7B,16,B_paraphrase_fit_original_eval,causality,logic,1.0,task,causality_orig_01,0.9967444433198362,5.532998425991715e-06,0.9967389103214103,1.0,0.0
Qwen/Qwen3-1.7B,16,B_paraphrase_fit_original_eval,causality,logic,1.0,task,causality_orig_02,0.9950525939347603,7.309915087749477e-06,0.9950452840196725,1.0,0.0
Qwen/Qwen3-1.7B,16,B_paraphrase_fit_original_eval,causality,logic,1.0,task,causality_orig_03,0.9943601644554003,4.455001543015455e-05,0.9943156144399702,1.0,0.0
Qwen/Qwen3-1.7B,16,B_paraphrase_fit_original_eval,causality,logic,1.0,matched_random,causality_orig_01,0.009860979798200732,0.79078888072151,-0.7809279009233092,0.0,1.0
Qwen/Qwen3-1.7B,16,B_paraphrase_fit_original_eval,causality,logic,1.0,matched_random,causality_orig_02,0.0066651924601368335,0.7073636718416085,-0.7006984793814717,0.0,1.0
Qwen/Qwen3-1.7B,16,B_paraphrase_fit_original_eval,causality,logic,1.0,matched_random,causality_orig_03,0.0014231300330027966,0.9211120986319592,-0.9196889685989564,0.0,1.0
Qwen/Qwen3-1.7B,16,B_paraphrase_fit_original_eval,causality,logic,1.0,opposite,causality_orig_01,9.653513435536396e-09,0.9996273193221888,-0.9996273096686754,0.0,1.0
Qwen/Qwen3-1.7B,16,B_paraphrase_fit_original_eval,causality,logic,1.0,opposite,causality_orig_02,7.29234108664332e-09,0.9993307652184154,-0.9993307579260743,0.0,1.0
Qwen/Qwen3-1.7B,16,B_paraphrase_fit_original_eval,causality,logic,1.0,opposite,causality_orig_03,1.196348248790196e-09,0.9998566682902025,-0.9998566670938542,0.0,1.0
Qwen/Qwen3-1.7B,16,B_paraphrase_fit_original_eval,causality,analogy,0.5,task,causality_orig_01,0.9509261890435124,0.003654867965779003,0.9472713210777335,1.0,0.0
Qwen/Qwen3-1.7B,16,B_paraphrase_fit_original_eval,causality,analogy,0.5,task,causality_orig_02,0.8769058096358083,0.005552284979399724,0.8713535246564086,1.0,0.0
Qwen/Qwen3-1.7B,16,B_paraphrase_fit_original_eval,causality,analogy,0.5,task,causality_orig_03,0.7682048922869769,0.042086135006308215,0.7261187572806687,1.0,0.0
Qwen/Qwen3-1.7B,16,B_paraphrase_fit_original_eval,causality,analogy,0.5,matched_random,causality_orig_01,0.07078497773780278,0.7386381478944304,-0.6678531701566276,0.0,1.0
Qwen/Qwen3-1.7B,16,B_paraphrase_fit_original_eval,causality,analogy,0.5,matched_random,causality_orig_02,0.03858276422506189,0.6632509643747195,-0.6246682001496576,0.0,1.0
Qwen/Qwen3-1.7B,16,B_paraphrase_fit_original_eval,causality,analogy,0.5,matched_random,causality_orig_03,0.006096233618980736,0.9067536795715447,-0.900657445952564,0.0,1.0
Qwen/Qwen3-1.7B,16,B_paraphrase_fit_original_eval,causality,analogy,0.5,opposite,causality_orig_01,4.750533955471397e-05,0.991193846746679,-0.9911463414071243,0.0,1.0
Qwen/Qwen3-1.7B,16,B_paraphrase_fit_original_eval,causality,analogy,0.5,opposite,causality_orig_02,2.8630331832460326e-05,0.9840937409546513,-0.9840651106228189,0.0,1.0
Qwen/Qwen3-1.7B,16,B_paraphrase_fit_original_eval,causality,analogy,0.5,opposite,causality_orig_03,3.3507159215692663e-06,0.996531132928462,-0.9965277822125403,0.0,1.0
Qwen/Qwen3-1.7B,16,B_paraphrase_fit_original_eval,causality,analogy,0.75,task,causality_orig_01,0.99379013957591,7.913101673008827e-05,0.9937110085591799,1.0,0.0
Qwen/Qwen3-1.7B,16,B_paraphrase_fit_original_eval,causality,analogy,0.75,task,causality_orig_02,0.983293683580926,0.00012898203635071555,0.9831647015445752,1.0,0.0
Qwen/Qwen3-1.7B,16,B_paraphrase_fit_original_eval,causality,analogy,0.75,task,causality_orig_03,0.9689529825942068,0.0010997446493121903,0.9678532379448946,1.0,0.0
Qwen/Qwen3-1.7B,16,B_paraphrase_fit_original_eval,causality,analogy,0.75,matched_random,causality_orig_01,0.06733599379070239,0.7584866846192232,-0.6911506908285208,0.0,1.0
Qwen/Qwen3-1.7B,16,B_paraphrase_fit_original_eval,causality,analogy,0.75,matched_random,causality_orig_02,0.03717134715491547,0.6897677819568403,-0.6525964348019249,0.0,1.0
Qwen/Qwen3-1.7B,16,B_paraphrase_fit_original_eval,causality,analogy,0.75,matched_random,causality_orig_03,0.0057102620050015285,0.916840551410679,-0.9111302894056774,0.0,1.0
Qwen/Qwen3-1.7B,16,B_paraphrase_fit_original_eval,causality,analogy,0.75,opposite,causality_orig_01,9.914625709320991e-07,0.9985396532499174,-0.9985386617873465,0.0,1.0
Qwen/Qwen3-1.7B,16,B_paraphrase_fit_original_eval,causality,analogy,0.75,opposite,causality_orig_02,6.011009841732871e-07,0.9973104016805033,-0.9973098005795191,0.0,1.0
Qwen/Qwen3-1.7B,16,B_paraphrase_fit_original_eval,causality,analogy,0.75,opposite,causality_orig_03,6.961793400059182e-08,0.9994181090280679,-0.999418039410134,0.0,1.0
Qwen/Qwen3-1.7B,16,B_paraphrase_fit_original_eval,causality,analogy,1.0,task,causality_orig_01,0.9991946044930143,1.6482736700684012e-06,0.9991929562193442,1.0,0.0
Qwen/Qwen3-1.7B,16,B_paraphrase_fit_original_eval,causality,analogy,1.0,task,causality_orig_02,0.9978707103316542,2.7117361678393108e-06,0.9978679985954864,1.0,0.0
Qwen/Qwen3-1.7B,16,B_paraphrase_fit_original_eval,causality,analogy,1.0,task,causality_orig_03,0.9961081023253592,2.3421936800621138e-05,0.9960846803885586,1.0,0.0
Qwen/Qwen3-1.7B,16,B_paraphrase_fit_original_eval,causality,analogy,1.0,matched_random,causality_orig_01,0.06390068912685593,0.776991525195583,-0.7130908360687271,0.0,1.0
Qwen/Qwen3-1.7B,16,B_paraphrase_fit_original_eval,causality,analogy,1.0,matched_random,causality_orig_02,0.0356881303284089,0.714872274322555,-0.6791841439941461,0.0,1.0
Qwen/Qwen3-1.7B,16,B_paraphrase_fit_original_eval,causality,analogy,1.0,matched_random,causality_orig_03,0.005341960915826029,0.9258668559174685,-0.9205248950016425,0.0,1.0
Qwen/Qwen3-1.7B,16,B_paraphrase_fit_original_eval,causality,analogy,1.0,opposite,causality_orig_01,2.0565195935998944e-08,0.9997574878430981,-0.9997574672779022,0.0,1.0
Qwen/Qwen3-1.7B,16,B_paraphrase_fit_original_eval,causality,analogy,1.0,opposite,causality_orig_02,1.2480969920939445e-08,0.9995489511318193,-0.9995489386508494,0.0,1.0
Qwen/Qwen3-1.7B,16,B_paraphrase_fit_original_eval,causality,analogy,1.0,opposite,causality_orig_03,1.442974725689352e-09,0.9999024429273475,-0.9999024414843728,0.0,1.0
Qwen/Qwen3-1.7B,16,B_paraphrase_fit_original_eval,causality,definition,0.5,task,causality_orig_01,0.9776274113175252,0.003413840591241508,0.9742135707262837,1.0,0.0
Qwen/Qwen3-1.7B,16,B_paraphrase_fit_original_eval,causality,definition,0.5,task,causality_orig_02,0.9917710467977493,0.001800032677406658,0.9899710141203426,1.0,0.0
Qwen/Qwen3-1.7B,16,B_paraphrase_fit_original_eval,causality,definition,0.5,task,causality_orig_03,0.9879406216088723,0.008247966212424384,0.9796926553964479,1.0,0.0
Qwen/Qwen3-1.7B,16,B_paraphrase_fit_original_eval,causality,definition,0.5,matched_random,causality_orig_01,0.23662735511115368,0.6711847970332824,-0.4345574419221287,0.0,1.0
Qwen/Qwen3-1.7B,16,B_paraphrase_fit_original_eval,causality,definition,0.5,matched_random,causality_orig_02,0.3838660243734094,0.5659211590431238,-0.1820551346697144,0.0,1.0
Qwen/Qwen3-1.7B,16,B_paraphrase_fit_original_eval,causality,definition,0.5,matched_random,causality_orig_03,0.12722752681981248,0.8627886210881908,-0.7355610942683783,0.0,1.0
Qwen/Qwen3-1.7B,16,B_paraphrase_fit_original_eval,causality,definition,0.5,opposite,causality_orig_01,0.0002836968935104833,0.9954800695467267,-0.9951963726532163,0.0,1.0
Qwen/Qwen3-1.7B,16,B_paraphrase_fit_original_eval,causality,definition,0.5,opposite,causality_orig_02,0.0005464898300193109,0.9966878619608834,-0.9961413721308642,0.0,1.0
Qwen/Qwen3-1.7B,16,B_paraphrase_fit_original_eval,causality,definition,0.5,opposite,causality_orig_03,0.00011914185878751035,0.9995131749571547,-0.9993940330983673,0.0,1.0
Qwen/Qwen3-1.7B,16,B_paraphrase_fit_original_eval,causality,definition,0.75,task,causality_orig_01,0.9962125189060712,0.00010987397396055362,0.9961026449321106,1.0,0.0
Qwen/Qwen3-1.7B,16,B_paraphrase_fit_original_eval,causality,definition,0.75,task,causality_orig_02,0.998714273103897,5.725101490875859e-05,0.9986570220889883,1.0,0.0
Qwen/Qwen3-1.7B,16,B_paraphrase_fit_original_eval,causality,definition,0.75,task,causality_orig_03,0.9990094005434541,0.0002634259621016009,0.9987459745813525,1.0,0.0
Qwen/Qwen3-1.7B,16,B_paraphrase_fit_original_eval,causality,definition,0.75,matched_random,causality_orig_01,0.2573841898664782,0.6571819762118537,-0.3997977863453755,0.0,1.0
Qwen/Qwen3-1.7B,16,B_paraphrase_fit_original_eval,causality,definition,0.75,matched_random,causality_orig_02,0.4101010058069895,0.5442440727712675,-0.13414306696427802,0.0,1.0
Qwen/Qwen3-1.7B,16,B_paraphrase_fit_original_eval,causality,definition,0.75,matched_random,causality_orig_03,0.13944759873301676,0.8512575569458469,-0.7118099582128301,0.0,1.0
Qwen/Qwen3-1.7B,16,B_paraphrase_fit_original_eval,causality,definition,0.75,opposite,causality_orig_01,8.994619276059708e-06,0.9992814022542573,-0.9992724076349813,0.0,1.0
Qwen/Qwen3-1.7B,16,B_paraphrase_fit_original_eval,causality,definition,0.75,opposite,causality_orig_02,1.7309581636448057e-05,0.999518154346051,-0.9995008447644145,0.0,1.0
Qwen/Qwen3-1.7B,16,B_paraphrase_fit_original_eval,causality,definition,0.75,opposite,causality_orig_03,3.764612277973625e-06,0.9999342318019994,-0.9999304671897213,0.0,1.0
Qwen/Qwen3-1.7B,16,B_paraphrase_fit_original_eval,causality,definition,1.0,task,causality_orig_01,0.9992935642682057,3.4810390695750345e-06,0.9992900832291362,1.0,0.0
Qwen/Qwen3-1.7B,16,B_paraphrase_fit_original_eval,causality,definition,1.0,task,causality_orig_02,0.9997645659903718,1.810141991763504e-06,0.99976275584838,1.0,0.0
Qwen/Qwen3-1.7B,16,B_paraphrase_fit_original_eval,causality,definition,1.0,task,causality_orig_03,0.9998541781968721,8.327193095516666e-06,0.9998458510037765,1.0,0.0
Qwen/Qwen3-1.7B,16,B_paraphrase_fit_original_eval,causality,definition,1.0,matched_random,causality_orig_01,0.27923103466846044,0.6417916754630019,-0.3625606407945414,0.0,1.0
Qwen/Qwen3-1.7B,16,B_paraphrase_fit_original_eval,causality,definition,1.0,matched_random,causality_orig_02,0.4368000528819422,0.5218097290459,-0.08500967616395777,0.0,1.0
Qwen/Qwen3-1.7B,16,B_paraphrase_fit_original_eval,causality,definition,1.0,matched_random,causality_orig_03,0.15263127698352758,0.8387259772186199,-0.6860947002350923,0.0,1.0
Qwen/Qwen3-1.7B,16,B_paraphrase_fit_original_eval,causality,definition,1.0,opposite,causality_orig_01,2.8426036040201943e-07,0.9998810835422322,-0.9998807992818718,0.0,1.0
Qwen/Qwen3-1.7B,16,B_paraphrase_fit_original_eval,causality,definition,1.0,opposite,causality_orig_02,5.4693380325025e-07,0.9999215112675631,-0.9999209643337599,0.0,1.0
Qwen/Qwen3-1.7B,16,B_paraphrase_fit_original_eval,causality,definition,1.0,opposite,causality_orig_03,1.1890967449080836e-07,0.9999894140617314,-0.9999892951520569,0.0,1.0
Qwen/Qwen3-1.7B,16,B_paraphrase_fit_original_eval,analogy,logic,0.5,task,analogy_orig_01,0.8634661093726568,0.06104040968402744,0.8024256996886293,1.0,0.0
Qwen/Qwen3-1.7B,16,B_paraphrase_fit_original_eval,analogy,logic,0.5,task,analogy_orig_02,0.8457482089178049,0.07905432318489966,0.7666938857329052,1.0,0.0
Qwen/Qwen3-1.7B,16,B_paraphrase_fit_original_eval,analogy,logic,0.5,task,analogy_orig_03,0.8879263907301578,0.06005106241360906,0.8278753283165488,1.0,0.0
Qwen/Qwen3-1.7B,16,B_paraphrase_fit_original_eval,analogy,logic,0.5,matched_random,analogy_orig_01,0.007128050887665448,0.9645939481440338,-0.9574658972563683,0.0,1.0
Qwen/Qwen3-1.7B,16,B_paraphrase_fit_original_eval,analogy,logic,0.5,matched_random,analogy_orig_02,0.0054362307366491135,0.972711426949855,-0.9672751962132059,0.0,1.0
Qwen/Qwen3-1.7B,16,B_paraphrase_fit_original_eval,analogy,logic,0.5,matched_random,analogy_orig_03,0.007512501870771893,0.9725902738053782,-0.9650777719346063,0.0,1.0
Qwen/Qwen3-1.7B,16,B_paraphrase_fit_original_eval,analogy,logic,0.5,opposite,analogy_orig_01,5.883796461345167e-06,0.9990782068069314,-0.99907232301047,0.0,1.0
Qwen/Qwen3-1.7B,16,B_paraphrase_fit_original_eval,analogy,logic,0.5,opposite,analogy_orig_02,4.450834763247557e-06,0.9992995943182775,-0.9992951434835143,0.0,1.0
Qwen/Qwen3-1.7B,16,B_paraphrase_fit_original_eval,analogy,logic,0.5,opposite,analogy_orig_03,6.151890785873594e-06,0.9993602000641668,-0.9993540481733809,0.0,1.0
Qwen/Qwen3-1.7B,16,B_paraphrase_fit_original_eval,analogy,logic,0.75,task,analogy_orig_01,0.9849072692470673,0.001768581430926374,0.9831386878161409,1.0,0.0
Qwen/Qwen3-1.7B,16,B_paraphrase_fit_original_eval,analogy,logic,0.75,task,analogy_orig_02,0.9840799996423275,0.0023365362222005697,0.981743463420127,1.0,0.0
Qwen/Qwen3-1.7B,16,B_paraphrase_fit_original_eval,analogy,logic,0.75,task,analogy_orig_03,0.9893013073167098,0.0016995341229473066,0.9876017731937625,1.0,0.0
Qwen/Qwen3-1.7B,16,B_paraphrase_fit_original_eval,analogy,logic,0.75,matched_random,analogy_orig_01,0.006430084580120809,0.9670497132741999,-0.960619628694079,0.0,1.0
Qwen/Qwen3-1.7B,16,B_paraphrase_fit_original_eval,analogy,logic,0.75,matched_random,analogy_orig_02,0.004900913384074827,0.9745890705840716,-0.9696881571999968,0.0,1.0
Qwen/Qwen3-1.7B,16,B_paraphrase_fit_original_eval,analogy,logic,0.75,matched_random,analogy_orig_03,0.0067732975691204645,0.9745493997818581,-0.9677761022127376,0.0,1.0
Qwen/Qwen3-1.7B,16,B_paraphrase_fit_original_eval,analogy,logic,0.75,opposite,analogy_orig_01,1.495717804228076e-07,0.9998478881264382,-0.9998477385546578,0.0,1.0
Qwen/Qwen3-1.7B,16,B_paraphrase_fit_original_eval,analogy,logic,0.75,opposite,analogy_orig_02,1.1312361766448638e-07,0.9998847630401517,-0.999884649916534,0.0,1.0
Qwen/Qwen3-1.7B,16,B_paraphrase_fit_original_eval,analogy,logic,0.75,opposite,analogy_orig_03,1.5635024141160766e-07,0.9998950402455943,-0.9998948838953529,0.0,1.0
Qwen/Qwen3-1.7B,16,B_paraphrase_fit_original_eval,analogy,logic,1.0,task,analogy_orig_01,0.9978611828476489,4.5515301236679136e-05,0.9978156675464123,1.0,0.0
Qwen/Qwen3-1.7B,16,B_paraphrase_fit_original_eval,analogy,logic,1.0,task,analogy_orig_02,0.997796892992103,6.01785659912314e-05,0.9977367144261117,1.0,0.0
Qwen/Qwen3-1.7B,16,B_paraphrase_fit_original_eval,analogy,logic,1.0,task,analogy_orig_03,0.9985430204125046,4.357382257797347e-05,0.9984994465899266,1.0,0.0
Qwen/Qwen3-1.7B,16,B_paraphrase_fit_original_eval,analogy,logic,1.0,matched_random,analogy_orig_01,0.005799338745362147,0.9693239994883396,-0.9635246607429775,0.0,1.0
Qwen/Qwen3-1.7B,16,B_paraphrase_fit_original_eval,analogy,logic,1.0,matched_random,analogy_orig_02,0.0044176617494439685,0.9763270973215971,-0.9719094355721531,0.0,1.0
Qwen/Qwen3-1.7B,16,B_paraphrase_fit_original_eval,analogy,logic,1.0,matched_random,analogy_orig_03,0.006105859437164526,0.976357526248107,-0.9702516668109424,0.0,1.0
Qwen/Qwen3-1.7B,16,B_paraphrase_fit_original_eval,analogy,logic,1.0,opposite,analogy_orig_01,3.799814019550879e-09,0.9999747558665212,-0.9999747520667072,0.0,1.0
Qwen/Qwen3-1.7B,16,B_paraphrase_fit_original_eval,analogy,logic,1.0,opposite,analogy_orig_02,2.873774099927084e-09,0.9999809273562822,-0.9999809244825081,0.0,1.0
Qwen/Qwen3-1.7B,16,B_paraphrase_fit_original_eval,analogy,logic,1.0,opposite,analogy_orig_03,3.971862230682242e-09,0.9999826372848735,-0.9999826333130112,0.0,1.0
Qwen/Qwen3-1.7B,16,B_paraphrase_fit_original_eval,analogy,causality,0.5,task,analogy_orig_01,0.8932176543833739,0.036768254946847226,0.8564493994365266,1.0,0.0
Qwen/Qwen3-1.7B,16,B_paraphrase_fit_original_eval,analogy,causality,0.5,task,analogy_orig_02,0.8952238654444713,0.043697071053171964,0.8515267943912993,1.0,0.0
Qwen/Qwen3-1.7B,16,B_paraphrase_fit_original_eval,analogy,causality,0.5,task,analogy_orig_03,0.8860181537171251,0.047368374322218236,0.8386497793949069,1.0,0.0
Qwen/Qwen3-1.7B,16,B_paraphrase_fit_original_eval,analogy,causality,0.5,matched_random,analogy_orig_01,0.01045450905171892,0.9602180721897062,-0.9497635631379873,0.0,1.0
Qwen/Qwen3-1.7B,16,B_paraphrase_fit_original_eval,analogy,causality,0.5,matched_random,analogy_orig_02,0.008899985181120708,0.9693050435444264,-0.9604050583633057,0.0,1.0
Qwen/Qwen3-1.7B,16,B_paraphrase_fit_original_eval,analogy,causality,0.5,matched_random,analogy_orig_03,0.008124392145116451,0.9691416311414397,-0.9610172389963233,0.0,1.0
Qwen/Qwen3-1.7B,16,B_paraphrase_fit_original_eval,analogy,causality,0.5,opposite,analogy_orig_01,4.472428824726103e-06,0.9994255420867378,-0.9994210696579131,0.0,1.0
Qwen/Qwen3-1.7B,16,B_paraphrase_fit_original_eval,analogy,causality,0.5,opposite,analogy_orig_02,3.772274918230079e-06,0.9995748006378141,-0.9995710283628959,0.0,1.0
Qwen/Qwen3-1.7B,16,B_paraphrase_fit_original_eval,analogy,causality,0.5,opposite,analogy_orig_03,3.4439807412018944e-06,0.9995346648178861,-0.999531220837145,0.0,1.0
Qwen/Qwen3-1.7B,16,B_paraphrase_fit_original_eval,analogy,causality,0.75,task,analogy_orig_01,0.9866771450792994,0.000841429951314934,0.9858357151279844,1.0,0.0
Qwen/Qwen3-1.7B,16,B_paraphrase_fit_original_eval,analogy,causality,0.75,task,analogy_orig_02,0.9881347295188995,0.0009992266728949513,0.9871355028460045,1.0,0.0
Qwen/Qwen3-1.7B,16,B_paraphrase_fit_original_eval,analogy,causality,0.75,task,analogy_orig_03,0.9871433646487504,0.0010933350446757832,0.9860500296040746,1.0,0.0
Qwen/Qwen3-1.7B,16,B_paraphrase_fit_original_eval,analogy,causality,0.75,matched_random,analogy_orig_01,0.010689089234286249,0.9607477362097554,-0.9500586469754692,0.0,1.0
Qwen/Qwen3-1.7B,16,B_paraphrase_fit_original_eval,analogy,causality,0.75,matched_random,analogy_orig_02,0.00909819680039458,0.9696811432805473,-0.9605829464801527,0.0,1.0
Qwen/Qwen3-1.7B,16,B_paraphrase_fit_original_eval,analogy,causality,0.75,matched_random,analogy_orig_03,0.008305985539909605,0.9695941299336805,-0.961288144393771,0.0,1.0
Qwen/Qwen3-1.7B,16,B_paraphrase_fit_original_eval,analogy,causality,0.75,opposite,analogy_orig_01,9.270145804888645e-08,0.9999226204225408,-0.9999225277210827,0.0,1.0
Qwen/Qwen3-1.7B,16,B_paraphrase_fit_original_eval,analogy,causality,0.75,opposite,analogy_orig_02,7.817903661980334e-08,0.9999426650682596,-0.999942586889223,0.0,1.0
Qwen/Qwen3-1.7B,16,B_paraphrase_fit_original_eval,analogy,causality,0.75,opposite,analogy_orig_03,7.137762254201027e-08,0.9999356360393267,-0.9999355646617041,0.0,1.0
Qwen/Qwen3-1.7B,16,B_paraphrase_fit_original_eval,analogy,causality,1.0,task,analogy_orig_01,0.997929881594291,1.7630722260773463e-05,0.9979122508720302,1.0,0.0
Qwen/Qwen3-1.7B,16,B_paraphrase_fit_original_eval,analogy,causality,1.0,task,analogy_orig_02,0.998196391306354,2.0911781318901684e-05,0.998175479525035,1.0,0.0
Qwen/Qwen3-1.7B,16,B_paraphrase_fit_original_eval,analogy,causality,1.0,task,analogy_orig_03,0.998073444537614,2.290143611208166e-05,0.998050543101502,1.0,0.0
Qwen/Qwen3-1.7B,16,B_paraphrase_fit_original_eval,analogy,causality,1.0,matched_random,analogy_orig_01,0.010928634811294701,0.9612514672261103,-0.9503228324148156,0.0,1.0
Qwen/Qwen3-1.7B,16,B_paraphrase_fit_original_eval,analogy,causality,1.0,matched_random,analogy_orig_02,0.009300626905152275,0.9700369583640908,-0.9607363314589384,0.0,1.0
Qwen/Qwen3-1.7B,16,B_paraphrase_fit_original_eval,analogy,causality,1.0,matched_random,analogy_orig_03,0.008491437411271126,0.9700239435970347,-0.9615325061857636,0.0,1.0
Qwen/Qwen3-1.7B,16,B_paraphrase_fit_original_eval,analogy,causality,1.0,opposite,analogy_orig_01,1.9206257135561863e-09,0.9999893823314021,-0.9999893804107765,0.0,1.0
Qwen/Qwen3-1.7B,16,B_paraphrase_fit_original_eval,analogy,causality,1.0,opposite,analogy_orig_02,1.6197163650867972e-09,0.9999921169456364,-0.99999211532592,0.0,1.0
Qwen/Qwen3-1.7B,16,B_paraphrase_fit_original_eval,analogy,causality,1.0,opposite,analogy_orig_03,1.4788130432519819e-09,0.9999909323151605,-0.9999909308363474,0.0,1.0
Qwen/Qwen3-1.7B,16,B_paraphrase_fit_original_eval,analogy,definition,0.5,task,analogy_orig_01,0.9537457907345467,0.02347785439867021,0.9302679363358765,1.0,0.0
Qwen/Qwen3-1.7B,16,B_paraphrase_fit_original_eval,analogy,definition,0.5,task,analogy_orig_02,0.9429721813860236,0.0318618555149723,0.9111103258710512,1.0,0.0
Qwen/Qwen3-1.7B,16,B_paraphrase_fit_original_eval,analogy,definition,0.5,task,analogy_orig_03,0.9361197769032399,0.0347853106346717,0.9013344662685682,1.0,0.0
Qwen/Qwen3-1.7B,16,B_paraphrase_fit_original_eval,analogy,definition,0.5,matched_random,analogy_orig_01,0.020923537125245688,0.9595824553708119,-0.9386589182455662,0.0,1.0
Qwen/Qwen3-1.7B,16,B_paraphrase_fit_original_eval,analogy,definition,0.5,matched_random,analogy_orig_02,0.015391625585620034,0.968898085143524,-0.953506459557904,0.0,1.0
Qwen/Qwen3-1.7B,16,B_paraphrase_fit_original_eval,analogy,definition,0.5,matched_random,analogy_orig_03,0.013983576657045048,0.9680641946118874,-0.9540806179548423,0.0,1.0
Qwen/Qwen3-1.7B,16,B_paraphrase_fit_original_eval,analogy,definition,0.5,opposite,analogy_orig_01,1.3144977493263346e-05,0.9995621604016839,-0.9995490154241906,0.0,1.0
Qwen/Qwen3-1.7B,16,B_paraphrase_fit_original_eval,analogy,definition,0.5,opposite,analogy_orig_02,9.57753109057631e-06,0.9996545407379657,-0.9996449632068751,0.0,1.0
Qwen/Qwen3-1.7B,16,B_paraphrase_fit_original_eval,analogy,definition,0.5,opposite,analogy_orig_03,8.708329773489918e-06,0.999593726689245,-0.9995850183594714,0.0,1.0
Qwen/Qwen3-1.7B,16,B_paraphrase_fit_original_eval,analogy,definition,0.75,task,analogy_orig_01,0.995316387611108,0.0005844278158384313,0.9947319597952695,1.0,0.0
Qwen/Qwen3-1.7B,16,B_paraphrase_fit_original_eval,analogy,definition,0.75,task,analogy_orig_02,0.9945920816610823,0.0008016063208034451,0.9937904753402789,1.0,0.0
Qwen/Qwen3-1.7B,16,B_paraphrase_fit_original_eval,analogy,definition,0.75,task,analogy_orig_03,0.9938912998137588,0.0008809419819657595,0.993010357831793,1.0,0.0
Qwen/Qwen3-1.7B,16,B_paraphrase_fit_original_eval,analogy,definition,0.75,matched_random,analogy_orig_01,0.020325573315203013,0.959720262586372,-0.939394689271169,0.0,1.0
Qwen/Qwen3-1.7B,16,B_paraphrase_fit_original_eval,analogy,definition,0.75,matched_random,analogy_orig_02,0.01495138940846471,0.9690134942001797,-0.9540621047917149,0.0,1.0
Qwen/Qwen3-1.7B,16,B_paraphrase_fit_original_eval,analogy,definition,0.75,matched_random,analogy_orig_03,0.013579773044961422,0.9679057421777063,-0.9543259691327449,0.0,1.0
Qwen/Qwen3-1.7B,16,B_paraphrase_fit_original_eval,analogy,definition,0.75,opposite,analogy_orig_01,3.136648785776746e-07,0.9999353006584762,-0.9999349869935976,0.0,1.0
Qwen/Qwen3-1.7B,16,B_paraphrase_fit_original_eval,analogy,definition,0.75,opposite,analogy_orig_02,2.2852068791091373e-07,0.9999492124201859,-0.9999489838994979,0.0,1.0
Qwen/Qwen3-1.7B,16,B_paraphrase_fit_original_eval,analogy,definition,0.75,opposite,analogy_orig_03,2.077918641010903e-07,0.9999383882937898,-0.9999381805019257,0.0,1.0
Qwen/Qwen3-1.7B,16,B_paraphrase_fit_original_eval,analogy,definition,1.0,task,analogy_orig_01,0.9992653444829706,1.3995696040142761e-05,0.9992513487869304,1.0,0.0
Qwen/Qwen3-1.7B,16,B_paraphrase_fit_original_eval,analogy,definition,1.0,task,analogy_orig_02,0.9991660107807833,1.9208689671365647e-05,0.999146802091112,1.0,0.0
Qwen/Qwen3-1.7B,16,B_paraphrase_fit_original_eval,analogy,definition,1.0,task,analogy_orig_03,0.999074164245489,2.1122732502557283e-05,0.9990530415129865,1.0,0.0
Qwen/Qwen3-1.7B,16,B_paraphrase_fit_original_eval,analogy,definition,1.0,matched_random,analogy_orig_01,0.019743052867524643,0.9597780931903174,-0.9400350403227927,0.0,1.0
Qwen/Qwen3-1.7B,16,B_paraphrase_fit_original_eval,analogy,definition,1.0,matched_random,analogy_orig_02,0.014522815529608305,0.9690668955973534,-0.954544080067745,0.0,1.0
Qwen/Qwen3-1.7B,16,B_paraphrase_fit_original_eval,analogy,definition,1.0,matched_random,analogy_orig_03,0.013186594623441104,0.9676713318401938,-0.9544847372167528,0.0,1.0
Qwen/Qwen3-1.7B,16,B_paraphrase_fit_original_eval,analogy,definition,1.0,opposite,analogy_orig_01,7.48227440681153e-09,0.9999900678834693,-0.999990060401195,0.0,1.0
Qwen/Qwen3-1.7B,16,B_paraphrase_fit_original_eval,analogy,definition,1.0,opposite,analogy_orig_02,5.451150437824289e-09,0.9999922516466532,-0.9999922461955028,0.0,1.0
Qwen/Qwen3-1.7B,16,B_paraphrase_fit_original_eval,analogy,definition,1.0,opposite,analogy_orig_03,4.9567277785728625e-09,0.9999903707687956,-0.9999903658120678,0.0,1.0
Qwen/Qwen3-1.7B,16,B_paraphrase_fit_original_eval,definition,logic,0.5,task,definition_orig_01,0.8387797947242595,0.04095334336212007,0.7978264513621394,1.0,0.0
Qwen/Qwen3-1.7B,16,B_paraphrase_fit_original_eval,definition,logic,0.5,task,definition_orig_02,0.7145253130355097,0.03670685104072016,0.6778184619947896,1.0,0.0
Qwen/Qwen3-1.7B,16,B_paraphrase_fit_original_eval,definition,logic,0.5,task,definition_orig_03,0.7533751456979422,0.04242955251972266,0.7109455931782195,1.0,0.0
Qwen/Qwen3-1.7B,16,B_paraphrase_fit_original_eval,definition,logic,0.5,matched_random,definition_orig_01,0.009075767472141756,0.9089307529386064,-0.8998549854664646,0.0,1.0
Qwen/Qwen3-1.7B,16,B_paraphrase_fit_original_eval,definition,logic,0.5,matched_random,definition_orig_02,0.007812028502098048,0.8231886324939766,-0.8153766039918785,0.0,1.0
Qwen/Qwen3-1.7B,16,B_paraphrase_fit_original_eval,definition,logic,0.5,matched_random,definition_orig_03,0.007640190333193796,0.8826070169232548,-0.8749668265900611,0.0,1.0
Qwen/Qwen3-1.7B,16,B_paraphrase_fit_original_eval,definition,logic,0.5,opposite,definition_orig_01,4.1789753896853815e-06,0.997848378100559,-0.9978441991251693,0.0,1.0
Qwen/Qwen3-1.7B,16,B_paraphrase_fit_original_eval,definition,logic,0.5,opposite,definition_orig_02,3.9610349331214826e-06,0.9951568183202575,-0.9951528572853243,0.0,1.0
Qwen/Qwen3-1.7B,16,B_paraphrase_fit_original_eval,definition,logic,0.5,opposite,definition_orig_03,3.6209689749582145e-06,0.997321787239093,-0.997318166270118,0.0,1.0
Qwen/Qwen3-1.7B,16,B_paraphrase_fit_original_eval,definition,logic,0.75,task,definition_orig_01,0.9805231800588504,0.0010180308349694285,0.979505149223881,1.0,0.0
Qwen/Qwen3-1.7B,16,B_paraphrase_fit_original_eval,definition,logic,0.75,task,definition_orig_02,0.9550036598310804,0.0010432687806339867,0.9539603910504464,1.0,0.0
Qwen/Qwen3-1.7B,16,B_paraphrase_fit_original_eval,definition,logic,0.75,task,definition_orig_03,0.9619298267731526,0.0011520258370173464,0.9607778009361353,1.0,0.0
Qwen/Qwen3-1.7B,16,B_paraphrase_fit_original_eval,definition,logic,0.75,matched_random,definition_orig_01,0.009365409501887828,0.9033143123784688,-0.893948902876581,0.0,1.0
Qwen/Qwen3-1.7B,16,B_paraphrase_fit_original_eval,definition,logic,0.75,matched_random,definition_orig_02,0.008013607122246937,0.8132578699666858,-0.8052442628444388,0.0,1.0
Qwen/Qwen3-1.7B,16,B_paraphrase_fit_original_eval,definition,logic,0.75,matched_random,definition_orig_03,0.007881654060639835,0.8768902665881853,-0.8690086125275455,0.0,1.0
Qwen/Qwen3-1.7B,16,B_paraphrase_fit_original_eval,definition,logic,0.75,opposite,definition_orig_01,8.90248455168511e-08,0.9996415653048432,-0.9996414762799977,0.0,1.0
Qwen/Qwen3-1.7B,16,B_paraphrase_fit_original_eval,definition,logic,0.75,opposite,definition_orig_02,8.457236365119148e-08,0.9991936235268382,-0.9991935389544745,0.0,1.0
Qwen/Qwen3-1.7B,16,B_paraphrase_fit_original_eval,definition,logic,0.75,opposite,definition_orig_03,7.717346193216459e-08,0.9995783028030497,-0.9995782256295878,0.0,1.0
Qwen/Qwen3-1.7B,16,B_paraphrase_fit_original_eval,definition,logic,1.0,task,definition_orig_01,0.9974935025177872,2.2022915269989384e-05,0.9974714796025173,1.0,0.0
Qwen/Qwen3-1.7B,16,B_paraphrase_fit_original_eval,definition,logic,1.0,task,definition_orig_02,0.9938801891699846,2.3088029816002762e-05,0.9938571011401686,1.0,0.0
Qwen/Qwen3-1.7B,16,B_paraphrase_fit_original_eval,definition,logic,1.0,task,definition_orig_03,0.994524685612282,2.5327717912779907e-05,0.9944993578943693,1.0,0.0
Qwen/Qwen3-1.7B,16,B_paraphrase_fit_original_eval,definition,logic,1.0,matched_random,definition_orig_01,0.009660325752982056,0.8973638571876976,-0.8877035314347156,0.0,1.0
Qwen/Qwen3-1.7B,16,B_paraphrase_fit_original_eval,definition,logic,1.0,matched_random,definition_orig_02,0.008214369084262462,0.8028587092851844,-0.794644340200922,0.0,1.0
Qwen/Qwen3-1.7B,16,B_paraphrase_fit_original_eval,definition,logic,1.0,matched_random,definition_orig_03,0.008127760237001203,0.8708902865794174,-0.8627625263424161,0.0,1.0
Qwen/Qwen3-1.7B,16,B_paraphrase_fit_original_eval,definition,logic,1.0,opposite,definition_orig_01,1.8936624162786264e-09,0.9999400698577249,-0.9999400679640624,0.0,1.0
Qwen/Qwen3-1.7B,16,B_paraphrase_fit_original_eval,definition,logic,1.0,opposite,definition_orig_02,1.7996252709167396e-09,0.9998655457391576,-0.9998655439395324,0.0,1.0
Qwen/Qwen3-1.7B,16,B_paraphrase_fit_original_eval,definition,logic,1.0,opposite,definition_orig_03,1.6416620352983617e-09,0.9999330608588266,-0.9999330592171646,0.0,1.0
Qwen/Qwen3-1.7B,16,B_paraphrase_fit_original_eval,definition,causality,0.5,task,definition_orig_01,0.9749197005668271,0.015080655583732686,0.9598390449830944,1.0,0.0
Qwen/Qwen3-1.7B,16,B_paraphrase_fit_original_eval,definition,causality,0.5,task,definition_orig_02,0.9843998681532234,0.00690425097627094,0.9774956171769525,1.0,0.0
Qwen/Qwen3-1.7B,16,B_paraphrase_fit_original_eval,definition,causality,0.5,task,definition_orig_03,0.9483774122452662,0.018213497813438576,0.9301639144318276,1.0,0.0
Qwen/Qwen3-1.7B,16,B_paraphrase_fit_original_eval,definition,causality,0.5,matched_random,definition_orig_01,0.06594796490878302,0.9137981731173476,-0.8478502082085646,0.0,1.0
Qwen/Qwen3-1.7B,16,B_paraphrase_fit_original_eval,definition,causality,0.5,matched_random,definition_orig_02,0.13283629945119566,0.8345633408229536,-0.7017270413717579,0.0,1.0
Qwen/Qwen3-1.7B,16,B_paraphrase_fit_original_eval,definition,causality,0.5,matched_random,definition_orig_03,0.052209975086501416,0.8981795328227583,-0.8459695577362569,0.0,1.0
Qwen/Qwen3-1.7B,16,B_paraphrase_fit_original_eval,definition,causality,0.5,opposite,definition_orig_01,6.427655460262928e-05,0.9991071932699785,-0.9990429167153759,0.0,1.0
Qwen/Qwen3-1.7B,16,B_paraphrase_fit_original_eval,definition,causality,0.5,opposite,definition_orig_02,0.00014163091696286595,0.9981853955262716,-0.9980437646093088,0.0,1.0
Qwen/Qwen3-1.7B,16,B_paraphrase_fit_original_eval,definition,causality,0.5,opposite,definition_orig_03,5.1686209463947326e-05,0.9974587876169468,-0.9974071014074829,0.0,1.0
Qwen/Qwen3-1.7B,16,B_paraphrase_fit_original_eval,definition,causality,0.75,task,definition_orig_01,0.9977876060672392,0.00048748633902900726,0.9973001197282102,1.0,0.0
Qwen/Qwen3-1.7B,16,B_paraphrase_fit_original_eval,definition,causality,0.75,task,definition_orig_02,0.9983170654197674,0.0002211497679047979,0.9980959156518626,1.0,0.0
Qwen/Qwen3-1.7B,16,B_paraphrase_fit_original_eval,definition,causality,0.75,task,definition_orig_03,0.993631726593101,0.00060271302360344,0.9930290135694975,1.0,0.0
Qwen/Qwen3-1.7B,16,B_paraphrase_fit_original_eval,definition,causality,0.75,matched_random,definition_orig_01,0.0695058025130935,0.9104197598451862,-0.8409139573320927,0.0,1.0
Qwen/Qwen3-1.7B,16,B_paraphrase_fit_original_eval,definition,causality,0.75,matched_random,definition_orig_02,0.1397284421130076,0.8298490059403071,-0.6901205638272995,0.0,1.0
Qwen/Qwen3-1.7B,16,B_paraphrase_fit_original_eval,definition,causality,0.75,matched_random,definition_orig_03,0.05529670889841901,0.8992504799930539,-0.8439537710946349,0.0,1.0
Qwen/Qwen3-1.7B,16,B_paraphrase_fit_original_eval,definition,causality,0.75,opposite,definition_orig_01,2.0316301000309693e-06,0.9998415148774101,-0.9998394832473101,0.0,1.0
Qwen/Qwen3-1.7B,16,B_paraphrase_fit_original_eval,definition,causality,0.75,opposite,definition_orig_02,4.480005864434579e-06,0.9996748295837236,-0.9996703495778592,0.0,1.0
Qwen/Qwen3-1.7B,16,B_paraphrase_fit_original_eval,definition,causality,0.75,opposite,definition_orig_03,1.6358502757679434e-06,0.9995185519555746,-0.9995169161052988,0.0,1.0
Qwen/Qwen3-1.7B,16,B_paraphrase_fit_original_eval,definition,causality,1.0,task,definition_orig_01,0.9996928789257798,1.5426376013324522e-05,0.9996774525497665,1.0,0.0
Qwen/Qwen3-1.7B,16,B_paraphrase_fit_original_eval,definition,causality,1.0,task,definition_orig_02,0.9997501070187994,6.994914683374451e-06,0.999743112104116,1.0,0.0
Qwen/Qwen3-1.7B,16,B_paraphrase_fit_original_eval,definition,causality,1.0,task,definition_orig_03,0.9990253475570876,1.9139676937850448e-05,0.9990062078801497,1.0,0.0
Qwen/Qwen3-1.7B,16,B_paraphrase_fit_original_eval,definition,causality,1.0,matched_random,definition_orig_01,0.07321976924659053,0.9066103958718622,-0.8333906266252716,0.0,1.0
Qwen/Qwen3-1.7B,16,B_paraphrase_fit_original_eval,definition,causality,1.0,matched_random,definition_orig_02,0.14684687655082138,0.824424140911911,-0.6775772643610896,0.0,1.0
Qwen/Qwen3-1.7B,16,B_paraphrase_fit_original_eval,definition,causality,1.0,matched_random,definition_orig_03,0.05851067781607971,0.8994732439183617,-0.840962566102282,0.0,1.0
Qwen/Qwen3-1.7B,16,B_paraphrase_fit_original_eval,definition,causality,1.0,opposite,definition_orig_01,6.417613752736741e-08,0.9999703716880741,-0.9999703075119366,0.0,1.0
Qwen/Qwen3-1.7B,16,B_paraphrase_fit_original_eval,definition,causality,1.0,opposite,definition_orig_02,1.4153571636730594e-07,0.9999384135652548,-0.9999382720295384,0.0,1.0
Qwen/Qwen3-1.7B,16,B_paraphrase_fit_original_eval,definition,causality,1.0,opposite,definition_orig_03,5.1687499514563365e-08,0.9999075808656527,-0.9999075291781532,0.0,1.0
Qwen/Qwen3-1.7B,16,B_paraphrase_fit_original_eval,definition,analogy,0.5,task,definition_orig_01,0.8830016658560107,0.035573036906204024,0.8474286289498066,1.0,0.0
Qwen/Qwen3-1.7B,16,B_paraphrase_fit_original_eval,definition,analogy,0.5,task,definition_orig_02,0.922469961641626,0.014162226836329747,0.9083077348052963,1.0,0.0
Qwen/Qwen3-1.7B,16,B_paraphrase_fit_original_eval,definition,analogy,0.5,task,definition_orig_03,0.9732951794816831,0.009299122687208233,0.9639960567944749,1.0,0.0
Qwen/Qwen3-1.7B,16,B_paraphrase_fit_original_eval,definition,analogy,0.5,matched_random,definition_orig_01,0.013710399076859543,0.9021099420852323,-0.8883995430083728,0.0,1.0
Qwen/Qwen3-1.7B,16,B_paraphrase_fit_original_eval,definition,analogy,0.5,matched_random,definition_orig_02,0.03236741962757557,0.8115912277610212,-0.7792238081334456,0.0,1.0
Qwen/Qwen3-1.7B,16,B_paraphrase_fit_original_eval,definition,analogy,0.5,matched_random,definition_orig_03,0.056218982679786575,0.8772640663447773,-0.8210450836649907,0.0,1.0
Qwen/Qwen3-1.7B,16,B_paraphrase_fit_original_eval,definition,analogy,0.5,opposite,definition_orig_01,8.015796160600958e-06,0.9975398963145553,-0.9975318805183947,0.0,1.0
Qwen/Qwen3-1.7B,16,B_paraphrase_fit_original_eval,definition,analogy,0.5,opposite,definition_orig_02,2.097688383899347e-05,0.9948199267339668,-0.9947989498501278,0.0,1.0
Qwen/Qwen3-1.7B,16,B_paraphrase_fit_original_eval,definition,analogy,0.5,opposite,definition_orig_03,3.381424600579534e-05,0.9979787698384339,-0.9979449555924281,0.0,1.0
Qwen/Qwen3-1.7B,16,B_paraphrase_fit_original_eval,definition,analogy,0.75,task,definition_orig_01,0.9867487917344515,0.0009482218878166471,0.9858005698466349,1.0,0.0
Qwen/Qwen3-1.7B,16,B_paraphrase_fit_original_eval,definition,analogy,0.75,task,definition_orig_02,0.9907181221384492,0.000362805091196186,0.990355317047253,1.0,0.0
Qwen/Qwen3-1.7B,16,B_paraphrase_fit_original_eval,definition,analogy,0.75,task,definition_orig_03,0.9973524487967411,0.00022729507004382537,0.9971251537266973,1.0,0.0
Qwen/Qwen3-1.7B,16,B_paraphrase_fit_original_eval,definition,analogy,0.75,matched_random,definition_orig_01,0.01406718467874882,0.8922478108371217,-0.8781806261583729,0.0,1.0
Qwen/Qwen3-1.7B,16,B_paraphrase_fit_original_eval,definition,analogy,0.75,matched_random,definition_orig_02,0.03287799073304698,0.7947004588327389,-0.7618224680996919,0.0,1.0
Qwen/Qwen3-1.7B,16,B_paraphrase_fit_original_eval,definition,analogy,0.75,matched_random,definition_orig_03,0.05771908690578092,0.8682319018027161,-0.8105128148969353,0.0,1.0
Qwen/Qwen3-1.7B,16,B_paraphrase_fit_original_eval,definition,analogy,0.75,opposite,definition_orig_01,1.9158596204897177e-07,0.9995472784644786,-0.9995470868785165,0.0,1.0
Qwen/Qwen3-1.7B,16,B_paraphrase_fit_original_eval,definition,analogy,0.75,opposite,definition_orig_02,5.024829632664931e-07,0.9990354324224868,-0.9990349299395236,0.0,1.0
Qwen/Qwen3-1.7B,16,B_paraphrase_fit_original_eval,definition,analogy,0.75,opposite,definition_orig_03,8.079099472523067e-07,0.9996330292183893,-0.999632221308442,0.0,1.0
Qwen/Qwen3-1.7B,16,B_paraphrase_fit_original_eval,definition,analogy,1.0,task,definition_orig_01,0.9982701102572675,2.2882074388352193e-05,0.9982472281828791,1.0,0.0
Qwen/Qwen3-1.7B,16,B_paraphrase_fit_original_eval,definition,analogy,1.0,task,definition_orig_02,0.9988029918207827,8.724630697327792e-06,0.9987942671900853,1.0,0.0
Qwen/Qwen3-1.7B,16,B_paraphrase_fit_original_eval,definition,analogy,1.0,task,definition_orig_03,0.9996604985786739,5.434227824124961e-06,0.9996550643508497,1.0,0.0
Qwen/Qwen3-1.7B,16,B_paraphrase_fit_original_eval,definition,analogy,1.0,matched_random,definition_orig_01,0.01441576554075581,0.8814241416412335,-0.8670083761004777,0.0,1.0
Qwen/Qwen3-1.7B,16,B_paraphrase_fit_original_eval,definition,analogy,1.0,matched_random,definition_orig_02,0.0333266459144008,0.7765308810176025,-0.7432042351032017,0.0,1.0
Qwen/Qwen3-1.7B,16,B_paraphrase_fit_original_eval,definition,analogy,1.0,matched_random,definition_orig_03,0.059199723797505995,0.8584300197311979,-0.7992302959336919,0.0,1.0
Qwen/Qwen3-1.7B,16,B_paraphrase_fit_original_eval,definition,analogy,1.0,opposite,definition_orig_01,4.571596879348159e-09,0.9999162627181076,-0.9999162581465108,0.0,1.0
Qwen/Qwen3-1.7B,16,B_paraphrase_fit_original_eval,definition,analogy,1.0,opposite,definition_orig_02,1.1995166121105374e-08,0.9998201018094822,-0.9998200898143161,0.0,1.0
Qwen/Qwen3-1.7B,16,B_paraphrase_fit_original_eval,definition,analogy,1.0,opposite,definition_orig_03,1.9276887346198477e-08,0.9999323034372259,-0.9999322841603386,0.0,1.0
google/gemma-3-1b-it,16,A_original_fit_paraphrase_eval,logic,causality,0.5,task,logic_para_01,0.9663390713300789,0.0012540655207331128,0.9650850058093458,1.0,0.0
google/gemma-3-1b-it,16,A_original_fit_paraphrase_eval,logic,causality,0.5,task,logic_para_02,0.9076833527263423,0.004046759124803645,0.9036365936015386,1.0,0.0
google/gemma-3-1b-it,16,A_original_fit_paraphrase_eval,logic,causality,0.5,task,logic_para_03,0.943127994473271,0.002638937450782265,0.9404890570224888,1.0,0.0
google/gemma-3-1b-it,16,A_original_fit_paraphrase_eval,logic,causality,0.5,matched_random,logic_para_01,0.24541074839896246,0.39446760968643707,-0.1490568612874746,0.0,1.0
google/gemma-3-1b-it,16,A_original_fit_paraphrase_eval,logic,causality,0.5,matched_random,logic_para_02,0.09263246114406255,0.5115207641458228,-0.4188883030017603,0.0,1.0
google/gemma-3-1b-it,16,A_original_fit_paraphrase_eval,logic,causality,0.5,matched_random,logic_para_03,0.14276492145460046,0.4947742073488434,-0.35200928589424296,0.0,1.0
google/gemma-3-1b-it,16,A_original_fit_paraphrase_eval,logic,causality,0.5,opposite,logic_para_01,0.00024035262039074054,0.9877466590963585,-0.9875063064759677,0.0,1.0
google/gemma-3-1b-it,16,A_original_fit_paraphrase_eval,logic,causality,0.5,opposite,logic_para_02,7.009487222936177e-05,0.9896126832636898,-0.9895425883914605,0.0,1.0
google/gemma-3-1b-it,16,A_original_fit_paraphrase_eval,logic,causality,0.5,opposite,logic_para_03,0.00011172980083094642,0.9899961487315816,-0.9898844189307506,0.0,1.0
google/gemma-3-1b-it,16,A_original_fit_paraphrase_eval,logic,causality,0.75,task,logic_para_01,0.9945162008866215,3.059504141080877e-05,0.9944856058452107,1.0,0.0
google/gemma-3-1b-it,16,A_original_fit_paraphrase_eval,logic,causality,0.75,task,logic_para_02,0.9842869791281533,0.00010402631615172424,0.9841829528120016,1.0,0.0
google/gemma-3-1b-it,16,A_original_fit_paraphrase_eval,logic,causality,0.75,task,logic_para_03,0.990672576766924,6.571085177268151e-05,0.9906068659151513,1.0,0.0
google/gemma-3-1b-it,16,A_original_fit_paraphrase_eval,logic,causality,0.75,matched_random,logic_para_01,0.2553333430700192,0.3424028219531907,-0.08706947888317151,0.0,1.0
google/gemma-3-1b-it,16,A_original_fit_paraphrase_eval,logic,causality,0.75,matched_random,logic_para_02,0.09814031966145526,0.4521260894317215,-0.35398576977026625,0.0,1.0
google/gemma-3-1b-it,16,A_original_fit_paraphrase_eval,logic,causality,0.75,matched_random,logic_para_03,0.15127678304879943,0.4373910143335718,-0.28611423128477237,0.0,1.0
google/gemma-3-1b-it,16,A_original_fit_paraphrase_eval,logic,causality,0.75,opposite,logic_para_01,5.757790946383362e-06,0.9981690636874783,-0.9981633058965319,0.0,1.0
google/gemma-3-1b-it,16,A_original_fit_paraphrase_eval,logic,causality,0.75,opposite,logic_para_02,1.6764287608508479e-06,0.9984253801187374,-0.9984237036899766,0.0,1.0
google/gemma-3-1b-it,16,A_original_fit_paraphrase_eval,logic,causality,0.75,opposite,logic_para_03,2.671308106118503e-06,0.9984813733985246,-0.9984787020904184,0.0,1.0
google/gemma-3-1b-it,16,A_original_fit_paraphrase_eval,logic,causality,1.0,task,logic_para_01,0.9990994282499354,7.286121155342134e-07,0.9990986996378198,1.0,0.0
google/gemma-3-1b-it,16,A_original_fit_paraphrase_eval,logic,causality,1.0,task,logic_para_02,0.997405328190056,2.4988584633944634e-06,0.9974028293315926,1.0,0.0
google/gemma-3-1b-it,16,A_original_fit_paraphrase_eval,logic,causality,1.0,task,logic_para_03,0.9984725351155497,1.5699707954138392e-06,0.9984709651447543,1.0,0.0
google/gemma-3-1b-it,16,A_original_fit_paraphrase_eval,logic,causality,1.0,matched_random,logic_para_01,0.26237047874148733,0.29353291456473485,-0.031162435823247514,0.0,0.0
google/gemma-3-1b-it,16,A_original_fit_paraphrase_eval,logic,causality,1.0,matched_random,logic_para_02,0.10244368940470751,0.3937398268754156,-0.2912961374707081,0.0,0.0
google/gemma-3-1b-it,16,A_original_fit_paraphrase_eval,logic,causality,1.0,matched_random,logic_para_03,0.15806109500881477,0.38127172363750894,-0.22321062862869417,0.0,1.0
google/gemma-3-1b-it,16,A_original_fit_paraphrase_eval,logic,causality,1.0,opposite,logic_para_01,1.3670350100708937e-07,0.9997222437514354,-0.9997221070479344,0.0,1.0
google/gemma-3-1b-it,16,A_original_fit_paraphrase_eval,logic,causality,1.0,opposite,logic_para_02,3.979362483020803e-08,0.9997594444240112,-0.9997594046303864,0.0,1.0
google/gemma-3-1b-it,16,A_original_fit_paraphrase_eval,logic,causality,1.0,opposite,logic_para_03,6.34061247727654e-08,0.9997667788289187,-0.9997667154227939,0.0,1.0
google/gemma-3-1b-it,16,A_original_fit_paraphrase_eval,logic,analogy,0.5,task,logic_para_01,0.8055309267429728,0.007159536160282936,0.7983713905826898,1.0,0.0
google/gemma-3-1b-it,16,A_original_fit_paraphrase_eval,logic,analogy,0.5,task,logic_para_02,0.87236697927314,0.008342495126673889,0.8640244841464662,1.0,0.0
google/gemma-3-1b-it,16,A_original_fit_paraphrase_eval,logic,analogy,0.5,task,logic_para_03,0.8653442055798001,0.007960217787706628,0.8573839877920935,1.0,0.0
google/gemma-3-1b-it,16,A_original_fit_paraphrase_eval,logic,analogy,0.5,matched_random,logic_para_01,0.054369719018154315,0.5578363323648464,-0.5034666133466921,0.0,1.0
google/gemma-3-1b-it,16,A_original_fit_paraphrase_eval,logic,analogy,0.5,matched_random,logic_para_02,0.06096772373890683,0.6730444762252897,-0.6120767524863829,0.0,1.0
google/gemma-3-1b-it,16,A_original_fit_paraphrase_eval,logic,analogy,0.5,matched_random,logic_para_03,0.06172241986937545,0.6554295911064013,-0.5937071712370259,0.0,1.0
google/gemma-3-1b-it,16,A_original_fit_paraphrase_eval,logic,analogy,0.5,opposite,logic_para_01,9.448587178810713e-05,0.9709598633464309,-0.9708653774746429,0.0,1.0
google/gemma-3-1b-it,16,A_original_fit_paraphrase_eval,logic,analogy,0.5,opposite,logic_para_02,8.888468723276887e-05,0.9827780026598998,-0.982689117972667,0.0,1.0
google/gemma-3-1b-it,16,A_original_fit_paraphrase_eval,logic,analogy,0.5,opposite,logic_para_03,9.228078554664804e-05,0.981474630333434,-0.9813823495478873,0.0,1.0
google/gemma-3-1b-it,16,A_original_fit_paraphrase_eval,logic,analogy,0.75,task,logic_para_01,0.9624746277628762,0.00026087593811790284,0.9622137518247583,1.0,0.0
google/gemma-3-1b-it,16,A_original_fit_paraphrase_eval,logic,analogy,0.75,task,logic_para_02,0.97783893848636,0.0002851715109752433,0.9775537669753848,1.0,0.0
google/gemma-3-1b-it,16,A_original_fit_paraphrase_eval,logic,analogy,0.75,task,logic_para_03,0.9761405175425729,0.00027383595188124,0.9758666815906917,1.0,0.0
google/gemma-3-1b-it,16,A_original_fit_paraphrase_eval,logic,analogy,0.75,matched_random,logic_para_01,0.05495684153198244,0.5842343122738328,-0.5292774707418504,0.0,1.0
google/gemma-3-1b-it,16,A_original_fit_paraphrase_eval,logic,analogy,0.75,matched_random,logic_para_02,0.06073885464410263,0.6947458608482107,-0.634007006204108,0.0,1.0
google/gemma-3-1b-it,16,A_original_fit_paraphrase_eval,logic,analogy,0.75,matched_random,logic_para_03,0.061628708057514185,0.6780812727706906,-0.6164525647131764,0.0,1.0
google/gemma-3-1b-it,16,A_original_fit_paraphrase_eval,logic,analogy,0.75,opposite,logic_para_01,2.9513909034844084e-06,0.9945327099503312,-0.9945297585594277,0.0,1.0
google/gemma-3-1b-it,16,A_original_fit_paraphrase_eval,logic,analogy,0.75,opposite,logic_para_02,2.7491389898795077e-06,0.9967428058243436,-0.9967400566853537,0.0,1.0
google/gemma-3-1b-it,16,A_original_fit_paraphrase_eval,logic,analogy,0.75,opposite,logic_para_03,2.857324753590332e-06,0.9965184246929805,-0.9965155673682269,0.0,1.0
google/gemma-3-1b-it,16,A_original_fit_paraphrase_eval,logic,analogy,1.0,task,logic_para_01,0.9935785370714522,8.21275754232976e-06,0.9935703243139098,1.0,0.0
google/gemma-3-1b-it,16,A_original_fit_paraphrase_eval,logic,analogy,1.0,task,logic_para_02,0.9963406383161756,8.861122084251612e-06,0.9963317771940914,1.0,0.0
google/gemma-3-1b-it,16,A_original_fit_paraphrase_eval,logic,analogy,1.0,task,logic_para_03,0.9960150253287336,8.520912043612559e-06,0.99600650441669,1.0,0.0
google/gemma-3-1b-it,16,A_original_fit_paraphrase_eval,logic,analogy,1.0,matched_random,logic_para_01,0.05537629342997617,0.6099647869637644,-0.5545884935337883,0.0,1.0
google/gemma-3-1b-it,16,A_original_fit_paraphrase_eval,logic,analogy,1.0,matched_random,logic_para_02,0.06036364804973427,0.7154024687000584,-0.6550388206503241,0.0,1.0
google/gemma-3-1b-it,16,A_original_fit_paraphrase_eval,logic,analogy,1.0,matched_random,logic_para_03,0.06137629792725679,0.6997049756503909,-0.6383286777231342,0.0,1.0
google/gemma-3-1b-it,16,A_original_fit_paraphrase_eval,logic,analogy,1.0,opposite,logic_para_01,9.040856664828036e-08,0.9989870418440414,-0.9989869514354748,0.0,1.0
google/gemma-3-1b-it,16,A_original_fit_paraphrase_eval,logic,analogy,1.0,opposite,logic_para_02,8.406009870314685e-08,0.9993882565798474,-0.9993881725197488,0.0,1.0
google/gemma-3-1b-it,16,A_original_fit_paraphrase_eval,logic,analogy,1.0,opposite,logic_para_03,8.738447613688148e-08,0.9993507668922241,-0.999350679507748,0.0,1.0
google/gemma-3-1b-it,16,A_original_fit_paraphrase_eval,logic,definition,0.5,task,logic_para_01,0.9482664230149708,0.0019898297446703066,0.9462765932703004,1.0,0.0
google/gemma-3-1b-it,16,A_original_fit_paraphrase_eval,logic,definition,0.5,task,logic_para_02,0.9746883260934721,0.002460683531811081,0.972227642561661,1.0,0.0
google/gemma-3-1b-it,16,A_original_fit_paraphrase_eval,logic,definition,0.5,task,logic_para_03,0.9627769364459152,0.002625728673434978,0.9601512077724802,1.0,0.0
google/gemma-3-1b-it,16,A_original_fit_paraphrase_eval,logic,definition,0.5,matched_random,logic_para_01,0.20607370733198765,0.45630249626193353,-0.2502287889299459,0.0,1.0
google/gemma-3-1b-it,16,A_original_fit_paraphrase_eval,logic,definition,0.5,matched_random,logic_para_02,0.22806106746837662,0.6075553727374631,-0.37949430526908645,0.0,1.0
google/gemma-3-1b-it,16,A_original_fit_paraphrase_eval,logic,definition,0.5,matched_random,logic_para_03,0.20038228270633368,0.5766711211759787,-0.37628883846964506,0.0,1.0
google/gemma-3-1b-it,16,A_original_fit_paraphrase_eval,logic,definition,0.5,opposite,logic_para_01,0.0004157843036421622,0.9876740193623026,-0.9872582350586604,0.0,1.0
google/gemma-3-1b-it,16,A_original_fit_paraphrase_eval,logic,definition,0.5,opposite,logic_para_02,0.00034779035836677896,0.9939568485074944,-0.9936090581491277,0.0,1.0
google/gemma-3-1b-it,16,A_original_fit_paraphrase_eval,logic,definition,0.5,opposite,logic_para_03,0.0003214401394967763,0.9923943217026021,-0.9920728815631054,0.0,1.0
google/gemma-3-1b-it,16,A_original_fit_paraphrase_eval,logic,definition,0.75,task,logic_para_01,0.9889625115547626,6.362098317263211e-05,0.98889889057159,1.0,0.0
google/gemma-3-1b-it,16,A_original_fit_paraphrase_eval,logic,definition,0.75,task,logic_para_02,0.9952065148213433,7.70261533646732e-05,0.9951294886679786,1.0,0.0
google/gemma-3-1b-it,16,A_original_fit_paraphrase_eval,logic,definition,0.75,task,logic_para_03,0.9925579413142231,8.298795037626999e-05,0.9924749533638468,1.0,0.0
google/gemma-3-1b-it,16,A_original_fit_paraphrase_eval,logic,definition,0.75,matched_random,logic_para_01,0.19422807001327397,0.42830151833915314,-0.23407344832587917,0.0,1.0
google/gemma-3-1b-it,16,A_original_fit_paraphrase_eval,logic,definition,0.75,matched_random,logic_para_02,0.223877594718711,0.5939538533259371,-0.3700762586072261,0.0,1.0
google/gemma-3-1b-it,16,A_original_fit_paraphrase_eval,logic,definition,0.75,matched_random,logic_para_03,0.19414980939602527,0.5564334258299035,-0.36228361643387824,0.0,1.0
google/gemma-3-1b-it,16,A_original_fit_paraphrase_eval,logic,definition,0.75,opposite,logic_para_01,1.2882039685067528e-05,0.9981485287234618,-0.9981356466837767,0.0,1.0
google/gemma-3-1b-it,16,A_original_fit_paraphrase_eval,logic,definition,0.75,opposite,logic_para_02,1.0716967955034694e-05,0.9990493071997725,-0.9990385902318174,0.0,1.0
google/gemma-3-1b-it,16,A_original_fit_paraphrase_eval,logic,definition,0.75,opposite,logic_para_03,9.918305281884592e-06,0.9988186269266457,-0.9988087086213638,0.0,1.0
google/gemma-3-1b-it,16,A_original_fit_paraphrase_eval,logic,definition,1.0,task,logic_para_01,0.9976421779345315,1.96757071660786e-06,0.9976402103638149,1.0,0.0
google/gemma-3-1b-it,16,A_original_fit_paraphrase_eval,logic,definition,1.0,task,logic_para_02,0.9990281163778245,2.37048773293417e-06,0.9990257458900916,1.0,0.0
google/gemma-3-1b-it,16,A_original_fit_paraphrase_eval,logic,definition,1.0,task,logic_para_03,0.9984543840445594,2.559307090306052e-06,0.9984518247374692,1.0,0.0
google/gemma-3-1b-it,16,A_original_fit_paraphrase_eval,logic,definition,1.0,matched_random,logic_para_01,0.18120882412637296,0.39794616185511245,-0.2167373377287395,0.0,1.0
google/gemma-3-1b-it,16,A_original_fit_paraphrase_eval,logic,definition,1.0,matched_random,logic_para_02,0.21853559083422117,0.5773931234432241,-0.358857532609003,0.0,1.0
google/gemma-3-1b-it,16,A_original_fit_paraphrase_eval,logic,definition,1.0,matched_random,logic_para_03,0.18668592159006075,0.5328379751457296,-0.34615205355566886,0.0,1.0
google/gemma-3-1b-it,16,A_original_fit_paraphrase_eval,logic,definition,1.0,opposite,logic_para_01,3.9554897088208326e-07,0.9997140498636569,-0.999713654314686,0.0,1.0
google/gemma-3-1b-it,16,A_original_fit_paraphrase_eval,logic,definition,1.0,opposite,logic_para_02,3.2881507686373134e-07,0.9998427734804831,-0.9998424446654063,0.0,1.0
google/gemma-3-1b-it,16,A_original_fit_paraphrase_eval,logic,definition,1.0,opposite,logic_para_03,3.043707837625155e-07,0.9998091856018568,-0.999808881231073,0.0,1.0
google/gemma-3-1b-it,16,A_original_fit_paraphrase_eval,causality,logic,0.5,task,causality_para_01,0.8517149339636476,0.023323378519089354,0.8283915554445582,1.0,0.0
google/gemma-3-1b-it,16,A_original_fit_paraphrase_eval,causality,logic,0.5,task,causality_para_02,0.9071328805888955,0.05079189393312513,0.8563409866557704,1.0,0.0
google/gemma-3-1b-it,16,A_original_fit_paraphrase_eval,causality,logic,0.5,task,causality_para_03,0.6001898801387028,0.13347939560160368,0.46671048453709907,1.0,0.0
google/gemma-3-1b-it,16,A_original_fit_paraphrase_eval,causality,logic,0.5,matched_random,causality_para_01,0.021198735342212487,0.8801570725414436,-0.8589583371992311,0.0,1.0
google/gemma-3-1b-it,16,A_original_fit_paraphrase_eval,causality,logic,0.5,matched_random,causality_para_02,0.011456644652558521,0.9725993454458902,-0.9611427007933318,0.0,1.0
google/gemma-3-1b-it,16,A_original_fit_paraphrase_eval,causality,logic,0.5,matched_random,causality_para_03,0.002837591203545749,0.9568159890394031,-0.9539783978358574,0.0,1.0
google/gemma-3-1b-it,16,A_original_fit_paraphrase_eval,causality,logic,0.5,opposite,causality_para_01,1.1486471490944194e-05,0.9960699939069185,-0.9960585074354276,0.0,1.0
google/gemma-3-1b-it,16,A_original_fit_paraphrase_eval,causality,logic,0.5,opposite,causality_para_02,5.636747681695928e-06,0.9994431898868276,-0.9994375531391458,0.0,1.0
google/gemma-3-1b-it,16,A_original_fit_paraphrase_eval,causality,logic,0.5,opposite,causality_para_03,1.4178187090915592e-06,0.9985096948371119,-0.9985082770184028,0.0,1.0
google/gemma-3-1b-it,16,A_original_fit_paraphrase_eval,causality,logic,0.75,task,causality_para_01,0.9784576286798274,0.0006351666938397263,0.9778224619859878,1.0,0.0
google/gemma-3-1b-it,16,A_original_fit_paraphrase_eval,causality,logic,0.75,task,causality_para_02,0.991749713219974,0.0013163581805616731,0.9904333550394123,1.0,0.0
google/gemma-3-1b-it,16,A_original_fit_paraphrase_eval,causality,logic,0.75,task,causality_para_03,0.9350459493580776,0.0049295469944927485,0.9301164023635848,1.0,0.0
google/gemma-3-1b-it,16,A_original_fit_paraphrase_eval,causality,logic,0.75,matched_random,causality_para_01,0.023195131947377438,0.8889392626405662,-0.8657441306931888,0.0,1.0
google/gemma-3-1b-it,16,A_original_fit_paraphrase_eval,causality,logic,0.75,matched_random,causality_para_02,0.012423166364640692,0.973495261829798,-0.9610720954651573,0.0,1.0
google/gemma-3-1b-it,16,A_original_fit_paraphrase_eval,causality,logic,0.75,matched_random,causality_para_03,0.0030881382856815173,0.9611703060882429,-0.9580821678025614,0.0,1.0
google/gemma-3-1b-it,16,A_original_fit_paraphrase_eval,causality,logic,0.75,opposite,causality_para_01,2.73188101992099e-07,0.9993474398806296,-0.9993471666925275,0.0,1.0
google/gemma-3-1b-it,16,A_original_fit_paraphrase_eval,causality,logic,0.75,opposite,causality_para_02,1.3368411732511048e-07,0.9999098258559128,-0.9999096921717955,0.0,1.0
google/gemma-3-1b-it,16,A_original_fit_paraphrase_eval,causality,logic,0.75,opposite,causality_para_03,3.365186801954556e-08,0.9997519618510823,-0.9997519281992142,0.0,1.0
google/gemma-3-1b-it,16,A_original_fit_paraphrase_eval,causality,logic,1.0,task,causality_para_01,0.9968633981536311,1.534015820696385e-05,0.9968480579954242,1.0,0.0
google/gemma-3-1b-it,16,A_original_fit_paraphrase_eval,causality,logic,1.0,task,causality_para_02,0.9989049404888662,3.14300194130027e-05,0.9988735104694533,1.0,0.0
google/gemma-3-1b-it,16,A_original_fit_paraphrase_eval,causality,logic,1.0,task,causality_para_03,0.9906304061730937,0.00012380386613053632,0.9905066023069632,1.0,0.0
google/gemma-3-1b-it,16,A_original_fit_paraphrase_eval,causality,logic,1.0,matched_random,causality_para_01,0.02534270383268824,0.896505999626329,-0.8711632957936408,0.0,1.0
google/gemma-3-1b-it,16,A_original_fit_paraphrase_eval,causality,logic,1.0,matched_random,causality_para_02,0.013467187568818581,0.9740998149429542,-0.9606326273741356,0.0,1.0
google/gemma-3-1b-it,16,A_original_fit_paraphrase_eval,causality,logic,1.0,matched_random,causality_para_03,0.003358901267546476,0.9649967595868659,-0.9616378583193195,0.0,1.0
google/gemma-3-1b-it,16,A_original_fit_paraphrase_eval,causality,logic,1.0,opposite,causality_para_01,6.479576760401758e-09,0.9998914793214047,-0.9998914728418279,0.0,1.0
google/gemma-3-1b-it,16,A_original_fit_paraphrase_eval,causality,logic,1.0,opposite,causality_para_02,3.16928324123569e-09,0.999985222975753,-0.9999852198064697,0.0,1.0
google/gemma-3-1b-it,16,A_original_fit_paraphrase_eval,causality,logic,1.0,opposite,causality_para_03,7.978981436181403e-10,0.9999586642135185,-0.9999586634156203,0.0,1.0
google/gemma-3-1b-it,16,A_original_fit_paraphrase_eval,causality,analogy,0.5,task,causality_para_01,0.78827971483951,0.0341333676031774,0.7541463472363326,1.0,0.0
google/gemma-3-1b-it,16,A_original_fit_paraphrase_eval,causality,analogy,0.5,task,causality_para_02,0.7879895459637732,0.10187822725316172,0.6861113187106115,1.0,0.0
google/gemma-3-1b-it,16,A_original_fit_paraphrase_eval,causality,analogy,0.5,task,causality_para_03,0.7123787402482538,0.10649643517350023,0.6058823050747535,1.0,0.0
google/gemma-3-1b-it,16,A_original_fit_paraphrase_eval,causality,analogy,0.5,matched_random,causality_para_01,0.02045878974532284,0.8006804257319589,-0.780221635986636,0.0,1.0
google/gemma-3-1b-it,16,A_original_fit_paraphrase_eval,causality,analogy,0.5,matched_random,causality_para_02,0.008171480519423076,0.9548654034705525,-0.9466939229511294,0.0,1.0
google/gemma-3-1b-it,16,A_original_fit_paraphrase_eval,causality,analogy,0.5,matched_random,causality_para_03,0.0068149553508777255,0.9208048972234859,-0.9139899418726082,0.0,1.0
google/gemma-3-1b-it,16,A_original_fit_paraphrase_eval,causality,analogy,0.5,opposite,causality_para_01,6.704386404096227e-06,0.9953761651986861,-0.9953694608122821,0.0,1.0
google/gemma-3-1b-it,16,A_original_fit_paraphrase_eval,causality,analogy,0.5,opposite,causality_para_02,2.254202530571304e-06,0.9992709675450875,-0.999268713342557,0.0,1.0
google/gemma-3-1b-it,16,A_original_fit_paraphrase_eval,causality,analogy,0.5,opposite,causality_para_03,1.9476607056851197e-06,0.9983132518434493,-0.9983113041827436,0.0,1.0
google/gemma-3-1b-it,16,A_original_fit_paraphrase_eval,causality,analogy,0.75,task,causality_para_01,0.9687202258906937,0.000974798385636846,0.9677454275050569,1.0,0.0
google/gemma-3-1b-it,16,A_original_fit_paraphrase_eval,causality,analogy,0.75,task,causality_para_02,0.9762971434912803,0.0029333277365306107,0.9733638157547496,1.0,0.0
google/gemma-3-1b-it,16,A_original_fit_paraphrase_eval,causality,analogy,0.75,task,causality_para_03,0.9641178945685195,0.0033494377500842,0.9607684568184353,1.0,0.0
google/gemma-3-1b-it,16,A_original_fit_paraphrase_eval,causality,analogy,0.75,matched_random,causality_para_01,0.027975195718761014,0.7649099233322285,-0.7369347276134675,0.0,1.0
google/gemma-3-1b-it,16,A_original_fit_paraphrase_eval,causality,analogy,0.75,matched_random,causality_para_02,0.011569798545715897,0.9445503101045251,-0.9329805115588091,0.0,1.0
google/gemma-3-1b-it,16,A_original_fit_paraphrase_eval,causality,analogy,0.75,matched_random,causality_para_03,0.009576350960378266,0.9039877571580804,-0.8944114061977022,0.0,1.0
google/gemma-3-1b-it,16,A_original_fit_paraphrase_eval,causality,analogy,0.75,opposite,causality_para_01,1.5639901566624554e-07,0.999181925021503,-0.9991817686224874,0.0,1.0
google/gemma-3-1b-it,16,A_original_fit_paraphrase_eval,causality,analogy,0.75,opposite,causality_para_02,5.241722264492965e-08,0.9998772705022047,-0.999877218084982,0.0,1.0
google/gemma-3-1b-it,16,A_original_fit_paraphrase_eval,causality,analogy,0.75,opposite,causality_para_03,4.5324496548020796e-08,0.9996981208840908,-0.9996980755595942,0.0,1.0
google/gemma-3-1b-it,16,A_original_fit_paraphrase_eval,causality,analogy,1.0,task,causality_para_01,0.9955747095459646,2.3281338013421438e-05,0.9955514282079512,1.0,0.0
google/gemma-3-1b-it,16,A_original_fit_paraphrase_eval,causality,analogy,1.0,task,causality_para_02,0.9966335938350229,6.958758083836145e-05,0.9965640062541845,1.0,0.0
google/gemma-3-1b-it,16,A_original_fit_paraphrase_eval,causality,analogy,1.0,task,causality_para_03,0.9954232825639954,8.036504796736499e-05,0.995342917516028,1.0,0.0
google/gemma-3-1b-it,16,A_original_fit_paraphrase_eval,causality,analogy,1.0,matched_random,causality_para_01,0.03791665436120025,0.7243109660628325,-0.6863943117016322,0.0,1.0
google/gemma-3-1b-it,16,A_original_fit_paraphrase_eval,causality,analogy,1.0,matched_random,causality_para_02,0.016334968216957794,0.9316986816228486,-0.9153637134058908,0.0,1.0
google/gemma-3-1b-it,16,A_original_fit_paraphrase_eval,causality,analogy,1.0,matched_random,causality_para_03,0.013400856740878861,0.8837978658912988,-0.87039700915042,0.0,1.0
google/gemma-3-1b-it,16,A_original_fit_paraphrase_eval,causality,analogy,1.0,opposite,causality_para_01,3.637006205525854e-09,0.9998548305348697,-0.9998548268978634,0.0,1.0
google/gemma-3-1b-it,16,A_original_fit_paraphrase_eval,causality,analogy,1.0,opposite,causality_para_02,1.21824837581574e-09,0.9999790109196449,-0.9999790097013965,0.0,1.0
google/gemma-3-1b-it,16,A_original_fit_paraphrase_eval,causality,analogy,1.0,opposite,causality_para_03,1.0535575415941218e-09,0.9999458919722917,-0.9999458909187341,0.0,1.0
google/gemma-3-1b-it,16,A_original_fit_paraphrase_eval,causality,definition,0.5,task,causality_para_01,0.9788299412512645,0.009932353321765354,0.9688975879294992,1.0,0.0
google/gemma-3-1b-it,16,A_original_fit_paraphrase_eval,causality,definition,0.5,task,causality_para_02,0.8944994801677839,0.07078232575537119,0.8237171544124127,1.0,0.0
google/gemma-3-1b-it,16,A_original_fit_paraphrase_eval,causality,definition,0.5,task,causality_para_03,0.9691261028188958,0.025574535621832463,0.9435515671970633,1.0,0.0
google/gemma-3-1b-it,16,A_original_fit_paraphrase_eval,causality,definition,0.5,matched_random,causality_para_01,0.2114526351613854,0.757582832932557,-0.5461301977711717,0.0,1.0
google/gemma-3-1b-it,16,A_original_fit_paraphrase_eval,causality,definition,0.5,matched_random,causality_para_02,0.03397901827444587,0.949352878016469,-0.9153738597420231,0.0,1.0
google/gemma-3-1b-it,16,A_original_fit_paraphrase_eval,causality,definition,0.5,matched_random,causality_para_03,0.09625678107483424,0.8968729134535858,-0.8006161323787515,0.0,1.0
google/gemma-3-1b-it,16,A_original_fit_paraphrase_eval,causality,definition,0.5,opposite,causality_para_01,0.00017558999687140652,0.9988621087847395,-0.9986865187878681,0.0,1.0
google/gemma-3-1b-it,16,A_original_fit_paraphrase_eval,causality,definition,0.5,opposite,causality_para_02,2.253230261040061e-05,0.9995652837177211,-0.9995427514151107,0.0,1.0
google/gemma-3-1b-it,16,A_original_fit_paraphrase_eval,causality,definition,0.5,opposite,causality_para_03,6.757767292954165e-05,0.9997503177418733,-0.9996827400689438,0.0,1.0
google/gemma-3-1b-it,16,A_original_fit_paraphrase_eval,causality,definition,0.75,task,causality_para_01,0.9971789165801506,0.0003697879790911964,0.9968091286010594,1.0,0.0
google/gemma-3-1b-it,16,A_original_fit_paraphrase_eval,causality,definition,0.75,task,causality_para_02,0.9888966013495661,0.0028597653981844197,0.9860368359513817,1.0,0.0
google/gemma-3-1b-it,16,A_original_fit_paraphrase_eval,causality,definition,0.75,task,causality_para_03,0.9978785063062598,0.0009623652229712633,0.9969161410832886,1.0,0.0
google/gemma-3-1b-it,16,A_original_fit_paraphrase_eval,causality,definition,0.75,matched_random,causality_para_01,0.27993674169089183,0.6887280442793889,-0.4087913025884971,0.0,1.0
google/gemma-3-1b-it,16,A_original_fit_paraphrase_eval,causality,definition,0.75,matched_random,causality_para_02,0.048636784943535655,0.9331523284930434,-0.8845155435495078,0.0,1.0
google/gemma-3-1b-it,16,A_original_fit_paraphrase_eval,causality,definition,0.75,matched_random,causality_para_03,0.1341716271222523,0.8584818172998747,-0.7243101901776224,0.0,1.0
google/gemma-3-1b-it,16,A_original_fit_paraphrase_eval,causality,definition,0.75,opposite,causality_para_01,6.42324818492392e-06,0.999828895059105,-0.9998224718109201,0.0,1.0
google/gemma-3-1b-it,16,A_original_fit_paraphrase_eval,causality,definition,0.75,opposite,causality_para_02,8.23755492601136e-07,0.9999289112656582,-0.9999280875101656,0.0,1.0
google/gemma-3-1b-it,16,A_original_fit_paraphrase_eval,causality,definition,0.75,opposite,causality_para_03,2.4701979839369045e-06,0.9999661397373198,-0.9999636695393359,0.0,1.0
google/gemma-3-1b-it,16,A_original_fit_paraphrase_eval,causality,definition,1.0,task,causality_para_01,0.9994602169551563,1.3545030905016519e-05,0.9994466719242513,1.0,0.0
google/gemma-3-1b-it,16,A_original_fit_paraphrase_eval,causality,definition,1.0,task,causality_para_02,0.9981069632621415,0.00010548516705963885,0.9980014780950819,1.0,0.0
google/gemma-3-1b-it,16,A_original_fit_paraphrase_eval,causality,definition,1.0,task,causality_para_03,0.9997179932388811,3.5235022060513515e-05,0.9996827582168206,1.0,0.0
google/gemma-3-1b-it,16,A_original_fit_paraphrase_eval,causality,definition,1.0,matched_random,causality_para_01,0.36035094901378606,0.6088136416567386,-0.2484626926429525,0.0,1.0
google/gemma-3-1b-it,16,A_original_fit_paraphrase_eval,causality,definition,1.0,matched_random,causality_para_02,0.06915125323889042,0.9110843390271038,-0.8419330857882135,0.0,1.0
google/gemma-3-1b-it,16,A_original_fit_paraphrase_eval,causality,definition,1.0,matched_random,causality_para_03,0.1839649596320556,0.8083070469374036,-0.624342087305348,0.0,1.0
google/gemma-3-1b-it,16,A_original_fit_paraphrase_eval,causality,definition,1.0,opposite,causality_para_01,2.347747950731204e-07,0.9999715962213651,-0.9999713614465701,0.0,1.0
google/gemma-3-1b-it,16,A_original_fit_paraphrase_eval,causality,definition,1.0,opposite,causality_para_02,3.010639598625498e-08,0.9999879917514662,-0.9999879616450703,0.0,1.0
google/gemma-3-1b-it,16,A_original_fit_paraphrase_eval,causality,definition,1.0,opposite,causality_para_03,9.027736320169247e-08,0.9999944980758386,-0.9999944077984754,0.0,1.0
google/gemma-3-1b-it,16,A_original_fit_paraphrase_eval,analogy,logic,0.5,task,analogy_para_01,0.8225425813594905,0.0007933913075344159,0.8217491900519561,1.0,0.0
google/gemma-3-1b-it,16,A_original_fit_paraphrase_eval,analogy,logic,0.5,task,analogy_para_02,0.9680418488341838,0.0006491119524522128,0.9673927368817316,1.0,0.0
google/gemma-3-1b-it,16,A_original_fit_paraphrase_eval,analogy,logic,0.5,task,analogy_para_03,0.928349829207806,0.0002510598056851287,0.9280987694021208,1.0,0.0
google/gemma-3-1b-it,16,A_original_fit_paraphrase_eval,analogy,logic,0.5,matched_random,analogy_para_01,0.10767765443441682,0.14091048829045508,-0.03323283385603826,0.0,0.0
google/gemma-3-1b-it,16,A_original_fit_paraphrase_eval,analogy,logic,0.5,matched_random,analogy_para_02,0.33925936363454917,0.3086355877924159,0.030623775842133272,1.0,0.0
google/gemma-3-1b-it,16,A_original_fit_paraphrase_eval,analogy,logic,0.5,matched_random,analogy_para_03,0.24394586713913718,0.08950507818518748,0.1544407889539497,0.0,0.0
google/gemma-3-1b-it,16,A_original_fit_paraphrase_eval,analogy,logic,0.5,opposite,analogy_para_01,0.0007700161167939062,0.8587378370017289,-0.857967820884935,0.0,1.0
google/gemma-3-1b-it,16,A_original_fit_paraphrase_eval,analogy,logic,0.5,opposite,analogy_para_02,0.0012447103209789834,0.9649959700875086,-0.9637512597665296,0.0,1.0
google/gemma-3-1b-it,16,A_original_fit_paraphrase_eval,analogy,logic,0.5,opposite,analogy_para_03,0.00259498412282683,0.8113943268461273,-0.8087993427233005,0.0,1.0
google/gemma-3-1b-it,16,A_original_fit_paraphrase_eval,analogy,logic,0.75,task,analogy_para_01,0.9616051298947769,2.8285762200019955e-05,0.9615768441325768,1.0,0.0
google/gemma-3-1b-it,16,A_original_fit_paraphrase_eval,analogy,logic,0.75,task,analogy_para_02,0.9939893749529457,2.0325876475346747e-05,0.9939690490764703,1.0,0.0
google/gemma-3-1b-it,16,A_original_fit_paraphrase_eval,analogy,logic,0.75,task,analogy_para_03,0.9862269978113971,8.133631261741725e-06,0.9862188641801354,1.0,0.0
google/gemma-3-1b-it,16,A_original_fit_paraphrase_eval,analogy,logic,0.75,matched_random,analogy_para_01,0.1014400528886553,0.14911234796960493,-0.047672295080949625,0.0,0.0
google/gemma-3-1b-it,16,A_original_fit_paraphrase_eval,analogy,logic,0.75,matched_random,analogy_para_02,0.3207948254228946,0.32781432036703817,-0.007019494944143556,0.0,1.0
google/gemma-3-1b-it,16,A_original_fit_paraphrase_eval,analogy,logic,0.75,matched_random,analogy_para_03,0.2290121147172607,0.09438415176879737,0.13462796294846335,0.0,0.0
google/gemma-3-1b-it,16,A_original_fit_paraphrase_eval,analogy,logic,0.75,opposite,analogy_para_01,2.6625169399626854e-05,0.9736684485325093,-0.9736418233631097,0.0,1.0
google/gemma-3-1b-it,16,A_original_fit_paraphrase_eval,analogy,logic,0.75,opposite,analogy_para_02,3.910880916151957e-05,0.9942365738957336,-0.9941974650865721,0.0,1.0
google/gemma-3-1b-it,16,A_original_fit_paraphrase_eval,analogy,logic,0.75,opposite,analogy_para_03,9.388643383320581e-05,0.9626270004008216,-0.9625331139669884,0.0,1.0
google/gemma-3-1b-it,16,A_original_fit_paraphrase_eval,analogy,logic,1.0,task,analogy_para_01,0.9926337550524712,8.904349954733143e-07,0.9926328646174757,1.0,0.0
google/gemma-3-1b-it,16,A_original_fit_paraphrase_eval,analogy,logic,1.0,task,analogy_para_02,0.9988765429647682,6.229044314403368e-07,0.9988759200603368,1.0,0.0
google/gemma-3-1b-it,16,A_original_fit_paraphrase_eval,analogy,logic,1.0,task,analogy_para_03,0.9974704452739575,2.508705577567633e-07,0.9974701944033997,1.0,0.0
google/gemma-3-1b-it,16,A_original_fit_paraphrase_eval,analogy,logic,1.0,matched_random,analogy_para_01,0.09540808158731143,0.15753451268463037,-0.06212643109731894,0.0,0.0
google/gemma-3-1b-it,16,A_original_fit_paraphrase_eval,analogy,logic,1.0,matched_random,analogy_para_02,0.30256267017277416,0.3472980302334252,-0.04473536006065104,0.0,1.0
google/gemma-3-1b-it,16,A_original_fit_paraphrase_eval,analogy,logic,1.0,matched_random,analogy_para_03,0.21458536473440099,0.09934067974967556,0.11524468498472543,0.0,0.0
google/gemma-3-1b-it,16,A_original_fit_paraphrase_eval,analogy,logic,1.0,opposite,analogy_para_01,8.302089425250975e-07,0.995552250173157,-0.9955514199642145,0.0,1.0
google/gemma-3-1b-it,16,A_original_fit_paraphrase_eval,analogy,logic,1.0,opposite,analogy_para_02,1.1984353114288245e-06,0.9990510338179194,-0.9990498353826079,0.0,1.0
google/gemma-3-1b-it,16,A_original_fit_paraphrase_eval,analogy,logic,1.0,opposite,analogy_para_03,2.954955908302758e-06,0.9934914514816953,-0.993488496525787,0.0,1.0
google/gemma-3-1b-it,16,A_original_fit_paraphrase_eval,analogy,causality,0.5,task,analogy_para_01,0.9420244678460103,0.00022429318242587047,0.9418001746635845,1.0,0.0
google/gemma-3-1b-it,16,A_original_fit_paraphrase_eval,analogy,causality,0.5,task,analogy_para_02,0.8891600168892553,0.0011190371530971697,0.8880409797361581,1.0,0.0
google/gemma-3-1b-it,16,A_original_fit_paraphrase_eval,analogy,causality,0.5,task,analogy_para_03,0.9759966306080953,9.293118647517347e-05,0.9759036994216201,1.0,0.0
google/gemma-3-1b-it,16,A_original_fit_paraphrase_eval,analogy,causality,0.5,matched_random,analogy_para_01,0.28268015197811397,0.3316887134867692,-0.049008561508655235,0.0,1.0
google/gemma-3-1b-it,16,A_original_fit_paraphrase_eval,analogy,causality,0.5,matched_random,analogy_para_02,0.08592638804533997,0.5329330139239793,-0.4470066258786393,0.0,1.0
google/gemma-3-1b-it,16,A_original_fit_paraphrase_eval,analogy,causality,0.5,matched_random,analogy_para_03,0.430160662754522,0.20184841522667274,0.2283122475278493,1.0,0.0
google/gemma-3-1b-it,16,A_original_fit_paraphrase_eval,analogy,causality,0.5,opposite,analogy_para_01,0.0011209377844952734,0.9150921119027791,-0.9139711741182838,0.0,1.0
google/gemma-3-1b-it,16,A_original_fit_paraphrase_eval,analogy,causality,0.5,opposite,analogy_para_02,0.00021934474615619966,0.9465013332875898,-0.9462819885414336,0.0,1.0
google/gemma-3-1b-it,16,A_original_fit_paraphrase_eval,analogy,causality,0.5,opposite,analogy_para_03,0.002671529144197106,0.8721727091289224,-0.8695011799847253,0.0,1.0
google/gemma-3-1b-it,16,A_original_fit_paraphrase_eval,analogy,causality,0.75,task,analogy_para_01,0.989416554214585,5.474578770477943e-06,0.9894110796358145,1.0,0.0
google/gemma-3-1b-it,16,A_original_fit_paraphrase_eval,analogy,causality,0.75,task,analogy_para_02,0.9807993268610548,2.8685497484076426e-05,0.9807706413635707,1.0,0.0
google/gemma-3-1b-it,16,A_original_fit_paraphrase_eval,analogy,causality,0.75,task,analogy_para_03,0.996102925157616,2.2041189359997894e-06,0.99610072103868,1.0,0.0
google/gemma-3-1b-it,16,A_original_fit_paraphrase_eval,analogy,causality,0.75,matched_random,analogy_para_01,0.24690253056756292,0.47262785025612153,-0.2257253196885586,0.0,1.0
google/gemma-3-1b-it,16,A_original_fit_paraphrase_eval,analogy,causality,0.75,matched_random,analogy_para_02,0.06534204357529294,0.6611456908691816,-0.5958036472938887,0.0,1.0
google/gemma-3-1b-it,16,A_original_fit_paraphrase_eval,analogy,causality,0.75,matched_random,analogy_para_03,0.38936677395960245,0.29806565094744264,0.09130112301215981,1.0,0.0
google/gemma-3-1b-it,16,A_original_fit_paraphrase_eval,analogy,causality,0.75,opposite,analogy_para_01,2.8097268960479968e-05,0.9870286644219121,-0.9870005671529516,0.0,1.0
google/gemma-3-1b-it,16,A_original_fit_paraphrase_eval,analogy,causality,0.75,opposite,analogy_para_02,5.3366952283383085e-06,0.990943169530932,-0.9909378328357037,0.0,1.0
google/gemma-3-1b-it,16,A_original_fit_paraphrase_eval,analogy,causality,0.75,opposite,analogy_para_03,6.956704532220624e-05,0.9773013268376995,-0.9772317597923773,0.0,1.0
google/gemma-3-1b-it,16,A_original_fit_paraphrase_eval,analogy,causality,1.0,task,analogy_para_01,0.9981246268350724,1.2834352239480257e-07,0.99812449849155,1.0,0.0
google/gemma-3-1b-it,16,A_original_fit_paraphrase_eval,analogy,causality,1.0,task,analogy_para_02,0.9968467335279652,6.775295849069187e-07,0.9968460559983803,1.0,0.0
google/gemma-3-1b-it,16,A_original_fit_paraphrase_eval,analogy,causality,1.0,task,analogy_para_03,0.9993632726031296,5.1389198198503403e-08,0.9993632212139314,1.0,0.0
google/gemma-3-1b-it,16,A_original_fit_paraphrase_eval,analogy,causality,1.0,matched_random,analogy_para_01,0.19650764608097301,0.6136653645532959,-0.41715771847232286,0.0,1.0
google/gemma-3-1b-it,16,A_original_fit_paraphrase_eval,analogy,causality,1.0,matched_random,analogy_para_02,0.04648066714973529,0.7672470059208082,-0.7207663387710729,0.0,1.0
google/gemma-3-1b-it,16,A_original_fit_paraphrase_eval,analogy,causality,1.0,matched_random,analogy_para_03,0.33181024401591447,0.41438232470891573,-0.08257208069300126,0.0,1.0
google/gemma-3-1b-it,16,A_original_fit_paraphrase_eval,analogy,causality,1.0,opposite,analogy_para_01,6.602670244232705e-07,0.9980852045939717,-0.9980845443269473,0.0,1.0
google/gemma-3-1b-it,16,A_original_fit_paraphrase_eval,analogy,causality,1.0,opposite,analogy_para_02,1.249650887432235e-07,0.9984984664630085,-0.9984983414979198,0.0,1.0
google/gemma-3-1b-it,16,A_original_fit_paraphrase_eval,analogy,causality,1.0,opposite,analogy_para_03,1.6479633674237032e-06,0.9962190381519493,-0.9962173901885819,0.0,1.0
google/gemma-3-1b-it,16,A_original_fit_paraphrase_eval,analogy,definition,0.5,task,analogy_para_01,0.9692404887503495,0.00018764564352887855,0.9690528431068206,1.0,0.0
google/gemma-3-1b-it,16,A_original_fit_paraphrase_eval,analogy,definition,0.5,task,analogy_para_02,0.9409567967852828,0.0007886156852535934,0.9401681811000292,1.0,0.0
google/gemma-3-1b-it,16,A_original_fit_paraphrase_eval,analogy,definition,0.5,task,analogy_para_03,0.8806075793389667,0.0002682149212051405,0.8803393644177616,1.0,0.0
google/gemma-3-1b-it,16,A_original_fit_paraphrase_eval,analogy,definition,0.5,matched_random,analogy_para_01,0.28075725695535153,0.1828791955126235,0.09787806144272804,0.0,0.0
google/gemma-3-1b-it,16,A_original_fit_paraphrase_eval,analogy,definition,0.5,matched_random,analogy_para_02,0.11824288803170285,0.3334242090270611,-0.21518132099535825,0.0,0.0
google/gemma-3-1b-it,16,A_original_fit_paraphrase_eval,analogy,definition,0.5,matched_random,analogy_para_03,0.09529906251415649,0.09765972966020323,-0.002360667146046741,0.0,0.0
google/gemma-3-1b-it,16,A_original_fit_paraphrase_eval,analogy,definition,0.5,opposite,analogy_para_01,0.002549395151623212,0.9347942918662892,-0.9322448967146659,0.0,1.0
google/gemma-3-1b-it,16,A_original_fit_paraphrase_eval,analogy,definition,0.5,opposite,analogy_para_02,0.0006016985985331553,0.9550952499965117,-0.9544935513979785,0.0,1.0
google/gemma-3-1b-it,16,A_original_fit_paraphrase_eval,analogy,definition,0.5,opposite,analogy_para_03,0.0014468836587108104,0.8346532434035704,-0.8332063597448596,0.0,1.0
google/gemma-3-1b-it,16,A_original_fit_paraphrase_eval,analogy,definition,0.75,task,analogy_para_01,0.9939115501384043,5.186945515808621e-06,0.9939063631928885,1.0,0.0
google/gemma-3-1b-it,16,A_original_fit_paraphrase_eval,analogy,definition,0.75,task,analogy_para_02,0.989267520813831,2.2349431904196058e-05,0.9892451713819268,1.0,0.0
google/gemma-3-1b-it,16,A_original_fit_paraphrase_eval,analogy,definition,0.75,task,analogy_para_03,0.9747640150368792,8.003077346171995e-06,0.974756011959533,1.0,0.0
google/gemma-3-1b-it,16,A_original_fit_paraphrase_eval,analogy,definition,0.75,matched_random,analogy_para_01,0.20559916995400526,0.20939912679967768,-0.003799956845672414,0.0,0.0
google/gemma-3-1b-it,16,A_original_fit_paraphrase_eval,analogy,definition,0.75,matched_random,analogy_para_02,0.08124122304191914,0.3581943664720921,-0.27695314343017297,0.0,0.0
google/gemma-3-1b-it,16,A_original_fit_paraphrase_eval,analogy,definition,0.75,matched_random,analogy_para_03,0.06573285248619164,0.1053245387062649,-0.039591686220073266,0.0,0.0
google/gemma-3-1b-it,16,A_original_fit_paraphrase_eval,analogy,definition,0.75,opposite,analogy_para_01,7.279412522249715e-05,0.9901892730342695,-0.990116478909047,0.0,1.0
google/gemma-3-1b-it,16,A_original_fit_paraphrase_eval,analogy,definition,0.75,opposite,analogy_para_02,1.685533913059788e-05,0.9925403464925007,-0.99252349115337,0.0,1.0
google/gemma-3-1b-it,16,A_original_fit_paraphrase_eval,analogy,definition,0.75,opposite,analogy_para_03,4.5392001243823494e-05,0.9713926063067824,-0.9713472143055385,0.0,1.0
google/gemma-3-1b-it,16,A_original_fit_paraphrase_eval,analogy,definition,1.0,task,analogy_para_01,0.9988044871595889,1.4050812676488611e-07,0.9988043466514621,1.0,0.0
google/gemma-3-1b-it,16,A_original_fit_paraphrase_eval,analogy,definition,1.0,task,analogy_para_02,0.9980860478904874,6.078238439820145e-07,0.9980854400666433,1.0,0.0
google/gemma-3-1b-it,16,A_original_fit_paraphrase_eval,analogy,definition,1.0,task,analogy_para_03,0.9950258825744627,2.2021602251499706e-07,0.9950256623584401,1.0,0.0
google/gemma-3-1b-it,16,A_original_fit_paraphrase_eval,analogy,definition,1.0,matched_random,analogy_para_01,0.14640622824168123,0.233148840027132,-0.08674261178545076,0.0,0.0
google/gemma-3-1b-it,16,A_original_fit_paraphrase_eval,analogy,definition,1.0,matched_random,analogy_para_02,0.0550644985706021,0.37960697572161184,-0.32454247715100976,0.0,0.0
google/gemma-3-1b-it,16,A_original_fit_paraphrase_eval,analogy,definition,1.0,matched_random,analogy_para_03,0.04487413002028338,0.11242511127198691,-0.06755098125170353,0.0,0.0
google/gemma-3-1b-it,16,A_original_fit_paraphrase_eval,analogy,definition,1.0,opposite,analogy_para_01,1.978790343108644e-06,0.998538139523563,-0.9985361607332198,0.0,1.0
google/gemma-3-1b-it,16,A_original_fit_paraphrase_eval,analogy,definition,1.0,opposite,analogy_para_02,4.572110645509221e-07,0.9987812852114403,-0.9987808280003757,0.0,1.0
google/gemma-3-1b-it,16,A_original_fit_paraphrase_eval,analogy,definition,1.0,opposite,analogy_para_03,1.2540303160274346e-06,0.9955578207040398,-0.9955565666737237,0.0,1.0
google/gemma-3-1b-it,16,A_original_fit_paraphrase_eval,definition,logic,0.5,task,definition_para_01,0.9096435266083635,0.00921995024877425,0.9004235763595893,1.0,0.0
google/gemma-3-1b-it,16,A_original_fit_paraphrase_eval,definition,logic,0.5,task,definition_para_02,0.9347088789868684,0.006316780521218799,0.9283920984656496,1.0,0.0
google/gemma-3-1b-it,16,A_original_fit_paraphrase_eval,definition,logic,0.5,task,definition_para_03,0.5603911925623329,0.016560607724217996,0.543830584838115,1.0,0.0
google/gemma-3-1b-it,16,A_original_fit_paraphrase_eval,definition,logic,0.5,matched_random,definition_para_01,0.05496571921328069,0.7641378630031991,-0.7091721437899184,0.0,1.0
google/gemma-3-1b-it,16,A_original_fit_paraphrase_eval,definition,logic,0.5,matched_random,definition_para_02,0.07991580450432341,0.7407549380308444,-0.6608391335265209,0.0,1.0
google/gemma-3-1b-it,16,A_original_fit_paraphrase_eval,definition,logic,0.5,matched_random,definition_para_03,0.0140472634429012,0.56937599916516,-0.5553287357222588,0.0,1.0
google/gemma-3-1b-it,16,A_original_fit_paraphrase_eval,definition,logic,0.5,opposite,definition_para_01,8.566958388422235e-05,0.9829784478939187,-0.9828927783100345,0.0,1.0
google/gemma-3-1b-it,16,A_original_fit_paraphrase_eval,definition,logic,0.5,opposite,definition_para_02,0.00012851856182858647,0.9832076984267891,-0.9830791798649605,0.0,1.0
google/gemma-3-1b-it,16,A_original_fit_paraphrase_eval,definition,logic,0.5,opposite,definition_para_03,2.8291659479798188e-05,0.9464624433132925,-0.9464341516538127,0.0,1.0
google/gemma-3-1b-it,16,A_original_fit_paraphrase_eval,definition,logic,0.75,task,definition_para_01,0.9865706718448788,0.0003065635712819624,0.9862641082735968,1.0,0.0
google/gemma-3-1b-it,16,A_original_fit_paraphrase_eval,definition,logic,0.75,task,definition_para_02,0.9902228957670762,0.00020515749354294265,0.9900177382735332,1.0,0.0
google/gemma-3-1b-it,16,A_original_fit_paraphrase_eval,definition,logic,0.75,task,definition_para_03,0.9025588944656276,0.0008177028677999548,0.9017411915978277,1.0,0.0
google/gemma-3-1b-it,16,A_original_fit_paraphrase_eval,definition,logic,0.75,matched_random,definition_para_01,0.050706017749786975,0.8003603033997021,-0.7496542856499151,0.0,1.0
google/gemma-3-1b-it,16,A_original_fit_paraphrase_eval,definition,logic,0.75,matched_random,definition_para_02,0.07388444151174611,0.7775728816194641,-0.703688440107718,0.0,1.0
google/gemma-3-1b-it,16,A_original_fit_paraphrase_eval,definition,logic,0.75,matched_random,definition_para_03,0.013638747855232506,0.6276653600263564,-0.6140266121711239,0.0,1.0
google/gemma-3-1b-it,16,A_original_fit_paraphrase_eval,definition,logic,0.75,opposite,definition_para_01,2.6620757355127764e-06,0.9963289367672491,-0.9963262746915136,0.0,1.0
google/gemma-3-1b-it,16,A_original_fit_paraphrase_eval,definition,logic,0.75,opposite,definition_para_02,3.993023058373127e-06,0.9964287047179399,-0.9964247116948814,0.0,1.0
google/gemma-3-1b-it,16,A_original_fit_paraphrase_eval,definition,logic,0.75,opposite,definition_para_03,9.052863656928821e-07,0.9878612299434696,-0.9878603246571039,0.0,1.0
google/gemma-3-1b-it,16,A_original_fit_paraphrase_eval,definition,logic,1.0,task,definition_para_01,0.9979862409930365,9.507184040809157e-06,0.9979767338089957,1.0,0.0
google/gemma-3-1b-it,16,A_original_fit_paraphrase_eval,definition,logic,1.0,task,definition_para_02,0.9984921212554484,6.342114297099769e-06,0.9984857791411513,1.0,0.0
google/gemma-3-1b-it,16,A_original_fit_paraphrase_eval,definition,logic,1.0,task,definition_para_03,0.9849878113303208,2.735809342715502e-05,0.9849604532368936,1.0,0.0
google/gemma-3-1b-it,16,A_original_fit_paraphrase_eval,definition,logic,1.0,matched_random,definition_para_01,0.0464175136030383,0.8318674687442862,-0.7854499551412479,0.0,1.0
google/gemma-3-1b-it,16,A_original_fit_paraphrase_eval,definition,logic,1.0,matched_random,definition_para_02,0.06779148318914817,0.8100456205353571,-0.7422541373462089,0.0,1.0
google/gemma-3-1b-it,16,A_original_fit_paraphrase_eval,definition,logic,1.0,matched_random,definition_para_03,0.013058841383609656,0.6823458257867998,-0.6692869844031901,0.0,1.0
google/gemma-3-1b-it,16,A_original_fit_paraphrase_eval,definition,logic,1.0,opposite,definition_para_01,8.184829880410842e-08,0.9992105082018425,-0.9992104263535437,0.0,1.0
google/gemma-3-1b-it,16,A_original_fit_paraphrase_eval,definition,logic,1.0,opposite,definition_para_02,1.2276092639708457e-07,0.9992394405548625,-0.999239317793936,0.0,1.0
google/gemma-3-1b-it,16,A_original_fit_paraphrase_eval,definition,logic,1.0,opposite,definition_para_03,2.8019883096694444e-08,0.9973355027812987,-0.9973354747614156,0.0,1.0
google/gemma-3-1b-it,16,A_original_fit_paraphrase_eval,definition,causality,0.5,task,definition_para_01,0.9837849014337494,0.003940567088836304,0.9798443343449131,1.0,0.0
google/gemma-3-1b-it,16,A_original_fit_paraphrase_eval,definition,causality,0.5,task,definition_para_02,0.9757895419566504,0.004200970858137539,0.9715885710985128,1.0,0.0
google/gemma-3-1b-it,16,A_original_fit_paraphrase_eval,definition,causality,0.5,task,definition_para_03,0.9976444631308871,0.0011279364303151916,0.9965165267005719,1.0,0.0
google/gemma-3-1b-it,16,A_original_fit_paraphrase_eval,definition,causality,0.5,matched_random,definition_para_01,0.3051694091528822,0.5954225521412652,-0.29025314298838295,0.0,1.0
google/gemma-3-1b-it,16,A_original_fit_paraphrase_eval,definition,causality,0.5,matched_random,definition_para_02,0.2748397826234183,0.5763666137474679,-0.3015268311240496,0.0,1.0
google/gemma-3-1b-it,16,A_original_fit_paraphrase_eval,definition,causality,0.5,matched_random,definition_para_03,0.6316334940214061,0.347856152400887,0.2837773416205191,1.0,0.0
google/gemma-3-1b-it,16,A_original_fit_paraphrase_eval,definition,causality,0.5,opposite,definition_para_01,0.00044223386645242033,0.9930507041582167,-0.9926084702917644,0.0,1.0
google/gemma-3-1b-it,16,A_original_fit_paraphrase_eval,definition,causality,0.5,opposite,definition_para_02,0.00041005811837647316,0.9896913557294403,-0.9892812976110639,0.0,1.0
google/gemma-3-1b-it,16,A_original_fit_paraphrase_eval,definition,causality,0.5,opposite,definition_para_03,0.0015716496967427929,0.9961515915273103,-0.9945799418305674,0.0,1.0
google/gemma-3-1b-it,16,A_original_fit_paraphrase_eval,definition,causality,0.75,task,definition_para_01,0.9977279253051153,0.00014605132034434606,0.9975818739847709,1.0,0.0
google/gemma-3-1b-it,16,A_original_fit_paraphrase_eval,definition,causality,0.75,task,definition_para_02,0.9963522853647934,0.00015676215234576267,0.9961955232124476,1.0,0.0
google/gemma-3-1b-it,16,A_original_fit_paraphrase_eval,definition,causality,0.75,task,definition_para_03,0.9997485005523692,4.130801969863273e-05,0.9997071925326706,1.0,0.0
google/gemma-3-1b-it,16,A_original_fit_paraphrase_eval,definition,causality,0.75,matched_random,definition_para_01,0.3469316499883723,0.5459788840803381,-0.19904723409196584,0.0,1.0
google/gemma-3-1b-it,16,A_original_fit_paraphrase_eval,definition,causality,0.75,matched_random,definition_para_02,0.31178053739151856,0.5273705368684068,-0.21558999947688828,0.0,1.0
google/gemma-3-1b-it,16,A_original_fit_paraphrase_eval,definition,causality,0.75,matched_random,definition_para_03,0.6779015863353075,0.3011263981600962,0.37677518817521133,1.0,0.0
google/gemma-3-1b-it,16,A_original_fit_paraphrase_eval,definition,causality,0.75,opposite,definition_para_01,1.6251699635396513e-05,0.9985812932670796,-0.9985650415674442,0.0,1.0
google/gemma-3-1b-it,16,A_original_fit_paraphrase_eval,definition,causality,0.75,opposite,definition_para_02,1.5109297207412444e-05,0.9978467330382819,-0.9978316237410745,0.0,1.0
google/gemma-3-1b-it,16,A_original_fit_paraphrase_eval,definition,causality,0.75,opposite,definition_para_03,5.762719365078771e-05,0.9994529724908723,-0.9993953452972215,0.0,1.0
google/gemma-3-1b-it,16,A_original_fit_paraphrase_eval,definition,causality,1.0,task,definition_para_01,0.9996307432440936,5.347708801947391e-06,0.9996253955352917,1.0,0.0
google/gemma-3-1b-it,16,A_original_fit_paraphrase_eval,definition,causality,1.0,task,definition_para_02,0.9993957486275155,5.746462551644659e-06,0.9993900021649638,1.0,0.0
google/gemma-3-1b-it,16,A_original_fit_paraphrase_eval,definition,causality,1.0,task,definition_para_03,0.9999625566032062,1.5099485139830008e-06,0.9999610466546922,1.0,0.0
google/gemma-3-1b-it,16,A_original_fit_paraphrase_eval,definition,causality,1.0,matched_random,definition_para_01,0.3881569553261299,0.49270496585632434,-0.10454801053019441,0.0,1.0
google/gemma-3-1b-it,16,A_original_fit_paraphrase_eval,definition,causality,1.0,matched_random,definition_para_02,0.3472578013364182,0.4737688631192924,-0.1265110617828742,0.0,1.0
google/gemma-3-1b-it,16,A_original_fit_paraphrase_eval,definition,causality,1.0,matched_random,definition_para_03,0.7198460008230482,0.2579107339792951,0.4619352668437531,1.0,0.0
google/gemma-3-1b-it,16,A_original_fit_paraphrase_eval,definition,causality,1.0,opposite,definition_para_01,5.945921020580799e-07,0.9996983800213316,-0.9996977854292295,0.0,1.0
google/gemma-3-1b-it,16,A_original_fit_paraphrase_eval,definition,causality,1.0,opposite,definition_para_02,5.531151848832461e-07,0.9995404415005789,-0.999539888385394,0.0,1.0
google/gemma-3-1b-it,16,A_original_fit_paraphrase_eval,definition,causality,1.0,opposite,definition_para_03,2.106945999671679e-06,0.9998929618591715,-0.9998908549131719,0.0,1.0
google/gemma-3-1b-it,16,A_original_fit_paraphrase_eval,definition,analogy,0.5,task,definition_para_01,0.8445910776544284,0.012263153622997406,0.832327924031431,1.0,0.0
google/gemma-3-1b-it,16,A_original_fit_paraphrase_eval,definition,analogy,0.5,task,definition_para_02,0.8867427959047212,0.008151718348037799,0.8785910775566833,1.0,0.0
google/gemma-3-1b-it,16,A_original_fit_paraphrase_eval,definition,analogy,0.5,task,definition_para_03,0.44525058437428344,0.017936539459017704,0.42731404491526576,0.0,0.0
google/gemma-3-1b-it,16,A_original_fit_paraphrase_eval,definition,analogy,0.5,matched_random,definition_para_01,0.041647818860136986,0.7493655294143787,-0.7077177105542417,0.0,1.0
google/gemma-3-1b-it,16,A_original_fit_paraphrase_eval,definition,analogy,0.5,matched_random,definition_para_02,0.06349614129198633,0.7233435296020267,-0.6598473883100404,0.0,1.0
google/gemma-3-1b-it,16,A_original_fit_paraphrase_eval,definition,analogy,0.5,matched_random,definition_para_03,0.011066201053782157,0.5524315654196524,-0.5413653643658702,0.0,1.0
google/gemma-3-1b-it,16,A_original_fit_paraphrase_eval,definition,analogy,0.5,opposite,definition_para_01,3.578552129025881e-05,0.984090378493212,-0.9840545929719218,0.0,1.0
google/gemma-3-1b-it,16,A_original_fit_paraphrase_eval,definition,analogy,0.5,opposite,definition_para_02,5.650624126405931e-05,0.9838295766975518,-0.9837730704562877,0.0,1.0
google/gemma-3-1b-it,16,A_original_fit_paraphrase_eval,definition,analogy,0.5,opposite,definition_para_03,1.2489063000350025e-05,0.9528750896469095,-0.9528626005839091,0.0,1.0
google/gemma-3-1b-it,16,A_original_fit_paraphrase_eval,definition,analogy,0.75,task,definition_para_01,0.9758995724034678,0.00038195994118602166,0.9755176124622817,1.0,0.0
google/gemma-3-1b-it,16,A_original_fit_paraphrase_eval,definition,analogy,0.75,task,definition_para_02,0.9826161970432876,0.0002434963334676201,0.98237270070982,1.0,0.0
google/gemma-3-1b-it,16,A_original_fit_paraphrase_eval,definition,analogy,0.75,task,definition_para_03,0.8598571931246721,0.0009337217994413488,0.8589234713252307,1.0,0.0
google/gemma-3-1b-it,16,A_original_fit_paraphrase_eval,definition,analogy,0.75,matched_random,definition_para_01,0.04560807423927718,0.7787052101532469,-0.7330971359139697,0.0,1.0
google/gemma-3-1b-it,16,A_original_fit_paraphrase_eval,definition,analogy,0.75,matched_random,definition_para_02,0.06949245000621533,0.7512159255182125,-0.6817234755119972,0.0,1.0
google/gemma-3-1b-it,16,A_original_fit_paraphrase_eval,definition,analogy,0.75,matched_random,definition_para_03,0.01272606067053341,0.602842433741854,-0.5901163730713206,0.0,1.0
google/gemma-3-1b-it,16,A_original_fit_paraphrase_eval,definition,analogy,0.75,opposite,definition_para_01,9.771328195837576e-07,0.9968371794811229,-0.9968362023483034,0.0,1.0
google/gemma-3-1b-it,16,A_original_fit_paraphrase_eval,definition,analogy,0.75,opposite,definition_para_02,1.5433252741181532e-06,0.9968364572738831,-0.996834913948609,0.0,1.0
google/gemma-3-1b-it,16,A_original_fit_paraphrase_eval,definition,analogy,0.75,opposite,definition_para_03,3.498091657512502e-07,0.9901028064366076,-0.9901024566274419,0.0,1.0
google/gemma-3-1b-it,16,A_original_fit_paraphrase_eval,definition,analogy,1.0,task,definition_para_01,0.9964741063550097,1.0513219174844512e-05,0.9964635931358348,1.0,0.0
google/gemma-3-1b-it,16,A_original_fit_paraphrase_eval,definition,analogy,1.0,task,definition_para_02,0.997398943012453,6.662457038477281e-06,0.9973922805554145,1.0,0.0
google/gemma-3-1b-it,16,A_original_fit_paraphrase_eval,definition,analogy,1.0,task,definition_para_03,0.9786406739237268,2.8646491689151654e-05,0.9786120274320377,1.0,0.0
google/gemma-3-1b-it,16,A_original_fit_paraphrase_eval,definition,analogy,1.0,matched_random,definition_para_01,0.049605845489401876,0.8037002388513207,-0.7540943933619189,0.0,1.0
google/gemma-3-1b-it,16,A_original_fit_paraphrase_eval,definition,analogy,1.0,matched_random,definition_para_02,0.07552435761118524,0.7747188062067063,-0.699194448595521,0.0,1.0
google/gemma-3-1b-it,16,A_original_fit_paraphrase_eval,definition,analogy,1.0,matched_random,definition_para_03,0.014474769037478097,0.6506558869040597,-0.6361811178665816,0.0,1.0
google/gemma-3-1b-it,16,A_original_fit_paraphrase_eval,definition,analogy,1.0,opposite,definition_para_01,2.640669401184704e-08,0.999373087174301,-0.9993730607676069,0.0,1.0
google/gemma-3-1b-it,16,A_original_fit_paraphrase_eval,definition,analogy,1.0,opposite,definition_para_02,4.1708224934989395e-08,0.9993811213123472,-0.9993810796041223,0.0,1.0
google/gemma-3-1b-it,16,A_original_fit_paraphrase_eval,definition,analogy,1.0,opposite,definition_para_03,9.504527462009746e-09,0.9979818113577565,-0.997981801853229,0.0,1.0
google/gemma-3-1b-it,16,B_paraphrase_fit_original_eval,logic,causality,0.5,task,logic_orig_01,0.6107266021826221,0.0015903423408933405,0.6091362598417287,1.0,0.0
google/gemma-3-1b-it,16,B_paraphrase_fit_original_eval,logic,causality,0.5,task,logic_orig_02,0.49158809324792374,0.004571186256015777,0.48701690699190797,1.0,0.0
google/gemma-3-1b-it,16,B_paraphrase_fit_original_eval,logic,causality,0.5,task,logic_orig_03,0.4942140279696445,0.014253796608383159,0.4799602313612613,1.0,0.0
google/gemma-3-1b-it,16,B_paraphrase_fit_original_eval,logic,causality,0.5,matched_random,logic_orig_01,0.01952122551803617,0.15446843225272655,-0.13494720673469038,0.0,0.0
google/gemma-3-1b-it,16,B_paraphrase_fit_original_eval,logic,causality,0.5,matched_random,logic_orig_02,0.009790707161649025,0.2766498882075156,-0.2668591810458666,0.0,0.0
google/gemma-3-1b-it,16,B_paraphrase_fit_original_eval,logic,causality,0.5,matched_random,logic_orig_03,0.0059403688155395045,0.5206163158486794,-0.5146759470331399,0.0,1.0
google/gemma-3-1b-it,16,B_paraphrase_fit_original_eval,logic,causality,0.5,opposite,logic_orig_01,0.00018472310889572924,0.8549012510142515,-0.8547165279053558,0.0,1.0
google/gemma-3-1b-it,16,B_paraphrase_fit_original_eval,logic,causality,0.5,opposite,logic_orig_02,5.597098376997782e-05,0.9249993798956784,-0.9249434089119084,0.0,1.0
google/gemma-3-1b-it,16,B_paraphrase_fit_original_eval,logic,causality,0.5,opposite,logic_orig_03,1.897487884156807e-05,0.9726250257579089,-0.9726060508790673,0.0,1.0
google/gemma-3-1b-it,16,B_paraphrase_fit_original_eval,logic,causality,0.75,task,logic_orig_01,0.9014976322237876,6.429402869228613e-05,0.9014333381950954,1.0,0.0
google/gemma-3-1b-it,16,B_paraphrase_fit_original_eval,logic,causality,0.75,task,logic_orig_02,0.8519096664054723,0.00021696184894112012,0.8516927045565311,1.0,0.0
google/gemma-3-1b-it,16,B_paraphrase_fit_original_eval,logic,causality,0.75,task,logic_orig_03,0.8592039473505627,0.0006786940124109111,0.8585252533381518,1.0,0.0
google/gemma-3-1b-it,16,B_paraphrase_fit_original_eval,logic,causality,0.75,matched_random,logic_orig_01,0.01373909143110926,0.16413355535140972,-0.15039446392030045,0.0,0.0
google/gemma-3-1b-it,16,B_paraphrase_fit_original_eval,logic,causality,0.75,matched_random,logic_orig_02,0.006746273610886654,0.2877975497854201,-0.28105127617453346,0.0,0.0
google/gemma-3-1b-it,16,B_paraphrase_fit_original_eval,logic,causality,0.75,matched_random,logic_orig_03,0.003992977811570239,0.5283332764235096,-0.5243402986119393,0.0,1.0
google/gemma-3-1b-it,16,B_paraphrase_fit_original_eval,logic,causality,0.75,opposite,logic_orig_01,5.756540998737169e-06,0.9727339200954452,-0.9727281635544465,0.0,1.0
google/gemma-3-1b-it,16,B_paraphrase_fit_original_eval,logic,causality,0.75,opposite,logic_orig_02,1.6350764396543694e-06,0.9866299547412578,-0.9866283196648181,0.0,1.0
google/gemma-3-1b-it,16,B_paraphrase_fit_original_eval,logic,causality,0.75,opposite,logic_orig_03,5.317622895523594e-07,0.9952259667314065,-0.995225434969117,0.0,1.0
google/gemma-3-1b-it,16,B_paraphrase_fit_original_eval,logic,causality,1.0,task,logic_orig_01,0.9814123125166226,1.9169898645492963e-06,0.9814103955267581,1.0,0.0
google/gemma-3-1b-it,16,B_paraphrase_fit_original_eval,logic,causality,1.0,task,logic_orig_02,0.971214533047971,6.7743442888704824e-06,0.9712077587036821,1.0,0.0
google/gemma-3-1b-it,16,B_paraphrase_fit_original_eval,logic,causality,1.0,task,logic_orig_03,0.9737890446924027,2.1067107128178653e-05,0.9737679775852746,1.0,0.0
google/gemma-3-1b-it,16,B_paraphrase_fit_original_eval,logic,causality,1.0,matched_random,logic_orig_01,0.00956301608019291,0.17248087731094996,-0.16291786123075705,0.0,0.0
google/gemma-3-1b-it,16,B_paraphrase_fit_original_eval,logic,causality,1.0,matched_random,logic_orig_02,0.004613840332414346,0.29716140664612595,-0.2925475663137116,0.0,0.0
google/gemma-3-1b-it,16,B_paraphrase_fit_original_eval,logic,causality,1.0,matched_random,logic_orig_03,0.002676319649321845,0.5346329902751232,-0.5319566706258014,0.0,1.0
google/gemma-3-1b-it,16,B_paraphrase_fit_original_eval,logic,causality,1.0,opposite,logic_orig_01,1.6132801092706749e-07,0.9953595149398059,-0.995359353611795,0.0,1.0
google/gemma-3-1b-it,16,B_paraphrase_fit_original_eval,logic,causality,1.0,opposite,logic_orig_02,4.5285380019644276e-08,0.9977276029032999,-0.9977275576179199,0.0,1.0
google/gemma-3-1b-it,16,B_paraphrase_fit_original_eval,logic,causality,1.0,opposite,logic_orig_03,1.4621840684774936e-08,0.9991804904520412,-0.9991804758302004,0.0,1.0
google/gemma-3-1b-it,16,B_paraphrase_fit_original_eval,logic,analogy,0.5,task,logic_orig_01,0.9768350169117699,0.00028602282586051277,0.9765489940859093,1.0,0.0
google/gemma-3-1b-it,16,B_paraphrase_fit_original_eval,logic,analogy,0.5,task,logic_orig_02,0.98368019817861,0.0005512820399137991,0.9831289161386961,1.0,0.0
google/gemma-3-1b-it,16,B_paraphrase_fit_original_eval,logic,analogy,0.5,task,logic_orig_03,0.9913560998899001,0.0013950910772728127,0.9899610088126274,1.0,0.0
google/gemma-3-1b-it,16,B_paraphrase_fit_original_eval,logic,analogy,0.5,matched_random,logic_orig_01,0.6071364475303569,0.12232583753921492,0.484810609991142,1.0,0.0
google/gemma-3-1b-it,16,B_paraphrase_fit_original_eval,logic,analogy,0.5,matched_random,logic_orig_02,0.5924509949507909,0.22846767774049892,0.363983317210292,1.0,0.0
google/gemma-3-1b-it,16,B_paraphrase_fit_original_eval,logic,analogy,0.5,matched_random,logic_orig_03,0.4740094843297366,0.45899962269612243,0.015009861633614174,1.0,0.0
google/gemma-3-1b-it,16,B_paraphrase_fit_original_eval,logic,analogy,0.5,opposite,logic_orig_01,0.004310100626509744,0.917328507777854,-0.9130184071513443,0.0,1.0
google/gemma-3-1b-it,16,B_paraphrase_fit_original_eval,logic,analogy,0.5,opposite,logic_orig_02,0.0023761887959978687,0.9679632427957557,-0.9655870539997579,0.0,1.0
google/gemma-3-1b-it,16,B_paraphrase_fit_original_eval,logic,analogy,0.5,opposite,logic_orig_03,0.0009713090189292291,0.9935467481901462,-0.9925754391712169,0.0,1.0
google/gemma-3-1b-it,16,B_paraphrase_fit_original_eval,logic,analogy,0.75,task,logic_orig_01,0.9955712244889221,9.983603101713257e-06,0.9955612408858204,1.0,0.0
google/gemma-3-1b-it,16,B_paraphrase_fit_original_eval,logic,analogy,0.75,task,logic_orig_02,0.9969548888858187,1.9135108124929023e-05,0.9969357537776938,1.0,0.0
google/gemma-3-1b-it,16,B_paraphrase_fit_original_eval,logic,analogy,0.75,task,logic_orig_03,0.9985661319008148,4.81266030002394e-05,0.9985180052978145,1.0,0.0
google/gemma-3-1b-it,16,B_paraphrase_fit_original_eval,logic,analogy,0.75,matched_random,logic_orig_01,0.6444558241642117,0.116650539994038,0.5278052841701737,1.0,0.0
google/gemma-3-1b-it,16,B_paraphrase_fit_original_eval,logic,analogy,0.75,matched_random,logic_orig_02,0.6264542426230582,0.2170318122374736,0.40942243038558457,1.0,0.0
google/gemma-3-1b-it,16,B_paraphrase_fit_original_eval,logic,analogy,0.75,matched_random,logic_orig_03,0.5028073377986941,0.43740990366940397,0.06539743412929017,1.0,0.0
google/gemma-3-1b-it,16,B_paraphrase_fit_original_eval,logic,analogy,0.75,opposite,logic_orig_01,0.0001584427101658816,0.984632677527267,-0.9844742348171012,0.0,1.0
google/gemma-3-1b-it,16,B_paraphrase_fit_original_eval,logic,analogy,0.75,opposite,logic_orig_02,8.360261218516041e-05,0.9944026456340216,-0.9943190430218364,0.0,1.0
google/gemma-3-1b-it,16,B_paraphrase_fit_original_eval,logic,analogy,0.75,opposite,logic_orig_03,3.344703247388884e-05,0.9989712246428702,-0.9989377776103964,0.0,1.0
google/gemma-3-1b-it,16,B_paraphrase_fit_original_eval,logic,analogy,1.0,task,logic_orig_01,0.9991591701635324,3.4315090506417746e-07,0.9991588270126274,1.0,0.0
google/gemma-3-1b-it,16,B_paraphrase_fit_original_eval,logic,analogy,1.0,task,logic_orig_02,0.9994249191445094,6.569632635865815e-07,0.9994242621812458,1.0,0.0
google/gemma-3-1b-it,16,B_paraphrase_fit_original_eval,logic,analogy,1.0,task,logic_orig_03,0.999735006188848,1.6501703280723525e-06,0.99973335601852,1.0,0.0
google/gemma-3-1b-it,16,B_paraphrase_fit_original_eval,logic,analogy,1.0,matched_random,logic_orig_01,0.6790725638450402,0.1104260386286252,0.568646525216415,1.0,0.0
google/gemma-3-1b-it,16,B_paraphrase_fit_original_eval,logic,analogy,1.0,matched_random,logic_orig_02,0.6584844479400008,0.20494686154001818,0.45353758639998265,1.0,0.0
google/gemma-3-1b-it,16,B_paraphrase_fit_original_eval,logic,analogy,1.0,matched_random,logic_orig_03,0.531289166166071,0.41522134684323614,0.11606781932283489,1.0,0.0
google/gemma-3-1b-it,16,B_paraphrase_fit_original_eval,logic,analogy,1.0,opposite,logic_orig_01,5.49565833558056e-06,0.9972090450247839,-0.9972035493664483,0.0,1.0
google/gemma-3-1b-it,16,B_paraphrase_fit_original_eval,logic,analogy,1.0,opposite,logic_orig_02,2.8764462554362286e-06,0.9989947122546838,-0.9989918358084284,0.0,1.0
google/gemma-3-1b-it,16,B_paraphrase_fit_original_eval,logic,analogy,1.0,opposite,logic_orig_03,1.1464667719593148e-06,0.9998189424382458,-0.9998177959714738,0.0,1.0
google/gemma-3-1b-it,16,B_paraphrase_fit_original_eval,logic,definition,0.5,task,logic_orig_01,0.9492144319626631,0.0003668314842986516,0.9488476004783645,1.0,0.0
google/gemma-3-1b-it,16,B_paraphrase_fit_original_eval,logic,definition,0.5,task,logic_orig_02,0.9319231714651235,0.0009790909194177372,0.9309440805457058,1.0,0.0
google/gemma-3-1b-it,16,B_paraphrase_fit_original_eval,logic,definition,0.5,task,logic_orig_03,0.8505804741791674,0.005335547297536332,0.845244926881631,1.0,0.0
google/gemma-3-1b-it,16,B_paraphrase_fit_original_eval,logic,definition,0.5,matched_random,logic_orig_01,0.42864973288434044,0.08283240151479589,0.34581733136954457,0.0,0.0
google/gemma-3-1b-it,16,B_paraphrase_fit_original_eval,logic,definition,0.5,matched_random,logic_orig_02,0.32375976850829064,0.1700831217072132,0.15367664680107743,0.0,0.0
google/gemma-3-1b-it,16,B_paraphrase_fit_original_eval,logic,definition,0.5,matched_random,logic_orig_03,0.127796140034221,0.4008452362763062,-0.2730490962420852,0.0,0.0
google/gemma-3-1b-it,16,B_paraphrase_fit_original_eval,logic,definition,0.5,opposite,logic_orig_01,0.0018368059621886824,0.8789517570454118,-0.8771149510832231,0.0,1.0
google/gemma-3-1b-it,16,B_paraphrase_fit_original_eval,logic,definition,0.5,opposite,logic_orig_02,0.0007183161240817158,0.9344541894800097,-0.933735873355928,0.0,1.0
google/gemma-3-1b-it,16,B_paraphrase_fit_original_eval,logic,definition,0.5,opposite,logic_orig_03,0.00012528575363684948,0.9731162901214168,-0.97299100436778,0.0,1.0
google/gemma-3-1b-it,16,B_paraphrase_fit_original_eval,logic,definition,0.75,task,logic_orig_01,0.9910114578694911,1.1481035881024755e-05,0.9909999768336101,1.0,0.0
google/gemma-3-1b-it,16,B_paraphrase_fit_original_eval,logic,definition,0.75,task,logic_orig_02,0.9879567203812581,3.1115799209953964e-05,0.9879256045820481,1.0,0.0
google/gemma-3-1b-it,16,B_paraphrase_fit_original_eval,logic,definition,0.75,task,logic_orig_03,0.9720741651836626,0.00018279448735807066,0.9718913706963046,1.0,0.0
google/gemma-3-1b-it,16,B_paraphrase_fit_original_eval,logic,definition,0.75,matched_random,logic_orig_01,0.4937988516281244,0.06396547238629877,0.42983337924182563,1.0,0.0
google/gemma-3-1b-it,16,B_paraphrase_fit_original_eval,logic,definition,0.75,matched_random,logic_orig_02,0.3878065271678171,0.13656873679278186,0.25123779037503524,0.0,0.0
google/gemma-3-1b-it,16,B_paraphrase_fit_original_eval,logic,definition,0.75,matched_random,logic_orig_03,0.16680704926190587,0.35072863956596867,-0.1839215903040628,0.0,0.0
google/gemma-3-1b-it,16,B_paraphrase_fit_original_eval,logic,definition,0.75,opposite,logic_orig_01,6.116407741334562e-05,0.9763332041027092,-0.9762720400252959,0.0,1.0
google/gemma-3-1b-it,16,B_paraphrase_fit_original_eval,logic,definition,0.75,opposite,logic_orig_02,2.276088870523016e-05,0.9877146319590414,-0.9876918710703362,0.0,1.0
google/gemma-3-1b-it,16,B_paraphrase_fit_original_eval,logic,definition,0.75,opposite,logic_orig_03,3.8406228587953875e-06,0.995095099295555,-0.9950912586726962,0.0,1.0
google/gemma-3-1b-it,16,B_paraphrase_fit_original_eval,logic,definition,1.0,task,logic_orig_01,0.9984501615676487,3.467599392000247e-07,0.9984498148077094,1.0,0.0
google/gemma-3-1b-it,16,B_paraphrase_fit_original_eval,logic,definition,1.0,task,logic_orig_02,0.9979444240365636,9.422139382640309e-07,0.9979434818226253,1.0,0.0
google/gemma-3-1b-it,16,B_paraphrase_fit_original_eval,logic,definition,1.0,task,logic_orig_03,0.9951980863156595,5.610135536094262e-06,0.9951924761801234,1.0,0.0
google/gemma-3-1b-it,16,B_paraphrase_fit_original_eval,logic,definition,1.0,matched_random,logic_orig_01,0.5584309344537284,0.04849119028086093,0.5099397441728675,1.0,0.0
google/gemma-3-1b-it,16,B_paraphrase_fit_original_eval,logic,definition,1.0,matched_random,logic_orig_02,0.45489626284571705,0.10738568392121173,0.3475105789245053,1.0,0.0
google/gemma-3-1b-it,16,B_paraphrase_fit_original_eval,logic,definition,1.0,matched_random,logic_orig_03,0.21377601867562243,0.3013100765634979,-0.08753405788787547,0.0,0.0
google/gemma-3-1b-it,16,B_paraphrase_fit_original_eval,logic,definition,1.0,opposite,logic_orig_01,1.8699369887324965e-06,0.9956999251421667,-0.995698055205178,0.0,1.0
google/gemma-3-1b-it,16,B_paraphrase_fit_original_eval,logic,definition,1.0,opposite,logic_orig_02,6.89275570643609e-07,0.9977805426019518,-0.9977798533263812,0.0,1.0
google/gemma-3-1b-it,16,B_paraphrase_fit_original_eval,logic,definition,1.0,opposite,logic_orig_03,1.1559896019197072e-07,0.9991178649761189,-0.9991177493771587,0.0,1.0
google/gemma-3-1b-it,16,B_paraphrase_fit_original_eval,causality,logic,0.5,task,causality_orig_01,0.636730982337194,0.0413488904647669,0.5953820918724272,1.0,0.0
google/gemma-3-1b-it,16,B_paraphrase_fit_original_eval,causality,logic,0.5,task,causality_orig_02,0.3564237245130454,0.15388139606250237,0.202542328450543,1.0,0.0
google/gemma-3-1b-it,16,B_paraphrase_fit_original_eval,causality,logic,0.5,task,causality_orig_03,0.39724343405534424,0.12426258029351715,0.27298085376182707,1.0,0.0
google/gemma-3-1b-it,16,B_paraphrase_fit_original_eval,causality,logic,0.5,matched_random,causality_orig_01,0.008351358761085193,0.9027425899921004,-0.8943912312310153,0.0,1.0
google/gemma-3-1b-it,16,B_paraphrase_fit_original_eval,causality,logic,0.5,matched_random,causality_orig_02,0.001330768529214134,0.9563589997495364,-0.9550282312203223,0.0,1.0
google/gemma-3-1b-it,16,B_paraphrase_fit_original_eval,causality,logic,0.5,matched_random,causality_orig_03,0.0018255517067545094,0.9505537770836636,-0.9487282253769092,0.0,1.0
google/gemma-3-1b-it,16,B_paraphrase_fit_original_eval,causality,logic,0.5,opposite,causality_orig_01,8.591764551692575e-06,0.99161065431044,-0.9916020625458883,0.0,1.0
google/gemma-3-1b-it,16,B_paraphrase_fit_original_eval,causality,logic,0.5,opposite,causality_orig_02,1.2990142997923484e-06,0.9967457321672885,-0.9967444331529887,0.0,1.0
google/gemma-3-1b-it,16,B_paraphrase_fit_original_eval,causality,logic,0.5,opposite,causality_orig_03,1.791355431802299e-06,0.9959014027669569,-0.9958996114115252,0.0,1.0
google/gemma-3-1b-it,16,B_paraphrase_fit_original_eval,causality,logic,0.75,task,causality_orig_01,0.9265550686368808,0.001647939938896992,0.9249071286979837,1.0,0.0
google/gemma-3-1b-it,16,B_paraphrase_fit_original_eval,causality,logic,0.75,task,causality_orig_02,0.815663579046569,0.009644791630202508,0.8060187874163666,1.0,0.0
google/gemma-3-1b-it,16,B_paraphrase_fit_original_eval,causality,logic,0.75,task,causality_orig_03,0.8374590228554402,0.007174794574745126,0.830284228280695,1.0,0.0
google/gemma-3-1b-it,16,B_paraphrase_fit_original_eval,causality,logic,0.75,matched_random,causality_orig_01,0.007665957364680122,0.925944407811632,-0.9182784504469519,0.0,1.0
google/gemma-3-1b-it,16,B_paraphrase_fit_original_eval,causality,logic,0.75,matched_random,causality_orig_02,0.0012026275123050026,0.9657423667523223,-0.9645397392400172,0.0,1.0
google/gemma-3-1b-it,16,B_paraphrase_fit_original_eval,causality,logic,0.75,matched_random,causality_orig_03,0.0016543766084141007,0.9625618753722133,-0.9609074987637992,0.0,1.0
google/gemma-3-1b-it,16,B_paraphrase_fit_original_eval,causality,logic,0.75,opposite,causality_orig_01,2.3693487689616641e-07,0.998448217067034,-0.9984479801321571,0.0,1.0
google/gemma-3-1b-it,16,B_paraphrase_fit_original_eval,causality,logic,0.75,opposite,causality_orig_02,3.567254947860632e-08,0.9994068843551371,-0.9994068486825877,0.0,1.0
google/gemma-3-1b-it,16,B_paraphrase_fit_original_eval,causality,logic,0.75,opposite,causality_orig_03,4.9226653026501087e-08,0.9992464697284494,-0.9992464205017965,0.0,1.0
google/gemma-3-1b-it,16,B_paraphrase_fit_original_eval,causality,logic,1.0,task,causality_orig_01,0.9881308724333947,4.813343729874984e-05,0.988082738996096,1.0,0.0
google/gemma-3-1b-it,16,B_paraphrase_fit_original_eval,causality,logic,1.0,task,causality_orig_02,0.967137652516971,0.0003132076315699912,0.9668244448854011,1.0,0.0
google/gemma-3-1b-it,16,B_paraphrase_fit_original_eval,causality,logic,1.0,task,causality_orig_03,0.9717935188362314,0.00022802484463650284,0.971565493991595,1.0,0.0
google/gemma-3-1b-it,16,B_paraphrase_fit_original_eval,causality,logic,1.0,matched_random,causality_orig_01,0.00695858934233702,0.939185638968888,-0.9322270496265509,0.0,1.0
google/gemma-3-1b-it,16,B_paraphrase_fit_original_eval,causality,logic,1.0,matched_random,causality_orig_02,0.0010822160598735592,0.9710818695134852,-0.9699996534536116,0.0,1.0
google/gemma-3-1b-it,16,B_paraphrase_fit_original_eval,causality,logic,1.0,matched_random,causality_orig_03,0.0014908447078967955,0.9692557934115291,-0.9677649487036323,0.0,1.0
google/gemma-3-1b-it,16,B_paraphrase_fit_original_eval,causality,logic,1.0,opposite,causality_orig_01,6.497422982949201e-09,0.9997132016630225,-0.9997131951655995,0.0,1.0
google/gemma-3-1b-it,16,B_paraphrase_fit_original_eval,causality,logic,1.0,opposite,causality_orig_02,9.774779476831715e-10,0.9998915330814874,-0.9998915321040094,0.0,1.0
google/gemma-3-1b-it,16,B_paraphrase_fit_original_eval,causality,logic,1.0,opposite,causality_orig_03,1.349055018253609e-09,0.9998611881297261,-0.9998611867806712,0.0,1.0
google/gemma-3-1b-it,16,B_paraphrase_fit_original_eval,causality,analogy,0.5,task,causality_orig_01,0.900495272454209,0.015006788623462811,0.8854884838307462,1.0,0.0
google/gemma-3-1b-it,16,B_paraphrase_fit_original_eval,causality,analogy,0.5,task,causality_orig_02,0.9170450450971153,0.02853137091648367,0.8885136741806315,1.0,0.0
google/gemma-3-1b-it,16,B_paraphrase_fit_original_eval,causality,analogy,0.5,task,causality_orig_03,0.900954540947954,0.02786758746436309,0.8730869534835909,1.0,0.0
google/gemma-3-1b-it,16,B_paraphrase_fit_original_eval,causality,analogy,0.5,matched_random,causality_orig_01,0.042564288604351144,0.7526124072811459,-0.7100481186767947,0.0,1.0
google/gemma-3-1b-it,16,B_paraphrase_fit_original_eval,causality,analogy,0.5,matched_random,causality_orig_02,0.026910051822595153,0.8883133141307291,-0.8614032623081339,0.0,1.0
google/gemma-3-1b-it,16,B_paraphrase_fit_original_eval,causality,analogy,0.5,matched_random,causality_orig_03,0.02630983077375658,0.8634440780105171,-0.8371342472367606,0.0,1.0
google/gemma-3-1b-it,16,B_paraphrase_fit_original_eval,causality,analogy,0.5,opposite,causality_orig_01,5.335232639490951e-05,0.9922142827501255,-0.9921609304237305,0.0,1.0
google/gemma-3-1b-it,16,B_paraphrase_fit_original_eval,causality,analogy,0.5,opposite,causality_orig_02,2.8723092354654075e-05,0.9972612644365086,-0.997232541344154,0.0,1.0
google/gemma-3-1b-it,16,B_paraphrase_fit_original_eval,causality,analogy,0.5,opposite,causality_orig_03,2.8864822890329692e-05,0.9963482818282714,-0.9963194170053811,0.0,1.0
google/gemma-3-1b-it,16,B_paraphrase_fit_original_eval,causality,analogy,0.75,task,causality_orig_01,0.9846350906225063,0.0005048591028689149,0.9841302315196374,1.0,0.0
google/gemma-3-1b-it,16,B_paraphrase_fit_original_eval,causality,analogy,0.75,task,causality_orig_02,0.9897153540907371,0.0009473944423260217,0.988767959648411,1.0,0.0
google/gemma-3-1b-it,16,B_paraphrase_fit_original_eval,causality,analogy,0.75,task,causality_orig_03,0.9866659319953714,0.0009389774899978198,0.9857269545053736,1.0,0.0
google/gemma-3-1b-it,16,B_paraphrase_fit_original_eval,causality,analogy,0.75,matched_random,causality_orig_01,0.041205302241142196,0.7301758844006111,-0.6889705821594689,0.0,1.0
google/gemma-3-1b-it,16,B_paraphrase_fit_original_eval,causality,analogy,0.75,matched_random,causality_orig_02,0.02650224326763466,0.8767639009881258,-0.8502616577204912,0.0,1.0
google/gemma-3-1b-it,16,B_paraphrase_fit_original_eval,causality,analogy,0.75,matched_random,causality_orig_03,0.025810193417843144,0.8488985788305757,-0.8230883854127325,0.0,1.0
google/gemma-3-1b-it,16,B_paraphrase_fit_original_eval,causality,analogy,0.75,opposite,causality_orig_01,1.651884927524517e-06,0.9984891493776002,-0.9984874974926727,0.0,1.0
google/gemma-3-1b-it,16,B_paraphrase_fit_original_eval,causality,analogy,0.75,opposite,causality_orig_02,8.856877174907211e-07,0.9994701408719473,-0.9994692551842298,0.0,1.0
google/gemma-3-1b-it,16,B_paraphrase_fit_original_eval,causality,analogy,0.75,opposite,causality_orig_03,8.907143930859444e-07,0.9992915049949446,-0.9992906142805514,0.0,1.0
google/gemma-3-1b-it,16,B_paraphrase_fit_original_eval,causality,analogy,1.0,task,causality_orig_01,0.9975514498438404,1.5736883871276625e-05,0.9975357129599691,1.0,0.0
google/gemma-3-1b-it,16,B_paraphrase_fit_original_eval,causality,analogy,1.0,task,causality_orig_02,0.9984697489812607,2.9406544204318317e-05,0.9984403424370564,1.0,0.0
google/gemma-3-1b-it,16,B_paraphrase_fit_original_eval,causality,analogy,1.0,task,causality_orig_03,0.9979725574430374,2.9220806678105988e-05,0.9979433366363593,1.0,0.0
google/gemma-3-1b-it,16,B_paraphrase_fit_original_eval,causality,analogy,1.0,matched_random,causality_orig_01,0.039724503144899864,0.7054743729137466,-0.6657498697688468,0.0,1.0
google/gemma-3-1b-it,16,B_paraphrase_fit_original_eval,causality,analogy,1.0,matched_random,causality_orig_02,0.02604929550430609,0.8636631571640871,-0.837613861659781,0.0,1.0
google/gemma-3-1b-it,16,B_paraphrase_fit_original_eval,causality,analogy,1.0,matched_random,causality_orig_03,0.02525748072118692,0.8325358896019864,-0.8072784088807995,0.0,1.0
google/gemma-3-1b-it,16,B_paraphrase_fit_original_eval,causality,analogy,1.0,opposite,causality_orig_01,5.088590377139922e-08,0.9997064582779602,-0.9997064073920564,0.0,1.0
google/gemma-3-1b-it,16,B_paraphrase_fit_original_eval,causality,analogy,1.0,opposite,causality_orig_02,2.726180129074993e-08,0.9998968408144915,-0.9998968135526902,0.0,1.0
google/gemma-3-1b-it,16,B_paraphrase_fit_original_eval,causality,analogy,1.0,opposite,causality_orig_03,2.7420469953023772e-08,0.9998620048022783,-0.9998619773818083,0.0,1.0
google/gemma-3-1b-it,16,B_paraphrase_fit_original_eval,causality,definition,0.5,task,causality_orig_01,0.9787485361928412,0.007505573449187088,0.9712429627436541,1.0,0.0
google/gemma-3-1b-it,16,B_paraphrase_fit_original_eval,causality,definition,0.5,task,causality_orig_02,0.9615961552249956,0.020706653313132192,0.9408895019118635,1.0,0.0
google/gemma-3-1b-it,16,B_paraphrase_fit_original_eval,causality,definition,0.5,task,causality_orig_03,0.9706476335495134,0.015628509208333297,0.9550191243411802,1.0,0.0
google/gemma-3-1b-it,16,B_paraphrase_fit_original_eval,causality,definition,0.5,matched_random,causality_orig_01,0.10245267970232894,0.8480813025334135,-0.7456286228310846,0.0,1.0
google/gemma-3-1b-it,16,B_paraphrase_fit_original_eval,causality,definition,0.5,matched_random,causality_orig_02,0.04022009430754061,0.9348925335238746,-0.894672439216334,0.0,1.0
google/gemma-3-1b-it,16,B_paraphrase_fit_original_eval,causality,definition,0.5,matched_random,causality_orig_03,0.05302950378810199,0.9216688907287611,-0.8686393869406591,0.0,1.0
google/gemma-3-1b-it,16,B_paraphrase_fit_original_eval,causality,definition,0.5,opposite,causality_orig_01,0.0002961629714358386,0.9971581769472423,-0.9968620139758064,0.0,1.0
google/gemma-3-1b-it,16,B_paraphrase_fit_original_eval,causality,definition,0.5,opposite,causality_orig_02,0.00010563088060422854,0.9986852526966981,-0.9985796218160938,0.0,1.0
google/gemma-3-1b-it,16,B_paraphrase_fit_original_eval,causality,definition,0.5,opposite,causality_orig_03,0.00014126144797644316,0.9986197452813971,-0.9984784838334206,0.0,1.0
google/gemma-3-1b-it,16,B_paraphrase_fit_original_eval,causality,definition,0.75,task,causality_orig_01,0.9968869254287321,0.00029698089945354975,0.9965899445292786,1.0,0.0
google/gemma-3-1b-it,16,B_paraphrase_fit_original_eval,causality,definition,0.75,task,causality_orig_02,0.9954979454640385,0.0008327745155855944,0.9946651709484529,1.0,0.0
google/gemma-3-1b-it,16,B_paraphrase_fit_original_eval,causality,definition,0.75,task,causality_orig_03,0.996552755768739,0.0006233416004857335,0.9959294141682533,1.0,0.0
google/gemma-3-1b-it,16,B_paraphrase_fit_original_eval,causality,definition,0.75,matched_random,causality_orig_01,0.08239526214887995,0.870536483958269,-0.7881412218093891,0.0,1.0
google/gemma-3-1b-it,16,B_paraphrase_fit_original_eval,causality,definition,0.75,matched_random,causality_orig_02,0.03185977907498161,0.9452178999081591,-0.9133581208331775,0.0,1.0
google/gemma-3-1b-it,16,B_paraphrase_fit_original_eval,causality,definition,0.75,matched_random,causality_orig_03,0.04212339176075699,0.9344396745461441,-0.8923162827853871,0.0,1.0
google/gemma-3-1b-it,16,B_paraphrase_fit_original_eval,causality,definition,0.75,opposite,causality_orig_01,1.153233610868926e-05,0.9994952238198352,-0.9994836914837265,0.0,1.0
google/gemma-3-1b-it,16,B_paraphrase_fit_original_eval,causality,definition,0.75,opposite,causality_orig_02,4.107980109731307e-06,0.9997610299151078,-0.9997569219349981,0.0,1.0
google/gemma-3-1b-it,16,B_paraphrase_fit_original_eval,causality,definition,0.75,opposite,causality_orig_03,5.493972829766198e-06,0.9997539719515582,-0.9997484779787285,0.0,1.0
google/gemma-3-1b-it,16,B_paraphrase_fit_original_eval,causality,definition,1.0,task,causality_orig_01,0.9994204588711167,1.1566466865986318e-05,0.9994088924042508,1.0,0.0
google/gemma-3-1b-it,16,B_paraphrase_fit_original_eval,causality,definition,1.0,task,causality_orig_02,0.9992298527449421,3.247299332644204e-05,0.9991973797516157,1.0,0.0
google/gemma-3-1b-it,16,B_paraphrase_fit_original_eval,causality,definition,1.0,task,causality_orig_03,0.9994080836454293,2.4285024144134753e-05,0.9993837986212852,1.0,0.0
google/gemma-3-1b-it,16,B_paraphrase_fit_original_eval,causality,definition,1.0,matched_random,causality_orig_01,0.0659511269465205,0.8893598694550997,-0.8234087425085792,0.0,1.0
google/gemma-3-1b-it,16,B_paraphrase_fit_original_eval,causality,definition,1.0,matched_random,causality_orig_02,0.025186179631946706,0.9537225355041009,-0.9285363558721542,0.0,1.0
google/gemma-3-1b-it,16,B_paraphrase_fit_original_eval,causality,definition,1.0,matched_random,causality_orig_03,0.033373931354423805,0.9449435726869153,-0.9115696413324915,0.0,1.0
google/gemma-3-1b-it,16,B_paraphrase_fit_original_eval,causality,definition,1.0,opposite,causality_orig_01,4.481927259642145e-07,0.9999041506589144,-0.9999037024661884,0.0,1.0
google/gemma-3-1b-it,16,B_paraphrase_fit_original_eval,causality,definition,1.0,opposite,causality_orig_02,1.5961809609258043e-07,0.9999542578003383,-0.9999540981822422,0.0,1.0
google/gemma-3-1b-it,16,B_paraphrase_fit_original_eval,causality,definition,1.0,opposite,causality_orig_03,2.13472962787594e-07,0.9999531301959935,-0.9999529167230308,0.0,1.0
google/gemma-3-1b-it,16,B_paraphrase_fit_original_eval,analogy,logic,0.5,task,analogy_orig_01,0.8883786783198022,0.03536381124052658,0.8530148670792757,1.0,0.0
google/gemma-3-1b-it,16,B_paraphrase_fit_original_eval,analogy,logic,0.5,task,analogy_orig_02,0.8278176558087097,0.047029179028306944,0.7807884767804028,1.0,0.0
google/gemma-3-1b-it,16,B_paraphrase_fit_original_eval,analogy,logic,0.5,task,analogy_orig_03,0.8270836127955181,0.045399049096706244,0.7816845636988119,1.0,0.0
google/gemma-3-1b-it,16,B_paraphrase_fit_original_eval,analogy,logic,0.5,matched_random,analogy_orig_01,0.02399438454228913,0.9154690552849505,-0.8914746707426614,0.0,1.0
google/gemma-3-1b-it,16,B_paraphrase_fit_original_eval,analogy,logic,0.5,matched_random,analogy_orig_02,0.01668389871186168,0.9084549050926474,-0.8917710063807857,0.0,1.0
google/gemma-3-1b-it,16,B_paraphrase_fit_original_eval,analogy,logic,0.5,matched_random,analogy_orig_03,0.01726259507411793,0.9081896344000144,-0.8909270393258965,0.0,1.0
google/gemma-3-1b-it,16,B_paraphrase_fit_original_eval,analogy,logic,0.5,opposite,analogy_orig_01,3.446219526520685e-05,0.9971531902757163,-0.997118728080451,0.0,1.0
google/gemma-3-1b-it,16,B_paraphrase_fit_original_eval,analogy,logic,0.5,opposite,analogy_orig_02,2.4131655177392807e-05,0.9965012106482908,-0.9964770789931134,0.0,1.0
google/gemma-3-1b-it,16,B_paraphrase_fit_original_eval,analogy,logic,0.5,opposite,analogy_orig_03,2.4972091653661847e-05,0.9963461973849008,-0.9963212252932472,0.0,1.0
google/gemma-3-1b-it,16,B_paraphrase_fit_original_eval,analogy,logic,0.75,task,analogy_orig_01,0.983449409251171,0.0013407520175917804,0.9821086572335792,1.0,0.0
google/gemma-3-1b-it,16,B_paraphrase_fit_original_eval,analogy,logic,0.75,task,analogy_orig_02,0.9716536717250975,0.0018905131693101418,0.9697631585557874,1.0,0.0
google/gemma-3-1b-it,16,B_paraphrase_fit_original_eval,analogy,logic,0.75,task,analogy_orig_03,0.9711421522614068,0.0018256421058323521,0.9693165101555744,1.0,0.0
google/gemma-3-1b-it,16,B_paraphrase_fit_original_eval,analogy,logic,0.75,matched_random,analogy_orig_01,0.022736546476221836,0.9197729008888409,-0.8970363544126191,0.0,1.0
google/gemma-3-1b-it,16,B_paraphrase_fit_original_eval,analogy,logic,0.75,matched_random,analogy_orig_02,0.01580939196408831,0.9127315301767658,-0.8969221382126775,0.0,1.0
google/gemma-3-1b-it,16,B_paraphrase_fit_original_eval,analogy,logic,0.75,matched_random,analogy_orig_03,0.016394262304593118,0.9145014395377445,-0.8981071772331515,0.0,1.0
google/gemma-3-1b-it,16,B_paraphrase_fit_original_eval,analogy,logic,0.75,opposite,analogy_orig_01,1.182995400355642e-06,0.9994624955496293,-0.999461312554229,0.0,1.0
google/gemma-3-1b-it,16,B_paraphrase_fit_original_eval,analogy,logic,0.75,opposite,analogy_orig_02,8.288124421296984e-07,0.9993358869394721,-0.9993350581270299,0.0,1.0
google/gemma-3-1b-it,16,B_paraphrase_fit_original_eval,analogy,logic,0.75,opposite,analogy_orig_03,8.57787305607354e-07,0.999308229662548,-0.9993073718752423,0.0,1.0
google/gemma-3-1b-it,16,B_paraphrase_fit_original_eval,analogy,logic,1.0,task,analogy_orig_01,0.9971743149377352,4.6558932802026976e-05,0.9971277560049332,1.0,0.0
google/gemma-3-1b-it,16,B_paraphrase_fit_original_eval,analogy,logic,1.0,task,analogy_orig_02,0.9950534848255678,6.630558851241908e-05,0.9949871792370554,1.0,0.0
google/gemma-3-1b-it,16,B_paraphrase_fit_original_eval,analogy,logic,1.0,task,analogy_orig_03,0.9949352483195248,6.405649241356096e-05,0.9948711918271113,1.0,0.0
google/gemma-3-1b-it,16,B_paraphrase_fit_original_eval,analogy,logic,1.0,matched_random,analogy_orig_01,0.021516663647842913,0.922896711535651,-0.9013800478878081,0.0,1.0
google/gemma-3-1b-it,16,B_paraphrase_fit_original_eval,analogy,logic,1.0,matched_random,analogy_orig_02,0.014957336889449235,0.9155966997077641,-0.9006393628183149,0.0,1.0
google/gemma-3-1b-it,16,B_paraphrase_fit_original_eval,analogy,logic,1.0,matched_random,analogy_orig_03,0.015544954959745842,0.9193990248612767,-0.9038540699015308,0.0,1.0
google/gemma-3-1b-it,16,B_paraphrase_fit_original_eval,analogy,logic,1.0,opposite,analogy_orig_01,4.0532901034822174e-08,0.9998978535283818,-0.9998978129954808,0.0,1.0
google/gemma-3-1b-it,16,B_paraphrase_fit_original_eval,analogy,logic,1.0,opposite,analogy_orig_02,2.840046087951485e-08,0.9998736214510747,-0.9998735930506139,0.0,1.0
google/gemma-3-1b-it,16,B_paraphrase_fit_original_eval,analogy,logic,1.0,opposite,analogy_orig_03,2.939399603811839e-08,0.9998687203749808,-0.9998686909809847,0.0,1.0
google/gemma-3-1b-it,16,B_paraphrase_fit_original_eval,analogy,causality,0.5,task,analogy_orig_01,0.8165956684785569,0.043785265931086816,0.7728104025474701,1.0,0.0
google/gemma-3-1b-it,16,B_paraphrase_fit_original_eval,analogy,causality,0.5,task,analogy_orig_02,0.8450178939417117,0.03458841944929601,0.8104294744924156,1.0,0.0
google/gemma-3-1b-it,16,B_paraphrase_fit_original_eval,analogy,causality,0.5,task,analogy_orig_03,0.7748812642881602,0.045268394978499285,0.7296128693096608,1.0,0.0
google/gemma-3-1b-it,16,B_paraphrase_fit_original_eval,analogy,causality,0.5,matched_random,analogy_orig_01,0.01107192002735331,0.92853756581227,-0.9174656457849166,0.0,1.0
google/gemma-3-1b-it,16,B_paraphrase_fit_original_eval,analogy,causality,0.5,matched_random,analogy_orig_02,0.0143437695052425,0.9182981889613846,-0.9039544194561421,0.0,1.0
google/gemma-3-1b-it,16,B_paraphrase_fit_original_eval,analogy,causality,0.5,matched_random,analogy_orig_03,0.009993640295431294,0.9131439973762234,-0.9031503570807922,0.0,1.0
google/gemma-3-1b-it,16,B_paraphrase_fit_original_eval,analogy,causality,0.5,opposite,analogy_orig_01,1.6667869745101726e-05,0.9973481869422118,-0.9973315190724668,0.0,1.0
google/gemma-3-1b-it,16,B_paraphrase_fit_original_eval,analogy,causality,0.5,opposite,analogy_orig_02,2.183456069091094e-05,0.9973671377781702,-0.9973453032174793,0.0,1.0
google/gemma-3-1b-it,16,B_paraphrase_fit_original_eval,analogy,causality,0.5,opposite,analogy_orig_03,1.5293744618104684e-05,0.9970560083398647,-0.9970407145952467,0.0,1.0
google/gemma-3-1b-it,16,B_paraphrase_fit_original_eval,analogy,causality,0.75,task,analogy_orig_01,0.9676287813986507,0.0015963137381203908,0.9660324676605303,1.0,0.0
google/gemma-3-1b-it,16,B_paraphrase_fit_original_eval,analogy,causality,0.75,task,analogy_orig_02,0.9725361872475462,0.0012247829590843048,0.9713114042884619,1.0,0.0
google/gemma-3-1b-it,16,B_paraphrase_fit_original_eval,analogy,causality,0.75,task,analogy_orig_03,0.9561330206780485,0.001718568341369382,0.9544144523366791,1.0,0.0
google/gemma-3-1b-it,16,B_paraphrase_fit_original_eval,analogy,causality,0.75,matched_random,analogy_orig_01,0.009177747866534604,0.9365458074945128,-0.9273680596279782,0.0,1.0
google/gemma-3-1b-it,16,B_paraphrase_fit_original_eval,analogy,causality,0.75,matched_random,analogy_orig_02,0.011888534830784593,0.9261154462511989,-0.9142269114204143,0.0,1.0
google/gemma-3-1b-it,16,B_paraphrase_fit_original_eval,analogy,causality,0.75,matched_random,analogy_orig_03,0.008281256979835297,0.9207212776297989,-0.9124400206499637,0.0,1.0
google/gemma-3-1b-it,16,B_paraphrase_fit_original_eval,analogy,causality,0.75,opposite,analogy_orig_01,5.139503339684063e-07,0.9995379857853579,-0.999537471835024,0.0,1.0
google/gemma-3-1b-it,16,B_paraphrase_fit_original_eval,analogy,causality,0.75,opposite,analogy_orig_02,6.73263045106314e-07,0.9995552841558237,-0.9995546108927786,0.0,1.0
google/gemma-3-1b-it,16,B_paraphrase_fit_original_eval,analogy,causality,0.75,opposite,analogy_orig_03,4.717016747045434e-07,0.9995041125626438,-0.9995036408609691,0.0,1.0
google/gemma-3-1b-it,16,B_paraphrase_fit_original_eval,analogy,causality,1.0,task,analogy_orig_01,0.9940209858750837,5.04537650860997e-05,0.9939705321099976,1.0,0.0
google/gemma-3-1b-it,16,B_paraphrase_fit_original_eval,analogy,causality,1.0,task,analogy_orig_02,0.9948502016223867,3.854780126416966e-05,0.9948116538211225,1.0,0.0
google/gemma-3-1b-it,16,B_paraphrase_fit_original_eval,analogy,causality,1.0,task,analogy_orig_03,0.9916005162824646,5.4837012692855126e-05,0.9915456792697718,1.0,0.0
google/gemma-3-1b-it,16,B_paraphrase_fit_original_eval,analogy,causality,1.0,matched_random,analogy_orig_01,0.007592395307555936,0.9427316262474552,-0.9351392309398993,0.0,1.0
google/gemma-3-1b-it,16,B_paraphrase_fit_original_eval,analogy,causality,1.0,matched_random,analogy_orig_02,0.009837286813458126,0.9324563053353911,-0.9226190185219331,0.0,1.0
google/gemma-3-1b-it,16,B_paraphrase_fit_original_eval,analogy,causality,1.0,matched_random,analogy_orig_03,0.006851496187853612,0.9269017488781155,-0.9200502526902619,0.0,1.0
google/gemma-3-1b-it,16,B_paraphrase_fit_original_eval,analogy,causality,1.0,opposite,analogy_orig_01,1.581885009708471e-08,0.9999182790813903,-0.9999182632625402,0.0,1.0
google/gemma-3-1b-it,16,B_paraphrase_fit_original_eval,analogy,causality,1.0,opposite,analogy_orig_02,2.0722081710423945e-08,0.9999237192655165,-0.9999236985434348,0.0,1.0
google/gemma-3-1b-it,16,B_paraphrase_fit_original_eval,analogy,causality,1.0,opposite,analogy_orig_03,1.451893120030102e-08,0.9999154083406845,-0.9999153938217533,0.0,1.0
google/gemma-3-1b-it,16,B_paraphrase_fit_original_eval,analogy,definition,0.5,task,analogy_orig_01,0.9602973836841684,0.01577574030586869,0.9445216433782997,1.0,0.0
google/gemma-3-1b-it,16,B_paraphrase_fit_original_eval,analogy,definition,0.5,task,analogy_orig_02,0.967359479628111,0.013098005804267936,0.9542614738238431,1.0,0.0
google/gemma-3-1b-it,16,B_paraphrase_fit_original_eval,analogy,definition,0.5,task,analogy_orig_03,0.9745802396114377,0.011370257444608439,0.9632099821668293,1.0,0.0
google/gemma-3-1b-it,16,B_paraphrase_fit_original_eval,analogy,definition,0.5,matched_random,analogy_orig_01,0.07047943725931705,0.910087778320165,-0.8396083410608479,0.0,1.0
google/gemma-3-1b-it,16,B_paraphrase_fit_original_eval,analogy,definition,0.5,matched_random,analogy_orig_02,0.08424318368271379,0.8965797162762589,-0.8123365325935451,0.0,1.0
google/gemma-3-1b-it,16,B_paraphrase_fit_original_eval,analogy,definition,0.5,matched_random,analogy_orig_03,0.09679542275168068,0.8876553380391885,-0.7908599152875078,0.0,1.0
google/gemma-3-1b-it,16,B_paraphrase_fit_original_eval,analogy,definition,0.5,opposite,analogy_orig_01,5.964425256424967e-05,0.9984312723434666,-0.9983716280909024,0.0,1.0
google/gemma-3-1b-it,16,B_paraphrase_fit_original_eval,analogy,definition,0.5,opposite,analogy_orig_02,7.237841989206844e-05,0.9986009072249453,-0.9985285288050533,0.0,1.0
google/gemma-3-1b-it,16,B_paraphrase_fit_original_eval,analogy,definition,0.5,opposite,analogy_orig_03,8.401029394126878e-05,0.9987361568425435,-0.9986521465486022,0.0,1.0
google/gemma-3-1b-it,16,B_paraphrase_fit_original_eval,analogy,definition,0.75,task,analogy_orig_01,0.995002036498766,0.000514477728956688,0.9944875587698092,1.0,0.0
google/gemma-3-1b-it,16,B_paraphrase_fit_original_eval,analogy,definition,0.75,task,analogy_orig_02,0.9958332293858392,0.00042438742571656034,0.9954088419601226,1.0,0.0
google/gemma-3-1b-it,16,B_paraphrase_fit_original_eval,analogy,definition,0.75,task,analogy_orig_03,0.997006208868563,0.00036610795578966005,0.9966401009127733,1.0,0.0
google/gemma-3-1b-it,16,B_paraphrase_fit_original_eval,analogy,definition,0.75,matched_random,analogy_orig_01,0.07960498524874456,0.9070644649843801,-0.8274594797356355,0.0,1.0
google/gemma-3-1b-it,16,B_paraphrase_fit_original_eval,analogy,definition,0.75,matched_random,analogy_orig_02,0.09492358382604774,0.8914670541471508,-0.7965434703211031,0.0,1.0
google/gemma-3-1b-it,16,B_paraphrase_fit_original_eval,analogy,definition,0.75,matched_random,analogy_orig_03,0.10880022884237829,0.8804331572908402,-0.7716329284484619,0.0,1.0
google/gemma-3-1b-it,16,B_paraphrase_fit_original_eval,analogy,definition,0.75,opposite,analogy_orig_01,1.8797036329759006e-06,0.9997245302072032,-0.9997226505035702,0.0,1.0
google/gemma-3-1b-it,16,B_paraphrase_fit_original_eval,analogy,definition,0.75,opposite,analogy_orig_02,2.2807252164783564e-06,0.9997633587307949,-0.9997610780055785,0.0,1.0
google/gemma-3-1b-it,16,B_paraphrase_fit_original_eval,analogy,definition,0.75,opposite,analogy_orig_03,2.646958602693185e-06,0.9997854466010517,-0.999782799642449,0.0,1.0
google/gemma-3-1b-it,16,B_paraphrase_fit_original_eval,analogy,definition,1.0,task,analogy_orig_01,0.9991625305967672,1.626062956263191e-05,0.9991462699672046,1.0,0.0
google/gemma-3-1b-it,16,B_paraphrase_fit_original_eval,analogy,definition,1.0,task,analogy_orig_02,0.999282633285855,1.3403642643026456e-05,0.999269229643212,1.0,0.0
google/gemma-3-1b-it,16,B_paraphrase_fit_original_eval,analogy,definition,1.0,task,analogy_orig_03,0.9995027842668437,1.155191325070423e-05,0.9994912323535929,1.0,0.0
google/gemma-3-1b-it,16,B_paraphrase_fit_original_eval,analogy,definition,1.0,matched_random,analogy_orig_01,0.08962143031583414,0.9011286358094039,-0.8115072054935698,0.0,1.0
google/gemma-3-1b-it,16,B_paraphrase_fit_original_eval,analogy,definition,1.0,matched_random,analogy_orig_02,0.10662523450711484,0.8836254243032079,-0.7770001897960931,0.0,1.0
google/gemma-3-1b-it,16,B_paraphrase_fit_original_eval,analogy,definition,1.0,matched_random,analogy_orig_03,0.12191294826585655,0.8705494548480192,-0.7486365065821626,0.0,1.0
google/gemma-3-1b-it,16,B_paraphrase_fit_original_eval,analogy,definition,1.0,opposite,analogy_orig_01,5.917604745686232e-08,0.9999500689128081,-0.9999500097367606,0.0,1.0
google/gemma-3-1b-it,16,B_paraphrase_fit_original_eval,analogy,definition,1.0,opposite,analogy_orig_02,7.179863948418344e-08,0.9999582305345324,-0.9999581587358929,0.0,1.0
google/gemma-3-1b-it,16,B_paraphrase_fit_original_eval,analogy,definition,1.0,opposite,analogy_orig_03,8.332633384469828e-08,0.9999616138704073,-0.9999615305440734,0.0,1.0
google/gemma-3-1b-it,16,B_paraphrase_fit_original_eval,definition,logic,0.5,task,definition_orig_01,0.8173339875304987,0.03775424314890895,0.7795797443815897,1.0,0.0
google/gemma-3-1b-it,16,B_paraphrase_fit_original_eval,definition,logic,0.5,task,definition_orig_02,0.6573301191825698,0.037304607099555694,0.620025512083014,1.0,0.0
google/gemma-3-1b-it,16,B_paraphrase_fit_original_eval,definition,logic,0.5,task,definition_orig_03,0.7820959337457343,0.024652629639322056,0.7574433041064123,1.0,0.0
google/gemma-3-1b-it,16,B_paraphrase_fit_original_eval,definition,logic,0.5,matched_random,definition_orig_01,0.019459264636108174,0.7228850928746382,-0.7034258282385301,0.0,1.0
google/gemma-3-1b-it,16,B_paraphrase_fit_original_eval,definition,logic,0.5,matched_random,definition_orig_02,0.011850850105928566,0.540885174702732,-0.5290343245968034,0.0,1.0
google/gemma-3-1b-it,16,B_paraphrase_fit_original_eval,definition,logic,0.5,matched_random,definition_orig_03,0.024729725128083427,0.6269012668257694,-0.6021715416976859,0.0,1.0
google/gemma-3-1b-it,16,B_paraphrase_fit_original_eval,definition,logic,0.5,opposite,definition_orig_01,1.7402688307257453e-05,0.9953642522088723,-0.995346849520565,0.0,1.0
google/gemma-3-1b-it,16,B_paraphrase_fit_original_eval,definition,logic,0.5,opposite,definition_orig_02,1.4078230128751106e-05,0.9892965301102328,-0.989282451880104,0.0,1.0
google/gemma-3-1b-it,16,B_paraphrase_fit_original_eval,definition,logic,0.5,opposite,definition_orig_03,2.5439057251529382e-05,0.9928959148796828,-0.9928704758224313,0.0,1.0
google/gemma-3-1b-it,16,B_paraphrase_fit_original_eval,definition,logic,0.75,task,definition_orig_01,0.9702472420942011,0.0013435342889598274,0.9689037078052413,1.0,0.0
google/gemma-3-1b-it,16,B_paraphrase_fit_original_eval,definition,logic,0.75,task,definition_orig_02,0.9287753976924892,0.001580118904024606,0.9271952787884645,1.0,0.0
google/gemma-3-1b-it,16,B_paraphrase_fit_original_eval,definition,logic,0.75,task,definition_orig_03,0.95763683935147,0.0009049075172770266,0.956731931834193,1.0,0.0
google/gemma-3-1b-it,16,B_paraphrase_fit_original_eval,definition,logic,0.75,matched_random,definition_orig_01,0.019450055734804184,0.6142598654810679,-0.5948098097462637,0.0,1.0
google/gemma-3-1b-it,16,B_paraphrase_fit_original_eval,definition,logic,0.75,matched_random,definition_orig_02,0.01058947992724999,0.41088345112315566,-0.40029397119590565,0.0,0.0
google/gemma-3-1b-it,16,B_paraphrase_fit_original_eval,definition,logic,0.75,matched_random,definition_orig_03,0.024259083227847693,0.5228085582213643,-0.4985494749935166,0.0,1.0
google/gemma-3-1b-it,16,B_paraphrase_fit_original_eval,definition,logic,0.75,opposite,definition_orig_01,5.23659169396086e-07,0.999112245813507,-0.9991117221543376,0.0,1.0
google/gemma-3-1b-it,16,B_paraphrase_fit_original_eval,definition,logic,0.75,opposite,definition_orig_02,4.2570338445542315e-07,0.9978962730642982,-0.9978958473609137,0.0,1.0
google/gemma-3-1b-it,16,B_paraphrase_fit_original_eval,definition,logic,0.75,opposite,definition_orig_03,7.670954183895641e-07,0.9987389146156225,-0.9987381475202041,0.0,1.0
google/gemma-3-1b-it,16,B_paraphrase_fit_original_eval,definition,logic,1.0,task,definition_orig_01,0.9950971365130247,4.130778827606957e-05,0.9950558287247486,1.0,0.0
google/gemma-3-1b-it,16,B_paraphrase_fit_original_eval,definition,logic,1.0,task,definition_orig_02,0.9878622579142665,5.038202130540639e-05,0.9878118758929612,1.0,0.0
google/gemma-3-1b-it,16,B_paraphrase_fit_original_eval,definition,logic,1.0,task,definition_orig_03,0.9924114532834686,2.8112226755807315e-05,0.9923833410567128,1.0,0.0
google/gemma-3-1b-it,16,B_paraphrase_fit_original_eval,definition,logic,1.0,matched_random,definition_orig_01,0.018232970209889735,0.48952757218460696,-0.47129460197471723,0.0,1.0
google/gemma-3-1b-it,16,B_paraphrase_fit_original_eval,definition,logic,1.0,matched_random,definition_orig_02,0.008803935115354917,0.2904084822086119,-0.28160454709325694,0.0,0.0
google/gemma-3-1b-it,16,B_paraphrase_fit_original_eval,definition,logic,1.0,matched_random,definition_orig_03,0.0225980207526437,0.4140255591945699,-0.3914275384419262,0.0,1.0
google/gemma-3-1b-it,16,B_paraphrase_fit_original_eval,definition,logic,1.0,opposite,definition_orig_01,1.5709416314019177e-08,0.9998284502208435,-0.9998284345114272,0.0,1.0
google/gemma-3-1b-it,16,B_paraphrase_fit_original_eval,definition,logic,1.0,opposite,definition_orig_02,1.2783268833566396e-08,0.9995858320958809,-0.999585819312612,0.0,1.0
google/gemma-3-1b-it,16,B_paraphrase_fit_original_eval,definition,logic,1.0,opposite,definition_orig_03,2.3019698808118523e-08,0.9997745839612272,-0.9997745609415284,0.0,1.0
google/gemma-3-1b-it,16,B_paraphrase_fit_original_eval,definition,causality,0.5,task,definition_orig_01,0.9398697327575937,0.020246299774372558,0.9196234329832211,1.0,0.0
google/gemma-3-1b-it,16,B_paraphrase_fit_original_eval,definition,causality,0.5,task,definition_orig_02,0.9690030186707825,0.0077994596944921946,0.9612035589762904,1.0,0.0
google/gemma-3-1b-it,16,B_paraphrase_fit_original_eval,definition,causality,0.5,task,definition_orig_03,0.8232029649796956,0.027705331917249987,0.7954976330624456,1.0,0.0
google/gemma-3-1b-it,16,B_paraphrase_fit_original_eval,definition,causality,0.5,matched_random,definition_orig_01,0.027413860050573162,0.9084505801096898,-0.8810367200591167,0.0,1.0
google/gemma-3-1b-it,16,B_paraphrase_fit_original_eval,definition,causality,0.5,matched_random,definition_orig_02,0.06769521285350338,0.8382054157654053,-0.770510202911902,0.0,1.0
google/gemma-3-1b-it,16,B_paraphrase_fit_original_eval,definition,causality,0.5,matched_random,definition_orig_03,0.015799537436190995,0.8180011610398781,-0.8022016236036871,0.0,1.0
google/gemma-3-1b-it,16,B_paraphrase_fit_original_eval,definition,causality,0.5,opposite,definition_orig_01,0.0001053769204080792,0.9966531499884246,-0.9965477730680165,0.0,1.0
google/gemma-3-1b-it,16,B_paraphrase_fit_original_eval,definition,causality,0.5,opposite,definition_orig_02,0.00028152903344947147,0.9949084508703249,-0.9946269218368754,0.0,1.0
google/gemma-3-1b-it,16,B_paraphrase_fit_original_eval,definition,causality,0.5,opposite,definition_orig_03,6.708289877217732e-05,0.9912627693601375,-0.9911956864613652,0.0,1.0
google/gemma-3-1b-it,16,B_paraphrase_fit_original_eval,definition,causality,0.75,task,definition_orig_01,0.9910609229838133,0.0008293697971924391,0.9902315531866209,1.0,0.0
google/gemma-3-1b-it,16,B_paraphrase_fit_original_eval,definition,causality,0.75,task,definition_orig_02,0.9950783763344265,0.0003111476615515163,0.994767228672875,1.0,0.0
google/gemma-3-1b-it,16,B_paraphrase_fit_original_eval,definition,causality,0.75,task,definition_orig_03,0.9649150535935388,0.0012615816915854576,0.9636534719019534,1.0,0.0
google/gemma-3-1b-it,16,B_paraphrase_fit_original_eval,definition,causality,0.75,matched_random,definition_orig_01,0.018209793715143092,0.9194594141673599,-0.9012496204522168,0.0,1.0
google/gemma-3-1b-it,16,B_paraphrase_fit_original_eval,definition,causality,0.75,matched_random,definition_orig_02,0.04557542406358575,0.8598439607490803,-0.8142685366854946,0.0,1.0
google/gemma-3-1b-it,16,B_paraphrase_fit_original_eval,definition,causality,0.75,matched_random,definition_orig_03,0.01046097000387684,0.8252355474190135,-0.8147745774151367,0.0,1.0
google/gemma-3-1b-it,16,B_paraphrase_fit_original_eval,definition,causality,0.75,opposite,definition_orig_01,4.10473145502023e-06,0.9993403574860107,-0.9993362527545556,0.0,1.0
google/gemma-3-1b-it,16,B_paraphrase_fit_original_eval,definition,causality,0.75,opposite,definition_orig_02,1.098205520667999e-05,0.999018863600105,-0.9990078815448983,0.0,1.0
google/gemma-3-1b-it,16,B_paraphrase_fit_original_eval,definition,causality,0.75,opposite,definition_orig_03,2.6243964218158226e-06,0.9982436275408751,-0.9982410031444533,0.0,1.0
google/gemma-3-1b-it,16,B_paraphrase_fit_original_eval,definition,causality,1.0,task,definition_orig_01,0.998391845267855,3.245777555720779e-05,0.9983593874922978,1.0,0.0
google/gemma-3-1b-it,16,B_paraphrase_fit_original_eval,definition,causality,1.0,task,definition_orig_02,0.9990918341154804,1.2136250340262892e-05,0.9990796978651402,1.0,0.0
google/gemma-3-1b-it,16,B_paraphrase_fit_original_eval,definition,causality,1.0,task,definition_orig_03,0.9932103832184349,5.044724008222061e-05,0.9931599359783527,1.0,0.0
google/gemma-3-1b-it,16,B_paraphrase_fit_original_eval,definition,causality,1.0,matched_random,definition_orig_01,0.012048765401464248,0.9269717708813456,-0.9149230054798814,0.0,1.0
google/gemma-3-1b-it,16,B_paraphrase_fit_original_eval,definition,causality,1.0,matched_random,definition_orig_02,0.03043011329298322,0.8747600057778482,-0.844329892484865,0.0,1.0
google/gemma-3-1b-it,16,B_paraphrase_fit_original_eval,definition,causality,1.0,matched_random,definition_orig_03,0.006906942721473436,0.8302105489416985,-0.8233036062202251,0.0,1.0
google/gemma-3-1b-it,16,B_paraphrase_fit_original_eval,definition,causality,1.0,opposite,definition_orig_01,1.5954516583799064e-07,0.9998675233582918,-0.9998673638131259,0.0,1.0
google/gemma-3-1b-it,16,B_paraphrase_fit_original_eval,definition,causality,1.0,opposite,definition_orig_02,4.2696757446575166e-07,0.999804520533045,-0.9998040935654705,0.0,1.0
google/gemma-3-1b-it,16,B_paraphrase_fit_original_eval,definition,causality,1.0,opposite,definition_orig_03,1.0209617267017902e-07,0.9996470919035148,-0.9996469898073421,0.0,1.0
google/gemma-3-1b-it,16,B_paraphrase_fit_original_eval,definition,analogy,0.5,task,definition_orig_01,0.9460670679077242,0.015477814327242068,0.9305892535804822,1.0,0.0
google/gemma-3-1b-it,16,B_paraphrase_fit_original_eval,definition,analogy,0.5,task,definition_orig_02,0.9432213179235848,0.008980662212230065,0.9342406557113547,1.0,0.0
google/gemma-3-1b-it,16,B_paraphrase_fit_original_eval,definition,analogy,0.5,task,definition_orig_03,0.9835605933006095,0.005172260540965627,0.9783883327596439,1.0,0.0
google/gemma-3-1b-it,16,B_paraphrase_fit_original_eval,definition,analogy,0.5,matched_random,definition_orig_01,0.022967440341946404,0.9112982072755428,-0.8883307669335964,0.0,1.0
google/gemma-3-1b-it,16,B_paraphrase_fit_original_eval,definition,analogy,0.5,matched_random,definition_orig_02,0.03540690076580382,0.8176037586174496,-0.7821968578516458,0.0,1.0
google/gemma-3-1b-it,16,B_paraphrase_fit_original_eval,definition,analogy,0.5,matched_random,definition_orig_03,0.06935951558467515,0.8845971504223918,-0.8152376348377167,0.0,1.0
google/gemma-3-1b-it,16,B_paraphrase_fit_original_eval,definition,analogy,0.5,opposite,definition_orig_01,5.978461861722962e-05,0.9966501635244867,-0.9965903789058694,0.0,1.0
google/gemma-3-1b-it,16,B_paraphrase_fit_original_eval,definition,analogy,0.5,opposite,definition_orig_02,0.00010225893579731504,0.9921140374828195,-0.9920117785470222,0.0,1.0
google/gemma-3-1b-it,16,B_paraphrase_fit_original_eval,definition,analogy,0.5,opposite,definition_orig_03,0.00018610914105130605,0.9972695292682661,-0.9970834201272147,0.0,1.0
google/gemma-3-1b-it,16,B_paraphrase_fit_original_eval,definition,analogy,0.75,task,definition_orig_01,0.9927289509353411,0.0005111837054587282,0.9922177672298823,1.0,0.0
google/gemma-3-1b-it,16,B_paraphrase_fit_original_eval,definition,analogy,0.75,task,definition_orig_02,0.9915727550168001,0.0002971515132658794,0.9912756035035342,1.0,0.0
google/gemma-3-1b-it,16,B_paraphrase_fit_original_eval,definition,analogy,0.75,task,definition_orig_03,0.9978490560599411,0.0001651591849389164,0.9976838968750023,1.0,0.0
google/gemma-3-1b-it,16,B_paraphrase_fit_original_eval,definition,analogy,0.75,matched_random,definition_orig_01,0.015010942369093358,0.9231974354217339,-0.9081864930526405,0.0,1.0
google/gemma-3-1b-it,16,B_paraphrase_fit_original_eval,definition,analogy,0.75,matched_random,definition_orig_02,0.023300887659672687,0.8340001799712208,-0.8106992923115481,0.0,1.0
google/gemma-3-1b-it,16,B_paraphrase_fit_original_eval,definition,analogy,0.75,matched_random,definition_orig_03,0.046112778408020076,0.9115898645516811,-0.865477086143661,0.0,1.0
google/gemma-3-1b-it,16,B_paraphrase_fit_original_eval,definition,analogy,0.75,opposite,definition_orig_01,1.886806142198546e-06,0.9993599793478543,-0.999358092541712,0.0,1.0
google/gemma-3-1b-it,16,B_paraphrase_fit_original_eval,definition,analogy,0.75,opposite,definition_orig_02,3.23911373148315e-06,0.9984536661225741,-0.9984504270088427,0.0,1.0
google/gemma-3-1b-it,16,B_paraphrase_fit_original_eval,definition,analogy,0.75,opposite,definition_orig_03,5.870867820710203e-06,0.9995132152024828,-0.9995073443346622,0.0,1.0
google/gemma-3-1b-it,16,B_paraphrase_fit_original_eval,definition,analogy,1.0,task,definition_orig_01,0.9988358045689868,1.618821721664038e-05,0.9988196163517702,1.0,0.0
google/gemma-3-1b-it,16,B_paraphrase_fit_original_eval,definition,analogy,1.0,task,definition_orig_02,0.9986606478364233,9.41954455747087e-06,0.9986512282918658,1.0,0.0
google/gemma-3-1b-it,16,B_paraphrase_fit_original_eval,definition,analogy,1.0,task,definition_orig_03,0.9996462349962568,5.207662394768308e-06,0.9996410273338621,1.0,0.0
google/gemma-3-1b-it,16,B_paraphrase_fit_original_eval,definition,analogy,1.0,matched_random,definition_orig_01,0.009772483150751604,0.9316017054862891,-0.9218292223355374,0.0,1.0
google/gemma-3-1b-it,16,B_paraphrase_fit_original_eval,definition,analogy,1.0,matched_random,definition_orig_02,0.015254646822268994,0.8463198914345365,-0.8310652446122675,0.0,1.0
google/gemma-3-1b-it,16,B_paraphrase_fit_original_eval,definition,analogy,1.0,matched_random,definition_orig_03,0.030356188055359903,0.9301738906067266,-0.8998177025513667,0.0,1.0
google/gemma-3-1b-it,16,B_paraphrase_fit_original_eval,definition,analogy,1.0,opposite,definition_orig_01,5.9416908560179673e-08,0.9998759376679457,-0.9998758782510371,0.0,1.0
google/gemma-3-1b-it,16,B_paraphrase_fit_original_eval,definition,analogy,1.0,opposite,definition_orig_02,1.0207618873804213e-07,0.9996950875014294,-0.9996949854252407,0.0,1.0
google/gemma-3-1b-it,16,B_paraphrase_fit_original_eval,definition,analogy,1.0,opposite,definition_orig_03,1.8485560276422723e-07,0.9999084742286124,-0.9999082893730097,0.0,1.0
google/gemma-3-1b-it,26,A_original_fit_paraphrase_eval,logic,causality,0.5,task,logic_para_01,0.9642277738753915,0.0044961028542132115,0.9597316710211783,1.0,0.0
google/gemma-3-1b-it,26,A_original_fit_paraphrase_eval,logic,causality,0.5,task,logic_para_02,0.9396652394145361,0.007080801286562025,0.932584438127974,1.0,0.0
google/gemma-3-1b-it,26,A_original_fit_paraphrase_eval,logic,causality,0.5,task,logic_para_03,0.9612058063801862,0.008996900891977536,0.9522089054882086,1.0,0.0
google/gemma-3-1b-it,26,A_original_fit_paraphrase_eval,logic,causality,0.5,matched_random,logic_para_01,0.05508729777418356,0.7939343640885911,-0.7388470663144076,0.0,1.0
google/gemma-3-1b-it,26,A_original_fit_paraphrase_eval,logic,causality,0.5,matched_random,logic_para_02,0.03433903030451833,0.7997860081685059,-0.7654469778639875,0.0,1.0
google/gemma-3-1b-it,26,A_original_fit_paraphrase_eval,logic,causality,0.5,matched_random,logic_para_03,0.030664108578237828,0.8871221536706059,-0.856458045092368,0.0,1.0
google/gemma-3-1b-it,26,A_original_fit_paraphrase_eval,logic,causality,0.5,opposite,logic_para_01,9.335393298626695e-05,0.9945273921999025,-0.9944340382669162,0.0,1.0
google/gemma-3-1b-it,26,A_original_fit_paraphrase_eval,logic,causality,0.5,opposite,logic_para_02,5.7711242801306625e-05,0.9935670972835517,-0.9935093860407505,0.0,1.0
google/gemma-3-1b-it,26,A_original_fit_paraphrase_eval,logic,causality,0.5,opposite,logic_para_03,4.660864886069661e-05,0.9967140797705406,-0.9966674711216799,0.0,1.0
google/gemma-3-1b-it,26,A_original_fit_paraphrase_eval,logic,causality,0.75,task,logic_para_01,0.9948269656267504,0.00011931561037406349,0.9947076500163764,1.0,0.0
google/gemma-3-1b-it,26,A_original_fit_paraphrase_eval,logic,causality,0.75,task,logic_para_02,0.9911601531620321,0.00019210833013330895,0.9909680448318988,1.0,0.0
google/gemma-3-1b-it,26,A_original_fit_paraphrase_eval,logic,causality,0.75,task,logic_para_03,0.9951504043609385,0.0002395843204635359,0.9949108200404749,1.0,0.0
google/gemma-3-1b-it,26,A_original_fit_paraphrase_eval,logic,causality,0.75,matched_random,logic_para_01,0.039151808238643615,0.806893725610694,-0.7677419173720503,0.0,1.0
google/gemma-3-1b-it,26,A_original_fit_paraphrase_eval,logic,causality,0.75,matched_random,logic_para_02,0.02430851242686165,0.8096093974889849,-0.7853008850621233,0.0,1.0
google/gemma-3-1b-it,26,A_original_fit_paraphrase_eval,logic,causality,0.75,matched_random,logic_para_03,0.021705307793518556,0.8979463970990443,-0.8762410893055258,0.0,1.0
google/gemma-3-1b-it,26,A_original_fit_paraphrase_eval,logic,causality,0.75,opposite,logic_para_01,2.412167377747011e-06,0.9990758287758706,-0.9990734166084929,0.0,1.0
google/gemma-3-1b-it,26,A_original_fit_paraphrase_eval,logic,causality,0.75,opposite,logic_para_02,1.492337180896733e-06,0.998873786027594,-0.9988722936904131,0.0,1.0
google/gemma-3-1b-it,26,A_original_fit_paraphrase_eval,logic,causality,0.75,opposite,logic_para_03,1.202075086664207e-06,0.9994073947706005,-0.9994061926955138,0.0,1.0
google/gemma-3-1b-it,26,A_original_fit_paraphrase_eval,logic,causality,1.0,task,logic_para_01,0.9991980557667195,3.082438473181575e-06,0.9991949733282464,1.0,0.0
google/gemma-3-1b-it,26,A_original_fit_paraphrase_eval,logic,causality,1.0,task,logic_para_02,0.9986439033234576,4.978587399541821e-06,0.9986389247360581,1.0,0.0
google/gemma-3-1b-it,26,A_original_fit_paraphrase_eval,logic,causality,1.0,task,logic_para_03,0.9992949941068769,6.18808824235086e-06,0.9992888060186346,1.0,0.0
google/gemma-3-1b-it,26,A_original_fit_paraphrase_eval,logic,causality,1.0,matched_random,logic_para_01,0.027676933968983096,0.8156688438536238,-0.7879919098846407,0.0,1.0
google/gemma-3-1b-it,26,A_original_fit_paraphrase_eval,logic,causality,1.0,matched_random,logic_para_02,0.01714226198424404,0.8164257025562148,-0.7992834405719708,0.0,1.0
google/gemma-3-1b-it,26,A_original_fit_paraphrase_eval,logic,causality,1.0,matched_random,logic_para_03,0.015313550209356114,0.9059239327044886,-0.8906103824951325,0.0,1.0
google/gemma-3-1b-it,26,A_original_fit_paraphrase_eval,logic,causality,1.0,opposite,logic_para_01,6.209162630703564e-08,0.9998409720272328,-0.9998409099356065,0.0,1.0
google/gemma-3-1b-it,26,A_original_fit_paraphrase_eval,logic,causality,1.0,opposite,logic_para_02,3.842046788858953e-08,0.999800128424262,-0.9998000900037941,0.0,1.0
google/gemma-3-1b-it,26,A_original_fit_paraphrase_eval,logic,causality,1.0,opposite,logic_para_03,3.0933912329495164e-08,0.9998910816316554,-0.9998910506977431,0.0,1.0
google/gemma-3-1b-it,26,A_original_fit_paraphrase_eval,logic,analogy,0.5,task,logic_para_01,0.8406864631655112,0.018239210233206966,0.8224472529323043,1.0,0.0
google/gemma-3-1b-it,26,A_original_fit_paraphrase_eval,logic,analogy,0.5,task,logic_para_02,0.9157845986031726,0.011562439920973323,0.9042221586821994,1.0,0.0
google/gemma-3-1b-it,26,A_original_fit_paraphrase_eval,logic,analogy,0.5,task,logic_para_03,0.9308798956896505,0.01638872443653052,0.91449117125312,1.0,0.0
google/gemma-3-1b-it,26,A_original_fit_paraphrase_eval,logic,analogy,0.5,matched_random,logic_para_01,0.017772073577755457,0.6933309566828089,-0.6755588831050534,0.0,1.0
google/gemma-3-1b-it,26,A_original_fit_paraphrase_eval,logic,analogy,0.5,matched_random,logic_para_02,0.031293037853140956,0.7104514309310476,-0.6791583930779066,0.0,1.0
google/gemma-3-1b-it,26,A_original_fit_paraphrase_eval,logic,analogy,0.5,matched_random,logic_para_03,0.026448562548867738,0.837305781124434,-0.8108572185755663,0.0,1.0
google/gemma-3-1b-it,26,A_original_fit_paraphrase_eval,logic,analogy,0.5,opposite,logic_para_01,3.3508201716509285e-05,0.9889187081310444,-0.9888851999293279,0.0,1.0
google/gemma-3-1b-it,26,A_original_fit_paraphrase_eval,logic,analogy,0.5,opposite,logic_para_02,5.771119981094493e-05,0.9911827926572551,-0.9911250814574442,0.0,1.0
google/gemma-3-1b-it,26,A_original_fit_paraphrase_eval,logic,analogy,0.5,opposite,logic_para_03,4.1556181868971285e-05,0.995232700330106,-0.9951911441482371,0.0,1.0
google/gemma-3-1b-it,26,A_original_fit_paraphrase_eval,logic,analogy,0.75,task,logic_para_01,0.9747563713614252,0.000619239545470368,0.9741371318159548,1.0,0.0
google/gemma-3-1b-it,26,A_original_fit_paraphrase_eval,logic,analogy,0.75,task,logic_para_02,0.9877612636262938,0.0003651730932155435,0.9873960905330782,1.0,0.0
google/gemma-3-1b-it,26,A_original_fit_paraphrase_eval,logic,analogy,0.75,task,logic_para_03,0.9910829841309138,0.0005109191108233181,0.9905720650200904,1.0,0.0
google/gemma-3-1b-it,26,A_original_fit_paraphrase_eval,logic,analogy,0.75,matched_random,logic_para_01,0.013341909246965274,0.6462883896225947,-0.6329464803756294,0.0,1.0
google/gemma-3-1b-it,26,A_original_fit_paraphrase_eval,logic,analogy,0.75,matched_random,logic_para_02,0.023498466230566954,0.6624179114651817,-0.6389194452346147,0.0,1.0
google/gemma-3-1b-it,26,A_original_fit_paraphrase_eval,logic,analogy,0.75,matched_random,logic_para_03,0.02076939458418309,0.8164164304596201,-0.795647035875437,0.0,1.0
google/gemma-3-1b-it,26,A_original_fit_paraphrase_eval,logic,analogy,0.75,opposite,logic_para_01,9.899967457027095e-07,0.9978209381042488,-0.9978199481075031,0.0,1.0
google/gemma-3-1b-it,26,A_original_fit_paraphrase_eval,logic,analogy,0.75,opposite,logic_para_02,1.7019704282473235e-06,0.9982861243830677,-0.9982844224126395,0.0,1.0
google/gemma-3-1b-it,26,A_original_fit_paraphrase_eval,logic,analogy,0.75,opposite,logic_para_03,1.2215076864423193e-06,0.9990669152591637,-0.9990656937514772,0.0,1.0
google/gemma-3-1b-it,26,A_original_fit_paraphrase_eval,logic,analogy,1.0,task,logic_para_01,0.9961895769302606,1.8530844845733096e-05,0.9961710460854148,1.0,0.0
google/gemma-3-1b-it,26,A_original_fit_paraphrase_eval,logic,analogy,1.0,task,logic_para_02,0.9981696904695183,1.0805423267549071e-05,0.9981588850462507,1.0,0.0
google/gemma-3-1b-it,26,A_original_fit_paraphrase_eval,logic,analogy,1.0,task,logic_para_03,0.998715435609319,1.507559687542634e-05,0.9987003600124436,1.0,0.0
google/gemma-3-1b-it,26,A_original_fit_paraphrase_eval,logic,analogy,1.0,matched_random,logic_para_01,0.009765072772710852,0.5873402162849272,-0.5775751435122163,0.0,1.0
google/gemma-3-1b-it,26,A_original_fit_paraphrase_eval,logic,analogy,1.0,matched_random,logic_para_02,0.017199630755170812,0.6020292012020225,-0.5848295704468517,0.0,1.0
google/gemma-3-1b-it,26,A_original_fit_paraphrase_eval,logic,analogy,1.0,matched_random,logic_para_03,0.016082980545895333,0.7849831211014867,-0.7689001405555914,0.0,1.0
google/gemma-3-1b-it,26,A_original_fit_paraphrase_eval,logic,analogy,1.0,opposite,logic_para_01,2.9039317818775426e-08,0.9995732607200958,-0.9995732316807779,0.0,1.0
google/gemma-3-1b-it,26,A_original_fit_paraphrase_eval,logic,analogy,1.0,opposite,logic_para_02,4.990486863949544e-08,0.9996669076640666,-0.999666857759198,0.0,1.0
google/gemma-3-1b-it,26,A_original_fit_paraphrase_eval,logic,analogy,1.0,opposite,logic_para_03,3.579419544213416e-08,0.9998166214589892,-0.9998165856647937,0.0,1.0
google/gemma-3-1b-it,26,A_original_fit_paraphrase_eval,logic,definition,0.5,task,logic_para_01,0.9304423790235713,0.008547542769190232,0.9218948362543811,1.0,0.0
google/gemma-3-1b-it,26,A_original_fit_paraphrase_eval,logic,definition,0.5,task,logic_para_02,0.9411952616100439,0.008885901114031123,0.9323093604960128,1.0,0.0
google/gemma-3-1b-it,26,A_original_fit_paraphrase_eval,logic,definition,0.5,task,logic_para_03,0.8760262505817372,0.023139551783730613,0.8528866987980066,1.0,0.0
google/gemma-3-1b-it,26,A_original_fit_paraphrase_eval,logic,definition,0.5,matched_random,logic_para_01,0.11727886037762161,0.7176937503159803,-0.6004148899383587,0.0,1.0
google/gemma-3-1b-it,26,A_original_fit_paraphrase_eval,logic,definition,0.5,matched_random,logic_para_02,0.11802402488025455,0.7422663840044452,-0.6242423591241907,0.0,1.0
google/gemma-3-1b-it,26,A_original_fit_paraphrase_eval,logic,definition,0.5,matched_random,logic_para_03,0.047279379405406274,0.8319116711096264,-0.7846322917042201,0.0,1.0
google/gemma-3-1b-it,26,A_original_fit_paraphrase_eval,logic,definition,0.5,opposite,logic_para_01,0.00020991106175092346,0.9950538510851537,-0.9948439400234027,0.0,1.0
google/gemma-3-1b-it,26,A_original_fit_paraphrase_eval,logic,definition,0.5,opposite,logic_para_02,0.00020430194116119406,0.9952992961524048,-0.9950949942112436,0.0,1.0
google/gemma-3-1b-it,26,A_original_fit_paraphrase_eval,logic,definition,0.5,opposite,logic_para_03,7.311185398433484e-05,0.9965178426107023,-0.996444730756718,0.0,1.0
google/gemma-3-1b-it,26,A_original_fit_paraphrase_eval,logic,definition,0.75,task,logic_para_01,0.9844099538168853,0.0003374138698526244,0.9840725399470327,1.0,0.0
google/gemma-3-1b-it,26,A_original_fit_paraphrase_eval,logic,definition,0.75,task,logic_para_02,0.987722956307886,0.0003479301196626865,0.9873750261882233,1.0,0.0
google/gemma-3-1b-it,26,A_original_fit_paraphrase_eval,logic,definition,0.75,task,logic_para_03,0.9733934062660872,0.0009593152693191714,0.972434090996768,1.0,0.0
google/gemma-3-1b-it,26,A_original_fit_paraphrase_eval,logic,definition,0.75,matched_random,logic_para_01,0.11872081709881109,0.6996248923039597,-0.5809040752051486,0.0,1.0
google/gemma-3-1b-it,26,A_original_fit_paraphrase_eval,logic,definition,0.75,matched_random,logic_para_02,0.12025909099370172,0.7283267101084431,-0.6080676191147414,0.0,1.0
google/gemma-3-1b-it,26,A_original_fit_paraphrase_eval,logic,definition,0.75,matched_random,logic_para_03,0.048378552762359174,0.8197421586860896,-0.7713636059237304,0.0,1.0
google/gemma-3-1b-it,26,A_original_fit_paraphrase_eval,logic,definition,0.75,opposite,logic_para_01,7.864677574863873e-06,0.9992106338259518,-0.9992027691483769,0.0,1.0
google/gemma-3-1b-it,26,A_original_fit_paraphrase_eval,logic,definition,0.75,opposite,logic_para_02,7.652629101978924e-06,0.9992099128436686,-0.9992022602145666,0.0,1.0
google/gemma-3-1b-it,26,A_original_fit_paraphrase_eval,logic,definition,0.75,opposite,logic_para_03,2.7357776919715677e-06,0.9994082981276318,-0.9994055623499398,0.0,1.0
google/gemma-3-1b-it,26,A_original_fit_paraphrase_eval,logic,definition,1.0,task,logic_para_01,0.996320487683969,1.274151677763921e-05,0.9963077461671913,1.0,0.0
google/gemma-3-1b-it,26,A_original_fit_paraphrase_eval,logic,definition,1.0,task,logic_para_02,0.9972179245661029,1.3106359915004848e-05,0.9972048182061879,1.0,0.0
google/gemma-3-1b-it,26,A_original_fit_paraphrase_eval,logic,definition,1.0,task,logic_para_03,0.9939139285907855,3.654743218364549e-05,0.9938773811586019,1.0,0.0
google/gemma-3-1b-it,26,A_original_fit_paraphrase_eval,logic,definition,1.0,matched_random,logic_para_01,0.11988040277577407,0.6803079065321361,-0.5604275037563621,0.0,1.0
google/gemma-3-1b-it,26,A_original_fit_paraphrase_eval,logic,definition,1.0,matched_random,logic_para_02,0.12232014901824846,0.7133871311159058,-0.5910669820976573,0.0,1.0
google/gemma-3-1b-it,26,A_original_fit_paraphrase_eval,logic,definition,1.0,matched_random,logic_para_03,0.04942285546210792,0.8064383664445474,-0.7570155109824395,0.0,1.0
google/gemma-3-1b-it,26,A_original_fit_paraphrase_eval,logic,definition,1.0,opposite,logic_para_01,2.9363138740747575e-07,0.9998698357352571,-0.9998695421038697,0.0,1.0
google/gemma-3-1b-it,26,A_original_fit_paraphrase_eval,logic,definition,1.0,opposite,logic_para_02,2.85712560230662e-07,0.9998624685608999,-0.9998621828483396,0.0,1.0
google/gemma-3-1b-it,26,A_original_fit_paraphrase_eval,logic,definition,1.0,opposite,logic_para_03,1.0212412488371349e-07,0.9998972183579438,-0.9998971162338188,0.0,1.0
google/gemma-3-1b-it,26,A_original_fit_paraphrase_eval,causality,logic,0.5,task,causality_para_01,0.8155813022927292,0.042781190891961474,0.7728001114007677,1.0,0.0
google/gemma-3-1b-it,26,A_original_fit_paraphrase_eval,causality,logic,0.5,task,causality_para_02,0.9361008417058567,0.025218330534026598,0.9108825111718302,1.0,0.0
google/gemma-3-1b-it,26,A_original_fit_paraphrase_eval,causality,logic,0.5,task,causality_para_03,0.7778695948646408,0.1787726889685185,0.5990969058961223,1.0,0.0
google/gemma-3-1b-it,26,A_original_fit_paraphrase_eval,causality,logic,0.5,matched_random,causality_para_01,0.0182959627063815,0.884492482207211,-0.8661965195008295,0.0,1.0
google/gemma-3-1b-it,26,A_original_fit_paraphrase_eval,causality,logic,0.5,matched_random,causality_para_02,0.036928845431614676,0.9168804175301951,-0.8799515720985804,0.0,1.0
google/gemma-3-1b-it,26,A_original_fit_paraphrase_eval,causality,logic,0.5,matched_random,causality_para_03,0.004661835990967106,0.9874261792183138,-0.9827643432273466,0.0,1.0
google/gemma-3-1b-it,26,A_original_fit_paraphrase_eval,causality,logic,0.5,opposite,causality_para_01,8.326738448221038e-06,0.9979023866637429,-0.9978940599252947,0.0,1.0
google/gemma-3-1b-it,26,A_original_fit_paraphrase_eval,causality,logic,0.5,opposite,causality_para_02,1.623289821144807e-05,0.9991191690962536,-0.9991029361980422,0.0,1.0
google/gemma-3-1b-it,26,A_original_fit_paraphrase_eval,causality,logic,0.5,opposite,causality_para_03,1.9042058742099916e-06,0.9998521986015791,-0.9998502943957049,0.0,1.0
google/gemma-3-1b-it,26,A_original_fit_paraphrase_eval,causality,logic,0.75,task,causality_para_01,0.9710771157604591,0.0013101844675391565,0.9697669312929199,1.0,0.0
google/gemma-3-1b-it,26,A_original_fit_paraphrase_eval,causality,logic,0.75,task,causality_para_02,0.9923232618891324,0.0006876065211364584,0.991635655367996,1.0,0.0
google/gemma-3-1b-it,26,A_original_fit_paraphrase_eval,causality,logic,0.75,task,causality_para_03,0.9850212872987465,0.005822816582751968,0.9791984707159945,1.0,0.0
google/gemma-3-1b-it,26,A_original_fit_paraphrase_eval,causality,logic,0.75,matched_random,causality_para_01,0.022960885674021967,0.8667568224436779,-0.8437959367696559,0.0,1.0
google/gemma-3-1b-it,26,A_original_fit_paraphrase_eval,causality,logic,0.75,matched_random,causality_para_02,0.04639137532163134,0.8994022472250881,-0.8530108719034568,0.0,1.0
google/gemma-3-1b-it,26,A_original_fit_paraphrase_eval,causality,logic,0.75,matched_random,causality_para_03,0.005954143611299273,0.9847742981036457,-0.9788201544923464,0.0,1.0
google/gemma-3-1b-it,26,A_original_fit_paraphrase_eval,causality,logic,0.75,opposite,causality_para_01,2.1455308784584255e-07,0.999665696699291,-0.9996654821462031,0.0,1.0
google/gemma-3-1b-it,26,A_original_fit_paraphrase_eval,causality,logic,0.75,opposite,causality_para_02,4.178427127289672e-07,0.9998640200791684,-0.9998636022364557,0.0,1.0
google/gemma-3-1b-it,26,A_original_fit_paraphrase_eval,causality,logic,0.75,opposite,causality_para_03,4.8984779171071265e-08,0.9999768412649661,-0.999976792280187,0.0,1.0
google/gemma-3-1b-it,26,A_original_fit_paraphrase_eval,causality,logic,1.0,task,causality_para_01,0.9953072002031472,3.454052945111246e-05,0.9952726596736962,1.0,0.0
google/gemma-3-1b-it,26,A_original_fit_paraphrase_eval,causality,logic,1.0,task,causality_para_02,0.998770905646603,1.7801057998737223e-05,0.9987531045886042,1.0,0.0
google/gemma-3-1b-it,26,A_original_fit_paraphrase_eval,causality,logic,1.0,task,causality_para_03,0.9982884403045955,0.00015178772576125295,0.9981366525788342,1.0,0.0
google/gemma-3-1b-it,26,A_original_fit_paraphrase_eval,causality,logic,1.0,matched_random,causality_para_01,0.02870759310697516,0.8462041826923701,-0.817496589585395,0.0,1.0
google/gemma-3-1b-it,26,A_original_fit_paraphrase_eval,causality,logic,1.0,matched_random,causality_para_02,0.05801120114708965,0.8782099056301418,-0.8201987044830521,0.0,1.0
google/gemma-3-1b-it,26,A_original_fit_paraphrase_eval,causality,logic,1.0,matched_random,causality_para_03,0.0075996824453256,0.9814825858365234,-0.9738829033911978,0.0,1.0
google/gemma-3-1b-it,26,A_original_fit_paraphrase_eval,causality,logic,1.0,opposite,causality_para_01,5.520137388960923e-09,0.9999465573309766,-0.9999465518108392,0.0,1.0
google/gemma-3-1b-it,26,A_original_fit_paraphrase_eval,causality,logic,1.0,opposite,causality_para_02,1.0748694878715835e-08,0.999978644601482,-0.9999786338527871,0.0,1.0
google/gemma-3-1b-it,26,A_original_fit_paraphrase_eval,causality,logic,1.0,opposite,causality_para_03,1.259977341072449e-09,0.9999963271782617,-0.9999963259182844,0.0,1.0
google/gemma-3-1b-it,26,A_original_fit_paraphrase_eval,causality,analogy,0.5,task,causality_para_01,0.7666456810543535,0.045708350248328755,0.7209373308060247,1.0,0.0
google/gemma-3-1b-it,26,A_original_fit_paraphrase_eval,causality,analogy,0.5,task,causality_para_02,0.845420758614835,0.041304242300214615,0.8041165163146204,1.0,0.0
google/gemma-3-1b-it,26,A_original_fit_paraphrase_eval,causality,analogy,0.5,task,causality_para_03,0.6040199166126345,0.2831247531071689,0.32089516350546565,1.0,0.0
google/gemma-3-1b-it,26,A_original_fit_paraphrase_eval,causality,analogy,0.5,matched_random,causality_para_01,0.0008768320719738316,0.7589488944311036,-0.7580720623591297,0.0,1.0
google/gemma-3-1b-it,26,A_original_fit_paraphrase_eval,causality,analogy,0.5,matched_random,causality_para_02,0.001236170889999788,0.8767898578859152,-0.8755536869959154,0.0,1.0
google/gemma-3-1b-it,26,A_original_fit_paraphrase_eval,causality,analogy,0.5,matched_random,causality_para_03,0.00014358414329382907,0.9770759322351062,-0.9769323480918124,0.0,1.0
google/gemma-3-1b-it,26,A_original_fit_paraphrase_eval,causality,analogy,0.5,opposite,causality_para_01,2.146849486111501e-06,0.9980296859934676,-0.9980275391439816,0.0,1.0
google/gemma-3-1b-it,26,A_original_fit_paraphrase_eval,causality,analogy,0.5,opposite,causality_para_02,2.622264292353593e-06,0.9989395826681916,-0.9989369604038992,0.0,1.0
google/gemma-3-1b-it,26,A_original_fit_paraphrase_eval,causality,analogy,0.5,opposite,causality_para_03,2.735650726117576e-07,0.9998347765368253,-0.9998345029717527,0.0,1.0
google/gemma-3-1b-it,26,A_original_fit_paraphrase_eval,causality,analogy,0.75,task,causality_para_01,0.96830804181562,0.0010925193551265288,0.9672155224604935,1.0,0.0
google/gemma-3-1b-it,26,A_original_fit_paraphrase_eval,causality,analogy,0.75,task,causality_para_02,0.9810246244698151,0.000907019050458658,0.9801176054193564,1.0,0.0
google/gemma-3-1b-it,26,A_original_fit_paraphrase_eval,causality,analogy,0.75,task,causality_para_03,0.9670302335714243,0.008577907953067962,0.9584523256183562,1.0,0.0
google/gemma-3-1b-it,26,A_original_fit_paraphrase_eval,causality,analogy,0.75,matched_random,causality_para_01,0.00031346629547811136,0.6186561459050418,-0.6183426796095637,0.0,1.0
google/gemma-3-1b-it,26,A_original_fit_paraphrase_eval,causality,analogy,0.75,matched_random,causality_para_02,0.0004938899097989734,0.79874753880989,-0.7982536489000911,0.0,1.0
google/gemma-3-1b-it,26,A_original_fit_paraphrase_eval,causality,analogy,0.75,matched_random,causality_para_03,6.176517952613106e-05,0.9583583181717641,-0.9582965529922379,0.0,1.0
google/gemma-3-1b-it,26,A_original_fit_paraphrase_eval,causality,analogy,0.75,opposite,causality_para_01,4.069537889769175e-08,0.9997057970514266,-0.9997057563560477,0.0,1.0
google/gemma-3-1b-it,26,A_original_fit_paraphrase_eval,causality,analogy,0.75,opposite,causality_para_02,4.966910783721223e-08,0.999848898486733,-0.9998488488176251,0.0,1.0
google/gemma-3-1b-it,26,A_original_fit_paraphrase_eval,causality,analogy,0.75,opposite,causality_para_03,5.1776986840554866e-09,0.9999760893527793,-0.9999760841750805,0.0,1.0
google/gemma-3-1b-it,26,A_original_fit_paraphrase_eval,causality,analogy,1.0,task,causality_para_01,0.9958954749641612,2.1263958102879097e-05,0.9958742110060583,1.0,0.0
google/gemma-3-1b-it,26,A_original_fit_paraphrase_eval,causality,analogy,1.0,task,causality_para_02,0.9974394520504762,1.7451702060119586e-05,0.9974220003484161,1.0,0.0
google/gemma-3-1b-it,26,A_original_fit_paraphrase_eval,causality,analogy,1.0,task,causality_para_03,0.996415019495163,0.00016726163683055914,0.9962477578583324,1.0,0.0
google/gemma-3-1b-it,26,A_original_fit_paraphrase_eval,causality,analogy,1.0,matched_random,causality_para_01,0.00010052253583067423,0.4523600987724602,-0.45225957623662955,0.0,0.0
google/gemma-3-1b-it,26,A_original_fit_paraphrase_eval,causality,analogy,1.0,matched_random,causality_para_02,0.00018401401135657757,0.6785668610127535,-0.678382847001397,0.0,1.0
google/gemma-3-1b-it,26,A_original_fit_paraphrase_eval,causality,analogy,1.0,matched_random,causality_para_03,2.609450018401078e-05,0.9231995106672072,-0.9231734161670232,0.0,1.0
google/gemma-3-1b-it,26,A_original_fit_paraphrase_eval,causality,analogy,1.0,opposite,causality_para_01,7.70315294412041e-10,0.9999559917757243,-0.999955991005409,0.0,1.0
google/gemma-3-1b-it,26,A_original_fit_paraphrase_eval,causality,analogy,1.0,opposite,causality_para_02,9.40063763300108e-10,0.9999783045606091,-0.9999783036205453,0.0,1.0
google/gemma-3-1b-it,26,A_original_fit_paraphrase_eval,causality,analogy,1.0,opposite,causality_para_03,9.798517949389019e-11,0.9999965167342444,-0.9999965166362592,0.0,1.0
google/gemma-3-1b-it,26,A_original_fit_paraphrase_eval,causality,definition,0.5,task,causality_para_01,0.9674164928546244,0.01941781060208274,0.9479986822525417,1.0,0.0
google/gemma-3-1b-it,26,A_original_fit_paraphrase_eval,causality,definition,0.5,task,causality_para_02,0.8959934206731579,0.048317037574587496,0.8476763830985704,1.0,0.0
google/gemma-3-1b-it,26,A_original_fit_paraphrase_eval,causality,definition,0.5,task,causality_para_03,0.7461865037141173,0.22432583985861076,0.5218606638555066,1.0,0.0
google/gemma-3-1b-it,26,A_original_fit_paraphrase_eval,causality,definition,0.5,matched_random,causality_para_01,0.20120043045883498,0.7906932289590491,-0.5894927985002142,0.0,1.0
google/gemma-3-1b-it,26,A_original_fit_paraphrase_eval,causality,definition,0.5,matched_random,causality_para_02,0.08504338354740808,0.8979007816034449,-0.8128573980560369,0.0,1.0
google/gemma-3-1b-it,26,A_original_fit_paraphrase_eval,causality,definition,0.5,matched_random,causality_para_03,0.01666934498510803,0.9811666726078617,-0.9644973276227536,0.0,1.0
google/gemma-3-1b-it,26,A_original_fit_paraphrase_eval,causality,definition,0.5,opposite,causality_para_01,0.00011809568397540588,0.9993702312956658,-0.9992521356116905,0.0,1.0
google/gemma-3-1b-it,26,A_original_fit_paraphrase_eval,causality,definition,0.5,opposite,causality_para_02,4.3943680116173567e-05,0.9990736668930473,-0.9990297232129312,0.0,1.0
google/gemma-3-1b-it,26,A_original_fit_paraphrase_eval,causality,definition,0.5,opposite,causality_para_03,7.888876713057649e-06,0.9998910729933247,-0.9998831841166116,0.0,1.0
google/gemma-3-1b-it,26,A_original_fit_paraphrase_eval,causality,definition,0.75,task,causality_para_01,0.9960037481683947,0.0007845512958214119,0.9952191968725732,1.0,0.0
google/gemma-3-1b-it,26,A_original_fit_paraphrase_eval,causality,definition,0.75,task,causality_para_02,0.9834901583750346,0.0020813211346601456,0.9814088372403744,1.0,0.0
google/gemma-3-1b-it,26,A_original_fit_paraphrase_eval,causality,definition,0.75,task,causality_para_03,0.9793189185795739,0.011553927943019876,0.967764990636554,1.0,0.0
google/gemma-3-1b-it,26,A_original_fit_paraphrase_eval,causality,definition,0.75,matched_random,causality_para_01,0.3149079320410667,0.6795673144400288,-0.3646593823989621,0.0,1.0
google/gemma-3-1b-it,26,A_original_fit_paraphrase_eval,causality,definition,0.75,matched_random,causality_para_02,0.14520400757751717,0.8418528562509787,-0.6966488486734616,0.0,1.0
google/gemma-3-1b-it,26,A_original_fit_paraphrase_eval,causality,definition,0.75,matched_random,causality_para_03,0.029958403030134324,0.9683061279852623,-0.938347724955128,0.0,1.0
google/gemma-3-1b-it,26,A_original_fit_paraphrase_eval,causality,definition,0.75,opposite,causality_para_01,4.637055686065402e-06,0.9999104256919344,-0.9999057886362483,0.0,1.0
google/gemma-3-1b-it,26,A_original_fit_paraphrase_eval,causality,definition,0.75,opposite,causality_para_02,1.725869301332541e-06,0.9998512497214758,-0.9998495238521744,0.0,1.0
google/gemma-3-1b-it,26,A_original_fit_paraphrase_eval,causality,definition,0.75,opposite,causality_para_03,3.0961973118486205e-07,0.999982854228234,-0.9999825446085028,0.0,1.0
google/gemma-3-1b-it,26,A_original_fit_paraphrase_eval,causality,definition,1.0,task,causality_para_01,0.9992054051103416,3.088792567623216e-05,0.9991745171846654,1.0,0.0
google/gemma-3-1b-it,26,A_original_fit_paraphrase_eval,causality,definition,1.0,task,causality_para_02,0.9964656083455379,8.275704744564181e-05,0.9963828512980922,1.0,0.0
google/gemma-3-1b-it,26,A_original_fit_paraphrase_eval,causality,definition,1.0,task,causality_para_03,0.9973454494895171,0.00046176894100672224,0.9968836805485104,1.0,0.0
google/gemma-3-1b-it,26,A_original_fit_paraphrase_eval,causality,definition,1.0,matched_random,causality_para_01,0.4560320102247429,0.5403983051883866,-0.08436629496364373,0.0,1.0
google/gemma-3-1b-it,26,A_original_fit_paraphrase_eval,causality,definition,1.0,matched_random,causality_para_02,0.23674627741225343,0.7537208230407387,-0.5169745456284853,0.0,1.0
google/gemma-3-1b-it,26,A_original_fit_paraphrase_eval,causality,definition,1.0,matched_random,causality_para_03,0.05326283392477778,0.9453400538086668,-0.892077219883889,0.0,1.0
google/gemma-3-1b-it,26,A_original_fit_paraphrase_eval,causality,definition,1.0,opposite,causality_para_01,1.8199045500576614e-07,0.9999857204587081,-0.9999855384682531,0.0,1.0
google/gemma-3-1b-it,26,A_original_fit_paraphrase_eval,causality,definition,1.0,opposite,causality_para_02,6.773847940356758e-08,0.9999754446143675,-0.9999753768758881,0.0,1.0
google/gemma-3-1b-it,26,A_original_fit_paraphrase_eval,causality,definition,1.0,opposite,causality_para_03,1.215090007610719e-08,0.9999971819535516,-0.9999971698026515,0.0,1.0
google/gemma-3-1b-it,26,A_original_fit_paraphrase_eval,analogy,logic,0.5,task,analogy_para_01,0.9563779879481321,0.00013864645854574635,0.9562393414895863,1.0,0.0
google/gemma-3-1b-it,26,A_original_fit_paraphrase_eval,analogy,logic,0.5,task,analogy_para_02,0.9622545467784348,0.0006077168349658709,0.961646829943469,1.0,0.0
google/gemma-3-1b-it,26,A_original_fit_paraphrase_eval,analogy,logic,0.5,task,analogy_para_03,0.9189489180248248,0.0003291737555519039,0.918619744269273,1.0,0.0
google/gemma-3-1b-it,26,A_original_fit_paraphrase_eval,analogy,logic,0.5,matched_random,analogy_para_01,0.28692962150753304,0.038099220722243754,0.24883040078528929,0.0,0.0
google/gemma-3-1b-it,26,A_original_fit_paraphrase_eval,analogy,logic,0.5,matched_random,analogy_para_02,0.2531555957036249,0.14644020397160476,0.10671539173202013,0.0,0.0
google/gemma-3-1b-it,26,A_original_fit_paraphrase_eval,analogy,logic,0.5,matched_random,analogy_para_03,0.16984291473848542,0.05572406167179674,0.11411885306668867,0.0,0.0
google/gemma-3-1b-it,26,A_original_fit_paraphrase_eval,analogy,logic,0.5,opposite,analogy_para_01,0.004342562503047376,0.8563726403782395,-0.8520300778751921,0.0,1.0
google/gemma-3-1b-it,26,A_original_fit_paraphrase_eval,analogy,logic,0.5,opposite,analogy_para_02,0.0011252699383233335,0.9667306969288636,-0.9656054269905403,0.0,1.0
google/gemma-3-1b-it,26,A_original_fit_paraphrase_eval,analogy,logic,0.5,opposite,analogy_para_03,0.0018172151935438065,0.8854778210586398,-0.883660605865096,0.0,1.0
google/gemma-3-1b-it,26,A_original_fit_paraphrase_eval,analogy,logic,0.75,task,analogy_para_01,0.9912315441696177,4.2077017543815136e-06,0.9912273364678633,1.0,0.0
google/gemma-3-1b-it,26,A_original_fit_paraphrase_eval,analogy,logic,0.75,task,analogy_para_02,0.992625465104182,1.8356392436070475e-05,0.992607108711746,1.0,0.0
google/gemma-3-1b-it,26,A_original_fit_paraphrase_eval,analogy,logic,0.75,task,analogy_para_03,0.9831981057894974,1.0312536307540646e-05,0.9831877932531898,1.0,0.0
google/gemma-3-1b-it,26,A_original_fit_paraphrase_eval,analogy,logic,0.75,matched_random,analogy_para_01,0.21737680417944416,0.025578512323686586,0.19179829185575759,0.0,0.0
google/gemma-3-1b-it,26,A_original_fit_paraphrase_eval,analogy,logic,0.75,matched_random,analogy_para_02,0.19258949398216677,0.09872491323775355,0.09386458074441321,0.0,0.0
google/gemma-3-1b-it,26,A_original_fit_paraphrase_eval,analogy,logic,0.75,matched_random,analogy_para_03,0.12425560699183086,0.03612706662878838,0.08812854036304248,0.0,0.0
google/gemma-3-1b-it,26,A_original_fit_paraphrase_eval,analogy,logic,0.75,opposite,analogy_para_01,0.00014489645727093438,0.9758517541878932,-0.9757068577306223,0.0,1.0
google/gemma-3-1b-it,26,A_original_fit_paraphrase_eval,analogy,logic,0.75,opposite,analogy_para_02,3.3909709220036476e-05,0.9949064173711479,-0.9948725076619279,0.0,1.0
google/gemma-3-1b-it,26,A_original_fit_paraphrase_eval,analogy,logic,0.75,opposite,analogy_para_03,5.8953774703906294e-05,0.9810526609727062,-0.9809937071980023,0.0,1.0
google/gemma-3-1b-it,26,A_original_fit_paraphrase_eval,analogy,logic,1.0,task,analogy_para_01,0.9982818493500848,1.2408338584885312e-07,0.9982817252666989,1.0,0.0
google/gemma-3-1b-it,26,A_original_fit_paraphrase_eval,analogy,logic,1.0,task,analogy_para_02,0.9985775343733881,5.407223716420634e-07,0.9985769936510165,1.0,0.0
google/gemma-3-1b-it,26,A_original_fit_paraphrase_eval,analogy,logic,1.0,task,analogy_para_03,0.9966872344146124,3.06107506054132e-07,0.9966869283071064,1.0,0.0
google/gemma-3-1b-it,26,A_original_fit_paraphrase_eval,analogy,logic,1.0,matched_random,analogy_para_01,0.15625784644836122,0.01629390919569844,0.13996393725266276,0.0,0.0
google/gemma-3-1b-it,26,A_original_fit_paraphrase_eval,analogy,logic,1.0,matched_random,analogy_para_02,0.13822054060539093,0.06278965991603293,0.07543088068935801,0.0,0.0
google/gemma-3-1b-it,26,A_original_fit_paraphrase_eval,analogy,logic,1.0,matched_random,analogy_para_03,0.08665955906144458,0.022328243242147425,0.06433131581929716,0.0,0.0
google/gemma-3-1b-it,26,A_original_fit_paraphrase_eval,analogy,logic,1.0,opposite,analogy_para_01,4.33160414576824e-06,0.9962864299408605,-0.9962820983367147,0.0,1.0
google/gemma-3-1b-it,26,A_original_fit_paraphrase_eval,analogy,logic,1.0,opposite,analogy_para_02,9.972273230978203e-07,0.9992213617243515,-0.9992203644970284,0.0,1.0
google/gemma-3-1b-it,26,A_original_fit_paraphrase_eval,analogy,logic,1.0,opposite,analogy_para_03,1.7544667247797918e-06,0.997091956124904,-0.9970902016581792,0.0,1.0
google/gemma-3-1b-it,26,A_original_fit_paraphrase_eval,analogy,causality,0.5,task,analogy_para_01,0.9369859264372642,0.00011597435305045498,0.9368699520842138,1.0,0.0
google/gemma-3-1b-it,26,A_original_fit_paraphrase_eval,analogy,causality,0.5,task,analogy_para_02,0.8583845814203603,0.001044488401281633,0.8573400930190787,1.0,0.0
google/gemma-3-1b-it,26,A_original_fit_paraphrase_eval,analogy,causality,0.5,task,analogy_para_03,0.9507453722628411,0.0001517672803132245,0.9505936049825279,1.0,0.0
google/gemma-3-1b-it,26,A_original_fit_paraphrase_eval,analogy,causality,0.5,matched_random,analogy_para_01,0.1524239948168308,0.012459486502467924,0.13996450831436288,0.0,0.0
google/gemma-3-1b-it,26,A_original_fit_paraphrase_eval,analogy,causality,0.5,matched_random,analogy_para_02,0.06539612383324858,0.052552288691911773,0.012843835141336808,0.0,0.0
google/gemma-3-1b-it,26,A_original_fit_paraphrase_eval,analogy,causality,0.5,matched_random,analogy_para_03,0.18229924193276648,0.01921837696218914,0.16308086497057733,0.0,0.0
google/gemma-3-1b-it,26,A_original_fit_paraphrase_eval,analogy,causality,0.5,opposite,analogy_para_01,0.0008660337258209944,0.8358044988459592,-0.8349384651201383,0.0,1.0
google/gemma-3-1b-it,26,A_original_fit_paraphrase_eval,analogy,causality,0.5,opposite,analogy_para_02,0.00010062879719898857,0.9547397487429026,-0.9546391199457036,0.0,1.0
google/gemma-3-1b-it,26,A_original_fit_paraphrase_eval,analogy,causality,0.5,opposite,analogy_para_03,0.0007270234494033973,0.904905773209788,-0.9041787497603846,0.0,1.0
google/gemma-3-1b-it,26,A_original_fit_paraphrase_eval,analogy,causality,0.75,task,analogy_para_01,0.9906976637818435,2.3205171229205013e-06,0.9906953432647206,1.0,0.0
google/gemma-3-1b-it,26,A_original_fit_paraphrase_eval,analogy,causality,0.75,task,analogy_para_02,0.9774507197247828,2.2507711100343143e-05,0.9774282120136825,1.0,0.0
google/gemma-3-1b-it,26,A_original_fit_paraphrase_eval,analogy,causality,0.75,task,analogy_para_03,0.9926323327642562,2.9985900563797913e-06,0.9926293341741999,1.0,0.0
google/gemma-3-1b-it,26,A_original_fit_paraphrase_eval,analogy,causality,0.75,matched_random,analogy_para_01,0.12333396474820216,0.0049029018760222585,0.1184310628721799,0.0,0.0
google/gemma-3-1b-it,26,A_original_fit_paraphrase_eval,analogy,causality,0.75,matched_random,analogy_para_02,0.05270735366014077,0.020598450079344945,0.03210890358079582,0.0,0.0
google/gemma-3-1b-it,26,A_original_fit_paraphrase_eval,analogy,causality,0.75,matched_random,analogy_para_03,0.14394309458924193,0.007379830461274683,0.13656326412796724,0.0,0.0
google/gemma-3-1b-it,26,A_original_fit_paraphrase_eval,analogy,causality,0.75,opposite,analogy_para_01,1.908549855429081e-05,0.973326753367255,-0.9733076678687007,0.0,1.0
google/gemma-3-1b-it,26,A_original_fit_paraphrase_eval,analogy,causality,0.75,opposite,analogy_para_02,1.981518765563597e-06,0.9934503430269831,-0.9934483615082176,0.0,1.0
google/gemma-3-1b-it,26,A_original_fit_paraphrase_eval,analogy,causality,0.75,opposite,analogy_para_03,1.499058269293102e-05,0.9859586620646212,-0.9859436714819283,0.0,1.0
google/gemma-3-1b-it,26,A_original_fit_paraphrase_eval,analogy,causality,1.0,task,analogy_para_01,0.9986794440179569,4.426744915767996e-08,0.9986793997505078,1.0,0.0
google/gemma-3-1b-it,26,A_original_fit_paraphrase_eval,analogy,causality,1.0,task,analogy_para_02,0.9967437837899685,4.3434491856556666e-07,0.9967433494450499,1.0,0.0
google/gemma-3-1b-it,26,A_original_fit_paraphrase_eval,analogy,causality,1.0,task,analogy_para_03,0.9989287148319007,5.710549815646035e-08,0.9989286577264026,1.0,0.0
google/gemma-3-1b-it,26,A_original_fit_paraphrase_eval,analogy,causality,1.0,matched_random,analogy_para_01,0.09688313925002603,0.0018730200053329973,0.09501011924469303,0.0,0.0
google/gemma-3-1b-it,26,A_original_fit_paraphrase_eval,analogy,causality,1.0,matched_random,analogy_para_02,0.040733616610667246,0.0077417654185091625,0.032991851192158084,0.0,0.0
google/gemma-3-1b-it,26,A_original_fit_paraphrase_eval,analogy,causality,1.0,matched_random,analogy_para_03,0.11009626144191026,0.0027450599020344304,0.10735120153987583,0.0,0.0
google/gemma-3-1b-it,26,A_original_fit_paraphrase_eval,analogy,causality,1.0,opposite,analogy_para_01,3.69645830058802e-07,0.9961533852149956,-0.9961530155691656,0.0,1.0
google/gemma-3-1b-it,26,A_original_fit_paraphrase_eval,analogy,causality,1.0,opposite,analogy_para_02,3.771077984098289e-08,0.9990764917722095,-0.9990764540614296,0.0,1.0
google/gemma-3-1b-it,26,A_original_fit_paraphrase_eval,analogy,causality,1.0,opposite,analogy_para_03,2.871615751220079e-07,0.9980487874973425,-0.9980485003357674,0.0,1.0
google/gemma-3-1b-it,26,A_original_fit_paraphrase_eval,analogy,definition,0.5,task,analogy_para_01,0.9089776021621733,0.00019743350131631214,0.908780168660857,1.0,0.0
google/gemma-3-1b-it,26,A_original_fit_paraphrase_eval,analogy,definition,0.5,task,analogy_para_02,0.9390306849244692,0.000765006064892231,0.9382656788595769,1.0,0.0
google/gemma-3-1b-it,26,A_original_fit_paraphrase_eval,analogy,definition,0.5,task,analogy_para_03,0.9317976275716404,0.00025719085631640095,0.931540436715324,1.0,0.0
google/gemma-3-1b-it,26,A_original_fit_paraphrase_eval,analogy,definition,0.5,matched_random,analogy_para_01,0.612472603126509,0.013098576414426404,0.5993740267120826,1.0,0.0
google/gemma-3-1b-it,26,A_original_fit_paraphrase_eval,analogy,definition,0.5,matched_random,analogy_para_02,0.6718954648458559,0.053896004389358,0.6179994604564979,1.0,0.0
google/gemma-3-1b-it,26,A_original_fit_paraphrase_eval,analogy,definition,0.5,matched_random,analogy_para_03,0.6859918445518242,0.018643293749716204,0.667348550802108,1.0,0.0
google/gemma-3-1b-it,26,A_original_fit_paraphrase_eval,analogy,definition,0.5,opposite,analogy_para_01,0.0032926541868050774,0.8447200271199553,-0.8414273729331503,0.0,1.0
google/gemma-3-1b-it,26,A_original_fit_paraphrase_eval,analogy,definition,0.5,opposite,analogy_para_02,0.0010019133944261542,0.9640826810932692,-0.9630807676988431,0.0,1.0
google/gemma-3-1b-it,26,A_original_fit_paraphrase_eval,analogy,definition,0.5,opposite,analogy_para_03,0.002812478297391923,0.9169002862693307,-0.9140878079719388,0.0,1.0
google/gemma-3-1b-it,26,A_original_fit_paraphrase_eval,analogy,definition,0.75,task,analogy_para_01,0.9779819549034411,6.443528530844196e-06,0.9779755113749102,1.0,0.0
google/gemma-3-1b-it,26,A_original_fit_paraphrase_eval,analogy,definition,0.75,task,analogy_para_02,0.986452580786642,2.4377353572363764e-05,0.9864282034330696,1.0,0.0
google/gemma-3-1b-it,26,A_original_fit_paraphrase_eval,analogy,definition,0.75,task,analogy_para_03,0.9831358541976053,8.231381070373556e-06,0.9831276228165349,1.0,0.0
google/gemma-3-1b-it,26,A_original_fit_paraphrase_eval,analogy,definition,0.75,matched_random,analogy_para_01,0.7456877050971021,0.0048001470897806415,0.7408875580073215,1.0,0.0
google/gemma-3-1b-it,26,A_original_fit_paraphrase_eval,analogy,definition,0.75,matched_random,analogy_para_02,0.8056805381668437,0.01945260933091698,0.7862279288359267,1.0,0.0
google/gemma-3-1b-it,26,A_original_fit_paraphrase_eval,analogy,definition,0.75,matched_random,analogy_para_03,0.7999593755400131,0.006543826173149614,0.7934155493668634,1.0,0.0
google/gemma-3-1b-it,26,A_original_fit_paraphrase_eval,analogy,definition,0.75,opposite,analogy_para_01,0.00011520212690794314,0.9743206745731605,-0.9742054724462526,0.0,1.0
google/gemma-3-1b-it,26,A_original_fit_paraphrase_eval,analogy,definition,0.75,opposite,analogy_para_02,3.1352862135492134e-05,0.994571573982361,-0.9945402211202254,0.0,1.0
google/gemma-3-1b-it,26,A_original_fit_paraphrase_eval,analogy,definition,0.75,opposite,analogy_para_03,9.190151455210314e-05,0.9877120410634379,-0.9876201395488858,0.0,1.0
google/gemma-3-1b-it,26,A_original_fit_paraphrase_eval,analogy,definition,1.0,task,analogy_para_01,0.9948623221718866,1.9882964935161525e-07,0.9948621233422373,1.0,0.0
google/gemma-3-1b-it,26,A_original_fit_paraphrase_eval,analogy,definition,1.0,task,analogy_para_02,0.9970286476445059,7.473830239501077e-07,0.997027900261482,1.0,0.0
google/gemma-3-1b-it,26,A_original_fit_paraphrase_eval,analogy,definition,1.0,task,analogy_para_03,0.9959197757970264,2.529349119593925e-07,0.9959195228621145,1.0,0.0
google/gemma-3-1b-it,26,A_original_fit_paraphrase_eval,analogy,definition,1.0,matched_random,analogy_para_01,0.8429824963723636,0.001633338698775959,0.8413491576735876,1.0,0.0
google/gemma-3-1b-it,26,A_original_fit_paraphrase_eval,analogy,definition,1.0,matched_random,analogy_para_02,0.8902514232740485,0.006469754485115326,0.8837816687889332,1.0,0.0
google/gemma-3-1b-it,26,A_original_fit_paraphrase_eval,analogy,definition,1.0,matched_random,analogy_para_03,0.8778089659234851,0.0021613443542000403,0.8756476215692851,1.0,0.0
google/gemma-3-1b-it,26,A_original_fit_paraphrase_eval,analogy,definition,1.0,opposite,analogy_para_01,3.5727755312478988e-06,0.996143495184213,-0.9961399224086818,0.0,1.0
google/gemma-3-1b-it,26,A_original_fit_paraphrase_eval,analogy,definition,1.0,opposite,analogy_para_02,9.55456471608285e-07,0.9991817823258661,-0.9991808268693945,0.0,1.0
google/gemma-3-1b-it,26,A_original_fit_paraphrase_eval,analogy,definition,1.0,opposite,analogy_para_03,2.8174041351174337e-06,0.9982322080666494,-0.9982293906625143,0.0,1.0
google/gemma-3-1b-it,26,A_original_fit_paraphrase_eval,definition,logic,0.5,task,definition_para_01,0.8999174452325419,0.03138050426040701,0.8685369409721349,1.0,0.0
google/gemma-3-1b-it,26,A_original_fit_paraphrase_eval,definition,logic,0.5,task,definition_para_02,0.961681050400829,0.004785463622521926,0.956895586778307,1.0,0.0
google/gemma-3-1b-it,26,A_original_fit_paraphrase_eval,definition,logic,0.5,task,definition_para_03,0.5418274168086706,0.2664570808801364,0.2753703359285342,1.0,0.0
google/gemma-3-1b-it,26,A_original_fit_paraphrase_eval,definition,logic,0.5,matched_random,definition_para_01,0.05063822420531516,0.8041034994023983,-0.7534652751970832,0.0,1.0
google/gemma-3-1b-it,26,A_original_fit_paraphrase_eval,definition,logic,0.5,matched_random,definition_para_02,0.2185066287055303,0.49514661538832494,-0.27663998668279466,0.0,1.0
google/gemma-3-1b-it,26,A_original_fit_paraphrase_eval,definition,logic,0.5,matched_random,definition_para_03,0.004198204678938366,0.9401694495295463,-0.9359712448506079,0.0,1.0
google/gemma-3-1b-it,26,A_original_fit_paraphrase_eval,definition,logic,0.5,opposite,definition_para_01,5.5186127124600285e-05,0.9929939998647531,-0.9929388137376285,0.0,1.0
google/gemma-3-1b-it,26,A_original_fit_paraphrase_eval,definition,logic,0.5,opposite,definition_para_02,0.0003808127655395338,0.9778312646501466,-0.977450451884607,0.0,1.0
google/gemma-3-1b-it,26,A_original_fit_paraphrase_eval,definition,logic,0.5,opposite,definition_para_03,3.930816690943647e-06,0.9974899768625785,-0.9974860460458875,0.0,1.0
google/gemma-3-1b-it,26,A_original_fit_paraphrase_eval,definition,logic,0.75,task,definition_para_01,0.9867364880158117,0.0012837887638304946,0.9854526992519812,1.0,0.0
google/gemma-3-1b-it,26,A_original_fit_paraphrase_eval,definition,logic,0.75,task,definition_para_02,0.9942907270413617,0.00018460416056192836,0.9941061228807998,1.0,0.0
google/gemma-3-1b-it,26,A_original_fit_paraphrase_eval,definition,logic,0.75,task,definition_para_03,0.9322055150606703,0.01710460667306262,0.9151009083876077,1.0,0.0
google/gemma-3-1b-it,26,A_original_fit_paraphrase_eval,definition,logic,0.75,matched_random,definition_para_01,0.06081781554266748,0.7689313284936093,-0.7081135129509418,0.0,1.0
google/gemma-3-1b-it,26,A_original_fit_paraphrase_eval,definition,logic,0.75,matched_random,definition_para_02,0.24474824601803738,0.44158268945671825,-0.19683444343868087,0.0,1.0
google/gemma-3-1b-it,26,A_original_fit_paraphrase_eval,definition,logic,0.75,matched_random,definition_para_03,0.005214581374606804,0.9297907673485338,-0.924576185973927,0.0,1.0
google/gemma-3-1b-it,26,A_original_fit_paraphrase_eval,definition,logic,0.75,opposite,definition_para_01,2.07008540535749e-06,0.9983201472160733,-0.998318077130668,0.0,1.0
google/gemma-3-1b-it,26,A_original_fit_paraphrase_eval,definition,logic,0.75,opposite,definition_para_02,1.4453109527761384e-05,0.9946689925008084,-0.9946545393912807,0.0,1.0
google/gemma-3-1b-it,26,A_original_fit_paraphrase_eval,definition,logic,0.75,opposite,definition_para_03,1.4694132343393056e-07,0.9993889908269215,-0.999388843885598,0.0,1.0
google/gemma-3-1b-it,26,A_original_fit_paraphrase_eval,definition,logic,1.0,task,definition_para_01,0.9980107899887725,4.844653868898876e-05,0.9979623434500835,1.0,0.0
google/gemma-3-1b-it,26,A_original_fit_paraphrase_eval,definition,logic,1.0,task,definition_para_02,0.9991018613669175,6.921066128118486e-06,0.9990949403007894,1.0,0.0
google/gemma-3-1b-it,26,A_original_fit_paraphrase_eval,definition,logic,1.0,task,definition_para_03,0.991033811796017,0.0006784612228178225,0.9903553505731992,1.0,0.0
google/gemma-3-1b-it,26,A_original_fit_paraphrase_eval,definition,logic,1.0,matched_random,definition_para_01,0.0723558047742541,0.7283722152727353,-0.6560164104984813,0.0,1.0
google/gemma-3-1b-it,26,A_original_fit_paraphrase_eval,definition,logic,1.0,matched_random,definition_para_02,0.27023473769279416,0.3882012067864088,-0.11796646909361463,0.0,1.0
google/gemma-3-1b-it,26,A_original_fit_paraphrase_eval,definition,logic,1.0,matched_random,definition_para_03,0.006464085794780196,0.9176903102538867,-0.9112262244591065,0.0,1.0
google/gemma-3-1b-it,26,A_original_fit_paraphrase_eval,definition,logic,1.0,opposite,definition_para_01,7.733531613876093e-08,0.99959552336986,-0.9995954460345439,0.0,1.0
google/gemma-3-1b-it,26,A_original_fit_paraphrase_eval,definition,logic,1.0,opposite,definition_para_02,5.414515162078323e-07,0.9987153500727904,-0.9987148086212743,0.0,1.0
google/gemma-3-1b-it,26,A_original_fit_paraphrase_eval,definition,logic,1.0,opposite,definition_para_03,5.485041625181311e-09,0.9998512794814001,-0.9998512739963584,0.0,1.0
google/gemma-3-1b-it,26,A_original_fit_paraphrase_eval,definition,causality,0.5,task,definition_para_01,0.9732126212726213,0.013700557571481534,0.9595120637011397,1.0,0.0
google/gemma-3-1b-it,26,A_original_fit_paraphrase_eval,definition,causality,0.5,task,definition_para_02,0.9703427057770969,0.004311782734521395,0.9660309230425755,1.0,0.0
google/gemma-3-1b-it,26,A_original_fit_paraphrase_eval,definition,causality,0.5,task,definition_para_03,0.9627601299877395,0.0352011897224006,0.9275589402653389,1.0,0.0
google/gemma-3-1b-it,26,A_original_fit_paraphrase_eval,definition,causality,0.5,matched_random,definition_para_01,0.0693621745747768,0.9086625613668418,-0.839300386792065,0.0,1.0
google/gemma-3-1b-it,26,A_original_fit_paraphrase_eval,definition,causality,0.5,matched_random,definition_para_02,0.17341397189409874,0.7170760772539221,-0.5436621053598234,0.0,1.0
google/gemma-3-1b-it,26,A_original_fit_paraphrase_eval,definition,causality,0.5,matched_random,definition_para_03,0.0285097314550277,0.9700224743062915,-0.9415127428512639,0.0,1.0
google/gemma-3-1b-it,26,A_original_fit_paraphrase_eval,definition,causality,0.5,opposite,definition_para_01,0.0001679595815551415,0.9968754546460226,-0.9967074950644674,0.0,1.0
google/gemma-3-1b-it,26,A_original_fit_paraphrase_eval,definition,causality,0.5,opposite,definition_para_02,0.0005241022252996878,0.9818685210015617,-0.9813444187762621,0.0,1.0
google/gemma-3-1b-it,26,A_original_fit_paraphrase_eval,definition,causality,0.5,opposite,definition_para_03,6.48560591518982e-05,0.999759202720733,-0.9996943466615812,0.0,1.0
google/gemma-3-1b-it,26,A_original_fit_paraphrase_eval,definition,causality,0.75,task,definition_para_01,0.997218131495812,0.0005509272746301217,0.9966672042211818,1.0,0.0
google/gemma-3-1b-it,26,A_original_fit_paraphrase_eval,definition,causality,0.75,task,definition_para_02,0.995482502188595,0.0001735956954466429,0.9953089064931484,1.0,0.0
google/gemma-3-1b-it,26,A_original_fit_paraphrase_eval,definition,causality,0.75,task,definition_para_03,0.9982142452002504,0.0014323086210735216,0.9967819365791768,1.0,0.0
google/gemma-3-1b-it,26,A_original_fit_paraphrase_eval,definition,causality,0.75,matched_random,definition_para_01,0.05903004516076139,0.9257662841860362,-0.8667362390252749,0.0,1.0
google/gemma-3-1b-it,26,A_original_fit_paraphrase_eval,definition,causality,0.75,matched_random,definition_para_02,0.15453371166387891,0.7649846036590627,-0.6104508919951839,0.0,1.0
google/gemma-3-1b-it,26,A_original_fit_paraphrase_eval,definition,causality,0.75,matched_random,definition_para_03,0.023937929936449286,0.9750425573187342,-0.951104627382285,0.0,1.0
google/gemma-3-1b-it,26,A_original_fit_paraphrase_eval,definition,causality,0.75,opposite,definition_para_01,6.6073975407797e-06,0.9992932607060981,-0.9992866533085574,0.0,1.0
google/gemma-3-1b-it,26,A_original_fit_paraphrase_eval,definition,causality,0.75,opposite,definition_para_02,2.0859306644985898e-05,0.9957804689213631,-0.9957596096147181,0.0,1.0
google/gemma-3-1b-it,26,A_original_fit_paraphrase_eval,definition,causality,0.75,opposite,definition_para_03,2.5457144430215015e-06,0.999956121122319,-0.999953575407876,0.0,1.0
google/gemma-3-1b-it,26,A_original_fit_paraphrase_eval,definition,causality,1.0,task,definition_para_01,0.9996061777569902,2.167238146484935e-05,0.9995845053755253,1.0,0.0
google/gemma-3-1b-it,26,A_original_fit_paraphrase_eval,definition,causality,1.0,task,definition_para_02,0.9992645913915709,6.838477424516567e-06,0.9992577529141463,1.0,0.0
google/gemma-3-1b-it,26,A_original_fit_paraphrase_eval,definition,causality,1.0,task,definition_para_03,0.999884488460183,5.630361391293987e-05,0.99982818484627,1.0,0.0
google/gemma-3-1b-it,26,A_original_fit_paraphrase_eval,definition,causality,1.0,matched_random,definition_para_01,0.050037292528714354,0.9394428319304197,-0.8894055394017053,0.0,1.0
google/gemma-3-1b-it,26,A_original_fit_paraphrase_eval,definition,causality,1.0,matched_random,definition_para_02,0.1359295889404641,0.805548646658424,-0.6696190577179598,0.0,1.0
google/gemma-3-1b-it,26,A_original_fit_paraphrase_eval,definition,causality,1.0,matched_random,definition_para_03,0.02008123851055533,0.9792098752091973,-0.959128636698642,0.0,1.0
google/gemma-3-1b-it,26,A_original_fit_paraphrase_eval,definition,causality,1.0,opposite,definition_para_01,2.5944127349577083e-07,0.999834206748157,-0.9998339473068836,0.0,1.0
google/gemma-3-1b-it,26,A_original_fit_paraphrase_eval,definition,causality,1.0,opposite,definition_para_02,8.212569655981589e-07,0.9990085467413448,-0.9990077254843792,0.0,1.0
google/gemma-3-1b-it,26,A_original_fit_paraphrase_eval,definition,causality,1.0,opposite,definition_para_03,9.990749740526919e-08,0.9999901897751804,-0.999990089867683,0.0,1.0
google/gemma-3-1b-it,26,A_original_fit_paraphrase_eval,definition,analogy,0.5,task,definition_para_01,0.7974950453728727,0.055286667984401947,0.7422083773884708,1.0,0.0
google/gemma-3-1b-it,26,A_original_fit_paraphrase_eval,definition,analogy,0.5,task,definition_para_02,0.7843704827809976,0.016111700326089873,0.7682587824549078,1.0,0.0
google/gemma-3-1b-it,26,A_original_fit_paraphrase_eval,definition,analogy,0.5,task,definition_para_03,0.18719493730994965,0.4774725897731432,-0.2902776524631936,0.0,1.0
google/gemma-3-1b-it,26,A_original_fit_paraphrase_eval,definition,analogy,0.5,matched_random,definition_para_01,0.0006060383088075245,0.9618912859696599,-0.9612852476608523,0.0,1.0
google/gemma-3-1b-it,26,A_original_fit_paraphrase_eval,definition,analogy,0.5,matched_random,definition_para_02,0.0018517353270115942,0.870828301887594,-0.8689765665605824,0.0,1.0
google/gemma-3-1b-it,26,A_original_fit_paraphrase_eval,definition,analogy,0.5,matched_random,definition_para_03,1.6901633963561544e-05,0.9869985797852135,-0.98698167815125,0.0,1.0
google/gemma-3-1b-it,26,A_original_fit_paraphrase_eval,definition,analogy,0.5,opposite,definition_para_01,1.2105073392898863e-05,0.9911944334639727,-0.9911823283905798,0.0,1.0
google/gemma-3-1b-it,26,A_original_fit_paraphrase_eval,definition,analogy,0.5,opposite,definition_para_02,3.985829275182751e-05,0.9670252864915613,-0.9669854281988094,0.0,1.0
google/gemma-3-1b-it,26,A_original_fit_paraphrase_eval,definition,analogy,0.5,opposite,definition_para_03,3.30960665336248e-07,0.9970793718287181,-0.9970790408680528,0.0,1.0
google/gemma-3-1b-it,26,A_original_fit_paraphrase_eval,definition,analogy,0.75,task,definition_para_01,0.9743143442147669,0.002048881157306516,0.9722654630574604,1.0,0.0
google/gemma-3-1b-it,26,A_original_fit_paraphrase_eval,definition,analogy,0.75,task,definition_para_02,0.9653653562846178,0.000601502022223355,0.9647638542623945,1.0,0.0
google/gemma-3-1b-it,26,A_original_fit_paraphrase_eval,definition,analogy,0.75,task,definition_para_03,0.7726545368493352,0.05978124480912987,0.7128732920402053,1.0,0.0
google/gemma-3-1b-it,26,A_original_fit_paraphrase_eval,definition,analogy,0.75,matched_random,definition_para_01,0.0001345012433934875,0.9798152750177349,-0.9796807737743414,0.0,1.0
google/gemma-3-1b-it,26,A_original_fit_paraphrase_eval,definition,analogy,0.75,matched_random,definition_para_02,0.0004313618307457327,0.9310807132029341,-0.9306493513721883,0.0,1.0
google/gemma-3-1b-it,26,A_original_fit_paraphrase_eval,definition,analogy,0.75,matched_random,definition_para_03,3.7044010559465603e-06,0.9928824375397947,-0.9928787331387388,0.0,1.0
google/gemma-3-1b-it,26,A_original_fit_paraphrase_eval,definition,analogy,0.75,opposite,definition_para_01,3.6964044791175304e-07,0.997804978265409,-0.9978046086249611,0.0,1.0
google/gemma-3-1b-it,26,A_original_fit_paraphrase_eval,definition,analogy,0.75,opposite,definition_para_02,1.2401787616371665e-06,0.9919234981763371,-0.9919222579975754,0.0,1.0
google/gemma-3-1b-it,26,A_original_fit_paraphrase_eval,definition,analogy,0.75,opposite,definition_para_03,1.0061110132978083e-08,0.9992496493465639,-0.9992496392854537,0.0,1.0
google/gemma-3-1b-it,26,A_original_fit_paraphrase_eval,definition,analogy,1.0,task,definition_para_01,0.9967000793688994,6.357808077208216e-05,0.9966365012881273,1.0,0.0
google/gemma-3-1b-it,26,A_original_fit_paraphrase_eval,definition,analogy,1.0,task,definition_para_02,0.9950365193860468,1.880657245870297e-05,0.9950177128135881,1.0,0.0
google/gemma-3-1b-it,26,A_original_fit_paraphrase_eval,definition,analogy,1.0,task,definition_para_03,0.9719816138477094,0.002281197535414372,0.9697004163122951,1.0,0.0
google/gemma-3-1b-it,26,A_original_fit_paraphrase_eval,definition,analogy,1.0,matched_random,definition_para_01,2.958550149910262e-05,0.989210768857827,-0.9891811833563279,0.0,1.0
google/gemma-3-1b-it,26,A_original_fit_paraphrase_eval,definition,analogy,1.0,matched_random,definition_para_02,9.725217204551768e-05,0.9634671690965273,-0.9633699169244818,0.0,1.0
google/gemma-3-1b-it,26,A_original_fit_paraphrase_eval,definition,analogy,1.0,matched_random,definition_para_03,8.097139994364975e-07,0.9961012182208119,-0.9961004085068125,0.0,1.0
google/gemma-3-1b-it,26,A_original_fit_paraphrase_eval,definition,analogy,1.0,opposite,definition_para_01,1.1231045777651358e-08,0.999450126041233,-0.9994501148101872,0.0,1.0
google/gemma-3-1b-it,26,A_original_fit_paraphrase_eval,definition,analogy,1.0,opposite,definition_para_02,3.78507815516246e-08,0.9980297594593442,-0.9980297216085627,0.0,1.0
google/gemma-3-1b-it,26,A_original_fit_paraphrase_eval,definition,analogy,1.0,opposite,definition_para_03,3.053608607934254e-10,0.9998071168403921,-0.9998071165350313,0.0,1.0
google/gemma-3-1b-it,26,B_paraphrase_fit_original_eval,logic,causality,0.5,task,logic_orig_01,0.6661016733509674,0.011252321679526703,0.6548493516714406,1.0,0.0
google/gemma-3-1b-it,26,B_paraphrase_fit_original_eval,logic,causality,0.5,task,logic_orig_02,0.3992493637313916,0.031139707935004937,0.36810965579638666,0.0,0.0
google/gemma-3-1b-it,26,B_paraphrase_fit_original_eval,logic,causality,0.5,task,logic_orig_03,0.7322269950836396,0.016524047798114495,0.7157029472855252,1.0,0.0
google/gemma-3-1b-it,26,B_paraphrase_fit_original_eval,logic,causality,0.5,matched_random,logic_orig_01,0.02335947040803939,0.5206433136477835,-0.4972838432397441,0.0,1.0
google/gemma-3-1b-it,26,B_paraphrase_fit_original_eval,logic,causality,0.5,matched_random,logic_orig_02,0.006191935039843819,0.6371950333744721,-0.6310030983346283,0.0,1.0
google/gemma-3-1b-it,26,B_paraphrase_fit_original_eval,logic,causality,0.5,matched_random,logic_orig_03,0.02240607905027055,0.6671327465300637,-0.6447266674797931,0.0,1.0
google/gemma-3-1b-it,26,B_paraphrase_fit_original_eval,logic,causality,0.5,opposite,logic_orig_01,5.237491056088848e-05,0.9664540433992476,-0.9664016684886867,0.0,1.0
google/gemma-3-1b-it,26,B_paraphrase_fit_original_eval,logic,causality,0.5,opposite,logic_orig_02,1.1409974874569895e-05,0.9721007737585642,-0.9720893637836896,0.0,1.0
google/gemma-3-1b-it,26,B_paraphrase_fit_original_eval,logic,causality,0.5,opposite,logic_orig_03,3.957782058218799e-05,0.9756159244196368,-0.9755763465990547,0.0,1.0
google/gemma-3-1b-it,26,B_paraphrase_fit_original_eval,logic,causality,0.75,task,logic_orig_01,0.9237509522685141,0.0004826890413687988,0.9232682632271453,1.0,0.0
google/gemma-3-1b-it,26,B_paraphrase_fit_original_eval,logic,causality,0.75,task,logic_orig_02,0.815754851964777,0.0019680715946542265,0.8137867803701229,1.0,0.0
google/gemma-3-1b-it,26,B_paraphrase_fit_original_eval,logic,causality,0.75,task,logic_orig_03,0.9491668960076315,0.0006625584770388638,0.9485043375305926,1.0,0.0
google/gemma-3-1b-it,26,B_paraphrase_fit_original_eval,logic,causality,0.75,matched_random,logic_orig_01,0.021267116599388583,0.5325797930096946,-0.511312676410306,0.0,1.0
google/gemma-3-1b-it,26,B_paraphrase_fit_original_eval,logic,causality,0.75,matched_random,logic_orig_02,0.005749578328131992,0.6647843009968034,-0.6590347226686715,0.0,1.0
google/gemma-3-1b-it,26,B_paraphrase_fit_original_eval,logic,causality,0.75,matched_random,logic_orig_03,0.020825947819564594,0.6967066250648014,-0.6758806772452368,0.0,1.0
google/gemma-3-1b-it,26,B_paraphrase_fit_original_eval,logic,causality,0.75,opposite,logic_orig_01,1.6653270331741414e-06,0.9934511564594377,-0.9934494911324045,0.0,1.0
google/gemma-3-1b-it,26,B_paraphrase_fit_original_eval,logic,causality,0.75,opposite,logic_orig_02,3.6099229552771356e-07,0.9942912291831142,-0.9942908681908187,0.0,1.0
google/gemma-3-1b-it,26,B_paraphrase_fit_original_eval,logic,causality,0.75,opposite,logic_orig_03,1.2485445697065108e-06,0.9949932391801299,-0.9949919906355602,0.0,1.0
google/gemma-3-1b-it,26,B_paraphrase_fit_original_eval,logic,causality,1.0,task,logic_orig_01,0.9861766821326369,1.5939628486073217e-05,0.9861607425041508,1.0,0.0
google/gemma-3-1b-it,26,B_paraphrase_fit_original_eval,logic,causality,1.0,task,logic_orig_02,0.9659885164255708,7.208818920996492e-05,0.9659164282363608,1.0,0.0
google/gemma-3-1b-it,26,B_paraphrase_fit_original_eval,logic,causality,1.0,task,logic_orig_03,0.9918916615057483,2.1416909258003013e-05,0.9918702445964902,1.0,0.0
google/gemma-3-1b-it,26,B_paraphrase_fit_original_eval,logic,causality,1.0,matched_random,logic_orig_01,0.019282526960763647,0.5425487774332977,-0.5232662504725341,0.0,1.0
google/gemma-3-1b-it,26,B_paraphrase_fit_original_eval,logic,causality,1.0,matched_random,logic_orig_02,0.005315065739174303,0.6904816955625963,-0.685166629823422,0.0,1.0
google/gemma-3-1b-it,26,B_paraphrase_fit_original_eval,logic,causality,1.0,matched_random,logic_orig_03,0.01927490818284472,0.7244964334626595,-0.7052215252798147,0.0,1.0
google/gemma-3-1b-it,26,B_paraphrase_fit_original_eval,logic,causality,1.0,opposite,logic_orig_01,5.178644220058896e-08,0.9987392958170479,-0.9987392440306057,0.0,1.0
google/gemma-3-1b-it,26,B_paraphrase_fit_original_eval,logic,causality,1.0,opposite,logic_orig_02,1.1217491370573703e-08,0.9988505063318351,-0.9988504951143438,0.0,1.0
google/gemma-3-1b-it,26,B_paraphrase_fit_original_eval,logic,causality,1.0,opposite,logic_orig_03,3.877522941842645e-08,0.9989862953037104,-0.9989862565284809,0.0,1.0
google/gemma-3-1b-it,26,B_paraphrase_fit_original_eval,logic,analogy,0.5,task,logic_orig_01,0.9589189513546321,0.00323310448075972,0.9556858468738724,1.0,0.0
google/gemma-3-1b-it,26,B_paraphrase_fit_original_eval,logic,analogy,0.5,task,logic_orig_02,0.9923750009867336,0.0027673659498344866,0.9896076350368991,1.0,0.0
google/gemma-3-1b-it,26,B_paraphrase_fit_original_eval,logic,analogy,0.5,task,logic_orig_03,0.9928483765042471,0.003040308898025896,0.9898080676062212,1.0,0.0
google/gemma-3-1b-it,26,B_paraphrase_fit_original_eval,logic,analogy,0.5,matched_random,logic_orig_01,0.24501399884515968,0.32939115744947317,-0.0843771586043135,0.0,0.0
google/gemma-3-1b-it,26,B_paraphrase_fit_original_eval,logic,analogy,0.5,matched_random,logic_orig_02,0.43063073470401103,0.47882740710337,-0.048196672399358986,0.0,1.0
google/gemma-3-1b-it,26,B_paraphrase_fit_original_eval,logic,analogy,0.5,matched_random,logic_orig_03,0.4256557111342238,0.519728395831778,-0.0940726846975542,0.0,1.0
google/gemma-3-1b-it,26,B_paraphrase_fit_original_eval,logic,analogy,0.5,opposite,logic_orig_01,0.0009805354075687238,0.9787547932430215,-0.9777742578354528,0.0,1.0
google/gemma-3-1b-it,26,B_paraphrase_fit_original_eval,logic,analogy,0.5,opposite,logic_orig_02,0.0012060485611697354,0.9956996532866196,-0.9944936047254499,0.0,1.0
google/gemma-3-1b-it,26,B_paraphrase_fit_original_eval,logic,analogy,0.5,opposite,logic_orig_03,0.0010991693668695034,0.996488245902728,-0.9953890765358585,0.0,1.0
google/gemma-3-1b-it,26,B_paraphrase_fit_original_eval,logic,analogy,0.75,task,logic_orig_01,0.9916743102685319,0.00014333878029648077,0.9915309714882354,1.0,0.0
google/gemma-3-1b-it,26,B_paraphrase_fit_original_eval,logic,analogy,0.75,task,logic_orig_02,0.9988587199188326,0.00011941301040882921,0.9987393069084237,1.0,0.0
google/gemma-3-1b-it,26,B_paraphrase_fit_original_eval,logic,analogy,0.75,task,logic_orig_03,0.9990066860976228,0.00013114748891769078,0.998875538608705,1.0,0.0
google/gemma-3-1b-it,26,B_paraphrase_fit_original_eval,logic,analogy,0.75,matched_random,logic_orig_01,0.21822075033735283,0.25113976690762335,-0.03291901657027052,0.0,0.0
google/gemma-3-1b-it,26,B_paraphrase_fit_original_eval,logic,analogy,0.75,matched_random,logic_orig_02,0.44569135303455415,0.424235092570043,0.021456260464511157,1.0,0.0
google/gemma-3-1b-it,26,B_paraphrase_fit_original_eval,logic,analogy,0.75,matched_random,logic_orig_03,0.45477239683436543,0.47534669814956626,-0.020574301315200827,0.0,1.0
google/gemma-3-1b-it,26,B_paraphrase_fit_original_eval,logic,analogy,0.75,opposite,logic_orig_01,4.276490419031783e-05,0.9957293770175314,-0.9956866121133411,0.0,1.0
google/gemma-3-1b-it,26,B_paraphrase_fit_original_eval,logic,analogy,0.75,opposite,logic_orig_02,5.189122785922736e-05,0.9993110829772518,-0.9992591917493926,0.0,1.0
google/gemma-3-1b-it,26,B_paraphrase_fit_original_eval,logic,analogy,0.75,opposite,logic_orig_03,4.726204157362289e-05,0.9994549831920894,-0.9994077211505158,0.0,1.0
google/gemma-3-1b-it,26,B_paraphrase_fit_original_eval,logic,analogy,1.0,task,logic_orig_01,0.998271915503526,6.18586302674571e-06,0.9982657296404993,1.0,0.0
google/gemma-3-1b-it,26,B_paraphrase_fit_original_eval,logic,analogy,1.0,task,logic_orig_02,0.9997811102432076,5.124002263216169e-06,0.9997759862409443,1.0,0.0
google/gemma-3-1b-it,26,B_paraphrase_fit_original_eval,logic,analogy,1.0,task,logic_orig_03,0.9998145402470983,5.626882381908291e-06,0.9998089133647163,1.0,0.0
google/gemma-3-1b-it,26,B_paraphrase_fit_original_eval,logic,analogy,1.0,matched_random,logic_orig_01,0.18504203644065068,0.1823006619670446,0.002741374473606062,0.0,0.0
google/gemma-3-1b-it,26,B_paraphrase_fit_original_eval,logic,analogy,1.0,matched_random,logic_orig_02,0.44994014910626473,0.36662791936000055,0.08331222974626418,1.0,0.0
google/gemma-3-1b-it,26,B_paraphrase_fit_original_eval,logic,analogy,1.0,matched_random,logic_orig_03,0.4800688680203567,0.4295545588347629,0.0505143091855938,1.0,0.0
google/gemma-3-1b-it,26,B_paraphrase_fit_original_eval,logic,analogy,1.0,opposite,logic_orig_01,1.8396033460766518e-06,0.9991281693865417,-0.9991263297831956,0.0,1.0
google/gemma-3-1b-it,26,B_paraphrase_fit_original_eval,logic,analogy,1.0,opposite,logic_orig_02,2.2258315564905727e-06,0.9998670299419316,-0.999864804110375,0.0,1.0
google/gemma-3-1b-it,26,B_paraphrase_fit_original_eval,logic,analogy,1.0,opposite,logic_orig_03,2.0270323251839765e-06,0.9998955374458035,-0.9998935104134783,0.0,1.0
google/gemma-3-1b-it,26,B_paraphrase_fit_original_eval,logic,definition,0.5,task,logic_orig_01,0.9615249751265496,0.002299145392739785,0.9592258297338098,1.0,0.0
google/gemma-3-1b-it,26,B_paraphrase_fit_original_eval,logic,definition,0.5,task,logic_orig_02,0.7675597505218195,0.012982866565653426,0.7545768839561661,1.0,0.0
google/gemma-3-1b-it,26,B_paraphrase_fit_original_eval,logic,definition,0.5,task,logic_orig_03,0.44738607297002897,0.031449826238096446,0.4159362467319325,0.0,0.0
google/gemma-3-1b-it,26,B_paraphrase_fit_original_eval,logic,definition,0.5,matched_random,logic_orig_01,0.10948624754221814,0.6662838996496555,-0.5567976521074374,0.0,1.0
google/gemma-3-1b-it,26,B_paraphrase_fit_original_eval,logic,definition,0.5,matched_random,logic_orig_02,0.01655722136144884,0.7127541204173765,-0.6961968990559276,0.0,1.0
google/gemma-3-1b-it,26,B_paraphrase_fit_original_eval,logic,definition,0.5,matched_random,logic_orig_03,0.004090348240188943,0.7317958713120303,-0.7277055230718413,0.0,1.0
google/gemma-3-1b-it,26,B_paraphrase_fit_original_eval,logic,definition,0.5,opposite,logic_orig_01,0.00044331416696700483,0.9767469985613648,-0.9763036843943979,0.0,1.0
google/gemma-3-1b-it,26,B_paraphrase_fit_original_eval,logic,definition,0.5,opposite,logic_orig_02,6.248668550196231e-05,0.9738913262242617,-0.9738288395387596,0.0,1.0
google/gemma-3-1b-it,26,B_paraphrase_fit_original_eval,logic,definition,0.5,opposite,logic_orig_03,1.5058845384991113e-05,0.975420935266253,-0.975405876420868,0.0,1.0
google/gemma-3-1b-it,26,B_paraphrase_fit_original_eval,logic,definition,0.75,task,logic_orig_01,0.9937083669275265,7.669175232809463e-05,0.9936316751751985,1.0,0.0
google/gemma-3-1b-it,26,B_paraphrase_fit_original_eval,logic,definition,0.75,task,logic_orig_02,0.9551760436650231,0.0005214656069513623,0.9546545780580717,1.0,0.0
google/gemma-3-1b-it,26,B_paraphrase_fit_original_eval,logic,definition,0.75,task,logic_orig_03,0.837364719313309,0.0018999155466079233,0.8354648037667011,1.0,0.0
google/gemma-3-1b-it,26,B_paraphrase_fit_original_eval,logic,definition,0.75,matched_random,logic_orig_01,0.07460022519793098,0.7392148358700726,-0.6646146106721417,0.0,1.0
google/gemma-3-1b-it,26,B_paraphrase_fit_original_eval,logic,definition,0.75,matched_random,logic_orig_02,0.010974575316029845,0.7692558244486297,-0.7582812491325999,0.0,1.0
google/gemma-3-1b-it,26,B_paraphrase_fit_original_eval,logic,definition,0.75,matched_random,logic_orig_03,0.0026943193133168813,0.7848913147131268,-0.7821969953998099,0.0,1.0
google/gemma-3-1b-it,26,B_paraphrase_fit_original_eval,logic,definition,0.75,opposite,logic_orig_01,1.4581609513499778e-05,0.99538729038386,-0.9953727087743465,0.0,1.0
google/gemma-3-1b-it,26,B_paraphrase_fit_original_eval,logic,definition,0.75,opposite,logic_orig_02,2.059898875646816e-06,0.9946838386029146,-0.994681778704039,0.0,1.0
google/gemma-3-1b-it,26,B_paraphrase_fit_original_eval,logic,definition,0.75,opposite,logic_orig_03,4.958121570618627e-07,0.9950243793745608,-0.9950238835624037,0.0,1.0
google/gemma-3-1b-it,26,B_paraphrase_fit_original_eval,logic,definition,1.0,task,logic_orig_01,0.9989528813345656,2.4883906811911907e-06,0.9989503929438844,1.0,0.0
google/gemma-3-1b-it,26,B_paraphrase_fit_original_eval,logic,definition,1.0,task,logic_orig_02,0.99250450780145,1.7488742535428797e-05,0.9924870190589147,1.0,0.0
google/gemma-3-1b-it,26,B_paraphrase_fit_original_eval,logic,definition,1.0,task,logic_orig_03,0.9691400613365249,7.097248830844797e-05,0.9690690888482164,1.0,0.0
google/gemma-3-1b-it,26,B_paraphrase_fit_original_eval,logic,definition,1.0,matched_random,logic_orig_01,0.04956010741352194,0.7996382560713311,-0.7500781486578092,0.0,1.0
google/gemma-3-1b-it,26,B_paraphrase_fit_original_eval,logic,definition,1.0,matched_random,logic_orig_02,0.007159998878321478,0.8171970920332265,-0.810037093154905,0.0,1.0
google/gemma-3-1b-it,26,B_paraphrase_fit_original_eval,logic,definition,1.0,matched_random,logic_orig_03,0.0017493785701868,0.8298030937598859,-0.8280537151896992,0.0,1.0
google/gemma-3-1b-it,26,B_paraphrase_fit_original_eval,logic,definition,1.0,opposite,logic_orig_01,4.723886948913632e-07,0.9990846234898316,-0.9990841511011367,0.0,1.0
google/gemma-3-1b-it,26,B_paraphrase_fit_original_eval,logic,definition,1.0,opposite,logic_orig_02,6.67699760100293e-08,0.9989333980430086,-0.9989333312730326,0.0,1.0
google/gemma-3-1b-it,26,B_paraphrase_fit_original_eval,logic,definition,1.0,opposite,logic_orig_03,1.606703403162194e-08,0.9990067349404637,-0.9990067188734296,0.0,1.0
google/gemma-3-1b-it,26,B_paraphrase_fit_original_eval,causality,logic,0.5,task,causality_orig_01,0.8145423011484941,0.042084166814845975,0.7724581343336482,1.0,0.0
google/gemma-3-1b-it,26,B_paraphrase_fit_original_eval,causality,logic,0.5,task,causality_orig_02,0.5490358265751326,0.17220626944266076,0.37682955713247185,1.0,0.0
google/gemma-3-1b-it,26,B_paraphrase_fit_original_eval,causality,logic,0.5,task,causality_orig_03,0.6847879626028924,0.13388184474286696,0.5509061178600254,1.0,0.0
google/gemma-3-1b-it,26,B_paraphrase_fit_original_eval,causality,logic,0.5,matched_random,causality_orig_01,0.018598646284516986,0.8890814765346747,-0.8704828302501577,0.0,1.0
google/gemma-3-1b-it,26,B_paraphrase_fit_original_eval,causality,logic,0.5,matched_random,causality_orig_02,0.0032789115346421737,0.9515532794790978,-0.9482743679444556,0.0,1.0
google/gemma-3-1b-it,26,B_paraphrase_fit_original_eval,causality,logic,0.5,matched_random,causality_orig_03,0.0053009450257827904,0.9589015209954118,-0.953600575969629,0.0,1.0
google/gemma-3-1b-it,26,B_paraphrase_fit_original_eval,causality,logic,0.5,opposite,causality_orig_01,1.7657542530708317e-05,0.9965329193453231,-0.9965152618027924,0.0,1.0
google/gemma-3-1b-it,26,B_paraphrase_fit_original_eval,causality,logic,0.5,opposite,causality_orig_02,2.91449783954545e-06,0.9985465376709417,-0.9985436231731022,0.0,1.0
google/gemma-3-1b-it,26,B_paraphrase_fit_original_eval,causality,logic,0.5,opposite,causality_orig_03,4.677941023939047e-06,0.9990255858088583,-0.9990209078678343,0.0,1.0
google/gemma-3-1b-it,26,B_paraphrase_fit_original_eval,causality,logic,0.75,task,causality_orig_01,0.9685599592581211,0.0015478986687196587,0.9670120605894015,1.0,0.0
google/gemma-3-1b-it,26,B_paraphrase_fit_original_eval,causality,logic,0.75,task,causality_orig_02,0.9072944217839599,0.008802528503992374,0.8984918932799676,1.0,0.0
google/gemma-3-1b-it,26,B_paraphrase_fit_original_eval,causality,logic,0.75,task,causality_orig_03,0.9460549367852976,0.005721275379167077,0.9403336614061305,1.0,0.0
google/gemma-3-1b-it,26,B_paraphrase_fit_original_eval,causality,logic,0.75,matched_random,causality_orig_01,0.01977430075324478,0.8894055929874674,-0.8696312922342225,0.0,1.0
google/gemma-3-1b-it,26,B_paraphrase_fit_original_eval,causality,logic,0.75,matched_random,causality_orig_02,0.003484374116469721,0.9514077474662642,-0.9479233733497945,0.0,1.0
google/gemma-3-1b-it,26,B_paraphrase_fit_original_eval,causality,logic,0.75,matched_random,causality_orig_03,0.005627100350774767,0.9577316973911133,-0.9521045970403386,0.0,1.0
google/gemma-3-1b-it,26,B_paraphrase_fit_original_eval,causality,logic,0.75,opposite,causality_orig_01,5.477450827357112e-07,0.9993760808934369,-0.9993755331483541,0.0,1.0
google/gemma-3-1b-it,26,B_paraphrase_fit_original_eval,causality,logic,0.75,opposite,causality_orig_02,9.025999327501182e-08,0.9997443165279946,-0.9997442262680013,0.0,1.0
google/gemma-3-1b-it,26,B_paraphrase_fit_original_eval,causality,logic,0.75,opposite,causality_orig_03,1.4481669777676916e-07,0.9998378731701018,-0.999837728353404,0.0,1.0
google/gemma-3-1b-it,26,B_paraphrase_fit_original_eval,causality,logic,1.0,task,causality_orig_01,0.9945371032071348,4.916408161508275e-05,0.9944879391255198,1.0,0.0
google/gemma-3-1b-it,26,B_paraphrase_fit_original_eval,causality,logic,1.0,task,causality_orig_02,0.9830116281881793,0.0002950045944924708,0.9827166235936868,1.0,0.0
google/gemma-3-1b-it,26,B_paraphrase_fit_original_eval,causality,logic,1.0,task,causality_orig_03,0.9900393482562503,0.00018519952846060998,0.9898541487277897,1.0,0.0
google/gemma-3-1b-it,26,B_paraphrase_fit_original_eval,causality,logic,1.0,matched_random,causality_orig_01,0.021020281111896626,0.889561000293605,-0.8685407191817084,0.0,1.0
google/gemma-3-1b-it,26,B_paraphrase_fit_original_eval,causality,logic,1.0,matched_random,causality_orig_02,0.0037023976738008403,0.9511816490346691,-0.9474792513608682,0.0,1.0
google/gemma-3-1b-it,26,B_paraphrase_fit_original_eval,causality,logic,1.0,matched_random,causality_orig_03,0.005972749821848045,0.9564714669076448,-0.9504987170857968,0.0,1.0
google/gemma-3-1b-it,26,B_paraphrase_fit_original_eval,causality,logic,1.0,opposite,causality_orig_01,1.6951631576673917e-08,0.9998872784842645,-0.999887261532633,0.0,1.0
google/gemma-3-1b-it,26,B_paraphrase_fit_original_eval,causality,logic,1.0,opposite,causality_orig_02,2.7925285854681485e-09,0.9999547531717428,-0.9999547503792142,0.0,1.0
google/gemma-3-1b-it,26,B_paraphrase_fit_original_eval,causality,logic,1.0,opposite,causality_orig_03,4.480104453405121e-09,0.9999727323849145,-0.9999727279048101,0.0,1.0
google/gemma-3-1b-it,26,B_paraphrase_fit_original_eval,causality,analogy,0.5,task,causality_orig_01,0.7768500536172306,0.048873596585301354,0.7279764570319293,1.0,0.0
google/gemma-3-1b-it,26,B_paraphrase_fit_original_eval,causality,analogy,0.5,task,causality_orig_02,0.8775039789387921,0.058084876749109615,0.8194191021896824,1.0,0.0
google/gemma-3-1b-it,26,B_paraphrase_fit_original_eval,causality,analogy,0.5,task,causality_orig_03,0.9325648348694552,0.04187598681423792,0.8906888480552173,1.0,0.0
google/gemma-3-1b-it,26,B_paraphrase_fit_original_eval,causality,analogy,0.5,matched_random,causality_orig_01,0.027447693638572343,0.883195192615363,-0.8557474989767906,0.0,1.0
google/gemma-3-1b-it,26,B_paraphrase_fit_original_eval,causality,analogy,0.5,matched_random,causality_orig_02,0.027831438995521485,0.9422439954657723,-0.9144125564702508,0.0,1.0
google/gemma-3-1b-it,26,B_paraphrase_fit_original_eval,causality,analogy,0.5,matched_random,causality_orig_03,0.041050609184461254,0.9427995462096392,-0.901748937025178,0.0,1.0
google/gemma-3-1b-it,26,B_paraphrase_fit_original_eval,causality,analogy,0.5,opposite,causality_orig_01,1.6291872483317565e-05,0.9965239382819469,-0.9965076464094635,0.0,1.0
google/gemma-3-1b-it,26,B_paraphrase_fit_original_eval,causality,analogy,0.5,opposite,causality_orig_02,1.5520279649774804e-05,0.9988336243023227,-0.9988181040226729,0.0,1.0
google/gemma-3-1b-it,26,B_paraphrase_fit_original_eval,causality,analogy,0.5,opposite,causality_orig_03,2.2892142191154437e-05,0.9994293242535414,-0.9994064321113502,0.0,1.0
google/gemma-3-1b-it,26,B_paraphrase_fit_original_eval,causality,analogy,0.75,task,causality_orig_01,0.9587115844890739,0.001920791239943368,0.9567907932491305,1.0,0.0
google/gemma-3-1b-it,26,B_paraphrase_fit_original_eval,causality,analogy,0.75,task,causality_orig_02,0.9849846627088162,0.002076340319551471,0.9829083223892647,1.0,0.0
google/gemma-3-1b-it,26,B_paraphrase_fit_original_eval,causality,analogy,0.75,task,causality_orig_03,0.9934669162309333,0.0014206742863546009,0.9920462419445787,1.0,0.0
google/gemma-3-1b-it,26,B_paraphrase_fit_original_eval,causality,analogy,0.75,matched_random,causality_orig_01,0.03782838791754618,0.8766588750974375,-0.8388304871798913,0.0,1.0
google/gemma-3-1b-it,26,B_paraphrase_fit_original_eval,causality,analogy,0.75,matched_random,causality_orig_02,0.038288201610732,0.9335866785957544,-0.8952984769850224,0.0,1.0
google/gemma-3-1b-it,26,B_paraphrase_fit_original_eval,causality,analogy,0.75,matched_random,causality_orig_03,0.056118723127161006,0.9282597093066965,-0.8721409861795355,0.0,1.0
google/gemma-3-1b-it,26,B_paraphrase_fit_original_eval,causality,analogy,0.75,opposite,causality_orig_01,5.203178437778421e-07,0.9993793277653381,-0.9993788074474943,0.0,1.0
google/gemma-3-1b-it,26,B_paraphrase_fit_original_eval,causality,analogy,0.75,opposite,causality_orig_02,4.947329691756524e-07,0.9997913451145304,-0.9997908503815612,0.0,1.0
google/gemma-3-1b-it,26,B_paraphrase_fit_original_eval,causality,analogy,0.75,opposite,causality_orig_03,7.293688391353726e-07,0.9999027586499722,-0.9999020292811331,0.0,1.0
google/gemma-3-1b-it,26,B_paraphrase_fit_original_eval,causality,analogy,1.0,task,causality_orig_01,0.9924213691609879,6.332036211978286e-05,0.9923580487988681,1.0,0.0
google/gemma-3-1b-it,26,B_paraphrase_fit_original_eval,causality,analogy,1.0,task,causality_orig_02,0.9975767157249693,6.696848352974826e-05,0.9975097472414396,1.0,0.0
google/gemma-3-1b-it,26,B_paraphrase_fit_original_eval,causality,analogy,1.0,task,causality_orig_03,0.9989803636289458,4.54938984704246e-05,0.9989348697304754,1.0,0.0
google/gemma-3-1b-it,26,B_paraphrase_fit_original_eval,causality,analogy,1.0,matched_random,causality_orig_01,0.05190236178583478,0.8662871685098174,-0.8143848067239826,0.0,1.0
google/gemma-3-1b-it,26,B_paraphrase_fit_original_eval,causality,analogy,1.0,matched_random,causality_orig_02,0.05245425909191347,0.9211543263760185,-0.868700067284105,0.0,1.0
google/gemma-3-1b-it,26,B_paraphrase_fit_original_eval,causality,analogy,1.0,matched_random,causality_orig_03,0.07627133998086605,0.9086257850302022,-0.8323544450493361,0.0,1.0
google/gemma-3-1b-it,26,B_paraphrase_fit_original_eval,causality,analogy,1.0,opposite,causality_orig_01,1.657849523608763e-08,0.9998886974296827,-0.9998886808511874,0.0,1.0
google/gemma-3-1b-it,26,B_paraphrase_fit_original_eval,causality,analogy,1.0,opposite,causality_orig_02,1.5757967343218717e-08,0.9999622949156188,-0.9999622791576515,0.0,1.0
google/gemma-3-1b-it,26,B_paraphrase_fit_original_eval,causality,analogy,1.0,opposite,causality_orig_03,2.322935213984002e-08,0.9999828865184036,-0.9999828632890515,0.0,1.0
google/gemma-3-1b-it,26,B_paraphrase_fit_original_eval,causality,definition,0.5,task,causality_orig_01,0.9723292866016137,0.014056018589377148,0.9582732680122366,1.0,0.0
google/gemma-3-1b-it,26,B_paraphrase_fit_original_eval,causality,definition,0.5,task,causality_orig_02,0.9417633245169024,0.03837891705852167,0.9033844074583807,1.0,0.0
google/gemma-3-1b-it,26,B_paraphrase_fit_original_eval,causality,definition,0.5,task,causality_orig_03,0.8482411041923804,0.08555943842532888,0.7626816657670515,1.0,0.0
google/gemma-3-1b-it,26,B_paraphrase_fit_original_eval,causality,definition,0.5,matched_random,causality_orig_01,0.07757668287763067,0.8909895109263047,-0.8134128280486741,0.0,1.0
google/gemma-3-1b-it,26,B_paraphrase_fit_original_eval,causality,definition,0.5,matched_random,causality_orig_02,0.02951614504516838,0.9556591190596648,-0.9261429740144964,0.0,1.0
google/gemma-3-1b-it,26,B_paraphrase_fit_original_eval,causality,definition,0.5,matched_random,causality_orig_03,0.012046680714137363,0.965402549695537,-0.9533558689813996,0.0,1.0
google/gemma-3-1b-it,26,B_paraphrase_fit_original_eval,causality,definition,0.5,opposite,causality_orig_01,0.00012102083427887046,0.9986417718775347,-0.9985207510432558,0.0,1.0
google/gemma-3-1b-it,26,B_paraphrase_fit_original_eval,causality,definition,0.5,opposite,causality_orig_02,4.295824641274338e-05,0.9993051302257137,-0.9992621719793009,0.0,1.0
google/gemma-3-1b-it,26,B_paraphrase_fit_original_eval,causality,definition,0.5,opposite,causality_orig_03,1.7350802439848735e-05,0.9990076321530982,-0.9989902813506584,0.0,1.0
google/gemma-3-1b-it,26,B_paraphrase_fit_original_eval,causality,definition,0.75,task,causality_orig_01,0.996790559852002,0.0005242370545513481,0.9962663227974506,1.0,0.0
google/gemma-3-1b-it,26,B_paraphrase_fit_original_eval,causality,definition,0.75,task,causality_orig_02,0.9944769447284091,0.0014744175929466666,0.9930025271354624,1.0,0.0
google/gemma-3-1b-it,26,B_paraphrase_fit_original_eval,causality,definition,0.75,task,causality_orig_03,0.9816085025798683,0.0036021497687672333,0.978006352811101,1.0,0.0
google/gemma-3-1b-it,26,B_paraphrase_fit_original_eval,causality,definition,0.75,matched_random,causality_orig_01,0.07572554196872808,0.8918767315903812,-0.8161511896216531,0.0,1.0
google/gemma-3-1b-it,26,B_paraphrase_fit_original_eval,causality,definition,0.75,matched_random,causality_orig_02,0.028832922397175168,0.9573110966369228,-0.9284781742397477,0.0,1.0
google/gemma-3-1b-it,26,B_paraphrase_fit_original_eval,causality,definition,0.75,matched_random,causality_orig_03,0.011767809513625547,0.9670695945142868,-0.9553017850006612,0.0,1.0
google/gemma-3-1b-it,26,B_paraphrase_fit_original_eval,causality,definition,0.75,opposite,causality_orig_01,4.407797128250663e-06,0.9997613438957409,-0.9997569360986126,0.0,1.0
google/gemma-3-1b-it,26,B_paraphrase_fit_original_eval,causality,definition,0.75,opposite,causality_orig_02,1.5637567793274434e-06,0.9998755186398425,-0.9998739548830632,0.0,1.0
google/gemma-3-1b-it,26,B_paraphrase_fit_original_eval,causality,definition,0.75,opposite,causality_orig_03,6.317502911980114e-07,0.9998154636309994,-0.9998148318807082,0.0,1.0
google/gemma-3-1b-it,26,B_paraphrase_fit_original_eval,causality,definition,1.0,task,causality_orig_01,0.9994628776982821,1.912340880745901e-05,0.9994437542894746,1.0,0.0
google/gemma-3-1b-it,26,B_paraphrase_fit_original_eval,causality,definition,1.0,task,causality_orig_02,0.9991607246620899,5.389344951312603e-05,0.9991068312125768,1.0,0.0
google/gemma-3-1b-it,26,B_paraphrase_fit_original_eval,causality,definition,1.0,task,causality_orig_03,0.9969670664441994,0.0001331003228801721,0.9968339661213192,1.0,0.0
google/gemma-3-1b-it,26,B_paraphrase_fit_original_eval,causality,definition,1.0,matched_random,causality_orig_01,0.0738831663166441,0.8923372035806075,-0.8184540372639635,0.0,1.0
google/gemma-3-1b-it,26,B_paraphrase_fit_original_eval,causality,definition,1.0,matched_random,causality_orig_02,0.028158848708086572,0.9587389730572978,-0.9305801243492112,0.0,1.0
google/gemma-3-1b-it,26,B_paraphrase_fit_original_eval,causality,definition,1.0,matched_random,causality_orig_03,0.011491483428385397,0.9684099695468161,-0.9569184861184308,0.0,1.0
google/gemma-3-1b-it,26,B_paraphrase_fit_original_eval,causality,definition,1.0,opposite,causality_orig_01,1.6039129178456572e-07,0.9999555279093693,-0.9999553675180775,0.0,1.0
google/gemma-3-1b-it,26,B_paraphrase_fit_original_eval,causality,definition,1.0,opposite,causality_orig_02,5.6896824385106805e-08,0.9999767776136974,-0.999976720716873,0.0,1.0
google/gemma-3-1b-it,26,B_paraphrase_fit_original_eval,causality,definition,1.0,opposite,causality_orig_03,2.29871631785041e-08,0.9999653118497583,-0.9999652888625952,0.0,1.0
google/gemma-3-1b-it,26,B_paraphrase_fit_original_eval,analogy,logic,0.5,task,analogy_orig_01,0.9783009406351321,0.016225184079501565,0.9620757565556305,1.0,0.0
google/gemma-3-1b-it,26,B_paraphrase_fit_original_eval,analogy,logic,0.5,task,analogy_orig_02,0.9617974304846446,0.02126075943659252,0.940536671048052,1.0,0.0
google/gemma-3-1b-it,26,B_paraphrase_fit_original_eval,analogy,logic,0.5,task,analogy_orig_03,0.9410471563417478,0.04348450329611438,0.8975626530456334,1.0,0.0
google/gemma-3-1b-it,26,B_paraphrase_fit_original_eval,analogy,logic,0.5,matched_random,analogy_orig_01,0.1154885913565504,0.8707220572660925,-0.7552334659095421,0.0,1.0
google/gemma-3-1b-it,26,B_paraphrase_fit_original_eval,analogy,logic,0.5,matched_random,analogy_orig_02,0.0875860899497649,0.8801437316605963,-0.7925576417108314,0.0,1.0
google/gemma-3-1b-it,26,B_paraphrase_fit_original_eval,analogy,logic,0.5,matched_random,analogy_orig_03,0.04471876588357019,0.9393690284403732,-0.894650262556803,0.0,1.0
google/gemma-3-1b-it,26,B_paraphrase_fit_original_eval,analogy,logic,0.5,opposite,analogy_orig_01,0.00020348971845484285,0.9991539644243386,-0.9989504747058837,0.0,1.0
google/gemma-3-1b-it,26,B_paraphrase_fit_original_eval,analogy,logic,0.5,opposite,analogy_orig_02,0.00015254881817202632,0.9983361374297772,-0.9981835886116052,0.0,1.0
google/gemma-3-1b-it,26,B_paraphrase_fit_original_eval,analogy,logic,0.5,opposite,analogy_orig_03,7.304277409582119e-05,0.9992477276885631,-0.9991746849144673,0.0,1.0
google/gemma-3-1b-it,26,B_paraphrase_fit_original_eval,analogy,logic,0.75,task,analogy_orig_01,0.9981444422092167,0.0007096878313272906,0.9974347543778894,1.0,0.0
google/gemma-3-1b-it,26,B_paraphrase_fit_original_eval,analogy,logic,0.75,task,analogy_orig_02,0.9954559472429088,0.0009433525131155837,0.9945125947297931,1.0,0.0
google/gemma-3-1b-it,26,B_paraphrase_fit_original_eval,analogy,logic,0.75,task,analogy_orig_03,0.9946770965497841,0.0019704347098577065,0.9927066618399264,1.0,0.0
google/gemma-3-1b-it,26,B_paraphrase_fit_original_eval,analogy,logic,0.75,matched_random,analogy_orig_01,0.12492712581423833,0.860925684797746,-0.7359985589835076,0.0,1.0
google/gemma-3-1b-it,26,B_paraphrase_fit_original_eval,analogy,logic,0.75,matched_random,analogy_orig_02,0.09495295836860937,0.8721584965798183,-0.7772055382112089,0.0,1.0
google/gemma-3-1b-it,26,B_paraphrase_fit_original_eval,analogy,logic,0.75,matched_random,analogy_orig_03,0.04868507580217617,0.934782842108725,-0.8860977663065488,0.0,1.0
google/gemma-3-1b-it,26,B_paraphrase_fit_original_eval,analogy,logic,0.75,opposite,analogy_orig_01,8.729808430859669e-06,0.9998569146837398,-0.999848184875309,0.0,1.0
google/gemma-3-1b-it,26,B_paraphrase_fit_original_eval,analogy,logic,0.75,opposite,analogy_orig_02,6.548604736198395e-06,0.999677501604408,-0.9996709529996719,0.0,1.0
google/gemma-3-1b-it,26,B_paraphrase_fit_original_eval,analogy,logic,0.75,opposite,analogy_orig_03,3.1332699647595938e-06,0.9998547677777258,-0.999851634507761,0.0,1.0
google/gemma-3-1b-it,26,B_paraphrase_fit_original_eval,analogy,logic,1.0,task,analogy_orig_01,0.9997340504400246,3.047300297830847e-05,0.9997035774370463,1.0,0.0
google/gemma-3-1b-it,26,B_paraphrase_fit_original_eval,analogy,logic,1.0,task,analogy_orig_02,0.9992172138027596,4.059463832731327e-05,0.9991766191644323,1.0,0.0
google/gemma-3-1b-it,26,B_paraphrase_fit_original_eval,analogy,logic,1.0,task,analogy_orig_03,0.9992245879089043,8.485937864850922e-05,0.9991397285302558,1.0,0.0
google/gemma-3-1b-it,26,B_paraphrase_fit_original_eval,analogy,logic,1.0,matched_random,analogy_orig_01,0.1350158943125761,0.8504764027129267,-0.7154605084003506,0.0,1.0
google/gemma-3-1b-it,26,B_paraphrase_fit_original_eval,analogy,logic,1.0,matched_random,analogy_orig_02,0.10286476407456029,0.8636186343053674,-0.7607538702308072,0.0,1.0
google/gemma-3-1b-it,26,B_paraphrase_fit_original_eval,analogy,logic,1.0,matched_random,analogy_orig_03,0.05298189024129662,0.9298454810490278,-0.8768635908077311,0.0,1.0
google/gemma-3-1b-it,26,B_paraphrase_fit_original_eval,analogy,logic,1.0,opposite,analogy_orig_01,3.74292656795517e-07,0.9999715485664409,-0.9999711742737841,0.0,1.0
google/gemma-3-1b-it,26,B_paraphrase_fit_original_eval,analogy,logic,1.0,opposite,analogy_orig_02,2.808127911592838e-07,0.9999337392152571,-0.999933458402466,0.0,1.0
google/gemma-3-1b-it,26,B_paraphrase_fit_original_eval,analogy,logic,1.0,opposite,analogy_orig_03,1.343398116287094e-07,0.9999701522601866,-0.999970017920375,0.0,1.0
google/gemma-3-1b-it,26,B_paraphrase_fit_original_eval,analogy,causality,0.5,task,analogy_orig_01,0.4440494628150907,0.144533056887872,0.29951640592721873,1.0,0.0
google/gemma-3-1b-it,26,B_paraphrase_fit_original_eval,analogy,causality,0.5,task,analogy_orig_02,0.787775154694482,0.05975337683956621,0.7280217778549158,1.0,0.0
google/gemma-3-1b-it,26,B_paraphrase_fit_original_eval,analogy,causality,0.5,task,analogy_orig_03,0.35796353259949937,0.2729434958792744,0.08502003672022496,1.0,0.0
google/gemma-3-1b-it,26,B_paraphrase_fit_original_eval,analogy,causality,0.5,matched_random,analogy_orig_01,0.0018598476580201757,0.9393999611241145,-0.9375401134660943,0.0,1.0
google/gemma-3-1b-it,26,B_paraphrase_fit_original_eval,analogy,causality,0.5,matched_random,analogy_orig_02,0.007977340650031157,0.9389784784124597,-0.9310011377624285,0.0,1.0
google/gemma-3-1b-it,26,B_paraphrase_fit_original_eval,analogy,causality,0.5,matched_random,analogy_orig_03,0.0008198087739958921,0.9700270676928897,-0.9692072589188938,0.0,1.0
google/gemma-3-1b-it,26,B_paraphrase_fit_original_eval,analogy,causality,0.5,opposite,analogy_orig_01,3.1432003290864694e-06,0.9946895015613284,-0.9946863583609993,0.0,1.0
google/gemma-3-1b-it,26,B_paraphrase_fit_original_eval,analogy,causality,0.5,opposite,analogy_orig_02,1.3500594989056685e-05,0.995617946939214,-0.995604446344225,0.0,1.0
google/gemma-3-1b-it,26,B_paraphrase_fit_original_eval,analogy,causality,0.5,opposite,analogy_orig_03,1.3459299672648234e-06,0.9977829099528716,-0.9977815640229043,0.0,1.0
google/gemma-3-1b-it,26,B_paraphrase_fit_original_eval,analogy,causality,0.75,task,analogy_orig_01,0.8668902582186538,0.00898576493159804,0.8579044932870558,1.0,0.0
google/gemma-3-1b-it,26,B_paraphrase_fit_original_eval,analogy,causality,0.75,task,analogy_orig_02,0.9678547667671232,0.002337897458280166,0.9655168693088431,1.0,0.0
google/gemma-3-1b-it,26,B_paraphrase_fit_original_eval,analogy,causality,0.75,task,analogy_orig_03,0.839835002344665,0.020393089582899555,0.8194419127617655,1.0,0.0
google/gemma-3-1b-it,26,B_paraphrase_fit_original_eval,analogy,causality,0.75,matched_random,analogy_orig_01,0.0015078278126448659,0.9554295524756444,-0.9539217246629995,0.0,1.0
google/gemma-3-1b-it,26,B_paraphrase_fit_original_eval,analogy,causality,0.75,matched_random,analogy_orig_02,0.006456328001023855,0.9533598127990279,-0.9469034847980041,0.0,1.0
google/gemma-3-1b-it,26,B_paraphrase_fit_original_eval,analogy,causality,0.75,matched_random,analogy_orig_03,0.000658230993068016,0.9770648126404363,-0.9764065816473683,0.0,1.0
google/gemma-3-1b-it,26,B_paraphrase_fit_original_eval,analogy,causality,0.75,opposite,analogy_orig_01,1.0052041173853725e-07,0.9988830420498324,-0.9988829415294206,0.0,1.0
google/gemma-3-1b-it,26,B_paraphrase_fit_original_eval,analogy,causality,0.75,opposite,analogy_orig_02,4.3144141355226055e-07,0.999094449758709,-0.9990940183172954,0.0,1.0
google/gemma-3-1b-it,26,B_paraphrase_fit_original_eval,analogy,causality,0.75,opposite,analogy_orig_03,4.2938225479634967e-08,0.9995455705179959,-0.9995455275797703,0.0,1.0
google/gemma-3-1b-it,26,B_paraphrase_fit_original_eval,analogy,causality,1.0,task,analogy_orig_01,0.977927250671487,0.0003228141555380367,0.977604436515949,1.0,0.0
google/gemma-3-1b-it,26,B_paraphrase_fit_original_eval,analogy,causality,1.0,task,analogy_orig_02,0.9950069622653991,7.654141323249243e-05,0.9949304208521665,1.0,0.0
google/gemma-3-1b-it,26,B_paraphrase_fit_original_eval,analogy,causality,1.0,task,analogy_orig_03,0.9728742964177288,0.0007523170021919997,0.9721219794155368,1.0,0.0
google/gemma-3-1b-it,26,B_paraphrase_fit_original_eval,analogy,causality,1.0,matched_random,analogy_orig_01,0.0012166613265156955,0.9671423009160556,-0.9659256395895399,0.0,1.0
google/gemma-3-1b-it,26,B_paraphrase_fit_original_eval,analogy,causality,1.0,matched_random,analogy_orig_02,0.00520468101712768,0.9641378393964875,-0.9589331583793598,0.0,1.0
google/gemma-3-1b-it,26,B_paraphrase_fit_original_eval,analogy,causality,1.0,matched_random,analogy_orig_03,0.0005274912900977177,0.9822772679204348,-0.981749776630337,0.0,1.0
google/gemma-3-1b-it,26,B_paraphrase_fit_original_eval,analogy,causality,1.0,opposite,analogy_orig_01,3.2040018742292483e-09,0.9997652819898054,-0.9997652787858036,0.0,1.0
google/gemma-3-1b-it,26,B_paraphrase_fit_original_eval,analogy,causality,1.0,opposite,analogy_orig_02,1.3749560044930104e-08,0.9998121878583476,-0.9998121741087875,0.0,1.0
google/gemma-3-1b-it,26,B_paraphrase_fit_original_eval,analogy,causality,1.0,opposite,analogy_orig_03,1.3679050603068158e-09,0.9999064532564477,-0.9999064518885427,0.0,1.0
google/gemma-3-1b-it,26,B_paraphrase_fit_original_eval,analogy,definition,0.5,task,analogy_orig_01,0.7433987280167448,0.07277904552730159,0.6706196824894431,1.0,0.0
google/gemma-3-1b-it,26,B_paraphrase_fit_original_eval,analogy,definition,0.5,task,analogy_orig_02,0.8513638376131093,0.04531516543419024,0.8060486721789191,1.0,0.0
google/gemma-3-1b-it,26,B_paraphrase_fit_original_eval,analogy,definition,0.5,task,analogy_orig_03,0.8672780332696458,0.06934535889365821,0.7979326743759876,1.0,0.0
google/gemma-3-1b-it,26,B_paraphrase_fit_original_eval,analogy,definition,0.5,matched_random,analogy_orig_01,0.00890464051871902,0.8842620166305122,-0.8753573761117932,0.0,1.0
google/gemma-3-1b-it,26,B_paraphrase_fit_original_eval,analogy,definition,0.5,matched_random,analogy_orig_02,0.016517220496847135,0.8917546318424551,-0.875237411345608,0.0,1.0
google/gemma-3-1b-it,26,B_paraphrase_fit_original_eval,analogy,definition,0.5,matched_random,analogy_orig_03,0.011676880165155402,0.9470347467337199,-0.9353578665685645,0.0,1.0
google/gemma-3-1b-it,26,B_paraphrase_fit_original_eval,analogy,definition,0.5,opposite,analogy_orig_01,1.3136222942840568e-05,0.9948436636541867,-0.9948305274312439,0.0,1.0
google/gemma-3-1b-it,26,B_paraphrase_fit_original_eval,analogy,definition,0.5,opposite,analogy_orig_02,2.418484456827274e-05,0.9957984751075777,-0.9957742902630095,0.0,1.0
google/gemma-3-1b-it,26,B_paraphrase_fit_original_eval,analogy,definition,0.5,opposite,analogy_orig_03,1.6137134317776402e-05,0.9981257347048912,-0.9981095975705734,0.0,1.0
google/gemma-3-1b-it,26,B_paraphrase_fit_original_eval,analogy,definition,0.75,task,analogy_orig_01,0.9590624465852422,0.0031659677126336994,0.9558964788726085,1.0,0.0
google/gemma-3-1b-it,26,B_paraphrase_fit_original_eval,analogy,definition,0.75,task,analogy_orig_02,0.9785289147172123,0.0017562125948880998,0.9767727021223241,1.0,0.0
google/gemma-3-1b-it,26,B_paraphrase_fit_original_eval,analogy,definition,0.75,task,analogy_orig_03,0.9858446509662532,0.002657924201225615,0.9831867267650276,1.0,0.0
google/gemma-3-1b-it,26,B_paraphrase_fit_original_eval,analogy,definition,0.75,matched_random,analogy_orig_01,0.00827058686097511,0.8819947048092409,-0.8737241179482658,0.0,1.0
google/gemma-3-1b-it,26,B_paraphrase_fit_original_eval,analogy,definition,0.75,matched_random,analogy_orig_02,0.015352277350411373,0.8901153426883016,-0.8747630653378903,0.0,1.0
google/gemma-3-1b-it,26,B_paraphrase_fit_original_eval,analogy,definition,0.75,matched_random,analogy_orig_03,0.010868617030521865,0.9466260430550761,-0.9357574260245543,0.0,1.0
google/gemma-3-1b-it,26,B_paraphrase_fit_original_eval,analogy,definition,0.75,opposite,analogy_orig_01,4.447457263199492e-07,0.9988978022725697,-0.9988973575268434,0.0,1.0
google/gemma-3-1b-it,26,B_paraphrase_fit_original_eval,analogy,definition,0.75,opposite,analogy_orig_02,8.182086690225356e-07,0.9991189111585574,-0.9991180929498884,0.0,1.0
google/gemma-3-1b-it,26,B_paraphrase_fit_original_eval,analogy,definition,0.75,opposite,analogy_orig_03,5.449336664365557e-07,0.9996027114594751,-0.9996021665258087,0.0,1.0
google/gemma-3-1b-it,26,B_paraphrase_fit_original_eval,analogy,definition,1.0,task,analogy_orig_01,0.9936388957832918,0.00011060206426954414,0.9935282937190223,1.0,0.0
google/gemma-3-1b-it,26,B_paraphrase_fit_original_eval,analogy,definition,1.0,task,analogy_orig_02,0.9965721148410356,6.030970563845401e-05,0.9965118051353972,1.0,0.0
google/gemma-3-1b-it,26,B_paraphrase_fit_original_eval,analogy,definition,1.0,task,analogy_orig_03,0.9980454984677577,9.073179459772109e-05,0.99795476667316,1.0,0.0
google/gemma-3-1b-it,26,B_paraphrase_fit_original_eval,analogy,definition,1.0,matched_random,analogy_orig_01,0.0076806721539665525,0.8796176809861669,-0.8719370088322004,0.0,1.0
google/gemma-3-1b-it,26,B_paraphrase_fit_original_eval,analogy,definition,1.0,matched_random,analogy_orig_02,0.014266972112657365,0.8883218888379997,-0.8740549167253423,0.0,1.0
google/gemma-3-1b-it,26,B_paraphrase_fit_original_eval,analogy,definition,1.0,matched_random,analogy_orig_03,0.010115363296616123,0.946129795331041,-0.9360144320344249,0.0,1.0
google/gemma-3-1b-it,26,B_paraphrase_fit_original_eval,analogy,definition,1.0,opposite,analogy_orig_01,1.5009406259467274e-08,0.9997645499837727,-0.9997645349743665,0.0,1.0
google/gemma-3-1b-it,26,B_paraphrase_fit_original_eval,analogy,definition,1.0,opposite,analogy_orig_02,2.760840261703034e-08,0.999814265032049,-0.9998142374236464,0.0,1.0
google/gemma-3-1b-it,26,B_paraphrase_fit_original_eval,analogy,definition,1.0,opposite,analogy_orig_03,1.8380379698283197e-08,0.9999152934065068,-0.9999152750261271,0.0,1.0
google/gemma-3-1b-it,26,B_paraphrase_fit_original_eval,definition,logic,0.5,task,definition_orig_01,0.8573647234629426,0.005752240961708767,0.8516124825012338,1.0,0.0
google/gemma-3-1b-it,26,B_paraphrase_fit_original_eval,definition,logic,0.5,task,definition_orig_02,0.7463554415235909,0.009558082242711319,0.7367973592808796,1.0,0.0
google/gemma-3-1b-it,26,B_paraphrase_fit_original_eval,definition,logic,0.5,task,definition_orig_03,0.7206868265870812,0.007231171182440649,0.7134556554046405,1.0,0.0
google/gemma-3-1b-it,26,B_paraphrase_fit_original_eval,definition,logic,0.5,matched_random,definition_orig_01,0.04269528655510374,0.6548765258193443,-0.6121812392642405,0.0,1.0
google/gemma-3-1b-it,26,B_paraphrase_fit_original_eval,definition,logic,0.5,matched_random,definition_orig_02,0.02188008612467196,0.6405928947662948,-0.6187128086416228,0.0,1.0
google/gemma-3-1b-it,26,B_paraphrase_fit_original_eval,definition,logic,0.5,matched_random,definition_orig_03,0.023205343284067884,0.5323019866203585,-0.5090966433362907,0.0,1.0
google/gemma-3-1b-it,26,B_paraphrase_fit_original_eval,definition,logic,0.5,opposite,definition_orig_01,0.00015894132750873363,0.9825912773498603,-0.9824323360223516,0.0,1.0
google/gemma-3-1b-it,26,B_paraphrase_fit_original_eval,definition,logic,0.5,opposite,definition_orig_02,8.308740419434462e-05,0.9804486639953177,-0.9803655765911233,0.0,1.0
google/gemma-3-1b-it,26,B_paraphrase_fit_original_eval,definition,logic,0.5,opposite,definition_orig_03,0.00010488183944926631,0.9696767061325529,-0.9695718242931036,0.0,1.0
google/gemma-3-1b-it,26,B_paraphrase_fit_original_eval,definition,logic,0.75,task,definition_orig_01,0.969223706549878,0.00020988400173260437,0.9690138225481454,1.0,0.0
google/gemma-3-1b-it,26,B_paraphrase_fit_original_eval,definition,logic,0.75,task,definition_orig_02,0.9394496019552303,0.0003883134149113982,0.9390612885403189,1.0,0.0
google/gemma-3-1b-it,26,B_paraphrase_fit_original_eval,definition,logic,0.75,task,definition_orig_03,0.931595323864639,0.0003016985387956189,0.9312936253258434,1.0,0.0
google/gemma-3-1b-it,26,B_paraphrase_fit_original_eval,definition,logic,0.75,matched_random,definition_orig_01,0.029352612583551277,0.6948068897216431,-0.6654542771380918,0.0,1.0
google/gemma-3-1b-it,26,B_paraphrase_fit_original_eval,definition,logic,0.75,matched_random,definition_orig_02,0.014890776749313508,0.672803598836377,-0.6579128220870635,0.0,1.0
google/gemma-3-1b-it,26,B_paraphrase_fit_original_eval,definition,logic,0.75,matched_random,definition_orig_03,0.015836867045645697,0.5606311486251541,-0.5447942815795084,0.0,1.0
google/gemma-3-1b-it,26,B_paraphrase_fit_original_eval,definition,logic,0.75,opposite,definition_orig_01,5.205661050240166e-06,0.9970756438681077,-0.9970704382070574,0.0,1.0
google/gemma-3-1b-it,26,B_paraphrase_fit_original_eval,definition,logic,0.75,opposite,definition_orig_02,2.726030479443702e-06,0.9966359013416003,-0.9966331753111208,0.0,1.0
google/gemma-3-1b-it,26,B_paraphrase_fit_original_eval,definition,logic,0.75,opposite,definition_orig_03,3.4722886406058514e-06,0.9946233236990796,-0.994619851410439,0.0,1.0
google/gemma-3-1b-it,26,B_paraphrase_fit_original_eval,definition,logic,1.0,task,definition_orig_01,0.9937874221503746,6.945965975086558e-06,0.9937804761843996,1.0,0.0
google/gemma-3-1b-it,26,B_paraphrase_fit_original_eval,definition,logic,1.0,task,definition_orig_02,0.9875559140227955,1.317511605579563e-05,0.9875427389067397,1.0,0.0
google/gemma-3-1b-it,26,B_paraphrase_fit_original_eval,definition,logic,1.0,task,definition_orig_03,0.9859575339593954,1.030594842226744e-05,0.9859472280109732,1.0,0.0
google/gemma-3-1b-it,26,B_paraphrase_fit_original_eval,definition,logic,1.0,matched_random,definition_orig_01,0.019947460346377763,0.7286900297643729,-0.7087425694179952,0.0,1.0
google/gemma-3-1b-it,26,B_paraphrase_fit_original_eval,definition,logic,1.0,matched_random,definition_orig_02,0.010035728601101515,0.6997738747766458,-0.6897381461755443,0.0,1.0
google/gemma-3-1b-it,26,B_paraphrase_fit_original_eval,definition,logic,1.0,matched_random,definition_orig_03,0.010686956565176707,0.5838480851794223,-0.5731611286142456,0.0,1.0
google/gemma-3-1b-it,26,B_paraphrase_fit_original_eval,definition,logic,1.0,opposite,definition_orig_01,1.684295259552512e-07,0.9995087468835947,-0.9995085784540687,0.0,1.0
google/gemma-3-1b-it,26,B_paraphrase_fit_original_eval,definition,logic,1.0,opposite,definition_orig_02,8.8232208621539e-08,0.9994225009075063,-0.9994224126752976,0.0,1.0
google/gemma-3-1b-it,26,B_paraphrase_fit_original_eval,definition,logic,1.0,opposite,definition_orig_03,1.1257199716234412e-07,0.9990548736452106,-0.9990547610732134,0.0,1.0
google/gemma-3-1b-it,26,B_paraphrase_fit_original_eval,definition,causality,0.5,task,definition_orig_01,0.711320329120488,0.014024819941318503,0.6972955091791695,1.0,0.0
google/gemma-3-1b-it,26,B_paraphrase_fit_original_eval,definition,causality,0.5,task,definition_orig_02,0.8253098031785508,0.009254092137895641,0.8160557110406552,1.0,0.0
google/gemma-3-1b-it,26,B_paraphrase_fit_original_eval,definition,causality,0.5,task,definition_orig_03,0.8856656316415767,0.00450540230770529,0.8811602293338715,1.0,0.0
google/gemma-3-1b-it,26,B_paraphrase_fit_original_eval,definition,causality,0.5,matched_random,definition_orig_01,0.05369813119378039,0.5509750336631476,-0.4972769024693672,0.0,1.0
google/gemma-3-1b-it,26,B_paraphrase_fit_original_eval,definition,causality,0.5,matched_random,definition_orig_02,0.09479017324869889,0.5531218407331322,-0.4583316674844333,0.0,1.0
google/gemma-3-1b-it,26,B_paraphrase_fit_original_eval,definition,causality,0.5,matched_random,definition_orig_03,0.16836658362565338,0.4457181914009836,-0.27735160777533024,0.0,1.0
google/gemma-3-1b-it,26,B_paraphrase_fit_original_eval,definition,causality,0.5,opposite,definition_orig_01,8.649505237952044e-05,0.9734731313417556,-0.973386636289376,0.0,1.0
google/gemma-3-1b-it,26,B_paraphrase_fit_original_eval,definition,causality,0.5,opposite,definition_orig_02,0.0001524201612926608,0.975573201497626,-0.9754207813363334,0.0,1.0
google/gemma-3-1b-it,26,B_paraphrase_fit_original_eval,definition,causality,0.5,opposite,definition_orig_03,0.0003329628382287293,0.9668523998177273,-0.9665194369794986,0.0,1.0
google/gemma-3-1b-it,26,B_paraphrase_fit_original_eval,definition,causality,0.75,task,definition_orig_01,0.9315217934004728,0.0006681899448700738,0.9308536034556028,1.0,0.0
google/gemma-3-1b-it,26,B_paraphrase_fit_original_eval,definition,causality,0.75,task,definition_orig_02,0.9632377729201604,0.00039293902476708685,0.9628448338953933,1.0,0.0
google/gemma-3-1b-it,26,B_paraphrase_fit_original_eval,definition,causality,0.75,task,definition_orig_03,0.97700021413168,0.0001808145132072627,0.9768193996184728,1.0,0.0
google/gemma-3-1b-it,26,B_paraphrase_fit_original_eval,definition,causality,0.75,matched_random,definition_orig_01,0.06403678618278862,0.5453150155923397,-0.4812782294095511,0.0,1.0
google/gemma-3-1b-it,26,B_paraphrase_fit_original_eval,definition,causality,0.75,matched_random,definition_orig_02,0.11276659865595344,0.5461138007940355,-0.43334720213808203,0.0,1.0
google/gemma-3-1b-it,26,B_paraphrase_fit_original_eval,definition,causality,0.75,matched_random,definition_orig_03,0.1975933644706206,0.4341321971696938,-0.23653883269907322,0.0,1.0
google/gemma-3-1b-it,26,B_paraphrase_fit_original_eval,definition,causality,0.75,opposite,definition_orig_01,3.2156608368128054e-06,0.994782409143062,-0.9947791934822252,0.0,1.0
google/gemma-3-1b-it,26,B_paraphrase_fit_original_eval,definition,causality,0.75,opposite,definition_orig_02,5.656823873417528e-06,0.9952112107919879,-0.9952055539681145,0.0,1.0
google/gemma-3-1b-it,26,B_paraphrase_fit_original_eval,definition,causality,0.75,opposite,definition_orig_03,1.2447066680581187e-05,0.9934741885395915,-0.9934617414729109,0.0,1.0
google/gemma-3-1b-it,26,B_paraphrase_fit_original_eval,definition,causality,1.0,task,definition_orig_01,0.9864362223986292,2.5742502882266135e-05,0.9864104798957469,1.0,0.0
google/gemma-3-1b-it,26,B_paraphrase_fit_original_eval,definition,causality,1.0,task,definition_orig_02,0.9929235581187131,1.4736091704280621e-05,0.9929088220270088,1.0,0.0
google/gemma-3-1b-it,26,B_paraphrase_fit_original_eval,definition,causality,1.0,task,definition_orig_03,0.9956135320095381,6.703540860868089e-06,0.9956068284686772,1.0,0.0
google/gemma-3-1b-it,26,B_paraphrase_fit_original_eval,definition,causality,1.0,matched_random,definition_orig_01,0.07606491855592556,0.5375854592281649,-0.46152054067223935,0.0,1.0
google/gemma-3-1b-it,26,B_paraphrase_fit_original_eval,definition,causality,1.0,matched_random,definition_orig_02,0.13349066357864414,0.5365358460734515,-0.40304518249480736,0.0,1.0
google/gemma-3-1b-it,26,B_paraphrase_fit_original_eval,definition,causality,1.0,matched_random,definition_orig_03,0.23021062163345316,0.41977848687779007,-0.1895678652443369,0.0,1.0
google/gemma-3-1b-it,26,B_paraphrase_fit_original_eval,definition,causality,1.0,opposite,definition_orig_01,1.1748375476444008e-07,0.9989892986466851,-0.9989891811629303,0.0,1.0
google/gemma-3-1b-it,26,B_paraphrase_fit_original_eval,definition,causality,1.0,opposite,definition_orig_02,2.0659945018309144e-07,0.9990723076151725,-0.9990721010157223,0.0,1.0
google/gemma-3-1b-it,26,B_paraphrase_fit_original_eval,definition,causality,1.0,opposite,definition_orig_03,4.5523474431307284e-07,0.9987346792686856,-0.9987342240339413,0.0,1.0
google/gemma-3-1b-it,26,B_paraphrase_fit_original_eval,definition,analogy,0.5,task,definition_orig_01,0.9825754648431271,0.0019462017731810483,0.980629263069946,1.0,0.0
google/gemma-3-1b-it,26,B_paraphrase_fit_original_eval,definition,analogy,0.5,task,definition_orig_02,0.9861091223334422,0.0019146219092746096,0.9841945004241676,1.0,0.0
google/gemma-3-1b-it,26,B_paraphrase_fit_original_eval,definition,analogy,0.5,task,definition_orig_03,0.98369843539962,0.0013880781151796016,0.9823103572844404,1.0,0.0
google/gemma-3-1b-it,26,B_paraphrase_fit_original_eval,definition,analogy,0.5,matched_random,definition_orig_01,0.20878938700654096,0.5859895163641784,-0.37720012935763747,0.0,1.0
google/gemma-3-1b-it,26,B_paraphrase_fit_original_eval,definition,analogy,0.5,matched_random,definition_orig_02,0.21594137349774287,0.5940915646370732,-0.37815019113933035,0.0,1.0
google/gemma-3-1b-it,26,B_paraphrase_fit_original_eval,definition,analogy,0.5,matched_random,definition_orig_03,0.23948559613637965,0.4788404199730793,-0.23935482383669965,0.0,1.0
google/gemma-3-1b-it,26,B_paraphrase_fit_original_eval,definition,analogy,0.5,opposite,definition_orig_01,0.0006480026925144017,0.9928840737578591,-0.9922360710653447,0.0,1.0
google/gemma-3-1b-it,26,B_paraphrase_fit_original_eval,definition,analogy,0.5,opposite,definition_orig_02,0.0006609285230485603,0.9926869857545682,-0.9920260572315196,0.0,1.0
google/gemma-3-1b-it,26,B_paraphrase_fit_original_eval,definition,analogy,0.5,opposite,definition_orig_03,0.0009036278833136509,0.9863733629905045,-0.9854697351071908,0.0,1.0
google/gemma-3-1b-it,26,B_paraphrase_fit_original_eval,definition,analogy,0.75,task,definition_orig_01,0.996721272942652,6.656880018985358e-05,0.9966547041424622,1.0,0.0
google/gemma-3-1b-it,26,B_paraphrase_fit_original_eval,definition,analogy,0.75,task,definition_orig_02,0.9975988518346995,6.531140733910587e-05,0.9975335404273604,1.0,0.0
google/gemma-3-1b-it,26,B_paraphrase_fit_original_eval,definition,analogy,0.75,task,definition_orig_03,0.9971294269447766,4.744369586374941e-05,0.9970819832489128,1.0,0.0
google/gemma-3-1b-it,26,B_paraphrase_fit_original_eval,definition,analogy,0.75,matched_random,definition_orig_01,0.16317516925198122,0.5812865736512293,-0.41811140439924804,0.0,1.0
google/gemma-3-1b-it,26,B_paraphrase_fit_original_eval,definition,analogy,0.75,matched_random,definition_orig_02,0.16930447282672179,0.5912086115175741,-0.4219041386908523,0.0,1.0
google/gemma-3-1b-it,26,B_paraphrase_fit_original_eval,definition,analogy,0.75,matched_random,definition_orig_03,0.18395298744158214,0.46684535641317065,-0.28289236897158854,0.0,1.0
google/gemma-3-1b-it,26,B_paraphrase_fit_original_eval,definition,analogy,0.75,opposite,definition_orig_01,2.1981143008770477e-05,0.9988423604171872,-0.9988203792741784,0.0,1.0
google/gemma-3-1b-it,26,B_paraphrase_fit_original_eval,definition,analogy,0.75,opposite,definition_orig_02,2.2421499944719725e-05,0.9987284983293516,-0.9987060768294069,0.0,1.0
google/gemma-3-1b-it,26,B_paraphrase_fit_original_eval,definition,analogy,0.75,opposite,definition_orig_03,3.081357252910669e-05,0.9975133390602561,-0.997482525487727,0.0,1.0
google/gemma-3-1b-it,26,B_paraphrase_fit_original_eval,definition,analogy,1.0,task,definition_orig_01,0.9993335791393048,2.250518234990752e-06,0.9993313286210698,1.0,0.0
google/gemma-3-1b-it,26,B_paraphrase_fit_original_eval,definition,analogy,1.0,task,definition_orig_02,0.9995404960747573,2.2065234594587116e-06,0.9995382895512978,1.0,0.0
google/gemma-3-1b-it,26,B_paraphrase_fit_original_eval,definition,analogy,1.0,task,definition_orig_03,0.9994626943370383,1.6034987362956613e-06,0.9994610908383019,1.0,0.0
google/gemma-3-1b-it,26,B_paraphrase_fit_original_eval,definition,analogy,1.0,matched_random,definition_orig_01,0.1247312449047475,0.5639833331870233,-0.4392520882822758,0.0,1.0
google/gemma-3-1b-it,26,B_paraphrase_fit_original_eval,definition,analogy,1.0,matched_random,definition_orig_02,0.12974710208735543,0.5750753853167598,-0.44532828322940443,0.0,1.0
google/gemma-3-1b-it,26,B_paraphrase_fit_original_eval,definition,analogy,1.0,matched_random,definition_orig_03,0.1372553025732588,0.44213014078033624,-0.30487483820707745,0.0,1.0
google/gemma-3-1b-it,26,B_paraphrase_fit_original_eval,definition,analogy,1.0,opposite,definition_orig_01,7.418919981441583e-07,0.9997981155527242,-0.9997973736607261,0.0,1.0
google/gemma-3-1b-it,26,B_paraphrase_fit_original_eval,definition,analogy,1.0,opposite,definition_orig_02,7.568146279402778e-07,0.9997634236756516,-0.9997626668610237,0.0,1.0
google/gemma-3-1b-it,26,B_paraphrase_fit_original_eval,definition,analogy,1.0,opposite,definition_orig_03,1.0410997771226423e-06,0.9995256843324296,-0.9995246432326524,0.0,1.0
