model,layer,split,source_group,target_group,beta,intervention_type,eval_item_id,target_assignment_rate,source_assignment_rate,target_minus_source_similarity
Qwen/Qwen3-1.7B,16,A_original_fit_paraphrase_eval,logic,causality,0.5,task,logic_para_01,1.0,0.0,0.16273001799860154
Qwen/Qwen3-1.7B,16,A_original_fit_paraphrase_eval,logic,causality,0.5,task,logic_para_02,1.0,0.0,0.14634136303062917
Qwen/Qwen3-1.7B,16,A_original_fit_paraphrase_eval,logic,causality,0.5,task,logic_para_03,1.0,0.0,0.14477470087919198
Qwen/Qwen3-1.7B,16,A_original_fit_paraphrase_eval,logic,causality,0.5,matched_random,logic_para_01,0.0,1.0,-0.027865055715382447
Qwen/Qwen3-1.7B,16,A_original_fit_paraphrase_eval,logic,causality,0.5,matched_random,logic_para_02,0.0,1.0,-0.02728899035725607
Qwen/Qwen3-1.7B,16,A_original_fit_paraphrase_eval,logic,causality,0.5,matched_random,logic_para_03,0.0,1.0,-0.03284917884197136
Qwen/Qwen3-1.7B,16,A_original_fit_paraphrase_eval,logic,causality,0.5,opposite,logic_para_01,0.0,1.0,-0.21933896937831865
Qwen/Qwen3-1.7B,16,A_original_fit_paraphrase_eval,logic,causality,0.5,opposite,logic_para_02,0.0,1.0,-0.2011681695073143
Qwen/Qwen3-1.7B,16,A_original_fit_paraphrase_eval,logic,causality,0.5,opposite,logic_para_03,0.0,1.0,-0.2106140088248124
Qwen/Qwen3-1.7B,16,A_original_fit_paraphrase_eval,logic,causality,0.75,task,logic_para_01,1.0,0.0,0.2418335378016705
Qwen/Qwen3-1.7B,16,A_original_fit_paraphrase_eval,logic,causality,0.75,task,logic_para_02,1.0,0.0,0.22061115994156122
Qwen/Qwen3-1.7B,16,A_original_fit_paraphrase_eval,logic,causality,0.75,task,logic_para_03,1.0,0.0,0.22060401152278108
Qwen/Qwen3-1.7B,16,A_original_fit_paraphrase_eval,logic,causality,0.75,matched_random,logic_para_01,0.0,1.0,-0.027355783451075366
Qwen/Qwen3-1.7B,16,A_original_fit_paraphrase_eval,logic,causality,0.75,matched_random,logic_para_02,0.0,1.0,-0.02695673292470646
Qwen/Qwen3-1.7B,16,A_original_fit_paraphrase_eval,logic,causality,0.75,matched_random,logic_para_03,0.0,1.0,-0.03220491246182333
Qwen/Qwen3-1.7B,16,A_original_fit_paraphrase_eval,logic,causality,0.75,opposite,logic_para_01,0.0,1.0,-0.3003456542332408
Qwen/Qwen3-1.7B,16,A_original_fit_paraphrase_eval,logic,causality,0.75,opposite,logic_para_02,0.0,1.0,-0.27705423472339497
Qwen/Qwen3-1.7B,16,A_original_fit_paraphrase_eval,logic,causality,0.75,opposite,logic_para_03,0.0,1.0,-0.2873014304711956
Qwen/Qwen3-1.7B,16,A_original_fit_paraphrase_eval,logic,causality,1.0,task,logic_para_01,1.0,0.0,0.3076283913805513
Qwen/Qwen3-1.7B,16,A_original_fit_paraphrase_eval,logic,causality,1.0,task,logic_para_02,1.0,0.0,0.2841267688832023
Qwen/Qwen3-1.7B,16,A_original_fit_paraphrase_eval,logic,causality,1.0,task,logic_para_03,1.0,0.0,0.2851562657695338
Qwen/Qwen3-1.7B,16,A_original_fit_paraphrase_eval,logic,causality,1.0,matched_random,logic_para_01,0.0,1.0,-0.026451455325509077
Qwen/Qwen3-1.7B,16,A_original_fit_paraphrase_eval,logic,causality,1.0,matched_random,logic_para_02,0.0,1.0,-0.026266467534191595
Qwen/Qwen3-1.7B,16,A_original_fit_paraphrase_eval,logic,causality,1.0,matched_random,logic_para_03,0.0,1.0,-0.031150778536390145
Qwen/Qwen3-1.7B,16,A_original_fit_paraphrase_eval,logic,causality,1.0,opposite,logic_para_01,0.0,1.0,-0.36731749731085056
Qwen/Qwen3-1.7B,16,A_original_fit_paraphrase_eval,logic,causality,1.0,opposite,logic_para_02,0.0,1.0,-0.34175645343067895
Qwen/Qwen3-1.7B,16,A_original_fit_paraphrase_eval,logic,causality,1.0,opposite,logic_para_03,0.0,1.0,-0.3521267215892377
Qwen/Qwen3-1.7B,16,A_original_fit_paraphrase_eval,logic,analogy,0.5,task,logic_para_01,1.0,0.0,0.1442803062857796
Qwen/Qwen3-1.7B,16,A_original_fit_paraphrase_eval,logic,analogy,0.5,task,logic_para_02,1.0,0.0,0.12241619678815185
Qwen/Qwen3-1.7B,16,A_original_fit_paraphrase_eval,logic,analogy,0.5,task,logic_para_03,1.0,0.0,0.11979984917884245
Qwen/Qwen3-1.7B,16,A_original_fit_paraphrase_eval,logic,analogy,0.5,matched_random,logic_para_01,0.0,1.0,-0.011623585913360213
Qwen/Qwen3-1.7B,16,A_original_fit_paraphrase_eval,logic,analogy,0.5,matched_random,logic_para_02,0.0,1.0,-0.0202114698928344
Qwen/Qwen3-1.7B,16,A_original_fit_paraphrase_eval,logic,analogy,0.5,matched_random,logic_para_03,0.0,1.0,-0.026221743826336352
Qwen/Qwen3-1.7B,16,A_original_fit_paraphrase_eval,logic,analogy,0.5,opposite,logic_para_01,0.0,1.0,-0.18988470711545935
Qwen/Qwen3-1.7B,16,A_original_fit_paraphrase_eval,logic,analogy,0.5,opposite,logic_para_02,0.0,1.0,-0.1812108079986423
Qwen/Qwen3-1.7B,16,A_original_fit_paraphrase_eval,logic,analogy,0.5,opposite,logic_para_03,0.0,1.0,-0.19081304134079602
Qwen/Qwen3-1.7B,16,A_original_fit_paraphrase_eval,logic,analogy,0.75,task,logic_para_01,1.0,0.0,0.21362089872005963
Qwen/Qwen3-1.7B,16,A_original_fit_paraphrase_eval,logic,analogy,0.75,task,logic_para_02,1.0,0.0,0.1882209642855418
Qwen/Qwen3-1.7B,16,A_original_fit_paraphrase_eval,logic,analogy,0.75,task,logic_para_03,1.0,0.0,0.18709275812354842
Qwen/Qwen3-1.7B,16,A_original_fit_paraphrase_eval,logic,analogy,0.75,matched_random,logic_para_01,0.0,1.0,-0.007309870728523293
Qwen/Qwen3-1.7B,16,A_original_fit_paraphrase_eval,logic,analogy,0.75,matched_random,logic_para_02,0.0,1.0,-0.015958550138046368
Qwen/Qwen3-1.7B,16,A_original_fit_paraphrase_eval,logic,analogy,0.75,matched_random,logic_para_03,0.0,1.0,-0.02161302922614161
Qwen/Qwen3-1.7B,16,A_original_fit_paraphrase_eval,logic,analogy,0.75,opposite,logic_para_01,0.0,1.0,-0.26352743087747776
Qwen/Qwen3-1.7B,16,A_original_fit_paraphrase_eval,logic,analogy,0.75,opposite,logic_para_02,0.0,1.0,-0.2488308292910183
Qwen/Qwen3-1.7B,16,A_original_fit_paraphrase_eval,logic,analogy,0.75,opposite,logic_para_03,0.0,1.0,-0.25917749404204105
Qwen/Qwen3-1.7B,16,A_original_fit_paraphrase_eval,logic,analogy,1.0,task,logic_para_01,1.0,0.0,0.2721403320509618
Qwen/Qwen3-1.7B,16,A_original_fit_paraphrase_eval,logic,analogy,1.0,task,logic_para_02,1.0,0.0,0.24538232674494853
Qwen/Qwen3-1.7B,16,A_original_fit_paraphrase_eval,logic,analogy,1.0,task,logic_para_03,1.0,0.0,0.24532333800870332
Qwen/Qwen3-1.7B,16,A_original_fit_paraphrase_eval,logic,analogy,1.0,matched_random,logic_para_01,0.0,1.0,-0.0033446104974916846
Qwen/Qwen3-1.7B,16,A_original_fit_paraphrase_eval,logic,analogy,1.0,matched_random,logic_para_02,0.0,1.0,-0.011877882354309977
Qwen/Qwen3-1.7B,16,A_original_fit_paraphrase_eval,logic,analogy,1.0,matched_random,logic_para_03,0.0,1.0,-0.017139942698389254
Qwen/Qwen3-1.7B,16,A_original_fit_paraphrase_eval,logic,analogy,1.0,opposite,logic_para_01,0.0,1.0,-0.3258972961105091
Qwen/Qwen3-1.7B,16,A_original_fit_paraphrase_eval,logic,analogy,1.0,opposite,logic_para_02,0.0,1.0,-0.30750252419718715
Qwen/Qwen3-1.7B,16,A_original_fit_paraphrase_eval,logic,analogy,1.0,opposite,logic_para_03,0.0,1.0,-0.31800329702440105
Qwen/Qwen3-1.7B,16,A_original_fit_paraphrase_eval,logic,definition,0.5,task,logic_para_01,1.0,0.0,0.1571046550932993
Qwen/Qwen3-1.7B,16,A_original_fit_paraphrase_eval,logic,definition,0.5,task,logic_para_02,1.0,0.0,0.14536225424383942
Qwen/Qwen3-1.7B,16,A_original_fit_paraphrase_eval,logic,definition,0.5,task,logic_para_03,1.0,0.0,0.14574131886194852
Qwen/Qwen3-1.7B,16,A_original_fit_paraphrase_eval,logic,definition,0.5,matched_random,logic_para_01,0.0,1.0,-0.015012154465881666
Qwen/Qwen3-1.7B,16,A_original_fit_paraphrase_eval,logic,definition,0.5,matched_random,logic_para_02,0.0,1.0,-0.011014993893177172
Qwen/Qwen3-1.7B,16,A_original_fit_paraphrase_eval,logic,definition,0.5,matched_random,logic_para_03,0.0,1.0,-0.014138180652911503
Qwen/Qwen3-1.7B,16,A_original_fit_paraphrase_eval,logic,definition,0.5,opposite,logic_para_01,0.0,1.0,-0.20777577903790334
Qwen/Qwen3-1.7B,16,A_original_fit_paraphrase_eval,logic,definition,0.5,opposite,logic_para_02,0.0,1.0,-0.18641138547991742
Qwen/Qwen3-1.7B,16,A_original_fit_paraphrase_eval,logic,definition,0.5,opposite,logic_para_03,0.0,1.0,-0.19356057599853294
Qwen/Qwen3-1.7B,16,A_original_fit_paraphrase_eval,logic,definition,0.75,task,logic_para_01,1.0,0.0,0.23439388957576723
Qwen/Qwen3-1.7B,16,A_original_fit_paraphrase_eval,logic,definition,0.75,task,logic_para_02,1.0,0.0,0.21718773237008704
Qwen/Qwen3-1.7B,16,A_original_fit_paraphrase_eval,logic,definition,0.75,task,logic_para_03,1.0,0.0,0.21892248730468833
Qwen/Qwen3-1.7B,16,A_original_fit_paraphrase_eval,logic,definition,0.75,matched_random,logic_para_01,0.0,1.0,-0.009970582170539366
Qwen/Qwen3-1.7B,16,A_original_fit_paraphrase_eval,logic,definition,0.75,matched_random,logic_para_02,0.0,1.0,-0.0066196823516698755
Qwen/Qwen3-1.7B,16,A_original_fit_paraphrase_eval,logic,definition,0.75,matched_random,logic_para_03,0.0,1.0,-0.009505468273094397
Qwen/Qwen3-1.7B,16,A_original_fit_paraphrase_eval,logic,definition,0.75,opposite,logic_para_01,0.0,1.0,-0.28493282865755765
Qwen/Qwen3-1.7B,16,A_original_fit_paraphrase_eval,logic,definition,0.75,opposite,logic_para_02,0.0,1.0,-0.25916688572528623
Qwen/Qwen3-1.7B,16,A_original_fit_paraphrase_eval,logic,definition,0.75,opposite,logic_para_03,0.0,1.0,-0.2673037728296882
Qwen/Qwen3-1.7B,16,A_original_fit_paraphrase_eval,logic,definition,1.0,task,logic_para_01,1.0,0.0,0.29937521819796575
Qwen/Qwen3-1.7B,16,A_original_fit_paraphrase_eval,logic,definition,1.0,task,logic_para_02,1.0,0.0,0.279113831475472
Qwen/Qwen3-1.7B,16,A_original_fit_paraphrase_eval,logic,definition,1.0,task,logic_para_03,1.0,0.0,0.2816970233163004
Qwen/Qwen3-1.7B,16,A_original_fit_paraphrase_eval,logic,definition,1.0,matched_random,logic_para_01,0.0,1.0,-0.005347065451062227
Qwen/Qwen3-1.7B,16,A_original_fit_paraphrase_eval,logic,definition,1.0,matched_random,logic_para_02,0.0,1.0,-0.0025480537622315502
Qwen/Qwen3-1.7B,16,A_original_fit_paraphrase_eval,logic,definition,1.0,matched_random,logic_para_03,0.0,1.0,-0.005207647647118563
Qwen/Qwen3-1.7B,16,A_original_fit_paraphrase_eval,logic,definition,1.0,opposite,logic_para_01,0.0,1.0,-0.34926715934516916
Qwen/Qwen3-1.7B,16,A_original_fit_paraphrase_eval,logic,definition,1.0,opposite,logic_para_02,0.0,1.0,-0.32174667320543043
Qwen/Qwen3-1.7B,16,A_original_fit_paraphrase_eval,logic,definition,1.0,opposite,logic_para_03,0.0,1.0,-0.3302663778505539
Qwen/Qwen3-1.7B,16,A_original_fit_paraphrase_eval,causality,logic,0.5,task,causality_para_01,1.0,0.0,0.09712495393847598
Qwen/Qwen3-1.7B,16,A_original_fit_paraphrase_eval,causality,logic,0.5,task,causality_para_02,1.0,0.0,0.10392375125538744
Qwen/Qwen3-1.7B,16,A_original_fit_paraphrase_eval,causality,logic,0.5,task,causality_para_03,1.0,0.0,0.06780859960120178
Qwen/Qwen3-1.7B,16,A_original_fit_paraphrase_eval,causality,logic,0.5,matched_random,causality_para_01,0.0,1.0,-0.0770157902344002
Qwen/Qwen3-1.7B,16,A_original_fit_paraphrase_eval,causality,logic,0.5,matched_random,causality_para_02,0.0,1.0,-0.07316271966284027
Qwen/Qwen3-1.7B,16,A_original_fit_paraphrase_eval,causality,logic,0.5,matched_random,causality_para_03,0.0,1.0,-0.10768019506115412
Qwen/Qwen3-1.7B,16,A_original_fit_paraphrase_eval,causality,logic,0.5,opposite,causality_para_01,0.0,1.0,-0.22786135855254697
Qwen/Qwen3-1.7B,16,A_original_fit_paraphrase_eval,causality,logic,0.5,opposite,causality_para_02,0.0,1.0,-0.22733784625184672
Qwen/Qwen3-1.7B,16,A_original_fit_paraphrase_eval,causality,logic,0.5,opposite,causality_para_03,0.0,1.0,-0.2547226221969451
Qwen/Qwen3-1.7B,16,A_original_fit_paraphrase_eval,causality,logic,0.75,task,causality_para_01,1.0,0.0,0.18174821725749934
Qwen/Qwen3-1.7B,16,A_original_fit_paraphrase_eval,causality,logic,0.75,task,causality_para_02,1.0,0.0,0.18959248409905227
Qwen/Qwen3-1.7B,16,A_original_fit_paraphrase_eval,causality,logic,0.75,task,causality_para_03,1.0,0.0,0.15629910260260138
Qwen/Qwen3-1.7B,16,A_original_fit_paraphrase_eval,causality,logic,0.75,matched_random,causality_para_01,0.0,1.0,-0.0750457805610305
Qwen/Qwen3-1.7B,16,A_original_fit_paraphrase_eval,causality,logic,0.75,matched_random,causality_para_02,0.0,1.0,-0.07111845317603027
Qwen/Qwen3-1.7B,16,A_original_fit_paraphrase_eval,causality,logic,0.75,matched_random,causality_para_03,0.0,1.0,-0.10450112865376315
Qwen/Qwen3-1.7B,16,A_original_fit_paraphrase_eval,causality,logic,0.75,opposite,causality_para_01,0.0,1.0,-0.2883558064645735
Qwen/Qwen3-1.7B,16,A_original_fit_paraphrase_eval,causality,logic,0.75,opposite,causality_para_02,0.0,1.0,-0.2888254550511138
Qwen/Qwen3-1.7B,16,A_original_fit_paraphrase_eval,causality,logic,0.75,opposite,causality_para_03,0.0,1.0,-0.3118461518071074
Qwen/Qwen3-1.7B,16,A_original_fit_paraphrase_eval,causality,logic,1.0,task,causality_para_01,1.0,0.0,0.25866329764482976
Qwen/Qwen3-1.7B,16,A_original_fit_paraphrase_eval,causality,logic,1.0,task,causality_para_02,1.0,0.0,0.2669571833962291
Qwen/Qwen3-1.7B,16,A_original_fit_paraphrase_eval,causality,logic,1.0,task,causality_para_03,1.0,0.0,0.23805111396982626
Qwen/Qwen3-1.7B,16,A_original_fit_paraphrase_eval,causality,logic,1.0,matched_random,causality_para_01,0.0,1.0,-0.07222359847581483
Qwen/Qwen3-1.7B,16,A_original_fit_paraphrase_eval,causality,logic,1.0,matched_random,causality_para_02,0.0,1.0,-0.06829734825520462
Qwen/Qwen3-1.7B,16,A_original_fit_paraphrase_eval,causality,logic,1.0,matched_random,causality_para_03,0.0,1.0,-0.10014296326656369
Qwen/Qwen3-1.7B,16,A_original_fit_paraphrase_eval,causality,logic,1.0,opposite,causality_para_01,0.0,1.0,-0.3388783818875728
Qwen/Qwen3-1.7B,16,A_original_fit_paraphrase_eval,causality,logic,1.0,opposite,causality_para_02,0.0,1.0,-0.34000116179229734
Qwen/Qwen3-1.7B,16,A_original_fit_paraphrase_eval,causality,logic,1.0,opposite,causality_para_03,0.0,1.0,-0.3590043171344932
Qwen/Qwen3-1.7B,16,A_original_fit_paraphrase_eval,causality,analogy,0.5,task,causality_para_01,1.0,0.0,0.11061850269835771
Qwen/Qwen3-1.7B,16,A_original_fit_paraphrase_eval,causality,analogy,0.5,task,causality_para_02,1.0,0.0,0.117906370724428
Qwen/Qwen3-1.7B,16,A_original_fit_paraphrase_eval,causality,analogy,0.5,task,causality_para_03,1.0,0.0,0.06903113386277093
Qwen/Qwen3-1.7B,16,A_original_fit_paraphrase_eval,causality,analogy,0.5,matched_random,causality_para_01,0.0,1.0,-0.11041381985866605
Qwen/Qwen3-1.7B,16,A_original_fit_paraphrase_eval,causality,analogy,0.5,matched_random,causality_para_02,0.0,1.0,-0.10739756873347417
Qwen/Qwen3-1.7B,16,A_original_fit_paraphrase_eval,causality,analogy,0.5,matched_random,causality_para_03,0.0,1.0,-0.1537678228054249
Qwen/Qwen3-1.7B,16,A_original_fit_paraphrase_eval,causality,analogy,0.5,opposite,causality_para_01,0.0,1.0,-0.30691350564595066
Qwen/Qwen3-1.7B,16,A_original_fit_paraphrase_eval,causality,analogy,0.5,opposite,causality_para_02,0.0,1.0,-0.30738806047637235
Qwen/Qwen3-1.7B,16,A_original_fit_paraphrase_eval,causality,analogy,0.5,opposite,causality_para_03,0.0,1.0,-0.34405091776072794
Qwen/Qwen3-1.7B,16,A_original_fit_paraphrase_eval,causality,analogy,0.75,task,causality_para_01,1.0,0.0,0.21388001114333588
Qwen/Qwen3-1.7B,16,A_original_fit_paraphrase_eval,causality,analogy,0.75,task,causality_para_02,1.0,0.0,0.22212206560224013
Qwen/Qwen3-1.7B,16,A_original_fit_paraphrase_eval,causality,analogy,0.75,task,causality_para_03,1.0,0.0,0.17853023371101262
Qwen/Qwen3-1.7B,16,A_original_fit_paraphrase_eval,causality,analogy,0.75,matched_random,causality_para_01,0.0,1.0,-0.10596279793319374
Qwen/Qwen3-1.7B,16,A_original_fit_paraphrase_eval,causality,analogy,0.75,matched_random,causality_para_02,0.0,1.0,-0.10305763395070355
Qwen/Qwen3-1.7B,16,A_original_fit_paraphrase_eval,causality,analogy,0.75,matched_random,causality_para_03,0.0,1.0,-0.1469578898345707
Qwen/Qwen3-1.7B,16,A_original_fit_paraphrase_eval,causality,analogy,0.75,opposite,causality_para_01,0.0,1.0,-0.38180737401921006
Qwen/Qwen3-1.7B,16,A_original_fit_paraphrase_eval,causality,analogy,0.75,opposite,causality_para_02,0.0,1.0,-0.38342446894115695
Qwen/Qwen3-1.7B,16,A_original_fit_paraphrase_eval,causality,analogy,0.75,opposite,causality_para_03,0.0,1.0,-0.413197696306394
Qwen/Qwen3-1.7B,16,A_original_fit_paraphrase_eval,causality,analogy,1.0,task,causality_para_01,1.0,0.0,0.30354215500709825
Qwen/Qwen3-1.7B,16,A_original_fit_paraphrase_eval,causality,analogy,1.0,task,causality_para_02,1.0,0.0,0.3119476031722235
Qwen/Qwen3-1.7B,16,A_original_fit_paraphrase_eval,causality,analogy,1.0,task,causality_para_03,1.0,0.0,0.275370967604434
Qwen/Qwen3-1.7B,16,A_original_fit_paraphrase_eval,causality,analogy,1.0,matched_random,causality_para_01,0.0,1.0,-0.10033186442050301
Qwen/Qwen3-1.7B,16,A_original_fit_paraphrase_eval,causality,analogy,1.0,matched_random,causality_para_02,0.0,1.0,-0.09751471218364771
Qwen/Qwen3-1.7B,16,A_original_fit_paraphrase_eval,causality,analogy,1.0,matched_random,causality_para_03,0.0,1.0,-0.13855113389899099
Qwen/Qwen3-1.7B,16,A_original_fit_paraphrase_eval,causality,analogy,1.0,opposite,causality_para_01,0.0,1.0,-0.4419082846883829
Qwen/Qwen3-1.7B,16,A_original_fit_paraphrase_eval,causality,analogy,1.0,opposite,causality_para_02,0.0,1.0,-0.4441669021951808
Qwen/Qwen3-1.7B,16,A_original_fit_paraphrase_eval,causality,analogy,1.0,opposite,causality_para_03,0.0,1.0,-0.4678481858593007
Qwen/Qwen3-1.7B,16,A_original_fit_paraphrase_eval,causality,definition,0.5,task,causality_para_01,1.0,0.0,0.0566619909450603
Qwen/Qwen3-1.7B,16,A_original_fit_paraphrase_eval,causality,definition,0.5,task,causality_para_02,1.0,0.0,0.06636531873453755
Qwen/Qwen3-1.7B,16,A_original_fit_paraphrase_eval,causality,definition,0.5,task,causality_para_03,1.0,0.0,0.062351099125323994
Qwen/Qwen3-1.7B,16,A_original_fit_paraphrase_eval,causality,definition,0.5,matched_random,causality_para_01,0.0,1.0,-0.044358151317451466
Qwen/Qwen3-1.7B,16,A_original_fit_paraphrase_eval,causality,definition,0.5,matched_random,causality_para_02,0.0,1.0,-0.03645430584097831
Qwen/Qwen3-1.7B,16,A_original_fit_paraphrase_eval,causality,definition,0.5,matched_random,causality_para_03,0.0,1.0,-0.039491745165148195
Qwen/Qwen3-1.7B,16,A_original_fit_paraphrase_eval,causality,definition,0.5,opposite,causality_para_01,0.0,1.0,-0.14019727832121187
Qwen/Qwen3-1.7B,16,A_original_fit_paraphrase_eval,causality,definition,0.5,opposite,causality_para_02,0.0,1.0,-0.1346990951479745
Qwen/Qwen3-1.7B,16,A_original_fit_paraphrase_eval,causality,definition,0.5,opposite,causality_para_03,0.0,1.0,-0.13678055862521643
Qwen/Qwen3-1.7B,16,A_original_fit_paraphrase_eval,causality,definition,0.75,task,causality_para_01,1.0,0.0,0.10627038396191202
Qwen/Qwen3-1.7B,16,A_original_fit_paraphrase_eval,causality,definition,0.75,task,causality_para_02,1.0,0.0,0.11631265246301847
Qwen/Qwen3-1.7B,16,A_original_fit_paraphrase_eval,causality,definition,0.75,task,causality_para_03,1.0,0.0,0.11216953756375736
Qwen/Qwen3-1.7B,16,A_original_fit_paraphrase_eval,causality,definition,0.75,matched_random,causality_para_01,0.0,1.0,-0.04314122150617283
Qwen/Qwen3-1.7B,16,A_original_fit_paraphrase_eval,causality,definition,0.75,matched_random,causality_para_02,0.0,1.0,-0.03538005306483516
Qwen/Qwen3-1.7B,16,A_original_fit_paraphrase_eval,causality,definition,0.75,matched_random,causality_para_03,0.0,1.0,-0.038292699616078174
Qwen/Qwen3-1.7B,16,A_original_fit_paraphrase_eval,causality,definition,0.75,opposite,causality_para_01,0.0,1.0,-0.18173165883050013
Qwen/Qwen3-1.7B,16,A_original_fit_paraphrase_eval,causality,definition,0.75,opposite,causality_para_02,0.0,1.0,-0.1774459953525802
Qwen/Qwen3-1.7B,16,A_original_fit_paraphrase_eval,causality,definition,0.75,opposite,causality_para_03,0.0,1.0,-0.1789517839474185
Qwen/Qwen3-1.7B,16,A_original_fit_paraphrase_eval,causality,definition,1.0,task,causality_para_01,1.0,0.0,0.15283163795756716
Qwen/Qwen3-1.7B,16,A_original_fit_paraphrase_eval,causality,definition,1.0,task,causality_para_02,1.0,0.0,0.16284179862992954
Qwen/Qwen3-1.7B,16,A_original_fit_paraphrase_eval,causality,definition,1.0,task,causality_para_03,1.0,0.0,0.15874509551202332
Qwen/Qwen3-1.7B,16,A_original_fit_paraphrase_eval,causality,definition,1.0,matched_random,causality_para_01,0.0,1.0,-0.04158640809746139
Qwen/Qwen3-1.7B,16,A_original_fit_paraphrase_eval,causality,definition,1.0,matched_random,causality_para_02,0.0,1.0,-0.03402719500072049
Qwen/Qwen3-1.7B,16,A_original_fit_paraphrase_eval,causality,definition,1.0,matched_random,causality_para_03,0.0,1.0,-0.0368103762917934
Qwen/Qwen3-1.7B,16,A_original_fit_paraphrase_eval,causality,definition,1.0,opposite,causality_para_01,0.0,1.0,-0.21863523756532355
Qwen/Qwen3-1.7B,16,A_original_fit_paraphrase_eval,causality,definition,1.0,opposite,causality_para_02,0.0,1.0,-0.21542983610313993
Qwen/Qwen3-1.7B,16,A_original_fit_paraphrase_eval,causality,definition,1.0,opposite,causality_para_03,0.0,1.0,-0.21642154325446472
Qwen/Qwen3-1.7B,16,A_original_fit_paraphrase_eval,analogy,logic,0.5,task,analogy_para_01,1.0,0.0,0.07828625600945505
Qwen/Qwen3-1.7B,16,A_original_fit_paraphrase_eval,analogy,logic,0.5,task,analogy_para_02,1.0,0.0,0.14599142455524872
Qwen/Qwen3-1.7B,16,A_original_fit_paraphrase_eval,analogy,logic,0.5,task,analogy_para_03,1.0,0.0,0.13390627255082477
Qwen/Qwen3-1.7B,16,A_original_fit_paraphrase_eval,analogy,logic,0.5,matched_random,analogy_para_01,0.0,1.0,-0.07772542846623742
Qwen/Qwen3-1.7B,16,A_original_fit_paraphrase_eval,analogy,logic,0.5,matched_random,analogy_para_02,0.0,1.0,-0.01615604973639595
Qwen/Qwen3-1.7B,16,A_original_fit_paraphrase_eval,analogy,logic,0.5,matched_random,analogy_para_03,0.0,1.0,-0.0314631214290082
Qwen/Qwen3-1.7B,16,A_original_fit_paraphrase_eval,analogy,logic,0.5,opposite,analogy_para_01,0.0,1.0,-0.21710400853809908
Qwen/Qwen3-1.7B,16,A_original_fit_paraphrase_eval,analogy,logic,0.5,opposite,analogy_para_02,0.0,1.0,-0.16857956885273917
Qwen/Qwen3-1.7B,16,A_original_fit_paraphrase_eval,analogy,logic,0.5,opposite,analogy_para_03,0.0,1.0,-0.18526351551608544
Qwen/Qwen3-1.7B,16,A_original_fit_paraphrase_eval,analogy,logic,0.75,task,analogy_para_01,1.0,0.0,0.15755926170242585
Qwen/Qwen3-1.7B,16,A_original_fit_paraphrase_eval,analogy,logic,0.75,task,analogy_para_02,1.0,0.0,0.22149243568525123
Qwen/Qwen3-1.7B,16,A_original_fit_paraphrase_eval,analogy,logic,0.75,task,analogy_para_03,1.0,0.0,0.21187902500302358
Qwen/Qwen3-1.7B,16,A_original_fit_paraphrase_eval,analogy,logic,0.75,matched_random,analogy_para_01,0.0,1.0,-0.07407005779259301
Qwen/Qwen3-1.7B,16,A_original_fit_paraphrase_eval,analogy,logic,0.75,matched_random,analogy_para_02,0.0,1.0,-0.014901673953597205
Qwen/Qwen3-1.7B,16,A_original_fit_paraphrase_eval,analogy,logic,0.75,matched_random,analogy_para_03,0.0,1.0,-0.02948078020631173
Qwen/Qwen3-1.7B,16,A_original_fit_paraphrase_eval,analogy,logic,0.75,opposite,analogy_para_01,0.0,1.0,-0.2710711269079181
Qwen/Qwen3-1.7B,16,A_original_fit_paraphrase_eval,analogy,logic,0.75,opposite,analogy_para_02,0.0,1.0,-0.2308406043020821
Qwen/Qwen3-1.7B,16,A_original_fit_paraphrase_eval,analogy,logic,0.75,opposite,analogy_para_03,0.0,1.0,-0.24678662548526942
Qwen/Qwen3-1.7B,16,A_original_fit_paraphrase_eval,analogy,logic,1.0,task,analogy_para_01,1.0,0.0,0.23057191858954207
Qwen/Qwen3-1.7B,16,A_original_fit_paraphrase_eval,analogy,logic,1.0,task,analogy_para_02,1.0,0.0,0.2878864475977867
Qwen/Qwen3-1.7B,16,A_original_fit_paraphrase_eval,analogy,logic,1.0,task,analogy_para_03,1.0,0.0,0.2805579376317823
Qwen/Qwen3-1.7B,16,A_original_fit_paraphrase_eval,analogy,logic,1.0,matched_random,analogy_para_01,0.0,1.0,-0.06977593717825925
Qwen/Qwen3-1.7B,16,A_original_fit_paraphrase_eval,analogy,logic,1.0,matched_random,analogy_para_02,0.0,1.0,-0.01356398225832145
Qwen/Qwen3-1.7B,16,A_original_fit_paraphrase_eval,analogy,logic,1.0,matched_random,analogy_para_03,0.0,1.0,-0.027282966934518482
Qwen/Qwen3-1.7B,16,A_original_fit_paraphrase_eval,analogy,logic,1.0,opposite,analogy_para_01,0.0,1.0,-0.3161052657180923
Qwen/Qwen3-1.7B,16,A_original_fit_paraphrase_eval,analogy,logic,1.0,opposite,analogy_para_02,0.0,1.0,-0.28339103929966425
Qwen/Qwen3-1.7B,16,A_original_fit_paraphrase_eval,analogy,logic,1.0,opposite,analogy_para_03,0.0,1.0,-0.2982118361629109
Qwen/Qwen3-1.7B,16,A_original_fit_paraphrase_eval,analogy,causality,0.5,task,analogy_para_01,1.0,0.0,0.12762990572486443
Qwen/Qwen3-1.7B,16,A_original_fit_paraphrase_eval,analogy,causality,0.5,task,analogy_para_02,1.0,0.0,0.19030895403195713
Qwen/Qwen3-1.7B,16,A_original_fit_paraphrase_eval,analogy,causality,0.5,task,analogy_para_03,1.0,0.0,0.20683753757530787
Qwen/Qwen3-1.7B,16,A_original_fit_paraphrase_eval,analogy,causality,0.5,matched_random,analogy_para_01,0.0,1.0,-0.10022758946694554
Qwen/Qwen3-1.7B,16,A_original_fit_paraphrase_eval,analogy,causality,0.5,matched_random,analogy_para_02,0.0,1.0,-0.043866337242372766
Qwen/Qwen3-1.7B,16,A_original_fit_paraphrase_eval,analogy,causality,0.5,matched_random,analogy_para_03,0.0,1.0,-0.030749528057365083
Qwen/Qwen3-1.7B,16,A_original_fit_paraphrase_eval,analogy,causality,0.5,opposite,analogy_para_01,0.0,1.0,-0.3098684763228874
Qwen/Qwen3-1.7B,16,A_original_fit_paraphrase_eval,analogy,causality,0.5,opposite,analogy_para_02,0.0,1.0,-0.2701071973804001
Qwen/Qwen3-1.7B,16,A_original_fit_paraphrase_eval,analogy,causality,0.5,opposite,analogy_para_03,0.0,1.0,-0.26277053829988684
Qwen/Qwen3-1.7B,16,A_original_fit_paraphrase_eval,analogy,causality,0.75,task,analogy_para_01,1.0,0.0,0.23504460759617152
Qwen/Qwen3-1.7B,16,A_original_fit_paraphrase_eval,analogy,causality,0.75,task,analogy_para_02,1.0,0.0,0.29200546262716176
Qwen/Qwen3-1.7B,16,A_original_fit_paraphrase_eval,analogy,causality,0.75,task,analogy_para_03,1.0,0.0,0.3075561705254839
Qwen/Qwen3-1.7B,16,A_original_fit_paraphrase_eval,analogy,causality,0.75,matched_random,analogy_para_01,0.0,1.0,-0.0937084329275839
Qwen/Qwen3-1.7B,16,A_original_fit_paraphrase_eval,analogy,causality,0.75,matched_random,analogy_para_02,0.0,1.0,-0.04042220352410708
Qwen/Qwen3-1.7B,16,A_original_fit_paraphrase_eval,analogy,causality,0.75,matched_random,analogy_para_03,0.0,1.0,-0.028089841320142472
Qwen/Qwen3-1.7B,16,A_original_fit_paraphrase_eval,analogy,causality,0.75,opposite,analogy_para_01,0.0,1.0,-0.386406422126076
Qwen/Qwen3-1.7B,16,A_original_fit_paraphrase_eval,analogy,causality,0.75,opposite,analogy_para_02,0.0,1.0,-0.35658123032302225
Qwen/Qwen3-1.7B,16,A_original_fit_paraphrase_eval,analogy,causality,0.75,opposite,analogy_para_03,0.0,1.0,-0.35216622935355735
Qwen/Qwen3-1.7B,16,A_original_fit_paraphrase_eval,analogy,causality,1.0,task,analogy_para_01,1.0,0.0,0.32681045963592503
Qwen/Qwen3-1.7B,16,A_original_fit_paraphrase_eval,analogy,causality,1.0,task,analogy_para_02,1.0,0.0,0.375622230701738
Qwen/Qwen3-1.7B,16,A_original_fit_paraphrase_eval,analogy,causality,1.0,task,analogy_para_03,1.0,0.0,0.3893587363149795
Qwen/Qwen3-1.7B,16,A_original_fit_paraphrase_eval,analogy,causality,1.0,matched_random,analogy_para_01,0.0,1.0,-0.08644941901286396
Qwen/Qwen3-1.7B,16,A_original_fit_paraphrase_eval,analogy,causality,1.0,matched_random,analogy_para_02,0.0,1.0,-0.03674593491452749
Qwen/Qwen3-1.7B,16,A_original_fit_paraphrase_eval,analogy,causality,1.0,matched_random,analogy_para_03,0.0,1.0,-0.025289999689880105
Qwen/Qwen3-1.7B,16,A_original_fit_paraphrase_eval,analogy,causality,1.0,opposite,analogy_para_01,0.0,1.0,-0.4469733142202621
Qwen/Qwen3-1.7B,16,A_original_fit_paraphrase_eval,analogy,causality,1.0,opposite,analogy_para_02,0.0,1.0,-0.4253165201484621
Qwen/Qwen3-1.7B,16,A_original_fit_paraphrase_eval,analogy,causality,1.0,opposite,analogy_para_03,0.0,1.0,-0.4230602068145395
Qwen/Qwen3-1.7B,16,A_original_fit_paraphrase_eval,analogy,definition,0.5,task,analogy_para_01,1.0,0.0,0.12221049846193566
Qwen/Qwen3-1.7B,16,A_original_fit_paraphrase_eval,analogy,definition,0.5,task,analogy_para_02,1.0,0.0,0.19577391449415604
Qwen/Qwen3-1.7B,16,A_original_fit_paraphrase_eval,analogy,definition,0.5,task,analogy_para_03,1.0,0.0,0.1949624200847755
Qwen/Qwen3-1.7B,16,A_original_fit_paraphrase_eval,analogy,definition,0.5,matched_random,analogy_para_01,0.0,1.0,-0.08951520697689797
Qwen/Qwen3-1.7B,16,A_original_fit_paraphrase_eval,analogy,definition,0.5,matched_random,analogy_para_02,0.0,1.0,-0.02174320095972271
Qwen/Qwen3-1.7B,16,A_original_fit_paraphrase_eval,analogy,definition,0.5,matched_random,analogy_para_03,0.0,1.0,-0.02678226162013897
Qwen/Qwen3-1.7B,16,A_original_fit_paraphrase_eval,analogy,definition,0.5,opposite,analogy_para_01,0.0,1.0,-0.2886020248643443
Qwen/Qwen3-1.7B,16,A_original_fit_paraphrase_eval,analogy,definition,0.5,opposite,analogy_para_02,0.0,1.0,-0.2378100564303428
Qwen/Qwen3-1.7B,16,A_original_fit_paraphrase_eval,analogy,definition,0.5,opposite,analogy_para_03,0.0,1.0,-0.24622181150681954
Qwen/Qwen3-1.7B,16,A_original_fit_paraphrase_eval,analogy,definition,0.75,task,analogy_para_01,1.0,0.0,0.22475399431360588
Qwen/Qwen3-1.7B,16,A_original_fit_paraphrase_eval,analogy,definition,0.75,task,analogy_para_02,1.0,0.0,0.2913218065185603
Qwen/Qwen3-1.7B,16,A_original_fit_paraphrase_eval,analogy,definition,0.75,task,analogy_para_03,1.0,0.0,0.29227931401217955
Qwen/Qwen3-1.7B,16,A_original_fit_paraphrase_eval,analogy,definition,0.75,matched_random,analogy_para_01,0.0,1.0,-0.08260305885140373
Qwen/Qwen3-1.7B,16,A_original_fit_paraphrase_eval,analogy,definition,0.75,matched_random,analogy_para_02,0.0,1.0,-0.018468492469962627
Qwen/Qwen3-1.7B,16,A_original_fit_paraphrase_eval,analogy,definition,0.75,matched_random,analogy_para_03,0.0,1.0,-0.02312300533484013
Qwen/Qwen3-1.7B,16,A_original_fit_paraphrase_eval,analogy,definition,0.75,opposite,analogy_para_01,0.0,1.0,-0.3612521742343927
Qwen/Qwen3-1.7B,16,A_original_fit_paraphrase_eval,analogy,definition,0.75,opposite,analogy_para_02,0.0,1.0,-0.3216660098992439
Qwen/Qwen3-1.7B,16,A_original_fit_paraphrase_eval,analogy,definition,0.75,opposite,analogy_para_03,0.0,1.0,-0.3302878197229723
Qwen/Qwen3-1.7B,16,A_original_fit_paraphrase_eval,analogy,definition,1.0,task,analogy_para_01,1.0,0.0,0.3135408853463658
Qwen/Qwen3-1.7B,16,A_original_fit_paraphrase_eval,analogy,definition,1.0,task,analogy_para_02,1.0,0.0,0.37046945915751467
Qwen/Qwen3-1.7B,16,A_original_fit_paraphrase_eval,analogy,definition,1.0,task,analogy_para_03,1.0,0.0,0.37250506797349137
Qwen/Qwen3-1.7B,16,A_original_fit_paraphrase_eval,analogy,definition,1.0,matched_random,analogy_para_01,0.0,1.0,-0.07520700631593757
Qwen/Qwen3-1.7B,16,A_original_fit_paraphrase_eval,analogy,definition,1.0,matched_random,analogy_para_02,0.0,1.0,-0.015276550949603562
Qwen/Qwen3-1.7B,16,A_original_fit_paraphrase_eval,analogy,definition,1.0,matched_random,analogy_para_03,0.0,1.0,-0.019527980235536813
Qwen/Qwen3-1.7B,16,A_original_fit_paraphrase_eval,analogy,definition,1.0,opposite,analogy_para_01,0.0,1.0,-0.4194314174598171
Qwen/Qwen3-1.7B,16,A_original_fit_paraphrase_eval,analogy,definition,1.0,opposite,analogy_para_02,0.0,1.0,-0.3894435656758843
Qwen/Qwen3-1.7B,16,A_original_fit_paraphrase_eval,analogy,definition,1.0,opposite,analogy_para_03,0.0,1.0,-0.39770713193771723
Qwen/Qwen3-1.7B,16,A_original_fit_paraphrase_eval,definition,logic,0.5,task,definition_para_01,1.0,0.0,0.09382640090751881
Qwen/Qwen3-1.7B,16,A_original_fit_paraphrase_eval,definition,logic,0.5,task,definition_para_02,1.0,0.0,0.1168215335741083
Qwen/Qwen3-1.7B,16,A_original_fit_paraphrase_eval,definition,logic,0.5,task,definition_para_03,1.0,0.0,0.0828582301823223
Qwen/Qwen3-1.7B,16,A_original_fit_paraphrase_eval,definition,logic,0.5,matched_random,definition_para_01,0.0,1.0,-0.07042292667659344
Qwen/Qwen3-1.7B,16,A_original_fit_paraphrase_eval,definition,logic,0.5,matched_random,definition_para_02,0.0,1.0,-0.05462146603335971
Qwen/Qwen3-1.7B,16,A_original_fit_paraphrase_eval,definition,logic,0.5,matched_random,definition_para_03,0.0,1.0,-0.09116504545659454
Qwen/Qwen3-1.7B,16,A_original_fit_paraphrase_eval,definition,logic,0.5,opposite,definition_para_01,0.0,1.0,-0.22198523029644357
Qwen/Qwen3-1.7B,16,A_original_fit_paraphrase_eval,definition,logic,0.5,opposite,definition_para_02,0.0,1.0,-0.2142697674574381
Qwen/Qwen3-1.7B,16,A_original_fit_paraphrase_eval,definition,logic,0.5,opposite,definition_para_03,0.0,1.0,-0.24760263869554966
Qwen/Qwen3-1.7B,16,A_original_fit_paraphrase_eval,definition,logic,0.75,task,definition_para_01,1.0,0.0,0.17455503149125917
Qwen/Qwen3-1.7B,16,A_original_fit_paraphrase_eval,definition,logic,0.75,task,definition_para_02,1.0,0.0,0.19912557007226184
Qwen/Qwen3-1.7B,16,A_original_fit_paraphrase_eval,definition,logic,0.75,task,definition_para_03,1.0,0.0,0.16997590433336673
Qwen/Qwen3-1.7B,16,A_original_fit_paraphrase_eval,definition,logic,0.75,matched_random,definition_para_01,0.0,1.0,-0.06698634262169989
Qwen/Qwen3-1.7B,16,A_original_fit_paraphrase_eval,definition,logic,0.75,matched_random,definition_para_02,0.0,1.0,-0.05153760651671013
Qwen/Qwen3-1.7B,16,A_original_fit_paraphrase_eval,definition,logic,0.75,matched_random,definition_para_03,0.0,1.0,-0.08647419137295353
Qwen/Qwen3-1.7B,16,A_original_fit_paraphrase_eval,definition,logic,0.75,opposite,definition_para_01,0.0,1.0,-0.28215207376360685
Qwen/Qwen3-1.7B,16,A_original_fit_paraphrase_eval,definition,logic,0.75,opposite,definition_para_02,0.0,1.0,-0.2776146781089177
Qwen/Qwen3-1.7B,16,A_original_fit_paraphrase_eval,definition,logic,0.75,opposite,definition_para_03,0.0,1.0,-0.30714052615455556
Qwen/Qwen3-1.7B,16,A_original_fit_paraphrase_eval,definition,logic,1.0,task,definition_para_01,1.0,0.0,0.24779205267933369
Qwen/Qwen3-1.7B,16,A_original_fit_paraphrase_eval,definition,logic,1.0,task,definition_para_02,1.0,0.0,0.2724187454395707
Qwen/Qwen3-1.7B,16,A_original_fit_paraphrase_eval,definition,logic,1.0,task,definition_para_03,1.0,0.0,0.24881944228491115
Qwen/Qwen3-1.7B,16,A_original_fit_paraphrase_eval,definition,logic,1.0,matched_random,definition_para_01,0.0,1.0,-0.06291509496126635
Qwen/Qwen3-1.7B,16,A_original_fit_paraphrase_eval,definition,logic,1.0,matched_random,definition_para_02,0.0,1.0,-0.047981425687419366
Qwen/Qwen3-1.7B,16,A_original_fit_paraphrase_eval,definition,logic,1.0,matched_random,definition_para_03,0.0,1.0,-0.08094528523581468
Qwen/Qwen3-1.7B,16,A_original_fit_paraphrase_eval,definition,logic,1.0,opposite,definition_para_01,0.0,1.0,-0.33271815406066896
Qwen/Qwen3-1.7B,16,A_original_fit_paraphrase_eval,definition,logic,1.0,opposite,definition_para_02,0.0,1.0,-0.330543519117781
Qwen/Qwen3-1.7B,16,A_original_fit_paraphrase_eval,definition,logic,1.0,opposite,definition_para_03,0.0,1.0,-0.3561300372363216
Qwen/Qwen3-1.7B,16,A_original_fit_paraphrase_eval,definition,causality,0.5,task,definition_para_01,1.0,0.0,0.07525412923485397
Qwen/Qwen3-1.7B,16,A_original_fit_paraphrase_eval,definition,causality,0.5,task,definition_para_02,1.0,0.0,0.08397719812441906
Qwen/Qwen3-1.7B,16,A_original_fit_paraphrase_eval,definition,causality,0.5,task,definition_para_03,1.0,0.0,0.08666527762104215
Qwen/Qwen3-1.7B,16,A_original_fit_paraphrase_eval,definition,causality,0.5,matched_random,definition_para_01,0.0,1.0,-0.026324353644551324
Qwen/Qwen3-1.7B,16,A_original_fit_paraphrase_eval,definition,causality,0.5,matched_random,definition_para_02,0.0,1.0,-0.021594209750628535
Qwen/Qwen3-1.7B,16,A_original_fit_paraphrase_eval,definition,causality,0.5,matched_random,definition_para_03,0.0,1.0,-0.020387579138449796
Qwen/Qwen3-1.7B,16,A_original_fit_paraphrase_eval,definition,causality,0.5,opposite,definition_para_01,0.0,1.0,-0.1264879215694713
Qwen/Qwen3-1.7B,16,A_original_fit_paraphrase_eval,definition,causality,0.5,opposite,definition_para_02,0.0,1.0,-0.12663719876000668
Qwen/Qwen3-1.7B,16,A_original_fit_paraphrase_eval,definition,causality,0.5,opposite,definition_para_03,0.0,1.0,-0.12704755790029343
Qwen/Qwen3-1.7B,16,A_original_fit_paraphrase_eval,definition,causality,0.75,task,definition_para_01,1.0,0.0,0.1227730033913671
Qwen/Qwen3-1.7B,16,A_original_fit_paraphrase_eval,definition,causality,0.75,task,definition_para_02,1.0,0.0,0.13282444195882326
Qwen/Qwen3-1.7B,16,A_original_fit_paraphrase_eval,definition,causality,0.75,task,definition_para_03,1.0,0.0,0.13600664128714945
Qwen/Qwen3-1.7B,16,A_original_fit_paraphrase_eval,definition,causality,0.75,matched_random,definition_para_01,0.0,1.0,-0.025727195962061855
Qwen/Qwen3-1.7B,16,A_original_fit_paraphrase_eval,definition,causality,0.75,matched_random,definition_para_02,0.0,1.0,-0.02099296154794361
Qwen/Qwen3-1.7B,16,A_original_fit_paraphrase_eval,definition,causality,0.75,matched_random,definition_para_03,0.0,1.0,-0.01980034578083434
Qwen/Qwen3-1.7B,16,A_original_fit_paraphrase_eval,definition,causality,0.75,opposite,definition_para_01,0.0,1.0,-0.17165539763874393
Qwen/Qwen3-1.7B,16,A_original_fit_paraphrase_eval,definition,causality,0.75,opposite,definition_para_02,0.0,1.0,-0.17380953609213323
Qwen/Qwen3-1.7B,16,A_original_fit_paraphrase_eval,definition,causality,0.75,opposite,definition_para_03,0.0,1.0,-0.17487067651216048
Qwen/Qwen3-1.7B,16,A_original_fit_paraphrase_eval,definition,causality,1.0,task,definition_para_01,1.0,0.0,0.1663373833949784
Qwen/Qwen3-1.7B,16,A_original_fit_paraphrase_eval,definition,causality,1.0,task,definition_para_02,1.0,0.0,0.1771429340934817
Qwen/Qwen3-1.7B,16,A_original_fit_paraphrase_eval,definition,causality,1.0,task,definition_para_03,1.0,0.0,0.18062125887002323
Qwen/Qwen3-1.7B,16,A_original_fit_paraphrase_eval,definition,causality,1.0,matched_random,definition_para_01,0.0,1.0,-0.024912471714482853
Qwen/Qwen3-1.7B,16,A_original_fit_paraphrase_eval,definition,causality,1.0,matched_random,definition_para_02,0.0,1.0,-0.02022199725856022
Qwen/Qwen3-1.7B,16,A_original_fit_paraphrase_eval,definition,causality,1.0,matched_random,definition_para_03,0.0,1.0,-0.01905179017986558
Qwen/Qwen3-1.7B,16,A_original_fit_paraphrase_eval,definition,causality,1.0,opposite,definition_para_01,0.0,1.0,-0.21234181097625693
Qwen/Qwen3-1.7B,16,A_original_fit_paraphrase_eval,definition,causality,1.0,opposite,definition_para_02,0.0,1.0,-0.2160670456256869
Qwen/Qwen3-1.7B,16,A_original_fit_paraphrase_eval,definition,causality,1.0,opposite,definition_para_03,0.0,1.0,-0.21761275009512593
Qwen/Qwen3-1.7B,16,A_original_fit_paraphrase_eval,definition,analogy,0.5,task,definition_para_01,1.0,0.0,0.13060287453634412
Qwen/Qwen3-1.7B,16,A_original_fit_paraphrase_eval,definition,analogy,0.5,task,definition_para_02,1.0,0.0,0.11263772871351352
Qwen/Qwen3-1.7B,16,A_original_fit_paraphrase_eval,definition,analogy,0.5,task,definition_para_03,1.0,0.0,0.11517053871322991
Qwen/Qwen3-1.7B,16,A_original_fit_paraphrase_eval,definition,analogy,0.5,matched_random,definition_para_01,0.0,1.0,-0.07377460012781256
Qwen/Qwen3-1.7B,16,A_original_fit_paraphrase_eval,definition,analogy,0.5,matched_random,definition_para_02,0.0,1.0,-0.10122441716851893
Qwen/Qwen3-1.7B,16,A_original_fit_paraphrase_eval,definition,analogy,0.5,matched_random,definition_para_03,0.0,1.0,-0.10130253145274648
Qwen/Qwen3-1.7B,16,A_original_fit_paraphrase_eval,definition,analogy,0.5,opposite,definition_para_01,0.0,1.0,-0.2717193009059008
Qwen/Qwen3-1.7B,16,A_original_fit_paraphrase_eval,definition,analogy,0.5,opposite,definition_para_02,0.0,1.0,-0.30288548715147856
Qwen/Qwen3-1.7B,16,A_original_fit_paraphrase_eval,definition,analogy,0.5,opposite,definition_para_03,0.0,1.0,-0.3060407740899701
Qwen/Qwen3-1.7B,16,A_original_fit_paraphrase_eval,definition,analogy,0.75,task,definition_para_01,1.0,0.0,0.224424191696463
Qwen/Qwen3-1.7B,16,A_original_fit_paraphrase_eval,definition,analogy,0.75,task,definition_para_02,1.0,0.0,0.212889449865719
Qwen/Qwen3-1.7B,16,A_original_fit_paraphrase_eval,definition,analogy,0.75,task,definition_para_03,1.0,0.0,0.2165661462746663
Qwen/Qwen3-1.7B,16,A_original_fit_paraphrase_eval,definition,analogy,0.75,matched_random,definition_para_01,0.0,1.0,-0.06927693471233076
Qwen/Qwen3-1.7B,16,A_original_fit_paraphrase_eval,definition,analogy,0.75,matched_random,definition_para_02,0.0,1.0,-0.09493279055976223
Qwen/Qwen3-1.7B,16,A_original_fit_paraphrase_eval,definition,analogy,0.75,matched_random,definition_para_03,0.0,1.0,-0.0947103040891738
Qwen/Qwen3-1.7B,16,A_original_fit_paraphrase_eval,definition,analogy,0.75,opposite,definition_para_01,0.0,1.0,-0.3489464998558463
Qwen/Qwen3-1.7B,16,A_original_fit_paraphrase_eval,definition,analogy,0.75,opposite,definition_para_02,0.0,1.0,-0.37798636650680384
Qwen/Qwen3-1.7B,16,A_original_fit_paraphrase_eval,definition,analogy,0.75,opposite,definition_para_03,0.0,1.0,-0.38157416127082056
Qwen/Qwen3-1.7B,16,A_original_fit_paraphrase_eval,definition,analogy,1.0,task,definition_para_01,1.0,0.0,0.3050719385558631
Qwen/Qwen3-1.7B,16,A_original_fit_paraphrase_eval,definition,analogy,1.0,task,definition_para_02,1.0,0.0,0.2989664513772001
Qwen/Qwen3-1.7B,16,A_original_fit_paraphrase_eval,definition,analogy,1.0,task,definition_para_03,1.0,0.0,0.30323773336645277
Qwen/Qwen3-1.7B,16,A_original_fit_paraphrase_eval,definition,analogy,1.0,matched_random,definition_para_01,0.0,1.0,-0.06424305843359845
Qwen/Qwen3-1.7B,16,A_original_fit_paraphrase_eval,definition,analogy,1.0,matched_random,definition_para_02,0.0,1.0,-0.08786887441258184
Qwen/Qwen3-1.7B,16,A_original_fit_paraphrase_eval,definition,analogy,1.0,matched_random,definition_para_03,0.0,1.0,-0.08743200103140292
Qwen/Qwen3-1.7B,16,A_original_fit_paraphrase_eval,definition,analogy,1.0,opposite,definition_para_01,0.0,1.0,-0.41198044906895576
Qwen/Qwen3-1.7B,16,A_original_fit_paraphrase_eval,definition,analogy,1.0,opposite,definition_para_02,0.0,1.0,-0.4379389427159437
Qwen/Qwen3-1.7B,16,A_original_fit_paraphrase_eval,definition,analogy,1.0,opposite,definition_para_03,0.0,1.0,-0.44157926535898595
Qwen/Qwen3-1.7B,16,B_paraphrase_fit_original_eval,logic,causality,0.5,task,logic_orig_01,1.0,0.0,0.17378645434972817
Qwen/Qwen3-1.7B,16,B_paraphrase_fit_original_eval,logic,causality,0.5,task,logic_orig_02,1.0,0.0,0.18903650973731212
Qwen/Qwen3-1.7B,16,B_paraphrase_fit_original_eval,logic,causality,0.5,task,logic_orig_03,1.0,0.0,0.19280229000920512
Qwen/Qwen3-1.7B,16,B_paraphrase_fit_original_eval,logic,causality,0.5,matched_random,logic_orig_01,0.0,0.0,0.007973156329790787
Qwen/Qwen3-1.7B,16,B_paraphrase_fit_original_eval,logic,causality,0.5,matched_random,logic_orig_02,1.0,0.0,0.02200142375565317
Qwen/Qwen3-1.7B,16,B_paraphrase_fit_original_eval,logic,causality,0.5,matched_random,logic_orig_03,0.0,0.0,0.025217952209042327
Qwen/Qwen3-1.7B,16,B_paraphrase_fit_original_eval,logic,causality,0.5,opposite,logic_orig_01,0.0,1.0,-0.17344946381820003
Qwen/Qwen3-1.7B,16,B_paraphrase_fit_original_eval,logic,causality,0.5,opposite,logic_orig_02,0.0,1.0,-0.16306365223360164
Qwen/Qwen3-1.7B,16,B_paraphrase_fit_original_eval,logic,causality,0.5,opposite,logic_orig_03,0.0,1.0,-0.16118895078255957
Qwen/Qwen3-1.7B,16,B_paraphrase_fit_original_eval,logic,causality,0.75,task,logic_orig_01,1.0,0.0,0.243565415792119
Qwen/Qwen3-1.7B,16,B_paraphrase_fit_original_eval,logic,causality,0.75,task,logic_orig_02,1.0,0.0,0.2578421490197803
Qwen/Qwen3-1.7B,16,B_paraphrase_fit_original_eval,logic,causality,0.75,task,logic_orig_03,1.0,0.0,0.2615267790020529
Qwen/Qwen3-1.7B,16,B_paraphrase_fit_original_eval,logic,causality,0.75,matched_random,logic_orig_01,0.0,0.0,0.009147893718521982
Qwen/Qwen3-1.7B,16,B_paraphrase_fit_original_eval,logic,causality,0.75,matched_random,logic_orig_02,1.0,0.0,0.022450412881358184
Qwen/Qwen3-1.7B,16,B_paraphrase_fit_original_eval,logic,causality,0.75,matched_random,logic_orig_03,0.0,0.0,0.025553938060441705
Qwen/Qwen3-1.7B,16,B_paraphrase_fit_original_eval,logic,causality,0.75,opposite,logic_orig_01,0.0,1.0,-0.2521656514933577
Qwen/Qwen3-1.7B,16,B_paraphrase_fit_original_eval,logic,causality,0.75,opposite,logic_orig_02,0.0,1.0,-0.24441834379678617
Qwen/Qwen3-1.7B,16,B_paraphrase_fit_original_eval,logic,causality,0.75,opposite,logic_orig_03,0.0,1.0,-0.24321867764025962
Qwen/Qwen3-1.7B,16,B_paraphrase_fit_original_eval,logic,causality,1.0,task,logic_orig_01,1.0,0.0,0.3018525316522439
Qwen/Qwen3-1.7B,16,B_paraphrase_fit_original_eval,logic,causality,1.0,task,logic_orig_02,1.0,0.0,0.31476056134906527
Qwen/Qwen3-1.7B,16,B_paraphrase_fit_original_eval,logic,causality,1.0,task,logic_orig_03,1.0,0.0,0.31822117472000433
Qwen/Qwen3-1.7B,16,B_paraphrase_fit_original_eval,logic,causality,1.0,matched_random,logic_orig_01,0.0,0.0,0.010059999023323218
Qwen/Qwen3-1.7B,16,B_paraphrase_fit_original_eval,logic,causality,1.0,matched_random,logic_orig_02,1.0,0.0,0.022509245915336318
Qwen/Qwen3-1.7B,16,B_paraphrase_fit_original_eval,logic,causality,1.0,matched_random,logic_orig_03,0.0,0.0,0.02545110809185358
Qwen/Qwen3-1.7B,16,B_paraphrase_fit_original_eval,logic,causality,1.0,opposite,logic_orig_01,0.0,1.0,-0.3192976104350192
Qwen/Qwen3-1.7B,16,B_paraphrase_fit_original_eval,logic,causality,1.0,opposite,logic_orig_02,0.0,1.0,-0.3139009572068263
Qwen/Qwen3-1.7B,16,B_paraphrase_fit_original_eval,logic,causality,1.0,opposite,logic_orig_03,0.0,1.0,-0.3132340389066704
Qwen/Qwen3-1.7B,16,B_paraphrase_fit_original_eval,logic,analogy,0.5,task,logic_orig_01,1.0,0.0,0.16386797491028948
Qwen/Qwen3-1.7B,16,B_paraphrase_fit_original_eval,logic,analogy,0.5,task,logic_orig_02,1.0,0.0,0.1665854275922053
Qwen/Qwen3-1.7B,16,B_paraphrase_fit_original_eval,logic,analogy,0.5,task,logic_orig_03,1.0,0.0,0.18683760144915718
Qwen/Qwen3-1.7B,16,B_paraphrase_fit_original_eval,logic,analogy,0.5,matched_random,logic_orig_01,0.0,0.0,0.012083034714169272
Qwen/Qwen3-1.7B,16,B_paraphrase_fit_original_eval,logic,analogy,0.5,matched_random,logic_orig_02,0.0,0.0,0.012312033574003234
Qwen/Qwen3-1.7B,16,B_paraphrase_fit_original_eval,logic,analogy,0.5,matched_random,logic_orig_03,1.0,0.0,0.033688474292033144
Qwen/Qwen3-1.7B,16,B_paraphrase_fit_original_eval,logic,analogy,0.5,opposite,logic_orig_01,0.0,1.0,-0.13649767391237655
Qwen/Qwen3-1.7B,16,B_paraphrase_fit_original_eval,logic,analogy,0.5,opposite,logic_orig_02,0.0,1.0,-0.13872177778836425
Qwen/Qwen3-1.7B,16,B_paraphrase_fit_original_eval,logic,analogy,0.5,opposite,logic_orig_03,0.0,1.0,-0.11956742050644131
Qwen/Qwen3-1.7B,16,B_paraphrase_fit_original_eval,logic,analogy,0.75,task,logic_orig_01,1.0,0.0,0.22883736763467977
Qwen/Qwen3-1.7B,16,B_paraphrase_fit_original_eval,logic,analogy,0.75,task,logic_orig_02,1.0,0.0,0.23225429258773567
Qwen/Qwen3-1.7B,16,B_paraphrase_fit_original_eval,logic,analogy,0.75,task,logic_orig_03,1.0,0.0,0.25027984668682735
Qwen/Qwen3-1.7B,16,B_paraphrase_fit_original_eval,logic,analogy,0.75,matched_random,logic_orig_01,0.0,0.0,0.010685295456476007
Qwen/Qwen3-1.7B,16,B_paraphrase_fit_original_eval,logic,analogy,0.75,matched_random,logic_orig_02,0.0,0.0,0.010862607328482876
Qwen/Qwen3-1.7B,16,B_paraphrase_fit_original_eval,logic,analogy,0.75,matched_random,logic_orig_03,1.0,0.0,0.031344942511311924
Qwen/Qwen3-1.7B,16,B_paraphrase_fit_original_eval,logic,analogy,0.75,opposite,logic_orig_01,0.0,1.0,-0.20311853282250214
Qwen/Qwen3-1.7B,16,B_paraphrase_fit_original_eval,logic,analogy,0.75,opposite,logic_orig_02,0.0,1.0,-0.20622142131986299
Qwen/Qwen3-1.7B,16,B_paraphrase_fit_original_eval,logic,analogy,0.75,opposite,logic_orig_03,0.0,1.0,-0.18973527827916192
Qwen/Qwen3-1.7B,16,B_paraphrase_fit_original_eval,logic,analogy,1.0,task,logic_orig_01,1.0,0.0,0.28484315892094636
Qwen/Qwen3-1.7B,16,B_paraphrase_fit_original_eval,logic,analogy,1.0,task,logic_orig_02,1.0,0.0,0.2886009203570131
Qwen/Qwen3-1.7B,16,B_paraphrase_fit_original_eval,logic,analogy,1.0,task,logic_orig_03,1.0,0.0,0.304115778349134
Qwen/Qwen3-1.7B,16,B_paraphrase_fit_original_eval,logic,analogy,1.0,matched_random,logic_orig_01,0.0,0.0,0.009269921140039772
Qwen/Qwen3-1.7B,16,B_paraphrase_fit_original_eval,logic,analogy,1.0,matched_random,logic_orig_02,0.0,0.0,0.00940498448576721
Qwen/Qwen3-1.7B,16,B_paraphrase_fit_original_eval,logic,analogy,1.0,matched_random,logic_orig_03,1.0,0.0,0.028788263076384046
Qwen/Qwen3-1.7B,16,B_paraphrase_fit_original_eval,logic,analogy,1.0,opposite,logic_orig_01,0.0,1.0,-0.26103852228133007
Qwen/Qwen3-1.7B,16,B_paraphrase_fit_original_eval,logic,analogy,1.0,opposite,logic_orig_02,0.0,1.0,-0.264666529308892
Qwen/Qwen3-1.7B,16,B_paraphrase_fit_original_eval,logic,analogy,1.0,opposite,logic_orig_03,0.0,1.0,-0.2510129049043105
Qwen/Qwen3-1.7B,16,B_paraphrase_fit_original_eval,logic,definition,0.5,task,logic_orig_01,1.0,0.0,0.17561439084961528
Qwen/Qwen3-1.7B,16,B_paraphrase_fit_original_eval,logic,definition,0.5,task,logic_orig_02,1.0,0.0,0.18250375763616566
Qwen/Qwen3-1.7B,16,B_paraphrase_fit_original_eval,logic,definition,0.5,task,logic_orig_03,1.0,0.0,0.19379566397360837
Qwen/Qwen3-1.7B,16,B_paraphrase_fit_original_eval,logic,definition,0.5,matched_random,logic_orig_01,0.0,0.0,0.008443377611596303
Qwen/Qwen3-1.7B,16,B_paraphrase_fit_original_eval,logic,definition,0.5,matched_random,logic_orig_02,0.0,0.0,0.013010544526194656
Qwen/Qwen3-1.7B,16,B_paraphrase_fit_original_eval,logic,definition,0.5,matched_random,logic_orig_03,0.0,0.0,0.024551943652951214
Qwen/Qwen3-1.7B,16,B_paraphrase_fit_original_eval,logic,definition,0.5,opposite,logic_orig_01,0.0,1.0,-0.1487125872885564
Qwen/Qwen3-1.7B,16,B_paraphrase_fit_original_eval,logic,definition,0.5,opposite,logic_orig_02,0.0,1.0,-0.1469916175976118
Qwen/Qwen3-1.7B,16,B_paraphrase_fit_original_eval,logic,definition,0.5,opposite,logic_orig_03,0.0,1.0,-0.1371656115591925
Qwen/Qwen3-1.7B,16,B_paraphrase_fit_original_eval,logic,definition,0.75,task,logic_orig_01,1.0,0.0,0.24394203465062736
Qwen/Qwen3-1.7B,16,B_paraphrase_fit_original_eval,logic,definition,0.75,task,logic_orig_02,1.0,0.0,0.25102289425150104
Qwen/Qwen3-1.7B,16,B_paraphrase_fit_original_eval,logic,definition,0.75,task,logic_orig_03,1.0,0.0,0.26116306500596975
Qwen/Qwen3-1.7B,16,B_paraphrase_fit_original_eval,logic,definition,0.75,matched_random,logic_orig_01,0.0,0.0,0.0049970258529613565
Qwen/Qwen3-1.7B,16,B_paraphrase_fit_original_eval,logic,definition,0.75,matched_random,logic_orig_02,0.0,0.0,0.009306595342937207
Qwen/Qwen3-1.7B,16,B_paraphrase_fit_original_eval,logic,definition,0.75,matched_random,logic_orig_03,0.0,0.0,0.020308109235414484
Qwen/Qwen3-1.7B,16,B_paraphrase_fit_original_eval,logic,definition,0.75,opposite,logic_orig_01,0.0,1.0,-0.22093476659154243
Qwen/Qwen3-1.7B,16,B_paraphrase_fit_original_eval,logic,definition,0.75,opposite,logic_orig_02,0.0,1.0,-0.2206323797190397
Qwen/Qwen3-1.7B,16,B_paraphrase_fit_original_eval,logic,definition,0.75,opposite,logic_orig_03,0.0,1.0,-0.2125022298839152
Qwen/Qwen3-1.7B,16,B_paraphrase_fit_original_eval,logic,definition,1.0,task,logic_orig_01,1.0,0.0,0.302035080707741
Qwen/Qwen3-1.7B,16,B_paraphrase_fit_original_eval,logic,definition,1.0,task,logic_orig_02,1.0,0.0,0.30889587248827377
Qwen/Qwen3-1.7B,16,B_paraphrase_fit_original_eval,logic,definition,1.0,task,logic_orig_03,1.0,0.0,0.31769589211125815
Qwen/Qwen3-1.7B,16,B_paraphrase_fit_original_eval,logic,definition,1.0,matched_random,logic_orig_01,0.0,0.0,0.0018016513578362758
Qwen/Qwen3-1.7B,16,B_paraphrase_fit_original_eval,logic,definition,1.0,matched_random,logic_orig_02,0.0,0.0,0.005839011207156797
Qwen/Qwen3-1.7B,16,B_paraphrase_fit_original_eval,logic,definition,1.0,matched_random,logic_orig_03,0.0,0.0,0.01618696060632341
Qwen/Qwen3-1.7B,16,B_paraphrase_fit_original_eval,logic,definition,1.0,opposite,logic_orig_01,0.0,1.0,-0.2832143893370689
Qwen/Qwen3-1.7B,16,B_paraphrase_fit_original_eval,logic,definition,1.0,opposite,logic_orig_02,0.0,1.0,-0.28397845475348715
Qwen/Qwen3-1.7B,16,B_paraphrase_fit_original_eval,logic,definition,1.0,opposite,logic_orig_03,0.0,1.0,-0.2775484859272669
Qwen/Qwen3-1.7B,16,B_paraphrase_fit_original_eval,causality,logic,0.5,task,causality_orig_01,1.0,0.0,0.06062683578521366
Qwen/Qwen3-1.7B,16,B_paraphrase_fit_original_eval,causality,logic,0.5,task,causality_orig_02,1.0,0.0,0.04365802860163692
Qwen/Qwen3-1.7B,16,B_paraphrase_fit_original_eval,causality,logic,0.5,task,causality_orig_03,0.0,0.0,0.008143390906461434
Qwen/Qwen3-1.7B,16,B_paraphrase_fit_original_eval,causality,logic,0.5,matched_random,causality_orig_01,0.0,1.0,-0.11468840593898233
Qwen/Qwen3-1.7B,16,B_paraphrase_fit_original_eval,causality,logic,0.5,matched_random,causality_orig_02,0.0,1.0,-0.12456864175415627
Qwen/Qwen3-1.7B,16,B_paraphrase_fit_original_eval,causality,logic,0.5,matched_random,causality_orig_03,0.0,1.0,-0.15846346845995096
Qwen/Qwen3-1.7B,16,B_paraphrase_fit_original_eval,causality,logic,0.5,opposite,causality_orig_01,0.0,1.0,-0.25416306276191136
Qwen/Qwen3-1.7B,16,B_paraphrase_fit_original_eval,causality,logic,0.5,opposite,causality_orig_02,0.0,1.0,-0.256964444966431
Qwen/Qwen3-1.7B,16,B_paraphrase_fit_original_eval,causality,logic,0.5,opposite,causality_orig_03,0.0,1.0,-0.2861409426499464
Qwen/Qwen3-1.7B,16,B_paraphrase_fit_original_eval,causality,logic,0.75,task,causality_orig_01,1.0,0.0,0.14713533937720447
Qwen/Qwen3-1.7B,16,B_paraphrase_fit_original_eval,causality,logic,0.75,task,causality_orig_02,1.0,0.0,0.12792259563031516
Qwen/Qwen3-1.7B,16,B_paraphrase_fit_original_eval,causality,logic,0.75,task,causality_orig_03,1.0,0.0,0.09577448530813315
Qwen/Qwen3-1.7B,16,B_paraphrase_fit_original_eval,causality,logic,0.75,matched_random,causality_orig_01,0.0,1.0,-0.11297394867218713
Qwen/Qwen3-1.7B,16,B_paraphrase_fit_original_eval,causality,logic,0.75,matched_random,causality_orig_02,0.0,1.0,-0.12289033012018169
Qwen/Qwen3-1.7B,16,B_paraphrase_fit_original_eval,causality,logic,0.75,matched_random,causality_orig_03,0.0,1.0,-0.15518577519527654
Qwen/Qwen3-1.7B,16,B_paraphrase_fit_original_eval,causality,logic,0.75,opposite,causality_orig_01,0.0,1.0,-0.3091730268606172
Qwen/Qwen3-1.7B,16,B_paraphrase_fit_original_eval,causality,logic,0.75,opposite,causality_orig_02,0.0,1.0,-0.30964686617288906
Qwen/Qwen3-1.7B,16,B_paraphrase_fit_original_eval,causality,logic,0.75,opposite,causality_orig_03,0.0,1.0,-0.334994168903862
Qwen/Qwen3-1.7B,16,B_paraphrase_fit_original_eval,causality,logic,1.0,task,causality_orig_01,1.0,0.0,0.2267206229086931
Qwen/Qwen3-1.7B,16,B_paraphrase_fit_original_eval,causality,logic,1.0,task,causality_orig_02,1.0,0.0,0.20674695452198488
Qwen/Qwen3-1.7B,16,B_paraphrase_fit_original_eval,causality,logic,1.0,task,causality_orig_03,1.0,0.0,0.17955842568427327
Qwen/Qwen3-1.7B,16,B_paraphrase_fit_original_eval,causality,logic,1.0,matched_random,causality_orig_01,0.0,1.0,-0.10990702932703
Qwen/Qwen3-1.7B,16,B_paraphrase_fit_original_eval,causality,logic,1.0,matched_random,causality_orig_02,0.0,1.0,-0.11975351761653252
Qwen/Qwen3-1.7B,16,B_paraphrase_fit_original_eval,causality,logic,1.0,matched_random,causality_orig_03,0.0,1.0,-0.1501847082855915
Qwen/Qwen3-1.7B,16,B_paraphrase_fit_original_eval,causality,logic,1.0,opposite,causality_orig_01,0.0,1.0,-0.3542650955649071
Qwen/Qwen3-1.7B,16,B_paraphrase_fit_original_eval,causality,logic,1.0,opposite,causality_orig_02,0.0,1.0,-0.3531296580068701
Qwen/Qwen3-1.7B,16,B_paraphrase_fit_original_eval,causality,logic,1.0,opposite,causality_orig_03,0.0,1.0,-0.37485166096797895
Qwen/Qwen3-1.7B,16,B_paraphrase_fit_original_eval,causality,analogy,0.5,task,causality_orig_01,1.0,0.0,0.09270627309326773
Qwen/Qwen3-1.7B,16,B_paraphrase_fit_original_eval,causality,analogy,0.5,task,causality_orig_02,1.0,0.0,0.0667094457983255
Qwen/Qwen3-1.7B,16,B_paraphrase_fit_original_eval,causality,analogy,0.5,task,causality_orig_03,1.0,0.0,0.028834988835260367
Qwen/Qwen3-1.7B,16,B_paraphrase_fit_original_eval,causality,analogy,0.5,matched_random,causality_orig_01,0.0,1.0,-0.07141510003481599
Qwen/Qwen3-1.7B,16,B_paraphrase_fit_original_eval,causality,analogy,0.5,matched_random,causality_orig_02,0.0,1.0,-0.09024016281220681
Qwen/Qwen3-1.7B,16,B_paraphrase_fit_original_eval,causality,analogy,0.5,matched_random,causality_orig_03,0.0,1.0,-0.12644687841566593
Qwen/Qwen3-1.7B,16,B_paraphrase_fit_original_eval,causality,analogy,0.5,opposite,causality_orig_01,0.0,1.0,-0.2168942160401981
Qwen/Qwen3-1.7B,16,B_paraphrase_fit_original_eval,causality,analogy,0.5,opposite,causality_orig_02,0.0,1.0,-0.22780905334106205
Qwen/Qwen3-1.7B,16,B_paraphrase_fit_original_eval,causality,analogy,0.5,opposite,causality_orig_03,0.0,1.0,-0.25989117750718416
Qwen/Qwen3-1.7B,16,B_paraphrase_fit_original_eval,causality,analogy,0.75,task,causality_orig_01,1.0,0.0,0.17387973444192184
Qwen/Qwen3-1.7B,16,B_paraphrase_fit_original_eval,causality,analogy,0.75,task,causality_orig_02,1.0,0.0,0.1468036013641013
Qwen/Qwen3-1.7B,16,B_paraphrase_fit_original_eval,causality,analogy,0.75,task,causality_orig_03,1.0,0.0,0.1125627641916499
Qwen/Qwen3-1.7B,16,B_paraphrase_fit_original_eval,causality,analogy,0.75,matched_random,causality_orig_01,0.0,1.0,-0.06851019577147732
Qwen/Qwen3-1.7B,16,B_paraphrase_fit_original_eval,causality,analogy,0.75,matched_random,causality_orig_02,0.0,1.0,-0.08678115008693776
Qwen/Qwen3-1.7B,16,B_paraphrase_fit_original_eval,causality,analogy,0.75,matched_random,causality_orig_03,0.0,1.0,-0.12118668435068003
Qwen/Qwen3-1.7B,16,B_paraphrase_fit_original_eval,causality,analogy,0.75,opposite,causality_orig_01,0.0,1.0,-0.27382607658891467
Qwen/Qwen3-1.7B,16,B_paraphrase_fit_original_eval,causality,analogy,0.75,opposite,causality_orig_02,0.0,1.0,-0.2812896014080384
Qwen/Qwen3-1.7B,16,B_paraphrase_fit_original_eval,causality,analogy,0.75,opposite,causality_orig_03,0.0,1.0,-0.30937581153450144
Qwen/Qwen3-1.7B,16,B_paraphrase_fit_original_eval,causality,analogy,1.0,task,causality_orig_01,1.0,0.0,0.2475886335754488
Qwen/Qwen3-1.7B,16,B_paraphrase_fit_original_eval,causality,analogy,1.0,task,causality_orig_02,1.0,0.0,0.22115006857160036
Qwen/Qwen3-1.7B,16,B_paraphrase_fit_original_eval,causality,analogy,1.0,task,causality_orig_03,1.0,0.0,0.19208343369095804
Qwen/Qwen3-1.7B,16,B_paraphrase_fit_original_eval,causality,analogy,1.0,matched_random,causality_orig_01,0.0,1.0,-0.06499593391414049
Qwen/Qwen3-1.7B,16,B_paraphrase_fit_original_eval,causality,analogy,1.0,matched_random,causality_orig_02,0.0,1.0,-0.08256152845520659
Qwen/Qwen3-1.7B,16,B_paraphrase_fit_original_eval,causality,analogy,1.0,matched_random,causality_orig_03,0.0,1.0,-0.11495351486899175
Qwen/Qwen3-1.7B,16,B_paraphrase_fit_original_eval,causality,analogy,1.0,opposite,causality_orig_01,0.0,1.0,-0.3211730040482026
Qwen/Qwen3-1.7B,16,B_paraphrase_fit_original_eval,causality,analogy,1.0,opposite,causality_orig_02,0.0,1.0,-0.3259249085182835
Qwen/Qwen3-1.7B,16,B_paraphrase_fit_original_eval,causality,analogy,1.0,opposite,causality_orig_03,0.0,1.0,-0.3501511043617118
Qwen/Qwen3-1.7B,16,B_paraphrase_fit_original_eval,causality,definition,0.5,task,causality_orig_01,1.0,0.0,0.07197696818720689
Qwen/Qwen3-1.7B,16,B_paraphrase_fit_original_eval,causality,definition,0.5,task,causality_orig_02,1.0,0.0,0.07337629637124521
Qwen/Qwen3-1.7B,16,B_paraphrase_fit_original_eval,causality,definition,0.5,task,causality_orig_03,1.0,0.0,0.05063886153506392
Qwen/Qwen3-1.7B,16,B_paraphrase_fit_original_eval,causality,definition,0.5,matched_random,causality_orig_01,0.0,1.0,-0.019072485680527773
Qwen/Qwen3-1.7B,16,B_paraphrase_fit_original_eval,causality,definition,0.5,matched_random,causality_orig_02,0.0,1.0,-0.01406884368358785
Qwen/Qwen3-1.7B,16,B_paraphrase_fit_original_eval,causality,definition,0.5,matched_random,causality_orig_03,0.0,1.0,-0.037335510896347235
Qwen/Qwen3-1.7B,16,B_paraphrase_fit_original_eval,causality,definition,0.5,opposite,causality_orig_01,0.0,1.0,-0.10850415237983002
Qwen/Qwen3-1.7B,16,B_paraphrase_fit_original_eval,causality,definition,0.5,opposite,causality_orig_02,0.0,1.0,-0.10040402270117244
Qwen/Qwen3-1.7B,16,B_paraphrase_fit_original_eval,causality,definition,0.5,opposite,causality_orig_03,0.0,1.0,-0.1224943125532818
Qwen/Qwen3-1.7B,16,B_paraphrase_fit_original_eval,causality,definition,0.75,task,causality_orig_01,1.0,0.0,0.11761543640052607
Qwen/Qwen3-1.7B,16,B_paraphrase_fit_original_eval,causality,definition,0.75,task,causality_orig_02,1.0,0.0,0.11711486341808142
Qwen/Qwen3-1.7B,16,B_paraphrase_fit_original_eval,causality,definition,0.75,task,causality_orig_03,1.0,0.0,0.09600098897948173
Qwen/Qwen3-1.7B,16,B_paraphrase_fit_original_eval,causality,definition,0.75,matched_random,causality_orig_01,0.0,1.0,-0.01755699752647677
Qwen/Qwen3-1.7B,16,B_paraphrase_fit_original_eval,causality,definition,0.75,matched_random,causality_orig_02,0.0,1.0,-0.01276071743913687
Qwen/Qwen3-1.7B,16,B_paraphrase_fit_original_eval,causality,definition,0.75,matched_random,causality_orig_03,0.0,1.0,-0.03542738641921017
Qwen/Qwen3-1.7B,16,B_paraphrase_fit_original_eval,causality,definition,0.75,opposite,causality_orig_01,0.0,1.0,-0.1466504760766646
Qwen/Qwen3-1.7B,16,B_paraphrase_fit_original_eval,causality,definition,0.75,opposite,causality_orig_02,0.0,1.0,-0.13773286257175665
Qwen/Qwen3-1.7B,16,B_paraphrase_fit_original_eval,causality,definition,0.75,opposite,causality_orig_03,0.0,1.0,-0.1582626682624373
Qwen/Qwen3-1.7B,16,B_paraphrase_fit_original_eval,causality,definition,1.0,task,causality_orig_01,1.0,0.0,0.16051629549325608
Qwen/Qwen3-1.7B,16,B_paraphrase_fit_original_eval,causality,definition,1.0,task,causality_orig_02,1.0,0.0,0.15836853924609373
Qwen/Qwen3-1.7B,16,B_paraphrase_fit_original_eval,causality,definition,1.0,task,causality_orig_03,1.0,0.0,0.13939536786561635
Qwen/Qwen3-1.7B,16,B_paraphrase_fit_original_eval,causality,definition,1.0,matched_random,causality_orig_01,0.0,1.0,-0.015985177293630137
Qwen/Qwen3-1.7B,16,B_paraphrase_fit_original_eval,causality,definition,1.0,matched_random,causality_orig_02,0.0,1.0,-0.011424975278806149
Qwen/Qwen3-1.7B,16,B_paraphrase_fit_original_eval,causality,definition,1.0,matched_random,causality_orig_03,0.0,1.0,-0.033334573658402866
Qwen/Qwen3-1.7B,16,B_paraphrase_fit_original_eval,causality,definition,1.0,opposite,causality_orig_01,0.0,1.0,-0.18067154326686974
Qwen/Qwen3-1.7B,16,B_paraphrase_fit_original_eval,causality,definition,1.0,opposite,causality_orig_02,0.0,1.0,-0.1713179100942155
Qwen/Qwen3-1.7B,16,B_paraphrase_fit_original_eval,causality,definition,1.0,opposite,causality_orig_03,0.0,1.0,-0.19007190083424175
Qwen/Qwen3-1.7B,16,B_paraphrase_fit_original_eval,analogy,logic,0.5,task,analogy_orig_01,1.0,0.0,0.05026614937097751
Qwen/Qwen3-1.7B,16,B_paraphrase_fit_original_eval,analogy,logic,0.5,task,analogy_orig_02,1.0,0.0,0.046613519050821894
Qwen/Qwen3-1.7B,16,B_paraphrase_fit_original_eval,analogy,logic,0.5,task,analogy_orig_03,1.0,0.0,0.052832903418763344
Qwen/Qwen3-1.7B,16,B_paraphrase_fit_original_eval,analogy,logic,0.5,matched_random,analogy_orig_01,0.0,1.0,-0.09861967145884099
Qwen/Qwen3-1.7B,16,B_paraphrase_fit_original_eval,analogy,logic,0.5,matched_random,analogy_orig_02,0.0,1.0,-0.10459899491150837
Qwen/Qwen3-1.7B,16,B_paraphrase_fit_original_eval,analogy,logic,0.5,matched_random,analogy_orig_03,0.0,1.0,-0.09927353547143558
Qwen/Qwen3-1.7B,16,B_paraphrase_fit_original_eval,analogy,logic,0.5,opposite,analogy_orig_01,0.0,1.0,-0.22878901595712497
Qwen/Qwen3-1.7B,16,B_paraphrase_fit_original_eval,analogy,logic,0.5,opposite,analogy_orig_02,0.0,1.0,-0.23582895511376933
Qwen/Qwen3-1.7B,16,B_paraphrase_fit_original_eval,analogy,logic,0.5,opposite,analogy_orig_03,0.0,1.0,-0.23207544844955175
Qwen/Qwen3-1.7B,16,B_paraphrase_fit_original_eval,analogy,logic,0.75,task,analogy_orig_01,1.0,0.0,0.12174539392255723
Qwen/Qwen3-1.7B,16,B_paraphrase_fit_original_eval,analogy,logic,0.75,task,analogy_orig_02,1.0,0.0,0.11955270816399
Qwen/Qwen3-1.7B,16,B_paraphrase_fit_original_eval,analogy,logic,0.75,task,analogy_orig_03,1.0,0.0,0.1257194718236727
Qwen/Qwen3-1.7B,16,B_paraphrase_fit_original_eval,analogy,logic,0.75,matched_random,analogy_orig_01,0.0,1.0,-0.09691627491404597
Qwen/Qwen3-1.7B,16,B_paraphrase_fit_original_eval,analogy,logic,0.75,matched_random,analogy_orig_02,0.0,1.0,-0.10261622071480958
Qwen/Qwen3-1.7B,16,B_paraphrase_fit_original_eval,analogy,logic,0.75,matched_random,analogy_orig_03,0.0,1.0,-0.09741275288256279
Qwen/Qwen3-1.7B,16,B_paraphrase_fit_original_eval,analogy,logic,0.75,opposite,analogy_orig_01,0.0,1.0,-0.2826706908758331
Qwen/Qwen3-1.7B,16,B_paraphrase_fit_original_eval,analogy,logic,0.75,opposite,analogy_orig_02,0.0,1.0,-0.28956973818519505
Qwen/Qwen3-1.7B,16,B_paraphrase_fit_original_eval,analogy,logic,0.75,opposite,analogy_orig_03,0.0,1.0,-0.28660578079293964
Qwen/Qwen3-1.7B,16,B_paraphrase_fit_original_eval,analogy,logic,1.0,task,analogy_orig_01,1.0,0.0,0.18730972207597962
Qwen/Qwen3-1.7B,16,B_paraphrase_fit_original_eval,analogy,logic,1.0,task,analogy_orig_02,1.0,0.0,0.1864432743463652
Qwen/Qwen3-1.7B,16,B_paraphrase_fit_original_eval,analogy,logic,1.0,task,analogy_orig_03,1.0,0.0,0.19227320510261348
Qwen/Qwen3-1.7B,16,B_paraphrase_fit_original_eval,analogy,logic,1.0,matched_random,analogy_orig_01,0.0,1.0,-0.09415398169696032
Qwen/Qwen3-1.7B,16,B_paraphrase_fit_original_eval,analogy,logic,1.0,matched_random,analogy_orig_02,0.0,1.0,-0.09949747195551617
Qwen/Qwen3-1.7B,16,B_paraphrase_fit_original_eval,analogy,logic,1.0,matched_random,analogy_orig_03,0.0,1.0,-0.09447178970322145
Qwen/Qwen3-1.7B,16,B_paraphrase_fit_original_eval,analogy,logic,1.0,opposite,analogy_orig_01,0.0,1.0,-0.32819071664280286
Qwen/Qwen3-1.7B,16,B_paraphrase_fit_original_eval,analogy,logic,1.0,opposite,analogy_orig_02,0.0,1.0,-0.3347004438258748
Qwen/Qwen3-1.7B,16,B_paraphrase_fit_original_eval,analogy,logic,1.0,opposite,analogy_orig_03,0.0,1.0,-0.3324194974098835
Qwen/Qwen3-1.7B,16,B_paraphrase_fit_original_eval,analogy,causality,0.5,task,analogy_orig_01,1.0,0.0,0.0688550724404744
Qwen/Qwen3-1.7B,16,B_paraphrase_fit_original_eval,analogy,causality,0.5,task,analogy_orig_02,1.0,0.0,0.07133154437314848
Qwen/Qwen3-1.7B,16,B_paraphrase_fit_original_eval,analogy,causality,0.5,task,analogy_orig_03,1.0,0.0,0.06670058144305313
Qwen/Qwen3-1.7B,16,B_paraphrase_fit_original_eval,analogy,causality,0.5,matched_random,analogy_orig_01,0.0,1.0,-0.09125458135836717
Qwen/Qwen3-1.7B,16,B_paraphrase_fit_original_eval,analogy,causality,0.5,matched_random,analogy_orig_02,0.0,1.0,-0.090999744775763
Qwen/Qwen3-1.7B,16,B_paraphrase_fit_original_eval,analogy,causality,0.5,matched_random,analogy_orig_03,0.0,1.0,-0.096723882834586
Qwen/Qwen3-1.7B,16,B_paraphrase_fit_original_eval,analogy,causality,0.5,opposite,analogy_orig_01,0.0,1.0,-0.24738486914208135
Qwen/Qwen3-1.7B,16,B_paraphrase_fit_original_eval,analogy,causality,0.5,opposite,analogy_orig_02,0.0,1.0,-0.24977311587556617
Qwen/Qwen3-1.7B,16,B_paraphrase_fit_original_eval,analogy,causality,0.5,opposite,analogy_orig_03,0.0,1.0,-0.2555361471230625
Qwen/Qwen3-1.7B,16,B_paraphrase_fit_original_eval,analogy,causality,0.75,task,analogy_orig_01,1.0,0.0,0.1440212324036808
Qwen/Qwen3-1.7B,16,B_paraphrase_fit_original_eval,analogy,causality,0.75,task,analogy_orig_02,1.0,0.0,0.1473207122687843
Qwen/Qwen3-1.7B,16,B_paraphrase_fit_original_eval,analogy,causality,0.75,task,analogy_orig_03,1.0,0.0,0.1437165925364119
Qwen/Qwen3-1.7B,16,B_paraphrase_fit_original_eval,analogy,causality,0.75,matched_random,analogy_orig_01,0.0,1.0,-0.08722340647640225
Qwen/Qwen3-1.7B,16,B_paraphrase_fit_original_eval,analogy,causality,0.75,matched_random,analogy_orig_02,0.0,1.0,-0.0868066711770884
Qwen/Qwen3-1.7B,16,B_paraphrase_fit_original_eval,analogy,causality,0.75,matched_random,analogy_orig_03,0.0,1.0,-0.09222627141844575
Qwen/Qwen3-1.7B,16,B_paraphrase_fit_original_eval,analogy,causality,0.75,opposite,analogy_orig_01,0.0,1.0,-0.3102373242998864
Qwen/Qwen3-1.7B,16,B_paraphrase_fit_original_eval,analogy,causality,0.75,opposite,analogy_orig_02,0.0,1.0,-0.31332104413640816
Qwen/Qwen3-1.7B,16,B_paraphrase_fit_original_eval,analogy,causality,0.75,opposite,analogy_orig_03,0.0,1.0,-0.3184792953821811
Qwen/Qwen3-1.7B,16,B_paraphrase_fit_original_eval,analogy,causality,1.0,task,analogy_orig_01,1.0,0.0,0.21054146738386414
Qwen/Qwen3-1.7B,16,B_paraphrase_fit_original_eval,analogy,causality,1.0,task,analogy_orig_02,1.0,0.0,0.2142852402851786
Qwen/Qwen3-1.7B,16,B_paraphrase_fit_original_eval,analogy,causality,1.0,task,analogy_orig_03,1.0,0.0,0.21169041208498873
Qwen/Qwen3-1.7B,16,B_paraphrase_fit_original_eval,analogy,causality,1.0,matched_random,analogy_orig_01,0.0,1.0,-0.0824314459445391
Qwen/Qwen3-1.7B,16,B_paraphrase_fit_original_eval,analogy,causality,1.0,matched_random,analogy_orig_02,0.0,1.0,-0.08187840657903989
Qwen/Qwen3-1.7B,16,B_paraphrase_fit_original_eval,analogy,causality,1.0,matched_random,analogy_orig_03,0.0,1.0,-0.08694366072281334
Qwen/Qwen3-1.7B,16,B_paraphrase_fit_original_eval,analogy,causality,1.0,opposite,analogy_orig_01,0.0,1.0,-0.3627196501841149
Qwen/Qwen3-1.7B,16,B_paraphrase_fit_original_eval,analogy,causality,1.0,opposite,analogy_orig_02,0.0,1.0,-0.3661589737199875
Qwen/Qwen3-1.7B,16,B_paraphrase_fit_original_eval,analogy,causality,1.0,opposite,analogy_orig_03,0.0,1.0,-0.37058997796464177
Qwen/Qwen3-1.7B,16,B_paraphrase_fit_original_eval,analogy,definition,0.5,task,analogy_orig_01,1.0,0.0,0.0709694369498548
Qwen/Qwen3-1.7B,16,B_paraphrase_fit_original_eval,analogy,definition,0.5,task,analogy_orig_02,1.0,0.0,0.07210711142919068
Qwen/Qwen3-1.7B,16,B_paraphrase_fit_original_eval,analogy,definition,0.5,task,analogy_orig_03,1.0,0.0,0.06768270155546419
Qwen/Qwen3-1.7B,16,B_paraphrase_fit_original_eval,analogy,definition,0.5,matched_random,analogy_orig_01,0.0,1.0,-0.06743533121620504
Qwen/Qwen3-1.7B,16,B_paraphrase_fit_original_eval,analogy,definition,0.5,matched_random,analogy_orig_02,0.0,1.0,-0.06845954745649185
Qwen/Qwen3-1.7B,16,B_paraphrase_fit_original_eval,analogy,definition,0.5,matched_random,analogy_orig_03,0.0,1.0,-0.07379295359602878
Qwen/Qwen3-1.7B,16,B_paraphrase_fit_original_eval,analogy,definition,0.5,opposite,analogy_orig_01,0.0,1.0,-0.19830656674416824
Qwen/Qwen3-1.7B,16,B_paraphrase_fit_original_eval,analogy,definition,0.5,opposite,analogy_orig_02,0.0,1.0,-0.20119545769042246
Qwen/Qwen3-1.7B,16,B_paraphrase_fit_original_eval,analogy,definition,0.5,opposite,analogy_orig_03,0.0,1.0,-0.20665759823387952
Qwen/Qwen3-1.7B,16,B_paraphrase_fit_original_eval,analogy,definition,0.75,task,analogy_orig_01,1.0,0.0,0.13701242389464396
Qwen/Qwen3-1.7B,16,B_paraphrase_fit_original_eval,analogy,definition,0.75,task,analogy_orig_02,1.0,0.0,0.13908881141777008
Qwen/Qwen3-1.7B,16,B_paraphrase_fit_original_eval,analogy,definition,0.75,task,analogy_orig_03,1.0,0.0,0.13548788063191064
Qwen/Qwen3-1.7B,16,B_paraphrase_fit_original_eval,analogy,definition,0.75,matched_random,analogy_orig_01,0.0,1.0,-0.06530679239714576
Qwen/Qwen3-1.7B,16,B_paraphrase_fit_original_eval,analogy,definition,0.75,matched_random,analogy_orig_02,0.0,1.0,-0.06622629061095675
Qwen/Qwen3-1.7B,16,B_paraphrase_fit_original_eval,analogy,definition,0.75,matched_random,analogy_orig_03,0.0,1.0,-0.07133783555043727
Qwen/Qwen3-1.7B,16,B_paraphrase_fit_original_eval,analogy,definition,0.75,opposite,analogy_orig_01,0.0,1.0,-0.2530065147119216
Qwen/Qwen3-1.7B,16,B_paraphrase_fit_original_eval,analogy,definition,0.75,opposite,analogy_orig_02,0.0,1.0,-0.25636846933223234
Qwen/Qwen3-1.7B,16,B_paraphrase_fit_original_eval,analogy,definition,0.75,opposite,analogy_orig_03,0.0,1.0,-0.26144776255921365
Qwen/Qwen3-1.7B,16,B_paraphrase_fit_original_eval,analogy,definition,1.0,task,analogy_orig_01,1.0,0.0,0.1969841423631853
Qwen/Qwen3-1.7B,16,B_paraphrase_fit_original_eval,analogy,definition,1.0,task,analogy_orig_02,1.0,0.0,0.19973456869312678
Qwen/Qwen3-1.7B,16,B_paraphrase_fit_original_eval,analogy,definition,1.0,task,analogy_orig_03,1.0,0.0,0.1969775612909136
Qwen/Qwen3-1.7B,16,B_paraphrase_fit_original_eval,analogy,definition,1.0,matched_random,analogy_orig_01,0.0,1.0,-0.06260318685371125
Qwen/Qwen3-1.7B,16,B_paraphrase_fit_original_eval,analogy,definition,1.0,matched_random,analogy_orig_02,0.0,1.0,-0.06340357987300638
Qwen/Qwen3-1.7B,16,B_paraphrase_fit_original_eval,analogy,definition,1.0,matched_random,analogy_orig_03,0.0,1.0,-0.06824401890677367
Qwen/Qwen3-1.7B,16,B_paraphrase_fit_original_eval,analogy,definition,1.0,opposite,analogy_orig_01,0.0,1.0,-0.2999600370173585
Qwen/Qwen3-1.7B,16,B_paraphrase_fit_original_eval,analogy,definition,1.0,opposite,analogy_orig_02,0.0,1.0,-0.3035356955853312
Qwen/Qwen3-1.7B,16,B_paraphrase_fit_original_eval,analogy,definition,1.0,opposite,analogy_orig_03,0.0,1.0,-0.30811577578028104
Qwen/Qwen3-1.7B,16,B_paraphrase_fit_original_eval,definition,logic,0.5,task,definition_orig_01,1.0,0.0,0.035470174597192594
Qwen/Qwen3-1.7B,16,B_paraphrase_fit_original_eval,definition,logic,0.5,task,definition_orig_02,1.0,0.0,0.030043266754281484
Qwen/Qwen3-1.7B,16,B_paraphrase_fit_original_eval,definition,logic,0.5,task,definition_orig_03,1.0,0.0,0.044108915354090894
Qwen/Qwen3-1.7B,16,B_paraphrase_fit_original_eval,definition,logic,0.5,matched_random,definition_orig_01,0.0,1.0,-0.12122591689757445
Qwen/Qwen3-1.7B,16,B_paraphrase_fit_original_eval,definition,logic,0.5,matched_random,definition_orig_02,0.0,1.0,-0.12377449695703735
Qwen/Qwen3-1.7B,16,B_paraphrase_fit_original_eval,definition,logic,0.5,matched_random,definition_orig_03,0.0,1.0,-0.120342219969643
Qwen/Qwen3-1.7B,16,B_paraphrase_fit_original_eval,definition,logic,0.5,opposite,definition_orig_01,0.0,1.0,-0.25630590743888404
Qwen/Qwen3-1.7B,16,B_paraphrase_fit_original_eval,definition,logic,0.5,opposite,definition_orig_02,0.0,1.0,-0.25595561875279993
Qwen/Qwen3-1.7B,16,B_paraphrase_fit_original_eval,definition,logic,0.5,opposite,definition_orig_03,0.0,1.0,-0.2613504276574842
Qwen/Qwen3-1.7B,16,B_paraphrase_fit_original_eval,definition,logic,0.75,task,definition_orig_01,1.0,0.0,0.11370953370181125
Qwen/Qwen3-1.7B,16,B_paraphrase_fit_original_eval,definition,logic,0.75,task,definition_orig_02,1.0,0.0,0.10713575248029183
Qwen/Qwen3-1.7B,16,B_paraphrase_fit_original_eval,definition,logic,0.75,task,definition_orig_03,1.0,0.0,0.12557716506191074
Qwen/Qwen3-1.7B,16,B_paraphrase_fit_original_eval,definition,logic,0.75,matched_random,definition_orig_01,0.0,1.0,-0.1179284494872821
Qwen/Qwen3-1.7B,16,B_paraphrase_fit_original_eval,definition,logic,0.75,matched_random,definition_orig_02,0.0,1.0,-0.12060389770070612
Qwen/Qwen3-1.7B,16,B_paraphrase_fit_original_eval,definition,logic,0.75,matched_random,definition_orig_03,0.0,1.0,-0.11676406247389726
Qwen/Qwen3-1.7B,16,B_paraphrase_fit_original_eval,definition,logic,0.75,opposite,definition_orig_01,0.0,1.0,-0.3098139411513523
Qwen/Qwen3-1.7B,16,B_paraphrase_fit_original_eval,definition,logic,0.75,opposite,definition_orig_02,0.0,1.0,-0.3086093525420782
Qwen/Qwen3-1.7B,16,B_paraphrase_fit_original_eval,definition,logic,0.75,opposite,definition_orig_03,0.0,1.0,-0.3163903425081934
Qwen/Qwen3-1.7B,16,B_paraphrase_fit_original_eval,definition,logic,1.0,task,definition_orig_01,1.0,0.0,0.1862372103319745
Qwen/Qwen3-1.7B,16,B_paraphrase_fit_original_eval,definition,logic,1.0,task,definition_orig_02,1.0,0.0,0.17900383833125588
Qwen/Qwen3-1.7B,16,B_paraphrase_fit_original_eval,definition,logic,1.0,task,definition_orig_03,1.0,0.0,0.20022068497011147
Qwen/Qwen3-1.7B,16,B_paraphrase_fit_original_eval,definition,logic,1.0,matched_random,definition_orig_01,0.0,1.0,-0.11335186632561944
Qwen/Qwen3-1.7B,16,B_paraphrase_fit_original_eval,definition,logic,1.0,matched_random,definition_orig_02,0.0,1.0,-0.11612628159107574
Qwen/Qwen3-1.7B,16,B_paraphrase_fit_original_eval,definition,logic,1.0,matched_random,definition_orig_03,0.0,1.0,-0.11185382832922519
Qwen/Qwen3-1.7B,16,B_paraphrase_fit_original_eval,definition,logic,1.0,opposite,definition_orig_01,0.0,1.0,-0.3543726235645595
Qwen/Qwen3-1.7B,16,B_paraphrase_fit_original_eval,definition,logic,1.0,opposite,definition_orig_02,0.0,1.0,-0.3526217899569046
Qwen/Qwen3-1.7B,16,B_paraphrase_fit_original_eval,definition,logic,1.0,opposite,definition_orig_03,0.0,1.0,-0.3617096405602572
Qwen/Qwen3-1.7B,16,B_paraphrase_fit_original_eval,definition,causality,0.5,task,definition_orig_01,1.0,0.0,0.044626256591738245
Qwen/Qwen3-1.7B,16,B_paraphrase_fit_original_eval,definition,causality,0.5,task,definition_orig_02,1.0,0.0,0.05478525071510154
Qwen/Qwen3-1.7B,16,B_paraphrase_fit_original_eval,definition,causality,0.5,task,definition_orig_03,1.0,0.0,0.05649503136268186
Qwen/Qwen3-1.7B,16,B_paraphrase_fit_original_eval,definition,causality,0.5,matched_random,definition_orig_01,0.0,1.0,-0.044625742092036735
Qwen/Qwen3-1.7B,16,B_paraphrase_fit_original_eval,definition,causality,0.5,matched_random,definition_orig_02,0.0,1.0,-0.03239715594597514
Qwen/Qwen3-1.7B,16,B_paraphrase_fit_original_eval,definition,causality,0.5,matched_random,definition_orig_03,0.0,1.0,-0.036719594402088385
Qwen/Qwen3-1.7B,16,B_paraphrase_fit_original_eval,definition,causality,0.5,opposite,definition_orig_01,0.0,1.0,-0.13513996784578008
Qwen/Qwen3-1.7B,16,B_paraphrase_fit_original_eval,definition,causality,0.5,opposite,definition_orig_02,0.0,1.0,-0.12203737973501327
Qwen/Qwen3-1.7B,16,B_paraphrase_fit_original_eval,definition,causality,0.5,opposite,definition_orig_03,0.0,1.0,-0.13201493102512196
Qwen/Qwen3-1.7B,16,B_paraphrase_fit_original_eval,definition,causality,0.75,task,definition_orig_01,1.0,0.0,0.08713508668565506
Qwen/Qwen3-1.7B,16,B_paraphrase_fit_original_eval,definition,causality,0.75,task,definition_orig_02,1.0,0.0,0.09579688383093365
Qwen/Qwen3-1.7B,16,B_paraphrase_fit_original_eval,definition,causality,0.75,task,definition_orig_03,1.0,0.0,0.10014115314058025
Qwen/Qwen3-1.7B,16,B_paraphrase_fit_original_eval,definition,causality,0.75,matched_random,definition_orig_01,0.0,1.0,-0.04324106793757321
Qwen/Qwen3-1.7B,16,B_paraphrase_fit_original_eval,definition,causality,0.75,matched_random,definition_orig_02,0.0,1.0,-0.03133103059155884
Qwen/Qwen3-1.7B,16,B_paraphrase_fit_original_eval,definition,causality,0.75,matched_random,definition_orig_03,0.0,1.0,-0.035444629794313065
Qwen/Qwen3-1.7B,16,B_paraphrase_fit_original_eval,definition,causality,0.75,opposite,definition_orig_01,0.0,1.0,-0.1756814876709104
Qwen/Qwen3-1.7B,16,B_paraphrase_fit_original_eval,definition,causality,0.75,opposite,definition_orig_02,0.0,1.0,-0.16295149778135376
Qwen/Qwen3-1.7B,16,B_paraphrase_fit_original_eval,definition,causality,0.75,opposite,definition_orig_03,0.0,1.0,-0.17478818549181496
Qwen/Qwen3-1.7B,16,B_paraphrase_fit_original_eval,definition,causality,1.0,task,definition_orig_01,1.0,0.0,0.12638321935093244
Qwen/Qwen3-1.7B,16,B_paraphrase_fit_original_eval,definition,causality,1.0,task,definition_orig_02,1.0,0.0,0.13351292342384935
Qwen/Qwen3-1.7B,16,B_paraphrase_fit_original_eval,definition,causality,1.0,task,definition_orig_03,1.0,0.0,0.139955432363561
Qwen/Qwen3-1.7B,16,B_paraphrase_fit_original_eval,definition,causality,1.0,matched_random,definition_orig_01,0.0,1.0,-0.04153903302273365
Qwen/Qwen3-1.7B,16,B_paraphrase_fit_original_eval,definition,causality,1.0,matched_random,definition_orig_02,0.0,1.0,-0.030044745032878906
Qwen/Qwen3-1.7B,16,B_paraphrase_fit_original_eval,definition,causality,1.0,matched_random,definition_orig_03,0.0,1.0,-0.03389262457126763
Qwen/Qwen3-1.7B,16,B_paraphrase_fit_original_eval,definition,causality,1.0,opposite,definition_orig_01,0.0,1.0,-0.2123742444355099
Qwen/Qwen3-1.7B,16,B_paraphrase_fit_original_eval,definition,causality,1.0,opposite,definition_orig_02,0.0,1.0,-0.20037442541597883
Qwen/Qwen3-1.7B,16,B_paraphrase_fit_original_eval,definition,causality,1.0,opposite,definition_orig_03,0.0,1.0,-0.21334649562545727
Qwen/Qwen3-1.7B,16,B_paraphrase_fit_original_eval,definition,analogy,0.5,task,definition_orig_01,1.0,0.0,0.030865878857144424
Qwen/Qwen3-1.7B,16,B_paraphrase_fit_original_eval,definition,analogy,0.5,task,definition_orig_02,1.0,0.0,0.05163926656390383
Qwen/Qwen3-1.7B,16,B_paraphrase_fit_original_eval,definition,analogy,0.5,task,definition_orig_03,1.0,0.0,0.07548340502666706
Qwen/Qwen3-1.7B,16,B_paraphrase_fit_original_eval,definition,analogy,0.5,matched_random,definition_orig_01,0.0,1.0,-0.10452787936563657
Qwen/Qwen3-1.7B,16,B_paraphrase_fit_original_eval,definition,analogy,0.5,matched_random,definition_orig_02,0.0,1.0,-0.08185238822017227
Qwen/Qwen3-1.7B,16,B_paraphrase_fit_original_eval,definition,analogy,0.5,matched_random,definition_orig_03,0.0,1.0,-0.06733892247392548
Qwen/Qwen3-1.7B,16,B_paraphrase_fit_original_eval,definition,analogy,0.5,opposite,definition_orig_01,0.0,1.0,-0.22675329558492163
Qwen/Qwen3-1.7B,16,B_paraphrase_fit_original_eval,definition,analogy,0.5,opposite,definition_orig_02,0.0,1.0,-0.20479259561323504
Qwen/Qwen3-1.7B,16,B_paraphrase_fit_original_eval,definition,analogy,0.5,opposite,definition_orig_03,0.0,1.0,-0.19981381117286545
Qwen/Qwen3-1.7B,16,B_paraphrase_fit_original_eval,definition,analogy,0.75,task,definition_orig_01,1.0,0.0,0.10022238728664334
Qwen/Qwen3-1.7B,16,B_paraphrase_fit_original_eval,definition,analogy,0.75,task,definition_orig_02,1.0,0.0,0.1182326846197761
Qwen/Qwen3-1.7B,16,B_paraphrase_fit_original_eval,definition,analogy,0.75,task,definition_orig_03,1.0,0.0,0.14479736562155332
Qwen/Qwen3-1.7B,16,B_paraphrase_fit_original_eval,definition,analogy,0.75,matched_random,definition_orig_01,0.0,1.0,-0.10092213427455132
Qwen/Qwen3-1.7B,16,B_paraphrase_fit_original_eval,definition,analogy,0.75,matched_random,definition_orig_02,0.0,1.0,-0.07913440401765004
Qwen/Qwen3-1.7B,16,B_paraphrase_fit_original_eval,definition,analogy,0.75,matched_random,definition_orig_03,0.0,1.0,-0.06483558661940725
Qwen/Qwen3-1.7B,16,B_paraphrase_fit_original_eval,definition,analogy,0.75,opposite,definition_orig_01,0.0,1.0,-0.27524418554555985
Qwen/Qwen3-1.7B,16,B_paraphrase_fit_original_eval,definition,analogy,0.75,opposite,definition_orig_02,0.0,1.0,-0.25504139434596884
Qwen/Qwen3-1.7B,16,B_paraphrase_fit_original_eval,definition,analogy,0.75,opposite,definition_orig_03,0.0,1.0,-0.25379770596474216
Qwen/Qwen3-1.7B,16,B_paraphrase_fit_original_eval,definition,analogy,1.0,task,definition_orig_01,1.0,0.0,0.16540016893787945
Qwen/Qwen3-1.7B,16,B_paraphrase_fit_original_eval,definition,analogy,1.0,task,definition_orig_02,1.0,0.0,0.1802096493049138
Qwen/Qwen3-1.7B,16,B_paraphrase_fit_original_eval,definition,analogy,1.0,task,definition_orig_03,1.0,0.0,0.20788019974372562
Qwen/Qwen3-1.7B,16,B_paraphrase_fit_original_eval,definition,analogy,1.0,matched_random,definition_orig_01,0.0,1.0,-0.09643587526533026
Qwen/Qwen3-1.7B,16,B_paraphrase_fit_original_eval,definition,analogy,1.0,matched_random,definition_orig_02,0.0,1.0,-0.07573414964428182
Qwen/Qwen3-1.7B,16,B_paraphrase_fit_original_eval,definition,analogy,1.0,matched_random,definition_orig_03,0.0,1.0,-0.0617378392215584
Qwen/Qwen3-1.7B,16,B_paraphrase_fit_original_eval,definition,analogy,1.0,opposite,definition_orig_01,0.0,1.0,-0.3162995358693236
Qwen/Qwen3-1.7B,16,B_paraphrase_fit_original_eval,definition,analogy,1.0,opposite,definition_orig_02,0.0,1.0,-0.2981121178569087
Qwen/Qwen3-1.7B,16,B_paraphrase_fit_original_eval,definition,analogy,1.0,opposite,definition_orig_03,0.0,1.0,-0.2996393364940251
google/gemma-3-1b-it,16,A_original_fit_paraphrase_eval,logic,causality,0.5,task,logic_para_01,1.0,0.0,0.014159186400345747
google/gemma-3-1b-it,16,A_original_fit_paraphrase_eval,logic,causality,0.5,task,logic_para_02,1.0,0.0,0.010704544173720576
google/gemma-3-1b-it,16,A_original_fit_paraphrase_eval,logic,causality,0.5,task,logic_para_03,1.0,0.0,0.0116166570816425
google/gemma-3-1b-it,16,A_original_fit_paraphrase_eval,logic,causality,0.5,matched_random,logic_para_01,0.0,1.0,-0.0035008491001402575
google/gemma-3-1b-it,16,A_original_fit_paraphrase_eval,logic,causality,0.5,matched_random,logic_para_02,0.0,1.0,-0.008131855962774104
google/gemma-3-1b-it,16,A_original_fit_paraphrase_eval,logic,causality,0.5,matched_random,logic_para_03,0.0,1.0,-0.006127050484058261
google/gemma-3-1b-it,16,A_original_fit_paraphrase_eval,logic,causality,0.5,opposite,logic_para_01,0.0,1.0,-0.020706500483991586
google/gemma-3-1b-it,16,A_original_fit_paraphrase_eval,logic,causality,0.5,opposite,logic_para_02,0.0,1.0,-0.02634968339131294
google/gemma-3-1b-it,16,A_original_fit_paraphrase_eval,logic,causality,0.5,opposite,logic_para_03,0.0,1.0,-0.02335535931225674
google/gemma-3-1b-it,16,A_original_fit_paraphrase_eval,logic,causality,0.75,task,logic_para_01,1.0,0.0,0.022888400797879127
google/gemma-3-1b-it,16,A_original_fit_paraphrase_eval,logic,causality,0.75,task,logic_para_02,1.0,0.0,0.02005290435509155
google/gemma-3-1b-it,16,A_original_fit_paraphrase_eval,logic,causality,0.75,task,logic_para_03,1.0,0.0,0.020412587375799873
google/gemma-3-1b-it,16,A_original_fit_paraphrase_eval,logic,causality,0.75,matched_random,logic_para_01,0.0,1.0,-0.0035445121022595893
google/gemma-3-1b-it,16,A_original_fit_paraphrase_eval,logic,causality,0.75,matched_random,logic_para_02,0.0,1.0,-0.008159136144513357
google/gemma-3-1b-it,16,A_original_fit_paraphrase_eval,logic,causality,0.75,matched_random,logic_para_03,0.0,1.0,-0.006161114622891706
google/gemma-3-1b-it,16,A_original_fit_paraphrase_eval,logic,causality,0.75,opposite,logic_para_01,0.0,1.0,-0.02914847010707422
google/gemma-3-1b-it,16,A_original_fit_paraphrase_eval,logic,causality,0.75,opposite,logic_para_02,0.0,1.0,-0.035218117426069284
google/gemma-3-1b-it,16,A_original_fit_paraphrase_eval,logic,causality,0.75,opposite,logic_para_03,0.0,1.0,-0.03178294367486545
google/gemma-3-1b-it,16,A_original_fit_paraphrase_eval,logic,causality,1.0,task,logic_para_01,1.0,0.0,0.03151559303437079
google/gemma-3-1b-it,16,A_original_fit_paraphrase_eval,logic,causality,1.0,task,logic_para_02,1.0,0.0,0.02930443445416442
google/gemma-3-1b-it,16,A_original_fit_paraphrase_eval,logic,causality,1.0,task,logic_para_03,1.0,0.0,0.02912046682986069
google/gemma-3-1b-it,16,A_original_fit_paraphrase_eval,logic,causality,1.0,matched_random,logic_para_01,0.0,1.0,-0.003580646688053024
google/gemma-3-1b-it,16,A_original_fit_paraphrase_eval,logic,causality,1.0,matched_random,logic_para_02,0.0,1.0,-0.008167517068368824
google/gemma-3-1b-it,16,A_original_fit_paraphrase_eval,logic,causality,1.0,matched_random,logic_para_03,0.0,1.0,-0.006182356023186952
google/gemma-3-1b-it,16,A_original_fit_paraphrase_eval,logic,causality,1.0,opposite,logic_para_01,0.0,1.0,-0.03738700434021336
google/gemma-3-1b-it,16,A_original_fit_paraphrase_eval,logic,causality,1.0,opposite,logic_para_02,0.0,1.0,-0.043822098475261306
google/gemma-3-1b-it,16,A_original_fit_paraphrase_eval,logic,causality,1.0,opposite,logic_para_03,0.0,1.0,-0.03999207784194325
google/gemma-3-1b-it,16,A_original_fit_paraphrase_eval,logic,analogy,0.5,task,logic_para_01,1.0,0.0,0.009250963542535406
google/gemma-3-1b-it,16,A_original_fit_paraphrase_eval,logic,analogy,0.5,task,logic_para_02,1.0,0.0,0.009342613281234868
google/gemma-3-1b-it,16,A_original_fit_paraphrase_eval,logic,analogy,0.5,task,logic_para_03,1.0,0.0,0.008720612650897852
google/gemma-3-1b-it,16,A_original_fit_paraphrase_eval,logic,analogy,0.5,matched_random,logic_para_01,0.0,1.0,-0.005231305685092336
google/gemma-3-1b-it,16,A_original_fit_paraphrase_eval,logic,analogy,0.5,matched_random,logic_para_02,0.0,1.0,-0.006091573018699337
google/gemma-3-1b-it,16,A_original_fit_paraphrase_eval,logic,analogy,0.5,matched_random,logic_para_03,0.0,1.0,-0.005816362066404124
google/gemma-3-1b-it,16,A_original_fit_paraphrase_eval,logic,analogy,0.5,opposite,logic_para_01,0.0,1.0,-0.019591770855216684
google/gemma-3-1b-it,16,A_original_fit_paraphrase_eval,logic,analogy,0.5,opposite,logic_para_02,0.0,1.0,-0.021352792607389648
google/gemma-3-1b-it,16,A_original_fit_paraphrase_eval,logic,analogy,0.5,opposite,logic_para_03,0.0,1.0,-0.02022307130999501
google/gemma-3-1b-it,16,A_original_fit_paraphrase_eval,logic,analogy,0.75,task,logic_para_01,1.0,0.0,0.01672958612020292
google/gemma-3-1b-it,16,A_original_fit_paraphrase_eval,logic,analogy,0.75,task,logic_para_02,1.0,0.0,0.017327203724775808
google/gemma-3-1b-it,16,A_original_fit_paraphrase_eval,logic,analogy,0.75,task,logic_para_03,1.0,0.0,0.016234371404213244
google/gemma-3-1b-it,16,A_original_fit_paraphrase_eval,logic,analogy,0.75,matched_random,logic_para_01,0.0,1.0,-0.005107115638207316
google/gemma-3-1b-it,16,A_original_fit_paraphrase_eval,logic,analogy,0.75,matched_random,logic_para_02,0.0,1.0,-0.005951966556409505
google/gemma-3-1b-it,16,A_original_fit_paraphrase_eval,logic,analogy,0.75,matched_random,logic_para_03,0.0,1.0,-0.0056885087199944895
google/gemma-3-1b-it,16,A_original_fit_paraphrase_eval,logic,analogy,0.75,opposite,logic_para_01,0.0,1.0,-0.02637619024325033
google/gemma-3-1b-it,16,A_original_fit_paraphrase_eval,logic,analogy,0.75,opposite,logic_para_02,0.0,1.0,-0.028526744521518932
google/gemma-3-1b-it,16,A_original_fit_paraphrase_eval,logic,analogy,0.75,opposite,logic_para_03,0.0,1.0,-0.02702205975380656
google/gemma-3-1b-it,16,A_original_fit_paraphrase_eval,logic,analogy,1.0,task,logic_para_01,1.0,0.0,0.024240218926992463
google/gemma-3-1b-it,16,A_original_fit_paraphrase_eval,logic,analogy,1.0,task,logic_para_02,1.0,0.0,0.02534491001978245
google/gemma-3-1b-it,16,A_original_fit_paraphrase_eval,logic,analogy,1.0,task,logic_para_03,1.0,0.0,0.023783351542730147
google/gemma-3-1b-it,16,A_original_fit_paraphrase_eval,logic,analogy,1.0,matched_random,logic_para_01,0.0,1.0,-0.00497542313814181
google/gemma-3-1b-it,16,A_original_fit_paraphrase_eval,logic,analogy,1.0,matched_random,logic_para_02,0.0,1.0,-0.005802566850161006
google/gemma-3-1b-it,16,A_original_fit_paraphrase_eval,logic,analogy,1.0,matched_random,logic_para_03,0.0,1.0,-0.005552177170861317
google/gemma-3-1b-it,16,A_original_fit_paraphrase_eval,logic,analogy,1.0,opposite,logic_para_01,0.0,1.0,-0.03294148154690235
google/gemma-3-1b-it,16,A_original_fit_paraphrase_eval,logic,analogy,1.0,opposite,logic_para_02,0.0,1.0,-0.03544435113090816
google/gemma-3-1b-it,16,A_original_fit_paraphrase_eval,logic,analogy,1.0,opposite,logic_para_03,0.0,1.0,-0.03359775729061265
google/gemma-3-1b-it,16,A_original_fit_paraphrase_eval,logic,definition,0.5,task,logic_para_01,1.0,0.0,0.01187175867001089
google/gemma-3-1b-it,16,A_original_fit_paraphrase_eval,logic,definition,0.5,task,logic_para_02,1.0,0.0,0.0107072583491028
google/gemma-3-1b-it,16,A_original_fit_paraphrase_eval,logic,definition,0.5,task,logic_para_03,1.0,0.0,0.010931861113160912
google/gemma-3-1b-it,16,A_original_fit_paraphrase_eval,logic,definition,0.5,matched_random,logic_para_01,0.0,1.0,-0.000862635078294649
google/gemma-3-1b-it,16,A_original_fit_paraphrase_eval,logic,definition,0.5,matched_random,logic_para_02,0.0,1.0,-0.002856492884432904
google/gemma-3-1b-it,16,A_original_fit_paraphrase_eval,logic,definition,0.5,matched_random,logic_para_03,0.0,1.0,-0.001848740914058844
google/gemma-3-1b-it,16,A_original_fit_paraphrase_eval,logic,definition,0.5,opposite,logic_para_01,0.0,1.0,-0.01406492161560513
google/gemma-3-1b-it,16,A_original_fit_paraphrase_eval,logic,definition,0.5,opposite,logic_para_02,0.0,1.0,-0.016854467256567918
google/gemma-3-1b-it,16,A_original_fit_paraphrase_eval,logic,definition,0.5,opposite,logic_para_03,0.0,1.0,-0.015083135432190198
google/gemma-3-1b-it,16,A_original_fit_paraphrase_eval,logic,definition,0.75,task,logic_para_01,1.0,0.0,0.01856157837987693
google/gemma-3-1b-it,16,A_original_fit_paraphrase_eval,logic,definition,0.75,task,logic_para_02,1.0,0.0,0.01785253066786996
google/gemma-3-1b-it,16,A_original_fit_paraphrase_eval,logic,definition,0.75,task,logic_para_03,1.0,0.0,0.017654513793365356
google/gemma-3-1b-it,16,A_original_fit_paraphrase_eval,logic,definition,0.75,matched_random,logic_para_01,0.0,1.0,-0.0006338757339700019
google/gemma-3-1b-it,16,A_original_fit_paraphrase_eval,logic,definition,0.75,matched_random,logic_para_02,0.0,1.0,-0.0026057618521848624
google/gemma-3-1b-it,16,A_original_fit_paraphrase_eval,logic,definition,0.75,matched_random,logic_para_03,0.0,1.0,-0.001615898991065734
google/gemma-3-1b-it,16,A_original_fit_paraphrase_eval,logic,definition,0.75,opposite,logic_para_01,0.0,1.0,-0.020212117957947306
google/gemma-3-1b-it,16,A_original_fit_paraphrase_eval,logic,definition,0.75,opposite,logic_para_02,0.0,1.0,-0.023335445933241994
google/gemma-3-1b-it,16,A_original_fit_paraphrase_eval,logic,definition,0.75,opposite,logic_para_03,0.0,1.0,-0.021236660395781648
google/gemma-3-1b-it,16,A_original_fit_paraphrase_eval,logic,definition,1.0,task,logic_para_01,1.0,0.0,0.025272596709883355
google/gemma-3-1b-it,16,A_original_fit_paraphrase_eval,logic,definition,1.0,task,logic_para_02,1.0,0.0,0.02502620251530574
google/gemma-3-1b-it,16,A_original_fit_paraphrase_eval,logic,definition,1.0,task,logic_para_03,1.0,0.0,0.024403196477469247
google/gemma-3-1b-it,16,A_original_fit_paraphrase_eval,logic,definition,1.0,matched_random,logic_para_01,0.0,1.0,-0.00040580302090897913
google/gemma-3-1b-it,16,A_original_fit_paraphrase_eval,logic,definition,1.0,matched_random,logic_para_02,0.0,1.0,-0.0023526162303187936
google/gemma-3-1b-it,16,A_original_fit_paraphrase_eval,logic,definition,1.0,matched_random,logic_para_03,0.0,1.0,-0.001382337589770466
google/gemma-3-1b-it,16,A_original_fit_paraphrase_eval,logic,definition,1.0,opposite,logic_para_01,0.0,1.0,-0.02618281667156097
google/gemma-3-1b-it,16,A_original_fit_paraphrase_eval,logic,definition,1.0,opposite,logic_para_02,0.0,1.0,-0.029605332010911867
google/gemma-3-1b-it,16,A_original_fit_paraphrase_eval,logic,definition,1.0,opposite,logic_para_03,0.0,1.0,-0.02720879980261759
google/gemma-3-1b-it,16,A_original_fit_paraphrase_eval,causality,logic,0.5,task,causality_para_01,1.0,0.0,0.00821658058437058
google/gemma-3-1b-it,16,A_original_fit_paraphrase_eval,causality,logic,0.5,task,causality_para_02,1.0,0.0,0.007907946457765047
google/gemma-3-1b-it,16,A_original_fit_paraphrase_eval,causality,logic,0.5,task,causality_para_03,1.0,0.0,0.004744919397890679
google/gemma-3-1b-it,16,A_original_fit_paraphrase_eval,causality,logic,0.5,matched_random,causality_para_01,0.0,1.0,-0.010842413650564708
google/gemma-3-1b-it,16,A_original_fit_paraphrase_eval,causality,logic,0.5,matched_random,causality_para_02,0.0,1.0,-0.010872881914735677
google/gemma-3-1b-it,16,A_original_fit_paraphrase_eval,causality,logic,0.5,matched_random,causality_para_03,0.0,1.0,-0.015129326376019048
google/gemma-3-1b-it,16,A_original_fit_paraphrase_eval,causality,logic,0.5,opposite,causality_para_01,0.0,1.0,-0.02821514300677741
google/gemma-3-1b-it,16,A_original_fit_paraphrase_eval,causality,logic,0.5,opposite,causality_para_02,0.0,1.0,-0.02799131557732404
google/gemma-3-1b-it,16,A_original_fit_paraphrase_eval,causality,logic,0.5,opposite,causality_para_03,0.0,1.0,-0.0331434801767847
google/gemma-3-1b-it,16,A_original_fit_paraphrase_eval,causality,logic,0.75,task,causality_para_01,1.0,0.0,0.017236042783081662
google/gemma-3-1b-it,16,A_original_fit_paraphrase_eval,causality,logic,0.75,task,causality_para_02,1.0,0.0,0.01679940144794112
google/gemma-3-1b-it,16,A_original_fit_paraphrase_eval,causality,logic,0.75,task,causality_para_03,1.0,0.0,0.01419003601807678
google/gemma-3-1b-it,16,A_original_fit_paraphrase_eval,causality,logic,0.75,matched_random,causality_para_01,0.0,1.0,-0.011199346882505679
google/gemma-3-1b-it,16,A_original_fit_paraphrase_eval,causality,logic,0.75,matched_random,causality_para_02,0.0,1.0,-0.011225515278510678
google/gemma-3-1b-it,16,A_original_fit_paraphrase_eval,causality,logic,0.75,matched_random,causality_para_03,0.0,1.0,-0.015478071420208184
google/gemma-3-1b-it,16,A_original_fit_paraphrase_eval,causality,logic,0.75,opposite,causality_para_01,0.0,1.0,-0.037109386355135165
google/gemma-3-1b-it,16,A_original_fit_paraphrase_eval,causality,logic,0.75,opposite,causality_para_02,0.0,1.0,-0.03676032209101998
google/gemma-3-1b-it,16,A_original_fit_paraphrase_eval,causality,logic,0.75,opposite,causality_para_03,0.0,1.0,-0.04230355064112601
google/gemma-3-1b-it,16,A_original_fit_paraphrase_eval,causality,logic,1.0,task,causality_para_01,1.0,0.0,0.026102869076455315
google/gemma-3-1b-it,16,A_original_fit_paraphrase_eval,causality,logic,1.0,task,causality_para_02,1.0,0.0,0.025545162354320583
google/gemma-3-1b-it,16,A_original_fit_paraphrase_eval,causality,logic,1.0,task,causality_para_03,1.0,0.0,0.023489514944350254
google/gemma-3-1b-it,16,A_original_fit_paraphrase_eval,causality,logic,1.0,matched_random,causality_para_01,0.0,1.0,-0.011527842945202593
google/gemma-3-1b-it,16,A_original_fit_paraphrase_eval,causality,logic,1.0,matched_random,causality_para_02,0.0,1.0,-0.011550516865670102
google/gemma-3-1b-it,16,A_original_fit_paraphrase_eval,causality,logic,1.0,matched_random,causality_para_03,0.0,1.0,-0.015786131551658644
google/gemma-3-1b-it,16,A_original_fit_paraphrase_eval,causality,logic,1.0,opposite,causality_para_01,0.0,1.0,-0.04580474152926994
google/gemma-3-1b-it,16,A_original_fit_paraphrase_eval,causality,logic,1.0,opposite,causality_para_02,0.0,1.0,-0.045338306674573614
google/gemma-3-1b-it,16,A_original_fit_paraphrase_eval,causality,logic,1.0,opposite,causality_para_03,0.0,1.0,-0.05121578753736422
google/gemma-3-1b-it,16,A_original_fit_paraphrase_eval,causality,analogy,0.5,task,causality_para_01,1.0,0.0,0.007589679381086789
google/gemma-3-1b-it,16,A_original_fit_paraphrase_eval,causality,analogy,0.5,task,causality_para_02,1.0,0.0,0.006749492228307341
google/gemma-3-1b-it,16,A_original_fit_paraphrase_eval,causality,analogy,0.5,task,causality_para_03,1.0,0.0,0.006379975599468346
google/gemma-3-1b-it,16,A_original_fit_paraphrase_eval,causality,analogy,0.5,matched_random,causality_para_01,0.0,1.0,-0.01404580095695851
google/gemma-3-1b-it,16,A_original_fit_paraphrase_eval,causality,analogy,0.5,matched_random,causality_para_02,0.0,1.0,-0.014556226435091024
google/gemma-3-1b-it,16,A_original_fit_paraphrase_eval,causality,analogy,0.5,matched_random,causality_para_03,0.0,1.0,-0.016146847427962907
google/gemma-3-1b-it,16,A_original_fit_paraphrase_eval,causality,analogy,0.5,opposite,causality_para_01,0.0,1.0,-0.03472021770703748
google/gemma-3-1b-it,16,A_original_fit_paraphrase_eval,causality,analogy,0.5,opposite,causality_para_02,0.0,1.0,-0.03491653615036905
google/gemma-3-1b-it,16,A_original_fit_paraphrase_eval,causality,analogy,0.5,opposite,causality_para_03,0.0,1.0,-0.03758177578145683
google/gemma-3-1b-it,16,A_original_fit_paraphrase_eval,causality,analogy,0.75,task,causality_para_01,1.0,0.0,0.0185500956453577
google/gemma-3-1b-it,16,A_original_fit_paraphrase_eval,causality,analogy,0.75,task,causality_para_02,1.0,0.0,0.01755133967738065
google/gemma-3-1b-it,16,A_original_fit_paraphrase_eval,causality,analogy,0.75,task,causality_para_03,1.0,0.0,0.017821908307564582
google/gemma-3-1b-it,16,A_original_fit_paraphrase_eval,causality,analogy,0.75,matched_random,causality_para_01,0.0,1.0,-0.013999576604797781
google/gemma-3-1b-it,16,A_original_fit_paraphrase_eval,causality,analogy,0.75,matched_random,causality_para_02,0.0,1.0,-0.014508555599074602
google/gemma-3-1b-it,16,A_original_fit_paraphrase_eval,causality,analogy,0.75,matched_random,causality_para_03,0.0,1.0,-0.016083200793642893
google/gemma-3-1b-it,16,A_original_fit_paraphrase_eval,causality,analogy,0.75,opposite,causality_para_01,0.0,1.0,-0.04455428502946468
google/gemma-3-1b-it,16,A_original_fit_paraphrase_eval,causality,analogy,0.75,opposite,causality_para_02,0.0,1.0,-0.04460455107542338
google/gemma-3-1b-it,16,A_original_fit_paraphrase_eval,causality,analogy,0.75,opposite,causality_para_03,0.0,1.0,-0.04772186206881757
google/gemma-3-1b-it,16,A_original_fit_paraphrase_eval,causality,analogy,1.0,task,causality_para_01,1.0,0.0,0.029494112396269867
google/gemma-3-1b-it,16,A_original_fit_paraphrase_eval,causality,analogy,1.0,task,causality_para_02,1.0,0.0,0.0283454971718734
google/gemma-3-1b-it,16,A_original_fit_paraphrase_eval,causality,analogy,1.0,task,causality_para_03,1.0,0.0,0.029253059013440774
google/gemma-3-1b-it,16,A_original_fit_paraphrase_eval,causality,analogy,1.0,matched_random,causality_para_01,0.0,1.0,-0.013919190059276554
google/gemma-3-1b-it,16,A_original_fit_paraphrase_eval,causality,analogy,1.0,matched_random,causality_para_02,0.0,1.0,-0.014426466549208539
google/gemma-3-1b-it,16,A_original_fit_paraphrase_eval,causality,analogy,1.0,matched_random,causality_para_03,0.0,1.0,-0.015977181462827783
google/gemma-3-1b-it,16,A_original_fit_paraphrase_eval,causality,analogy,1.0,opposite,causality_para_01,0.0,1.0,-0.05398357757634553
google/gemma-3-1b-it,16,A_original_fit_paraphrase_eval,causality,analogy,1.0,opposite,causality_para_02,0.0,1.0,-0.05389887165071916
google/gemma-3-1b-it,16,A_original_fit_paraphrase_eval,causality,analogy,1.0,opposite,causality_para_03,0.0,1.0,-0.0574071164233001
google/gemma-3-1b-it,16,A_original_fit_paraphrase_eval,causality,definition,0.5,task,causality_para_01,1.0,0.0,0.008265345096829746
google/gemma-3-1b-it,16,A_original_fit_paraphrase_eval,causality,definition,0.5,task,causality_para_02,1.0,0.0,0.0050455696155006224
google/gemma-3-1b-it,16,A_original_fit_paraphrase_eval,causality,definition,0.5,task,causality_para_03,1.0,0.0,0.007351138810460234
google/gemma-3-1b-it,16,A_original_fit_paraphrase_eval,causality,definition,0.5,matched_random,causality_para_01,0.0,1.0,-0.0028779722342829883
google/gemma-3-1b-it,16,A_original_fit_paraphrase_eval,causality,definition,0.5,matched_random,causality_para_02,0.0,1.0,-0.005897609013504779
google/gemma-3-1b-it,16,A_original_fit_paraphrase_eval,causality,definition,0.5,matched_random,causality_para_03,0.0,1.0,-0.004247229996611757
google/gemma-3-1b-it,16,A_original_fit_paraphrase_eval,causality,definition,0.5,opposite,causality_para_01,0.0,1.0,-0.01446593923794215
google/gemma-3-1b-it,16,A_original_fit_paraphrase_eval,causality,definition,0.5,opposite,causality_para_02,0.0,1.0,-0.017253504054353996
google/gemma-3-1b-it,16,A_original_fit_paraphrase_eval,causality,definition,0.5,opposite,causality_para_03,0.0,1.0,-0.01628661113053398
google/gemma-3-1b-it,16,A_original_fit_paraphrase_eval,causality,definition,0.75,task,causality_para_01,1.0,0.0,0.014098733009977882
google/gemma-3-1b-it,16,A_original_fit_paraphrase_eval,causality,definition,0.75,task,causality_para_02,1.0,0.0,0.01079810336832887
google/gemma-3-1b-it,16,A_original_fit_paraphrase_eval,causality,definition,0.75,task,causality_para_03,1.0,0.0,0.013437794422303084
google/gemma-3-1b-it,16,A_original_fit_paraphrase_eval,causality,definition,0.75,matched_random,causality_para_01,0.0,1.0,-0.0026791966652819355
google/gemma-3-1b-it,16,A_original_fit_paraphrase_eval,causality,definition,0.75,matched_random,causality_para_02,0.0,1.0,-0.005691476995256517
google/gemma-3-1b-it,16,A_original_fit_paraphrase_eval,causality,definition,0.75,matched_random,causality_para_03,0.0,1.0,-0.0040328335745746235
google/gemma-3-1b-it,16,A_original_fit_paraphrase_eval,causality,definition,0.75,opposite,causality_para_01,0.0,1.0,-0.01989141182743137
google/gemma-3-1b-it,16,A_original_fit_paraphrase_eval,causality,definition,0.75,opposite,causality_para_02,0.0,1.0,-0.02255229979886586
google/gemma-3-1b-it,16,A_original_fit_paraphrase_eval,causality,definition,0.75,opposite,causality_para_03,0.0,1.0,-0.021900251013459715
google/gemma-3-1b-it,16,A_original_fit_paraphrase_eval,causality,definition,1.0,task,causality_para_01,1.0,0.0,0.019944032396595368
google/gemma-3-1b-it,16,A_original_fit_paraphrase_eval,causality,definition,1.0,task,causality_para_02,1.0,0.0,0.01657639841520575
google/gemma-3-1b-it,16,A_original_fit_paraphrase_eval,causality,definition,1.0,task,causality_para_03,1.0,0.0,0.019540901730225158
google/gemma-3-1b-it,16,A_original_fit_paraphrase_eval,causality,definition,1.0,matched_random,causality_para_01,0.0,1.0,-0.0024785488646129616
google/gemma-3-1b-it,16,A_original_fit_paraphrase_eval,causality,definition,1.0,matched_random,causality_para_02,0.0,1.0,-0.005479496684966834
google/gemma-3-1b-it,16,A_original_fit_paraphrase_eval,causality,definition,1.0,matched_random,causality_para_03,0.0,1.0,-0.0038147203459094614
google/gemma-3-1b-it,16,A_original_fit_paraphrase_eval,causality,definition,1.0,opposite,causality_para_01,0.0,1.0,-0.0251787037137301
google/gemma-3-1b-it,16,A_original_fit_paraphrase_eval,causality,definition,1.0,opposite,causality_para_02,0.0,1.0,-0.027709000533761796
google/gemma-3-1b-it,16,A_original_fit_paraphrase_eval,causality,definition,1.0,opposite,causality_para_03,0.0,1.0,-0.02735729983738
google/gemma-3-1b-it,16,A_original_fit_paraphrase_eval,analogy,logic,0.5,task,analogy_para_01,1.0,0.0,0.017069640358289062
google/gemma-3-1b-it,16,A_original_fit_paraphrase_eval,analogy,logic,0.5,task,analogy_para_02,1.0,0.0,0.0167558547240938
google/gemma-3-1b-it,16,A_original_fit_paraphrase_eval,analogy,logic,0.5,task,analogy_para_03,1.0,0.0,0.017855184791373047
google/gemma-3-1b-it,16,A_original_fit_paraphrase_eval,analogy,logic,0.5,matched_random,analogy_para_01,0.0,0.0,0.0011862822612166424
google/gemma-3-1b-it,16,A_original_fit_paraphrase_eval,analogy,logic,0.5,matched_random,analogy_para_02,1.0,0.0,0.0021351856063523966
google/gemma-3-1b-it,16,A_original_fit_paraphrase_eval,analogy,logic,0.5,matched_random,analogy_para_03,0.0,0.0,0.003533937334850412
google/gemma-3-1b-it,16,A_original_fit_paraphrase_eval,analogy,logic,0.5,opposite,analogy_para_01,0.0,1.0,-0.016108189377051718
google/gemma-3-1b-it,16,A_original_fit_paraphrase_eval,analogy,logic,0.5,opposite,analogy_para_02,0.0,1.0,-0.013747112905826975
google/gemma-3-1b-it,16,A_original_fit_paraphrase_eval,analogy,logic,0.5,opposite,analogy_para_03,0.0,1.0,-0.012028700677886417
google/gemma-3-1b-it,16,A_original_fit_paraphrase_eval,analogy,logic,0.75,task,analogy_para_01,1.0,0.0,0.024861556666735063
google/gemma-3-1b-it,16,A_original_fit_paraphrase_eval,analogy,logic,0.75,task,analogy_para_02,1.0,0.0,0.023949504360375906
google/gemma-3-1b-it,16,A_original_fit_paraphrase_eval,analogy,logic,0.75,task,analogy_para_03,1.0,0.0,0.02489531466245609
google/gemma-3-1b-it,16,A_original_fit_paraphrase_eval,analogy,logic,0.75,matched_random,analogy_para_01,0.0,0.0,0.0013770850903612741
google/gemma-3-1b-it,16,A_original_fit_paraphrase_eval,analogy,logic,0.75,matched_random,analogy_para_02,1.0,0.0,0.0023047118542791623
google/gemma-3-1b-it,16,A_original_fit_paraphrase_eval,analogy,logic,0.75,matched_random,analogy_para_03,0.0,0.0,0.003692996761013534
google/gemma-3-1b-it,16,A_original_fit_paraphrase_eval,analogy,logic,0.75,opposite,analogy_para_01,0.0,1.0,-0.024655109086579974
google/gemma-3-1b-it,16,A_original_fit_paraphrase_eval,analogy,logic,0.75,opposite,analogy_para_02,0.0,1.0,-0.021612078420307435
google/gemma-3-1b-it,16,A_original_fit_paraphrase_eval,analogy,logic,0.75,opposite,analogy_para_03,0.0,1.0,-0.019751041751217224
google/gemma-3-1b-it,16,A_original_fit_paraphrase_eval,analogy,logic,1.0,task,analogy_para_01,1.0,0.0,0.03237559371098908
google/gemma-3-1b-it,16,A_original_fit_paraphrase_eval,analogy,logic,1.0,task,analogy_para_02,1.0,0.0,0.03091009776544751
google/gemma-3-1b-it,16,A_original_fit_paraphrase_eval,analogy,logic,1.0,task,analogy_para_03,1.0,0.0,0.03170742569448304
google/gemma-3-1b-it,16,A_original_fit_paraphrase_eval,analogy,logic,1.0,matched_random,analogy_para_01,0.0,0.0,0.0015619960061996618
google/gemma-3-1b-it,16,A_original_fit_paraphrase_eval,analogy,logic,1.0,matched_random,analogy_para_02,1.0,0.0,0.0024676238269627504
google/gemma-3-1b-it,16,A_original_fit_paraphrase_eval,analogy,logic,1.0,matched_random,analogy_para_03,1.0,0.0,0.0038434055068056194
google/gemma-3-1b-it,16,A_original_fit_paraphrase_eval,analogy,logic,1.0,opposite,analogy_para_01,0.0,1.0,-0.033186674541487604
google/gemma-3-1b-it,16,A_original_fit_paraphrase_eval,analogy,logic,1.0,opposite,analogy_para_02,0.0,1.0,-0.029483013019641957
google/gemma-3-1b-it,16,A_original_fit_paraphrase_eval,analogy,logic,1.0,opposite,analogy_para_03,0.0,1.0,-0.027489786220539547
google/gemma-3-1b-it,16,A_original_fit_paraphrase_eval,analogy,causality,0.5,task,analogy_para_01,1.0,0.0,0.023073988219286412
google/gemma-3-1b-it,16,A_original_fit_paraphrase_eval,analogy,causality,0.5,task,analogy_para_02,1.0,0.0,0.0182665115776679
google/gemma-3-1b-it,16,A_original_fit_paraphrase_eval,analogy,causality,0.5,task,analogy_para_03,1.0,0.0,0.02327566435899564
google/gemma-3-1b-it,16,A_original_fit_paraphrase_eval,analogy,causality,0.5,matched_random,analogy_para_01,0.0,0.0,-0.0003115632094117249
google/gemma-3-1b-it,16,A_original_fit_paraphrase_eval,analogy,causality,0.5,matched_random,analogy_para_02,0.0,0.0,-0.0033532097601581823
google/gemma-3-1b-it,16,A_original_fit_paraphrase_eval,analogy,causality,0.5,matched_random,analogy_para_03,0.0,0.0,0.0021760575289886397
google/gemma-3-1b-it,16,A_original_fit_paraphrase_eval,analogy,causality,0.5,opposite,analogy_para_01,0.0,1.0,-0.023807639856219698
google/gemma-3-1b-it,16,A_original_fit_paraphrase_eval,analogy,causality,0.5,opposite,analogy_para_02,0.0,1.0,-0.024959501620429814
google/gemma-3-1b-it,16,A_original_fit_paraphrase_eval,analogy,causality,0.5,opposite,analogy_para_03,0.0,1.0,-0.019026246156472415
google/gemma-3-1b-it,16,A_original_fit_paraphrase_eval,analogy,causality,0.75,task,analogy_para_01,1.0,0.0,0.034167971500764116
google/gemma-3-1b-it,16,A_original_fit_paraphrase_eval,analogy,causality,0.75,task,analogy_para_02,1.0,0.0,0.028611743750846186
google/gemma-3-1b-it,16,A_original_fit_paraphrase_eval,analogy,causality,0.75,task,analogy_para_03,1.0,0.0,0.03331438834685896
google/gemma-3-1b-it,16,A_original_fit_paraphrase_eval,analogy,causality,0.75,matched_random,analogy_para_01,0.0,0.0,-0.0004334032934444343
google/gemma-3-1b-it,16,A_original_fit_paraphrase_eval,analogy,causality,0.75,matched_random,analogy_para_02,0.0,0.0,-0.0034479562957172583
google/gemma-3-1b-it,16,A_original_fit_paraphrase_eval,analogy,causality,0.75,matched_random,analogy_para_03,0.0,0.0,0.002051369215243737
google/gemma-3-1b-it,16,A_original_fit_paraphrase_eval,analogy,causality,0.75,opposite,analogy_para_01,0.0,1.0,-0.035632891807556244
google/gemma-3-1b-it,16,A_original_fit_paraphrase_eval,analogy,causality,0.75,opposite,analogy_para_02,0.0,1.0,-0.03581398999338259
google/gemma-3-1b-it,16,A_original_fit_paraphrase_eval,analogy,causality,0.75,opposite,analogy_para_03,0.0,1.0,-0.029758027183982128
google/gemma-3-1b-it,16,A_original_fit_paraphrase_eval,analogy,causality,1.0,task,analogy_para_01,1.0,0.0,0.044841947291112794
google/gemma-3-1b-it,16,A_original_fit_paraphrase_eval,analogy,causality,1.0,task,analogy_para_02,1.0,0.0,0.03863233043014025
google/gemma-3-1b-it,16,A_original_fit_paraphrase_eval,analogy,causality,1.0,task,analogy_para_03,1.0,0.0,0.0430138165032008
google/gemma-3-1b-it,16,A_original_fit_paraphrase_eval,analogy,causality,1.0,matched_random,analogy_para_01,0.0,0.0,-0.000551871489875011
google/gemma-3-1b-it,16,A_original_fit_paraphrase_eval,analogy,causality,1.0,matched_random,analogy_para_02,0.0,0.0,-0.003532570831319304
google/gemma-3-1b-it,16,A_original_fit_paraphrase_eval,analogy,causality,1.0,matched_random,analogy_para_03,0.0,0.0,0.0019233585082349958
google/gemma-3-1b-it,16,A_original_fit_paraphrase_eval,analogy,causality,1.0,opposite,analogy_para_01,0.0,1.0,-0.04727637025540321
google/gemma-3-1b-it,16,A_original_fit_paraphrase_eval,analogy,causality,1.0,opposite,analogy_para_02,0.0,1.0,-0.04651386846926486
google/gemma-3-1b-it,16,A_original_fit_paraphrase_eval,analogy,causality,1.0,opposite,analogy_para_03,0.0,1.0,-0.040386621985938675
google/gemma-3-1b-it,16,A_original_fit_paraphrase_eval,analogy,definition,0.5,task,analogy_para_01,1.0,0.0,0.020387672464294182
google/gemma-3-1b-it,16,A_original_fit_paraphrase_eval,analogy,definition,0.5,task,analogy_para_02,1.0,0.0,0.01686138717838981
google/gemma-3-1b-it,16,A_original_fit_paraphrase_eval,analogy,definition,0.5,task,analogy_para_03,1.0,0.0,0.019669185017363255
google/gemma-3-1b-it,16,A_original_fit_paraphrase_eval,analogy,definition,0.5,matched_random,analogy_para_01,1.0,0.0,0.0012758950207435449
google/gemma-3-1b-it,16,A_original_fit_paraphrase_eval,analogy,definition,0.5,matched_random,analogy_para_02,0.0,0.0,-0.0007535800648125202
google/gemma-3-1b-it,16,A_original_fit_paraphrase_eval,analogy,definition,0.5,matched_random,analogy_para_03,0.0,0.0,0.002413438078097796
google/gemma-3-1b-it,16,A_original_fit_paraphrase_eval,analogy,definition,0.5,opposite,analogy_para_01,0.0,1.0,-0.015944638577501724
google/gemma-3-1b-it,16,A_original_fit_paraphrase_eval,analogy,definition,0.5,opposite,analogy_para_02,0.0,1.0,-0.016586923546295762
google/gemma-3-1b-it,16,A_original_fit_paraphrase_eval,analogy,definition,0.5,opposite,analogy_para_03,0.0,1.0,-0.013149172555486088
google/gemma-3-1b-it,16,A_original_fit_paraphrase_eval,analogy,definition,0.75,task,analogy_para_01,1.0,0.0,0.029278396658421024
google/gemma-3-1b-it,16,A_original_fit_paraphrase_eval,analogy,definition,0.75,task,analogy_para_02,1.0,0.0,0.025101761762027164
google/gemma-3-1b-it,16,A_original_fit_paraphrase_eval,analogy,definition,0.75,task,analogy_para_03,1.0,0.0,0.0277143725863761
google/gemma-3-1b-it,16,A_original_fit_paraphrase_eval,analogy,definition,0.75,matched_random,analogy_para_01,1.0,0.0,0.0007891616286632708
google/gemma-3-1b-it,16,A_original_fit_paraphrase_eval,analogy,definition,0.75,matched_random,analogy_para_02,0.0,0.0,-0.0011922882890150754
google/gemma-3-1b-it,16,A_original_fit_paraphrase_eval,analogy,definition,0.75,matched_random,analogy_para_03,0.0,0.0,0.001969161607802916
google/gemma-3-1b-it,16,A_original_fit_paraphrase_eval,analogy,definition,0.75,opposite,analogy_para_01,0.0,1.0,-0.024901684469308183
google/gemma-3-1b-it,16,A_original_fit_paraphrase_eval,analogy,definition,0.75,opposite,analogy_para_02,0.0,1.0,-0.024821885190853932
google/gemma-3-1b-it,16,A_original_fit_paraphrase_eval,analogy,definition,0.75,opposite,analogy_para_03,0.0,1.0,-0.021278226905214526
google/gemma-3-1b-it,16,A_original_fit_paraphrase_eval,analogy,definition,1.0,task,analogy_para_01,1.0,0.0,0.03797251500636356
google/gemma-3-1b-it,16,A_original_fit_paraphrase_eval,analogy,definition,1.0,task,analogy_para_02,1.0,0.0,0.03319787020354514
google/gemma-3-1b-it,16,A_original_fit_paraphrase_eval,analogy,definition,1.0,task,analogy_para_03,1.0,0.0,0.035607156734417056
google/gemma-3-1b-it,16,A_original_fit_paraphrase_eval,analogy,definition,1.0,matched_random,analogy_para_01,1.0,0.0,0.0003067603150532783
google/gemma-3-1b-it,16,A_original_fit_paraphrase_eval,analogy,definition,1.0,matched_random,analogy_para_02,0.0,0.0,-0.0016239165725769888
google/gemma-3-1b-it,16,A_original_fit_paraphrase_eval,analogy,definition,1.0,matched_random,analogy_para_03,0.0,0.0,0.0015257688020193783
google/gemma-3-1b-it,16,A_original_fit_paraphrase_eval,analogy,definition,1.0,opposite,analogy_para_01,0.0,1.0,-0.03368557744390366
google/gemma-3-1b-it,16,A_original_fit_paraphrase_eval,analogy,definition,1.0,opposite,analogy_para_02,0.0,1.0,-0.03291071397872147
google/gemma-3-1b-it,16,A_original_fit_paraphrase_eval,analogy,definition,1.0,opposite,analogy_para_03,0.0,1.0,-0.029285194085593047
google/gemma-3-1b-it,16,A_original_fit_paraphrase_eval,definition,logic,0.5,task,definition_para_01,1.0,0.0,0.0072738852665434894
google/gemma-3-1b-it,16,A_original_fit_paraphrase_eval,definition,logic,0.5,task,definition_para_02,1.0,0.0,0.007933769166111326
google/gemma-3-1b-it,16,A_original_fit_paraphrase_eval,definition,logic,0.5,task,definition_para_03,1.0,0.0,0.0047079408274502965
google/gemma-3-1b-it,16,A_original_fit_paraphrase_eval,definition,logic,0.5,matched_random,definition_para_01,0.0,1.0,-0.006553043330993047
google/gemma-3-1b-it,16,A_original_fit_paraphrase_eval,definition,logic,0.5,matched_random,definition_para_02,0.0,1.0,-0.005241392166229986
google/gemma-3-1b-it,16,A_original_fit_paraphrase_eval,definition,logic,0.5,matched_random,definition_para_03,0.0,0.0,-0.009290469602325158
google/gemma-3-1b-it,16,A_original_fit_paraphrase_eval,definition,logic,0.5,opposite,definition_para_01,0.0,1.0,-0.020747100190162127
google/gemma-3-1b-it,16,A_original_fit_paraphrase_eval,definition,logic,0.5,opposite,definition_para_02,0.0,1.0,-0.018753613263592817
google/gemma-3-1b-it,16,A_original_fit_paraphrase_eval,definition,logic,0.5,opposite,definition_para_03,0.0,1.0,-0.023625403497902653
google/gemma-3-1b-it,16,A_original_fit_paraphrase_eval,definition,logic,0.75,task,definition_para_01,1.0,0.0,0.013980126136950988
google/gemma-3-1b-it,16,A_original_fit_paraphrase_eval,definition,logic,0.75,task,definition_para_02,1.0,0.0,0.014322399363790983
google/gemma-3-1b-it,16,A_original_fit_paraphrase_eval,definition,logic,0.75,task,definition_para_03,1.0,0.0,0.011520759955266135
google/gemma-3-1b-it,16,A_original_fit_paraphrase_eval,definition,logic,0.75,matched_random,definition_para_01,0.0,1.0,-0.006530509210898372
google/gemma-3-1b-it,16,A_original_fit_paraphrase_eval,definition,logic,0.75,matched_random,definition_para_02,0.0,1.0,-0.005229457282226346
google/gemma-3-1b-it,16,A_original_fit_paraphrase_eval,definition,logic,0.75,matched_random,definition_para_03,0.0,0.0,-0.00925448573796539
google/gemma-3-1b-it,16,A_original_fit_paraphrase_eval,definition,logic,0.75,opposite,definition_para_01,0.0,1.0,-0.027875876579960823
google/gemma-3-1b-it,16,A_original_fit_paraphrase_eval,definition,logic,0.75,opposite,definition_para_02,0.0,1.0,-0.02555831160299249
google/gemma-3-1b-it,16,A_original_fit_paraphrase_eval,definition,logic,0.75,opposite,definition_para_03,0.0,1.0,-0.03079484209538008
google/gemma-3-1b-it,16,A_original_fit_paraphrase_eval,definition,logic,1.0,task,definition_para_01,1.0,0.0,0.020508361832334288
google/gemma-3-1b-it,16,A_original_fit_paraphrase_eval,definition,logic,1.0,task,definition_para_02,1.0,0.0,0.02054768234360571
google/gemma-3-1b-it,16,A_original_fit_paraphrase_eval,definition,logic,1.0,task,definition_para_03,1.0,0.0,0.018162773110308228
google/gemma-3-1b-it,16,A_original_fit_paraphrase_eval,definition,logic,1.0,matched_random,definition_para_01,0.0,1.0,-0.006496942716054166
google/gemma-3-1b-it,16,A_original_fit_paraphrase_eval,definition,logic,1.0,matched_random,definition_para_02,0.0,1.0,-0.005209344072801159
google/gemma-3-1b-it,16,A_original_fit_paraphrase_eval,definition,logic,1.0,matched_random,definition_para_03,0.0,0.0,-0.009202592634194984
google/gemma-3-1b-it,16,A_original_fit_paraphrase_eval,definition,logic,1.0,opposite,definition_para_01,0.0,1.0,-0.03497638359342248
google/gemma-3-1b-it,16,A_original_fit_paraphrase_eval,definition,logic,1.0,opposite,definition_para_02,0.0,1.0,-0.0323491822839963
google/gemma-3-1b-it,16,A_original_fit_paraphrase_eval,definition,logic,1.0,opposite,definition_para_03,0.0,1.0,-0.03791861907044469
google/gemma-3-1b-it,16,A_original_fit_paraphrase_eval,definition,causality,0.5,task,definition_para_01,1.0,0.0,0.008025881275793512
google/gemma-3-1b-it,16,A_original_fit_paraphrase_eval,definition,causality,0.5,task,definition_para_02,1.0,0.0,0.00795511444724084
google/gemma-3-1b-it,16,A_original_fit_paraphrase_eval,definition,causality,0.5,task,definition_para_03,1.0,0.0,0.011695953163904704
google/gemma-3-1b-it,16,A_original_fit_paraphrase_eval,definition,causality,0.5,matched_random,definition_para_01,0.0,1.0,-0.0037274082816597387
google/gemma-3-1b-it,16,A_original_fit_paraphrase_eval,definition,causality,0.5,matched_random,definition_para_02,0.0,1.0,-0.003251105743076965
google/gemma-3-1b-it,16,A_original_fit_paraphrase_eval,definition,causality,0.5,matched_random,definition_para_03,0.0,1.0,-0.00011436576874268578
google/gemma-3-1b-it,16,A_original_fit_paraphrase_eval,definition,causality,0.5,opposite,definition_para_01,0.0,1.0,-0.015473943209930563
google/gemma-3-1b-it,16,A_original_fit_paraphrase_eval,definition,causality,0.5,opposite,definition_para_02,0.0,1.0,-0.014440404456434686
google/gemma-3-1b-it,16,A_original_fit_paraphrase_eval,definition,causality,0.5,opposite,definition_para_03,0.0,1.0,-0.011947178340950937
google/gemma-3-1b-it,16,A_original_fit_paraphrase_eval,definition,causality,0.75,task,definition_para_01,1.0,0.0,0.013696363335728434
google/gemma-3-1b-it,16,A_original_fit_paraphrase_eval,definition,causality,0.75,task,definition_para_02,1.0,0.0,0.013366026462715563
google/gemma-3-1b-it,16,A_original_fit_paraphrase_eval,definition,causality,0.75,task,definition_para_03,1.0,0.0,0.017360935595900795
google/gemma-3-1b-it,16,A_original_fit_paraphrase_eval,definition,causality,0.75,matched_random,definition_para_01,0.0,1.0,-0.003778605143725189
google/gemma-3-1b-it,16,A_original_fit_paraphrase_eval,definition,causality,0.75,matched_random,definition_para_02,0.0,1.0,-0.0033031969858786647
google/gemma-3-1b-it,16,A_original_fit_paraphrase_eval,definition,causality,0.75,matched_random,definition_para_03,0.0,1.0,-0.0001829271694989698
google/gemma-3-1b-it,16,A_original_fit_paraphrase_eval,definition,causality,0.75,opposite,definition_para_01,0.0,1.0,-0.021429826074315095
google/gemma-3-1b-it,16,A_original_fit_paraphrase_eval,definition,causality,0.75,opposite,definition_para_02,0.0,1.0,-0.020120571174272017
google/gemma-3-1b-it,16,A_original_fit_paraphrase_eval,definition,causality,0.75,opposite,definition_para_03,0.0,1.0,-0.017980734831614775
google/gemma-3-1b-it,16,A_original_fit_paraphrase_eval,definition,causality,1.0,task,definition_para_01,1.0,0.0,0.019242286982295242
google/gemma-3-1b-it,16,A_original_fit_paraphrase_eval,definition,causality,1.0,task,definition_para_02,1.0,0.0,0.018664644246539797
google/gemma-3-1b-it,16,A_original_fit_paraphrase_eval,definition,causality,1.0,task,definition_para_03,1.0,0.0,0.02288624560323549
google/gemma-3-1b-it,16,A_original_fit_paraphrase_eval,definition,causality,1.0,matched_random,definition_para_01,0.0,1.0,-0.0038238591497776753
google/gemma-3-1b-it,16,A_original_fit_paraphrase_eval,definition,causality,1.0,matched_random,definition_para_02,0.0,1.0,-0.0033504841656398776
google/gemma-3-1b-it,16,A_original_fit_paraphrase_eval,definition,causality,1.0,matched_random,definition_para_03,0.0,1.0,-0.00025044466080903494
google/gemma-3-1b-it,16,A_original_fit_paraphrase_eval,definition,causality,1.0,opposite,definition_para_01,0.0,1.0,-0.02736465376200703
google/gemma-3-1b-it,16,A_original_fit_paraphrase_eval,definition,causality,1.0,opposite,definition_para_02,0.0,1.0,-0.0257870745477623
google/gemma-3-1b-it,16,A_original_fit_paraphrase_eval,definition,causality,1.0,opposite,definition_para_03,0.0,1.0,-0.024008834508802424
google/gemma-3-1b-it,16,A_original_fit_paraphrase_eval,definition,analogy,0.5,task,definition_para_01,1.0,0.0,0.007161194771078794
google/gemma-3-1b-it,16,A_original_fit_paraphrase_eval,definition,analogy,0.5,task,definition_para_02,1.0,0.0,0.007523540405313667
google/gemma-3-1b-it,16,A_original_fit_paraphrase_eval,definition,analogy,0.5,task,definition_para_03,1.0,0.0,0.0036330248218053862
google/gemma-3-1b-it,16,A_original_fit_paraphrase_eval,definition,analogy,0.5,matched_random,definition_para_01,0.0,1.0,-0.009048185153161081
google/gemma-3-1b-it,16,A_original_fit_paraphrase_eval,definition,analogy,0.5,matched_random,definition_para_02,0.0,1.0,-0.00792536903916552
google/gemma-3-1b-it,16,A_original_fit_paraphrase_eval,definition,analogy,0.5,matched_random,definition_para_03,0.0,0.0,-0.012712683382814838
google/gemma-3-1b-it,16,A_original_fit_paraphrase_eval,definition,analogy,0.5,opposite,definition_para_01,0.0,1.0,-0.02680371644111179
google/gemma-3-1b-it,16,A_original_fit_paraphrase_eval,definition,analogy,0.5,opposite,definition_para_02,0.0,1.0,-0.024880272741761633
google/gemma-3-1b-it,16,A_original_fit_paraphrase_eval,definition,analogy,0.5,opposite,definition_para_03,0.0,1.0,-0.030568252895511683
google/gemma-3-1b-it,16,A_original_fit_paraphrase_eval,definition,analogy,0.75,task,definition_para_01,1.0,0.0,0.01566855016179769
google/gemma-3-1b-it,16,A_original_fit_paraphrase_eval,definition,analogy,0.75,task,definition_para_02,1.0,0.0,0.015628448141814744
google/gemma-3-1b-it,16,A_original_fit_paraphrase_eval,definition,analogy,0.75,task,definition_para_03,1.0,0.0,0.012256794776742908
google/gemma-3-1b-it,16,A_original_fit_paraphrase_eval,definition,analogy,0.75,matched_random,definition_para_01,0.0,1.0,-0.008577731200651528
google/gemma-3-1b-it,16,A_original_fit_paraphrase_eval,definition,analogy,0.75,matched_random,definition_para_02,0.0,1.0,-0.007482306242177161
google/gemma-3-1b-it,16,A_original_fit_paraphrase_eval,definition,analogy,0.75,matched_random,definition_para_03,0.0,0.0,-0.01221585901874045
google/gemma-3-1b-it,16,A_original_fit_paraphrase_eval,definition,analogy,0.75,opposite,definition_para_01,0.0,1.0,-0.0350202897299714
google/gemma-3-1b-it,16,A_original_fit_paraphrase_eval,definition,analogy,0.75,opposite,definition_para_02,0.0,1.0,-0.03275223551560191
google/gemma-3-1b-it,16,A_original_fit_paraphrase_eval,definition,analogy,0.75,opposite,definition_para_03,0.0,1.0,-0.038783060999081354
google/gemma-3-1b-it,16,A_original_fit_paraphrase_eval,definition,analogy,1.0,task,definition_para_01,1.0,0.0,0.024077175221761893
google/gemma-3-1b-it,16,A_original_fit_paraphrase_eval,definition,analogy,1.0,task,definition_para_02,1.0,0.0,0.02364391698200141
google/gemma-3-1b-it,16,A_original_fit_paraphrase_eval,definition,analogy,1.0,task,definition_para_03,1.0,0.0,0.020800797115422043
google/gemma-3-1b-it,16,A_original_fit_paraphrase_eval,definition,analogy,1.0,matched_random,definition_para_01,0.0,1.0,-0.008095360292806664
google/gemma-3-1b-it,16,A_original_fit_paraphrase_eval,definition,analogy,1.0,matched_random,definition_para_02,0.0,1.0,-0.007030253654270235
google/gemma-3-1b-it,16,A_original_fit_paraphrase_eval,definition,analogy,1.0,matched_random,definition_para_03,0.0,0.0,-0.011700229515467342
google/gemma-3-1b-it,16,A_original_fit_paraphrase_eval,definition,analogy,1.0,opposite,definition_para_01,0.0,1.0,-0.043033972876259985
google/gemma-3-1b-it,16,A_original_fit_paraphrase_eval,definition,analogy,1.0,opposite,definition_para_02,0.0,1.0,-0.0404504573372928
google/gemma-3-1b-it,16,A_original_fit_paraphrase_eval,definition,analogy,1.0,opposite,definition_para_03,0.0,1.0,-0.04677186402899036
google/gemma-3-1b-it,16,B_paraphrase_fit_original_eval,logic,causality,0.5,task,logic_orig_01,1.0,0.0,0.009567658814846336
google/gemma-3-1b-it,16,B_paraphrase_fit_original_eval,logic,causality,0.5,task,logic_orig_02,1.0,0.0,0.007917031371659444
google/gemma-3-1b-it,16,B_paraphrase_fit_original_eval,logic,causality,0.5,task,logic_orig_03,1.0,0.0,0.005907531887894613
google/gemma-3-1b-it,16,B_paraphrase_fit_original_eval,logic,causality,0.5,matched_random,logic_orig_01,0.0,0.0,-0.003648184701719237
google/gemma-3-1b-it,16,B_paraphrase_fit_original_eval,logic,causality,0.5,matched_random,logic_orig_02,0.0,0.0,-0.006100384909903167
google/gemma-3-1b-it,16,B_paraphrase_fit_original_eval,logic,causality,0.5,matched_random,logic_orig_03,0.0,1.0,-0.008535837593167228
google/gemma-3-1b-it,16,B_paraphrase_fit_original_eval,logic,causality,0.5,opposite,logic_orig_01,0.0,1.0,-0.016779434813414595
google/gemma-3-1b-it,16,B_paraphrase_fit_original_eval,logic,causality,0.5,opposite,logic_orig_02,0.0,1.0,-0.019982385805511926
google/gemma-3-1b-it,16,B_paraphrase_fit_original_eval,logic,causality,0.5,opposite,logic_orig_03,0.0,1.0,-0.022790415805384878
google/gemma-3-1b-it,16,B_paraphrase_fit_original_eval,logic,causality,0.75,task,logic_orig_01,1.0,0.0,0.01639181588493821
google/gemma-3-1b-it,16,B_paraphrase_fit_original_eval,logic,causality,0.75,task,logic_orig_02,1.0,0.0,0.015186996352372417
google/gemma-3-1b-it,16,B_paraphrase_fit_original_eval,logic,causality,0.75,task,logic_orig_03,1.0,0.0,0.01342917980764613
google/gemma-3-1b-it,16,B_paraphrase_fit_original_eval,logic,causality,0.75,matched_random,logic_orig_01,0.0,0.0,-0.0035366145187740727
google/gemma-3-1b-it,16,B_paraphrase_fit_original_eval,logic,causality,0.75,matched_random,logic_orig_02,0.0,0.0,-0.005965765342306861
google/gemma-3-1b-it,16,B_paraphrase_fit_original_eval,logic,causality,0.75,matched_random,logic_orig_03,0.0,1.0,-0.008383037860481113
google/gemma-3-1b-it,16,B_paraphrase_fit_original_eval,logic,causality,0.75,opposite,logic_orig_01,0.0,1.0,-0.022991816856675618
google/gemma-3-1b-it,16,B_paraphrase_fit_original_eval,logic,causality,0.75,opposite,logic_orig_02,0.0,1.0,-0.026503237566391613
google/gemma-3-1b-it,16,B_paraphrase_fit_original_eval,logic,causality,0.75,opposite,logic_orig_03,0.0,1.0,-0.02944941954086555
google/gemma-3-1b-it,16,B_paraphrase_fit_original_eval,logic,causality,1.0,task,logic_orig_01,1.0,0.0,0.023246132306529388
google/gemma-3-1b-it,16,B_paraphrase_fit_original_eval,logic,causality,1.0,task,logic_orig_02,1.0,0.0,0.022497827399835635
google/gemma-3-1b-it,16,B_paraphrase_fit_original_eval,logic,causality,1.0,task,logic_orig_03,1.0,0.0,0.021005790352842446
google/gemma-3-1b-it,16,B_paraphrase_fit_original_eval,logic,causality,1.0,matched_random,logic_orig_01,0.0,0.0,-0.0034206756762374946
google/gemma-3-1b-it,16,B_paraphrase_fit_original_eval,logic,causality,1.0,matched_random,logic_orig_02,0.0,0.0,-0.005822313866974738
google/gemma-3-1b-it,16,B_paraphrase_fit_original_eval,logic,causality,1.0,matched_random,logic_orig_03,0.0,1.0,-0.008216393726041549
google/gemma-3-1b-it,16,B_paraphrase_fit_original_eval,logic,causality,1.0,opposite,logic_orig_01,0.0,1.0,-0.029011976153929586
google/gemma-3-1b-it,16,B_paraphrase_fit_original_eval,logic,causality,1.0,opposite,logic_orig_02,0.0,1.0,-0.03279533003003965
google/gemma-3-1b-it,16,B_paraphrase_fit_original_eval,logic,causality,1.0,opposite,logic_orig_03,0.0,1.0,-0.035854226436734415
google/gemma-3-1b-it,16,B_paraphrase_fit_original_eval,logic,analogy,0.5,task,logic_orig_01,1.0,0.0,0.009774040897391978
google/gemma-3-1b-it,16,B_paraphrase_fit_original_eval,logic,analogy,0.5,task,logic_orig_02,1.0,0.0,0.00981179601005433
google/gemma-3-1b-it,16,B_paraphrase_fit_original_eval,logic,analogy,0.5,task,logic_orig_03,1.0,0.0,0.007893414739381654
google/gemma-3-1b-it,16,B_paraphrase_fit_original_eval,logic,analogy,0.5,matched_random,logic_orig_01,1.0,0.0,0.001128433245366045
google/gemma-3-1b-it,16,B_paraphrase_fit_original_eval,logic,analogy,0.5,matched_random,logic_orig_02,1.0,0.0,0.0006162748925184758
google/gemma-3-1b-it,16,B_paraphrase_fit_original_eval,logic,analogy,0.5,matched_random,logic_orig_03,0.0,1.0,-0.0015707863785917597
google/gemma-3-1b-it,16,B_paraphrase_fit_original_eval,logic,analogy,0.5,opposite,logic_orig_01,0.0,1.0,-0.007975502866189199
google/gemma-3-1b-it,16,B_paraphrase_fit_original_eval,logic,analogy,0.5,opposite,logic_orig_02,0.0,1.0,-0.00903184666726764
google/gemma-3-1b-it,16,B_paraphrase_fit_original_eval,logic,analogy,0.5,opposite,logic_orig_03,0.0,1.0,-0.01145339593546868
google/gemma-3-1b-it,16,B_paraphrase_fit_original_eval,logic,analogy,0.75,task,logic_orig_01,1.0,0.0,0.014450070604495213
google/gemma-3-1b-it,16,B_paraphrase_fit_original_eval,logic,analogy,0.75,task,logic_orig_02,1.0,0.0,0.014793981189388239
google/gemma-3-1b-it,16,B_paraphrase_fit_original_eval,logic,analogy,0.75,task,logic_orig_03,1.0,0.0,0.013039479389863828
google/gemma-3-1b-it,16,B_paraphrase_fit_original_eval,logic,analogy,0.75,matched_random,logic_orig_01,1.0,0.0,0.0013478032150333608
google/gemma-3-1b-it,16,B_paraphrase_fit_original_eval,logic,analogy,0.75,matched_random,logic_orig_02,1.0,0.0,0.0008502420222767926
google/gemma-3-1b-it,16,B_paraphrase_fit_original_eval,logic,analogy,0.75,matched_random,logic_orig_03,0.0,1.0,-0.0013248236310314798
google/gemma-3-1b-it,16,B_paraphrase_fit_original_eval,logic,analogy,0.75,opposite,logic_orig_01,0.0,1.0,-0.012122985932699337
google/gemma-3-1b-it,16,B_paraphrase_fit_original_eval,logic,analogy,0.75,opposite,logic_orig_02,0.0,1.0,-0.013410720556211397
google/gemma-3-1b-it,16,B_paraphrase_fit_original_eval,logic,analogy,0.75,opposite,logic_orig_03,0.0,1.0,-0.01591866301150846
google/gemma-3-1b-it,16,B_paraphrase_fit_original_eval,logic,analogy,1.0,task,logic_orig_01,1.0,0.0,0.01919463964532453
google/gemma-3-1b-it,16,B_paraphrase_fit_original_eval,logic,analogy,1.0,task,logic_orig_02,1.0,0.0,0.019852147673380394
google/gemma-3-1b-it,16,B_paraphrase_fit_original_eval,logic,analogy,1.0,task,logic_orig_03,1.0,0.0,0.018274813554531977
google/gemma-3-1b-it,16,B_paraphrase_fit_original_eval,logic,analogy,1.0,matched_random,logic_orig_01,1.0,0.0,0.0015645899658944806
google/gemma-3-1b-it,16,B_paraphrase_fit_original_eval,logic,analogy,1.0,matched_random,logic_orig_02,1.0,0.0,0.0010818639665964858
google/gemma-3-1b-it,16,B_paraphrase_fit_original_eval,logic,analogy,1.0,matched_random,logic_orig_03,0.0,1.0,-0.0010782206336744649
google/gemma-3-1b-it,16,B_paraphrase_fit_original_eval,logic,analogy,1.0,opposite,logic_orig_01,0.0,1.0,-0.016140372493802513
google/gemma-3-1b-it,16,B_paraphrase_fit_original_eval,logic,analogy,1.0,opposite,logic_orig_02,0.0,1.0,-0.017640603639516694
google/gemma-3-1b-it,16,B_paraphrase_fit_original_eval,logic,analogy,1.0,opposite,logic_orig_03,0.0,1.0,-0.020219834622295818
google/gemma-3-1b-it,16,B_paraphrase_fit_original_eval,logic,definition,0.5,task,logic_orig_01,1.0,0.0,0.01060943299188244
google/gemma-3-1b-it,16,B_paraphrase_fit_original_eval,logic,definition,0.5,task,logic_orig_02,1.0,0.0,0.008231778674942292
google/gemma-3-1b-it,16,B_paraphrase_fit_original_eval,logic,definition,0.5,task,logic_orig_03,1.0,0.0,0.005247557855245555
google/gemma-3-1b-it,16,B_paraphrase_fit_original_eval,logic,definition,0.5,matched_random,logic_orig_01,0.0,0.0,-0.00022990489437768602
google/gemma-3-1b-it,16,B_paraphrase_fit_original_eval,logic,definition,0.5,matched_random,logic_orig_02,0.0,0.0,-0.0032644342225222056
google/gemma-3-1b-it,16,B_paraphrase_fit_original_eval,logic,definition,0.5,matched_random,logic_orig_03,0.0,1.0,-0.006581931681636233
google/gemma-3-1b-it,16,B_paraphrase_fit_original_eval,logic,definition,0.5,opposite,logic_orig_01,0.0,1.0,-0.010815311921053561
google/gemma-3-1b-it,16,B_paraphrase_fit_original_eval,logic,definition,0.5,opposite,logic_orig_02,0.0,1.0,-0.01441604085765269
google/gemma-3-1b-it,16,B_paraphrase_fit_original_eval,logic,definition,0.5,opposite,logic_orig_03,0.0,1.0,-0.017982619953027634
google/gemma-3-1b-it,16,B_paraphrase_fit_original_eval,logic,definition,0.75,task,logic_orig_01,1.0,0.0,0.016169841388776196
google/gemma-3-1b-it,16,B_paraphrase_fit_original_eval,logic,definition,0.75,task,logic_orig_02,1.0,0.0,0.014153168165751073
google/gemma-3-1b-it,16,B_paraphrase_fit_original_eval,logic,definition,0.75,task,logic_orig_03,1.0,0.0,0.011368476271581662
google/gemma-3-1b-it,16,B_paraphrase_fit_original_eval,logic,definition,0.75,matched_random,logic_orig_01,0.0,0.0,-0.00019197952231309046
google/gemma-3-1b-it,16,B_paraphrase_fit_original_eval,logic,definition,0.75,matched_random,logic_orig_02,0.0,0.0,-0.0032169869864385747
google/gemma-3-1b-it,16,B_paraphrase_fit_original_eval,logic,definition,0.75,matched_random,logic_orig_03,0.0,1.0,-0.006524266750206009
google/gemma-3-1b-it,16,B_paraphrase_fit_original_eval,logic,definition,0.75,opposite,logic_orig_01,0.0,1.0,-0.01587884429774311
google/gemma-3-1b-it,16,B_paraphrase_fit_original_eval,logic,definition,0.75,opposite,logic_orig_02,0.0,1.0,-0.019718054112554007
google/gemma-3-1b-it,16,B_paraphrase_fit_original_eval,logic,definition,0.75,opposite,logic_orig_03,0.0,1.0,-0.023373716856459947
google/gemma-3-1b-it,16,B_paraphrase_fit_original_eval,logic,definition,1.0,task,logic_orig_01,1.0,0.0,0.021769544524093964
google/gemma-3-1b-it,16,B_paraphrase_fit_original_eval,logic,definition,1.0,task,logic_orig_02,1.0,0.0,0.020128472531335984
google/gemma-3-1b-it,16,B_paraphrase_fit_original_eval,logic,definition,1.0,task,logic_orig_03,1.0,0.0,0.017561651471496464
google/gemma-3-1b-it,16,B_paraphrase_fit_original_eval,logic,definition,1.0,matched_random,logic_orig_01,0.0,0.0,-0.00015400923224506702
google/gemma-3-1b-it,16,B_paraphrase_fit_original_eval,logic,definition,1.0,matched_random,logic_orig_02,0.0,0.0,-0.0031649095305277264
google/gemma-3-1b-it,16,B_paraphrase_fit_original_eval,logic,definition,1.0,matched_random,logic_orig_03,0.0,1.0,-0.006456335531990098
google/gemma-3-1b-it,16,B_paraphrase_fit_original_eval,logic,definition,1.0,opposite,logic_orig_01,0.0,1.0,-0.0207979910964311
google/gemma-3-1b-it,16,B_paraphrase_fit_original_eval,logic,definition,1.0,opposite,logic_orig_02,0.0,1.0,-0.024846606935041038
google/gemma-3-1b-it,16,B_paraphrase_fit_original_eval,logic,definition,1.0,opposite,logic_orig_03,0.0,1.0,-0.028569657442826246
google/gemma-3-1b-it,16,B_paraphrase_fit_original_eval,causality,logic,0.5,task,causality_orig_01,1.0,0.0,0.005727358962387741
google/gemma-3-1b-it,16,B_paraphrase_fit_original_eval,causality,logic,0.5,task,causality_orig_02,0.0,0.0,0.0007262316471284835
google/gemma-3-1b-it,16,B_paraphrase_fit_original_eval,causality,logic,0.5,task,causality_orig_03,1.0,0.0,0.002769657939558301
google/gemma-3-1b-it,16,B_paraphrase_fit_original_eval,causality,logic,0.5,matched_random,causality_orig_01,0.0,1.0,-0.008256979449619117
google/gemma-3-1b-it,16,B_paraphrase_fit_original_eval,causality,logic,0.5,matched_random,causality_orig_02,0.0,1.0,-0.013539463154884523
google/gemma-3-1b-it,16,B_paraphrase_fit_original_eval,causality,logic,0.5,matched_random,causality_orig_03,0.0,1.0,-0.01177021960930158
google/gemma-3-1b-it,16,B_paraphrase_fit_original_eval,causality,logic,0.5,opposite,causality_orig_01,0.0,1.0,-0.022082583780812404
google/gemma-3-1b-it,16,B_paraphrase_fit_original_eval,causality,logic,0.5,opposite,causality_orig_02,0.0,1.0,-0.027548676164042107
google/gemma-3-1b-it,16,B_paraphrase_fit_original_eval,causality,logic,0.5,opposite,causality_orig_03,0.0,1.0,-0.02609026201190856
google/gemma-3-1b-it,16,B_paraphrase_fit_original_eval,causality,logic,0.75,task,causality_orig_01,1.0,0.0,0.012408911519418364
google/gemma-3-1b-it,16,B_paraphrase_fit_original_eval,causality,logic,0.75,task,causality_orig_02,1.0,0.0,0.007580853305960145
google/gemma-3-1b-it,16,B_paraphrase_fit_original_eval,causality,logic,0.75,task,causality_orig_03,1.0,0.0,0.00973563538439981
google/gemma-3-1b-it,16,B_paraphrase_fit_original_eval,causality,logic,0.75,matched_random,causality_orig_01,0.0,1.0,-0.008349277734899907
google/gemma-3-1b-it,16,B_paraphrase_fit_original_eval,causality,logic,0.75,matched_random,causality_orig_02,0.0,1.0,-0.013614894969479319
google/gemma-3-1b-it,16,B_paraphrase_fit_original_eval,causality,logic,0.75,matched_random,causality_orig_03,0.0,1.0,-0.01185220857217928
google/gemma-3-1b-it,16,B_paraphrase_fit_original_eval,causality,logic,0.75,opposite,causality_orig_01,0.0,1.0,-0.02913007169168269
google/gemma-3-1b-it,16,B_paraphrase_fit_original_eval,causality,logic,0.75,opposite,causality_orig_02,0.0,1.0,-0.03464185101513906
google/gemma-3-1b-it,16,B_paraphrase_fit_original_eval,causality,logic,0.75,opposite,causality_orig_03,0.0,1.0,-0.03335425562965666
google/gemma-3-1b-it,16,B_paraphrase_fit_original_eval,causality,logic,1.0,task,causality_orig_01,1.0,0.0,0.01892253519951137
google/gemma-3-1b-it,16,B_paraphrase_fit_original_eval,causality,logic,1.0,task,causality_orig_02,1.0,0.0,0.014283304439800859
google/gemma-3-1b-it,16,B_paraphrase_fit_original_eval,causality,logic,1.0,task,causality_orig_03,1.0,0.0,0.01653303975430731
google/gemma-3-1b-it,16,B_paraphrase_fit_original_eval,causality,logic,1.0,matched_random,causality_orig_01,0.0,1.0,-0.00842611439646701
google/gemma-3-1b-it,16,B_paraphrase_fit_original_eval,causality,logic,1.0,matched_random,causality_orig_02,0.0,1.0,-0.01366491833224992
google/gemma-3-1b-it,16,B_paraphrase_fit_original_eval,causality,logic,1.0,matched_random,causality_orig_03,0.0,1.0,-0.011911011188776577
google/gemma-3-1b-it,16,B_paraphrase_fit_original_eval,causality,logic,1.0,opposite,causality_orig_01,0.0,1.0,-0.036138826884703934
google/gemma-3-1b-it,16,B_paraphrase_fit_original_eval,causality,logic,1.0,opposite,causality_orig_02,0.0,1.0,-0.04166491189967125
google/gemma-3-1b-it,16,B_paraphrase_fit_original_eval,causality,logic,1.0,opposite,causality_orig_03,0.0,1.0,-0.04055254053463064
google/gemma-3-1b-it,16,B_paraphrase_fit_original_eval,causality,analogy,0.5,task,causality_orig_01,1.0,0.0,0.0056868122379047925
google/gemma-3-1b-it,16,B_paraphrase_fit_original_eval,causality,analogy,0.5,task,causality_orig_02,1.0,0.0,0.0037778383894299106
google/gemma-3-1b-it,16,B_paraphrase_fit_original_eval,causality,analogy,0.5,task,causality_orig_03,1.0,0.0,0.004648230996973646
google/gemma-3-1b-it,16,B_paraphrase_fit_original_eval,causality,analogy,0.5,matched_random,causality_orig_01,0.0,1.0,-0.006586537457459629
google/gemma-3-1b-it,16,B_paraphrase_fit_original_eval,causality,analogy,0.5,matched_random,causality_orig_02,0.0,1.0,-0.008657516797482612
google/gemma-3-1b-it,16,B_paraphrase_fit_original_eval,causality,analogy,0.5,matched_random,causality_orig_03,0.0,1.0,-0.008053661792933542
google/gemma-3-1b-it,16,B_paraphrase_fit_original_eval,causality,analogy,0.5,opposite,causality_orig_01,0.0,1.0,-0.01856748811052289
google/gemma-3-1b-it,16,B_paraphrase_fit_original_eval,causality,analogy,0.5,opposite,causality_orig_02,0.0,1.0,-0.020758826253169937
google/gemma-3-1b-it,16,B_paraphrase_fit_original_eval,causality,analogy,0.5,opposite,causality_orig_03,0.0,1.0,-0.0204304870454729
google/gemma-3-1b-it,16,B_paraphrase_fit_original_eval,causality,analogy,0.75,task,causality_orig_01,1.0,0.0,0.011888289255691853
google/gemma-3-1b-it,16,B_paraphrase_fit_original_eval,causality,analogy,0.75,task,causality_orig_02,1.0,0.0,0.010077312648828052
google/gemma-3-1b-it,16,B_paraphrase_fit_original_eval,causality,analogy,0.75,task,causality_orig_03,1.0,0.0,0.011081628561740109
google/gemma-3-1b-it,16,B_paraphrase_fit_original_eval,causality,analogy,0.75,matched_random,causality_orig_01,0.0,1.0,-0.006563348013321257
google/gemma-3-1b-it,16,B_paraphrase_fit_original_eval,causality,analogy,0.75,matched_random,causality_orig_02,0.0,1.0,-0.008627821701410299
google/gemma-3-1b-it,16,B_paraphrase_fit_original_eval,causality,analogy,0.75,matched_random,causality_orig_03,0.0,1.0,-0.008021125398488427
google/gemma-3-1b-it,16,B_paraphrase_fit_original_eval,causality,analogy,0.75,opposite,causality_orig_01,0.0,1.0,-0.024368453158402414
google/gemma-3-1b-it,16,B_paraphrase_fit_original_eval,causality,analogy,0.75,opposite,causality_orig_02,0.0,1.0,-0.02660040524265328
google/gemma-3-1b-it,16,B_paraphrase_fit_original_eval,causality,analogy,0.75,opposite,causality_orig_03,0.0,1.0,-0.02640001633508049
google/gemma-3-1b-it,16,B_paraphrase_fit_original_eval,causality,analogy,1.0,task,causality_orig_01,1.0,0.0,0.018089620226299008
google/gemma-3-1b-it,16,B_paraphrase_fit_original_eval,causality,analogy,1.0,task,causality_orig_02,1.0,0.0,0.016385558617407536
google/gemma-3-1b-it,16,B_paraphrase_fit_original_eval,causality,analogy,1.0,task,causality_orig_03,1.0,0.0,0.017519193322865778
google/gemma-3-1b-it,16,B_paraphrase_fit_original_eval,causality,analogy,1.0,matched_random,causality_orig_01,0.0,1.0,-0.006530700655184463
google/gemma-3-1b-it,16,B_paraphrase_fit_original_eval,causality,analogy,1.0,matched_random,causality_orig_02,0.0,1.0,-0.008585304610187472
google/gemma-3-1b-it,16,B_paraphrase_fit_original_eval,causality,analogy,1.0,matched_random,causality_orig_03,0.0,1.0,-0.007976310046209467
google/gemma-3-1b-it,16,B_paraphrase_fit_original_eval,causality,analogy,1.0,opposite,causality_orig_01,0.0,1.0,-0.030022459063140272
google/gemma-3-1b-it,16,B_paraphrase_fit_original_eval,causality,analogy,1.0,opposite,causality_orig_02,0.0,1.0,-0.03228302603586586
google/gemma-3-1b-it,16,B_paraphrase_fit_original_eval,causality,analogy,1.0,opposite,causality_orig_03,0.0,1.0,-0.03220454762716307
google/gemma-3-1b-it,16,B_paraphrase_fit_original_eval,causality,definition,0.5,task,causality_orig_01,1.0,0.0,0.004665756411792454
google/gemma-3-1b-it,16,B_paraphrase_fit_original_eval,causality,definition,0.5,task,causality_orig_02,1.0,0.0,0.0034637157999299895
google/gemma-3-1b-it,16,B_paraphrase_fit_original_eval,causality,definition,0.5,task,causality_orig_03,1.0,0.0,0.004987637603788286
google/gemma-3-1b-it,16,B_paraphrase_fit_original_eval,causality,definition,0.5,matched_random,causality_orig_01,0.0,1.0,-0.0034088135968916022
google/gemma-3-1b-it,16,B_paraphrase_fit_original_eval,causality,definition,0.5,matched_random,causality_orig_02,0.0,1.0,-0.004725386307958712
google/gemma-3-1b-it,16,B_paraphrase_fit_original_eval,causality,definition,0.5,matched_random,causality_orig_03,0.0,1.0,-0.0033789946866803477
google/gemma-3-1b-it,16,B_paraphrase_fit_original_eval,causality,definition,0.5,opposite,causality_orig_01,0.0,1.0,-0.011305041504550362
google/gemma-3-1b-it,16,B_paraphrase_fit_original_eval,causality,definition,0.5,opposite,causality_orig_02,0.0,1.0,-0.012720416195226902
google/gemma-3-1b-it,16,B_paraphrase_fit_original_eval,causality,definition,0.5,opposite,causality_orig_03,0.0,1.0,-0.011558923737522098
google/gemma-3-1b-it,16,B_paraphrase_fit_original_eval,causality,definition,0.75,task,causality_orig_01,1.0,0.0,0.008678644026062332
google/gemma-3-1b-it,16,B_paraphrase_fit_original_eval,causality,definition,0.75,task,causality_orig_02,1.0,0.0,0.0075401646875787876
google/gemma-3-1b-it,16,B_paraphrase_fit_original_eval,causality,definition,0.75,task,causality_orig_03,1.0,0.0,0.009144691562736451
google/gemma-3-1b-it,16,B_paraphrase_fit_original_eval,causality,definition,0.75,matched_random,causality_orig_01,0.0,1.0,-0.0034285131160219917
google/gemma-3-1b-it,16,B_paraphrase_fit_original_eval,causality,definition,0.75,matched_random,causality_orig_02,0.0,1.0,-0.004742321461312482
google/gemma-3-1b-it,16,B_paraphrase_fit_original_eval,causality,definition,0.75,matched_random,causality_orig_03,0.0,1.0,-0.0033990437368955906
google/gemma-3-1b-it,16,B_paraphrase_fit_original_eval,causality,definition,0.75,opposite,causality_orig_01,0.0,1.0,-0.015220046270342125
google/gemma-3-1b-it,16,B_paraphrase_fit_original_eval,causality,definition,0.75,opposite,causality_orig_02,0.0,1.0,-0.016676467788939386
google/gemma-3-1b-it,16,B_paraphrase_fit_original_eval,causality,definition,0.75,opposite,causality_orig_03,0.0,1.0,-0.01561121285497502
google/gemma-3-1b-it,16,B_paraphrase_fit_original_eval,causality,definition,1.0,task,causality_orig_01,1.0,0.0,0.012675971748793424
google/gemma-3-1b-it,16,B_paraphrase_fit_original_eval,causality,definition,1.0,task,causality_orig_02,1.0,0.0,0.011604081256495258
google/gemma-3-1b-it,16,B_paraphrase_fit_original_eval,causality,definition,1.0,task,causality_orig_03,1.0,0.0,0.013283629412470965
google/gemma-3-1b-it,16,B_paraphrase_fit_original_eval,causality,definition,1.0,matched_random,causality_orig_01,0.0,1.0,-0.0034447950660758675
google/gemma-3-1b-it,16,B_paraphrase_fit_original_eval,causality,definition,1.0,matched_random,causality_orig_02,0.0,1.0,-0.004754445719958533
google/gemma-3-1b-it,16,B_paraphrase_fit_original_eval,causality,definition,1.0,matched_random,causality_orig_03,0.0,1.0,-0.0034154562804451505
google/gemma-3-1b-it,16,B_paraphrase_fit_original_eval,causality,definition,1.0,opposite,causality_orig_01,0.0,1.0,-0.019082508528591502
google/gemma-3-1b-it,16,B_paraphrase_fit_original_eval,causality,definition,1.0,opposite,causality_orig_02,0.0,1.0,-0.020574525463907145
google/gemma-3-1b-it,16,B_paraphrase_fit_original_eval,causality,definition,1.0,opposite,causality_orig_03,0.0,1.0,-0.019605972918247394
google/gemma-3-1b-it,16,B_paraphrase_fit_original_eval,analogy,logic,0.5,task,analogy_orig_01,1.0,0.0,0.006379456956346341
google/gemma-3-1b-it,16,B_paraphrase_fit_original_eval,analogy,logic,0.5,task,analogy_orig_02,1.0,0.0,0.0056135773234711195
google/gemma-3-1b-it,16,B_paraphrase_fit_original_eval,analogy,logic,0.5,task,analogy_orig_03,1.0,0.0,0.005809428487070001
google/gemma-3-1b-it,16,B_paraphrase_fit_original_eval,analogy,logic,0.5,matched_random,analogy_orig_01,0.0,1.0,-0.0035455450818210332
google/gemma-3-1b-it,16,B_paraphrase_fit_original_eval,analogy,logic,0.5,matched_random,analogy_orig_02,0.0,1.0,-0.004312501691491333
google/gemma-3-1b-it,16,B_paraphrase_fit_original_eval,analogy,logic,0.5,matched_random,analogy_orig_03,0.0,1.0,-0.004222299797926876
google/gemma-3-1b-it,16,B_paraphrase_fit_original_eval,analogy,logic,0.5,opposite,analogy_orig_01,0.0,1.0,-0.013098242879603372
google/gemma-3-1b-it,16,B_paraphrase_fit_original_eval,analogy,logic,0.5,opposite,analogy_orig_02,0.0,1.0,-0.013856622073636582
google/gemma-3-1b-it,16,B_paraphrase_fit_original_eval,analogy,logic,0.5,opposite,analogy_orig_03,0.0,1.0,-0.013873234745117702
google/gemma-3-1b-it,16,B_paraphrase_fit_original_eval,analogy,logic,0.75,task,analogy_orig_01,1.0,0.0,0.010921068920321853
google/gemma-3-1b-it,16,B_paraphrase_fit_original_eval,analogy,logic,0.75,task,analogy_orig_02,1.0,0.0,0.010161059300387687
google/gemma-3-1b-it,16,B_paraphrase_fit_original_eval,analogy,logic,0.75,task,analogy_orig_03,1.0,0.0,0.010402183297772094
google/gemma-3-1b-it,16,B_paraphrase_fit_original_eval,analogy,logic,0.75,matched_random,analogy_orig_01,0.0,1.0,-0.003748960316704575
google/gemma-3-1b-it,16,B_paraphrase_fit_original_eval,analogy,logic,0.75,matched_random,analogy_orig_02,0.0,1.0,-0.004513346751199965
google/gemma-3-1b-it,16,B_paraphrase_fit_original_eval,analogy,logic,0.75,matched_random,analogy_orig_03,0.0,1.0,-0.004425578669468022
google/gemma-3-1b-it,16,B_paraphrase_fit_original_eval,analogy,logic,0.75,opposite,analogy_orig_01,0.0,1.0,-0.018223764443914936
google/gemma-3-1b-it,16,B_paraphrase_fit_original_eval,analogy,logic,0.75,opposite,analogy_orig_02,0.0,1.0,-0.018971388596770278
google/gemma-3-1b-it,16,B_paraphrase_fit_original_eval,analogy,logic,0.75,opposite,analogy_orig_03,0.0,1.0,-0.019046593921851818
google/gemma-3-1b-it,16,B_paraphrase_fit_original_eval,analogy,logic,1.0,task,analogy_orig_01,1.0,0.0,0.01531171221145966
google/gemma-3-1b-it,16,B_paraphrase_fit_original_eval,analogy,logic,1.0,task,analogy_orig_02,1.0,0.0,0.014560085064856731
google/gemma-3-1b-it,16,B_paraphrase_fit_original_eval,analogy,logic,1.0,task,analogy_orig_03,1.0,0.0,0.014842791637992292
google/gemma-3-1b-it,16,B_paraphrase_fit_original_eval,analogy,logic,1.0,matched_random,analogy_orig_01,0.0,1.0,-0.003945736754464413
google/gemma-3-1b-it,16,B_paraphrase_fit_original_eval,analogy,logic,1.0,matched_random,analogy_orig_02,0.0,1.0,-0.004706510384826612
google/gemma-3-1b-it,16,B_paraphrase_fit_original_eval,analogy,logic,1.0,matched_random,analogy_orig_03,0.0,1.0,-0.004621122028732438
google/gemma-3-1b-it,16,B_paraphrase_fit_original_eval,analogy,logic,1.0,opposite,analogy_orig_01,0.0,1.0,-0.023414382742617312
google/gemma-3-1b-it,16,B_paraphrase_fit_original_eval,analogy,logic,1.0,opposite,analogy_orig_02,0.0,1.0,-0.024147455767108417
google/gemma-3-1b-it,16,B_paraphrase_fit_original_eval,analogy,logic,1.0,opposite,analogy_orig_03,0.0,1.0,-0.024282116304020995
google/gemma-3-1b-it,16,B_paraphrase_fit_original_eval,analogy,causality,0.5,task,analogy_orig_01,1.0,0.0,0.005239118839869938
google/gemma-3-1b-it,16,B_paraphrase_fit_original_eval,analogy,causality,0.5,task,analogy_orig_02,1.0,0.0,0.0057934057495833136
google/gemma-3-1b-it,16,B_paraphrase_fit_original_eval,analogy,causality,0.5,task,analogy_orig_03,1.0,0.0,0.005131653578662632
google/gemma-3-1b-it,16,B_paraphrase_fit_original_eval,analogy,causality,0.5,matched_random,analogy_orig_01,0.0,1.0,-0.008024246949454361
google/gemma-3-1b-it,16,B_paraphrase_fit_original_eval,analogy,causality,0.5,matched_random,analogy_orig_02,0.0,1.0,-0.00743789270264672
google/gemma-3-1b-it,16,B_paraphrase_fit_original_eval,analogy,causality,0.5,matched_random,analogy_orig_03,0.0,1.0,-0.008251012182154294
google/gemma-3-1b-it,16,B_paraphrase_fit_original_eval,analogy,causality,0.5,opposite,analogy_orig_01,0.0,1.0,-0.020366633268890433
google/gemma-3-1b-it,16,B_paraphrase_fit_original_eval,analogy,causality,0.5,opposite,analogy_orig_02,0.0,1.0,-0.019755084680792123
google/gemma-3-1b-it,16,B_paraphrase_fit_original_eval,analogy,causality,0.5,opposite,analogy_orig_03,0.0,1.0,-0.020703193407925702
google/gemma-3-1b-it,16,B_paraphrase_fit_original_eval,analogy,causality,0.75,task,analogy_orig_01,1.0,0.0,0.011510813102283635
google/gemma-3-1b-it,16,B_paraphrase_fit_original_eval,analogy,causality,0.75,task,analogy_orig_02,1.0,0.0,0.01204466413561267
google/gemma-3-1b-it,16,B_paraphrase_fit_original_eval,analogy,causality,0.75,task,analogy_orig_03,1.0,0.0,0.011460611122440012
google/gemma-3-1b-it,16,B_paraphrase_fit_original_eval,analogy,causality,0.75,matched_random,analogy_orig_01,0.0,1.0,-0.008253755254366557
google/gemma-3-1b-it,16,B_paraphrase_fit_original_eval,analogy,causality,0.75,matched_random,analogy_orig_02,0.0,1.0,-0.007669913275719309
google/gemma-3-1b-it,16,B_paraphrase_fit_original_eval,analogy,causality,0.75,matched_random,analogy_orig_03,0.0,1.0,-0.00848108287067073
google/gemma-3-1b-it,16,B_paraphrase_fit_original_eval,analogy,causality,0.75,opposite,analogy_orig_01,0.0,1.0,-0.02674213880468923
google/gemma-3-1b-it,16,B_paraphrase_fit_original_eval,analogy,causality,0.75,opposite,analogy_orig_02,0.0,1.0,-0.02612365543189421
google/gemma-3-1b-it,16,B_paraphrase_fit_original_eval,analogy,causality,0.75,opposite,analogy_orig_03,0.0,1.0,-0.027131684557530567
google/gemma-3-1b-it,16,B_paraphrase_fit_original_eval,analogy,causality,1.0,task,analogy_orig_01,1.0,0.0,0.017673110750566212
google/gemma-3-1b-it,16,B_paraphrase_fit_original_eval,analogy,causality,1.0,task,analogy_orig_02,1.0,0.0,0.018184756104403177
google/gemma-3-1b-it,16,B_paraphrase_fit_original_eval,analogy,causality,1.0,task,analogy_orig_03,1.0,0.0,0.01767853689299259
google/gemma-3-1b-it,16,B_paraphrase_fit_original_eval,analogy,causality,1.0,matched_random,analogy_orig_01,0.0,1.0,-0.008467576693473089
google/gemma-3-1b-it,16,B_paraphrase_fit_original_eval,analogy,causality,1.0,matched_random,analogy_orig_02,0.0,1.0,-0.007887190743226302
google/gemma-3-1b-it,16,B_paraphrase_fit_original_eval,analogy,causality,1.0,matched_random,analogy_orig_03,0.0,1.0,-0.00869483000011384
google/gemma-3-1b-it,16,B_paraphrase_fit_original_eval,analogy,causality,1.0,opposite,analogy_orig_01,0.0,1.0,-0.03304435568710884
google/gemma-3-1b-it,16,B_paraphrase_fit_original_eval,analogy,causality,1.0,opposite,analogy_orig_02,0.0,1.0,-0.03242215437180718
google/gemma-3-1b-it,16,B_paraphrase_fit_original_eval,analogy,causality,1.0,opposite,analogy_orig_03,0.0,1.0,-0.0334835591809991
google/gemma-3-1b-it,16,B_paraphrase_fit_original_eval,analogy,definition,0.5,task,analogy_orig_01,1.0,0.0,0.005702103653305701
google/gemma-3-1b-it,16,B_paraphrase_fit_original_eval,analogy,definition,0.5,task,analogy_orig_02,1.0,0.0,0.006150998022698695
google/gemma-3-1b-it,16,B_paraphrase_fit_original_eval,analogy,definition,0.5,task,analogy_orig_03,1.0,0.0,0.006504953391990198
google/gemma-3-1b-it,16,B_paraphrase_fit_original_eval,analogy,definition,0.5,matched_random,analogy_orig_01,0.0,1.0,-0.005980531929214883
google/gemma-3-1b-it,16,B_paraphrase_fit_original_eval,analogy,definition,0.5,matched_random,analogy_orig_02,0.0,1.0,-0.005500861776982724
google/gemma-3-1b-it,16,B_paraphrase_fit_original_eval,analogy,definition,0.5,matched_random,analogy_orig_03,0.0,1.0,-0.005273912836814776
google/gemma-3-1b-it,16,B_paraphrase_fit_original_eval,analogy,definition,0.5,opposite,analogy_orig_01,0.0,1.0,-0.016098048627322448
google/gemma-3-1b-it,16,B_paraphrase_fit_original_eval,analogy,definition,0.5,opposite,analogy_orig_02,0.0,1.0,-0.015600662609403071
google/gemma-3-1b-it,16,B_paraphrase_fit_original_eval,analogy,definition,0.5,opposite,analogy_orig_03,0.0,1.0,-0.015487923545185578
google/gemma-3-1b-it,16,B_paraphrase_fit_original_eval,analogy,definition,0.75,task,analogy_orig_01,1.0,0.0,0.011062053123458093
google/gemma-3-1b-it,16,B_paraphrase_fit_original_eval,analogy,definition,0.75,task,analogy_orig_02,1.0,0.0,0.011494592016275673
google/gemma-3-1b-it,16,B_paraphrase_fit_original_eval,analogy,definition,0.75,task,analogy_orig_03,1.0,0.0,0.011903827731805094
google/gemma-3-1b-it,16,B_paraphrase_fit_original_eval,analogy,definition,0.75,matched_random,analogy_orig_01,0.0,1.0,-0.006370594924720585
google/gemma-3-1b-it,16,B_paraphrase_fit_original_eval,analogy,definition,0.75,matched_random,analogy_orig_02,0.0,1.0,-0.005890360973159758
google/gemma-3-1b-it,16,B_paraphrase_fit_original_eval,analogy,definition,0.75,matched_random,analogy_orig_03,0.0,1.0,-0.005667972480285055
google/gemma-3-1b-it,16,B_paraphrase_fit_original_eval,analogy,definition,0.75,opposite,analogy_orig_01,0.0,1.0,-0.021525692417491138
google/gemma-3-1b-it,16,B_paraphrase_fit_original_eval,analogy,definition,0.75,opposite,analogy_orig_02,0.0,1.0,-0.021021275441414078
google/gemma-3-1b-it,16,B_paraphrase_fit_original_eval,analogy,definition,0.75,opposite,analogy_orig_03,0.0,1.0,-0.02097017912308541
google/gemma-3-1b-it,16,B_paraphrase_fit_original_eval,analogy,definition,1.0,task,analogy_orig_01,1.0,0.0,0.016343713945619065
google/gemma-3-1b-it,16,B_paraphrase_fit_original_eval,analogy,definition,1.0,task,analogy_orig_02,1.0,0.0,0.016758652691310827
google/gemma-3-1b-it,16,B_paraphrase_fit_original_eval,analogy,definition,1.0,task,analogy_orig_03,1.0,0.0,0.017219890897134493
google/gemma-3-1b-it,16,B_paraphrase_fit_original_eval,analogy,definition,1.0,matched_random,analogy_orig_01,0.0,1.0,-0.006748705363641694
google/gemma-3-1b-it,16,B_paraphrase_fit_original_eval,analogy,definition,1.0,matched_random,analogy_orig_02,0.0,1.0,-0.0062684633384823
google/gemma-3-1b-it,16,B_paraphrase_fit_original_eval,analogy,definition,1.0,matched_random,analogy_orig_03,0.0,1.0,-0.006050610645063403
google/gemma-3-1b-it,16,B_paraphrase_fit_original_eval,analogy,definition,1.0,opposite,analogy_orig_01,0.0,1.0,-0.02689919499671478
google/gemma-3-1b-it,16,B_paraphrase_fit_original_eval,analogy,definition,1.0,opposite,analogy_orig_02,0.0,1.0,-0.026389986474809612
google/gemma-3-1b-it,16,B_paraphrase_fit_original_eval,analogy,definition,1.0,opposite,analogy_orig_03,0.0,1.0,-0.026399525673121427
google/gemma-3-1b-it,16,B_paraphrase_fit_original_eval,definition,logic,0.5,task,definition_orig_01,1.0,0.0,0.005714897840404021
google/gemma-3-1b-it,16,B_paraphrase_fit_original_eval,definition,logic,0.5,task,definition_orig_02,1.0,0.0,0.0043230811030060545
google/gemma-3-1b-it,16,B_paraphrase_fit_original_eval,definition,logic,0.5,task,definition_orig_03,1.0,0.0,0.006833244501492919
google/gemma-3-1b-it,16,B_paraphrase_fit_original_eval,definition,logic,0.5,matched_random,definition_orig_01,0.0,1.0,-0.0057373798359258155
google/gemma-3-1b-it,16,B_paraphrase_fit_original_eval,definition,logic,0.5,matched_random,definition_orig_02,0.0,1.0,-0.007199355494987736
google/gemma-3-1b-it,16,B_paraphrase_fit_original_eval,definition,logic,0.5,matched_random,definition_orig_03,0.0,1.0,-0.005093917784990687
google/gemma-3-1b-it,16,B_paraphrase_fit_original_eval,definition,logic,0.5,opposite,definition_orig_01,0.0,1.0,-0.017447603094939534
google/gemma-3-1b-it,16,B_paraphrase_fit_original_eval,definition,logic,0.5,opposite,definition_orig_02,0.0,1.0,-0.01896214517010919
google/gemma-3-1b-it,16,B_paraphrase_fit_original_eval,definition,logic,0.5,opposite,definition_orig_03,0.0,1.0,-0.017325417447788927
google/gemma-3-1b-it,16,B_paraphrase_fit_original_eval,definition,logic,0.75,task,definition_orig_01,1.0,0.0,0.011225081367028933
google/gemma-3-1b-it,16,B_paraphrase_fit_original_eval,definition,logic,0.75,task,definition_orig_02,1.0,0.0,0.009876779382992806
google/gemma-3-1b-it,16,B_paraphrase_fit_original_eval,definition,logic,0.75,task,definition_orig_03,1.0,0.0,0.012558191417586295
google/gemma-3-1b-it,16,B_paraphrase_fit_original_eval,definition,logic,0.75,matched_random,definition_orig_01,0.0,1.0,-0.005749439161081504
google/gemma-3-1b-it,16,B_paraphrase_fit_original_eval,definition,logic,0.75,matched_random,definition_orig_02,0.0,1.0,-0.0072063322532351926
google/gemma-3-1b-it,16,B_paraphrase_fit_original_eval,definition,logic,0.75,matched_random,definition_orig_03,0.0,1.0,-0.0051058700493551434
google/gemma-3-1b-it,16,B_paraphrase_fit_original_eval,definition,logic,0.75,opposite,definition_orig_01,0.0,1.0,-0.023399318833387528
google/gemma-3-1b-it,16,B_paraphrase_fit_original_eval,definition,logic,0.75,opposite,definition_orig_02,0.0,1.0,-0.02492812044913495
google/gemma-3-1b-it,16,B_paraphrase_fit_original_eval,definition,logic,0.75,opposite,definition_orig_03,0.0,1.0,-0.023545223458766862
google/gemma-3-1b-it,16,B_paraphrase_fit_original_eval,definition,logic,1.0,task,definition_orig_01,1.0,0.0,0.016584791156237677
google/gemma-3-1b-it,16,B_paraphrase_fit_original_eval,definition,logic,1.0,task,definition_orig_02,1.0,0.0,0.015283496910091898
google/gemma-3-1b-it,16,B_paraphrase_fit_original_eval,definition,logic,1.0,task,definition_orig_03,1.0,0.0,0.018114813773020932
google/gemma-3-1b-it,16,B_paraphrase_fit_original_eval,definition,logic,1.0,matched_random,definition_orig_01,0.0,1.0,-0.00575248333888001
google/gemma-3-1b-it,16,B_paraphrase_fit_original_eval,definition,logic,1.0,matched_random,definition_orig_02,0.0,1.0,-0.007202003457601136
google/gemma-3-1b-it,16,B_paraphrase_fit_original_eval,definition,logic,1.0,matched_random,definition_orig_03,0.0,1.0,-0.005109123084469869
google/gemma-3-1b-it,16,B_paraphrase_fit_original_eval,definition,logic,1.0,opposite,definition_orig_01,0.0,1.0,-0.02936040882002111
google/gemma-3-1b-it,16,B_paraphrase_fit_original_eval,definition,logic,1.0,opposite,definition_orig_02,0.0,1.0,-0.030895863168128423
google/gemma-3-1b-it,16,B_paraphrase_fit_original_eval,definition,logic,1.0,opposite,definition_orig_03,0.0,1.0,-0.029774409011394387
google/gemma-3-1b-it,16,B_paraphrase_fit_original_eval,definition,causality,0.5,task,definition_orig_01,1.0,0.0,0.0048870297954783926
google/gemma-3-1b-it,16,B_paraphrase_fit_original_eval,definition,causality,0.5,task,definition_orig_02,1.0,0.0,0.005048975826232316
google/gemma-3-1b-it,16,B_paraphrase_fit_original_eval,definition,causality,0.5,task,definition_orig_03,1.0,0.0,0.005464582265285123
google/gemma-3-1b-it,16,B_paraphrase_fit_original_eval,definition,causality,0.5,matched_random,definition_orig_01,0.0,1.0,-0.0040919944360620075
google/gemma-3-1b-it,16,B_paraphrase_fit_original_eval,definition,causality,0.5,matched_random,definition_orig_02,0.0,1.0,-0.0039601991943716275
google/gemma-3-1b-it,16,B_paraphrase_fit_original_eval,definition,causality,0.5,matched_random,definition_orig_03,0.0,1.0,-0.0039087891429883115
google/gemma-3-1b-it,16,B_paraphrase_fit_original_eval,definition,causality,0.5,opposite,definition_orig_01,0.0,1.0,-0.011564142255057752
google/gemma-3-1b-it,16,B_paraphrase_fit_original_eval,definition,causality,0.5,opposite,definition_orig_02,0.0,1.0,-0.011462566890940273
google/gemma-3-1b-it,16,B_paraphrase_fit_original_eval,definition,causality,0.5,opposite,definition_orig_03,0.0,1.0,-0.01170894502810993
google/gemma-3-1b-it,16,B_paraphrase_fit_original_eval,definition,causality,0.75,task,definition_orig_01,1.0,0.0,0.00896744119163051
google/gemma-3-1b-it,16,B_paraphrase_fit_original_eval,definition,causality,0.75,task,definition_orig_02,1.0,0.0,0.009143109374287861
google/gemma-3-1b-it,16,B_paraphrase_fit_original_eval,definition,causality,0.75,task,definition_orig_03,1.0,0.0,0.009719378241769161
google/gemma-3-1b-it,16,B_paraphrase_fit_original_eval,definition,causality,0.75,matched_random,definition_orig_01,0.0,1.0,-0.0044614634379778195
google/gemma-3-1b-it,16,B_paraphrase_fit_original_eval,definition,causality,0.75,matched_random,definition_orig_02,0.0,1.0,-0.004329929905335872
google/gemma-3-1b-it,16,B_paraphrase_fit_original_eval,definition,causality,0.75,matched_random,definition_orig_03,0.0,1.0,-0.004295379692781043
google/gemma-3-1b-it,16,B_paraphrase_fit_original_eval,definition,causality,0.75,opposite,definition_orig_01,0.0,1.0,-0.01564568679686751
google/gemma-3-1b-it,16,B_paraphrase_fit_original_eval,definition,causality,0.75,opposite,definition_orig_02,0.0,1.0,-0.015559879050849323
google/gemma-3-1b-it,16,B_paraphrase_fit_original_eval,definition,causality,0.75,opposite,definition_orig_03,0.0,1.0,-0.01596856310403505
google/gemma-3-1b-it,16,B_paraphrase_fit_original_eval,definition,causality,1.0,task,definition_orig_01,1.0,0.0,0.013010119914085072
google/gemma-3-1b-it,16,B_paraphrase_fit_original_eval,definition,causality,1.0,task,definition_orig_02,1.0,0.0,0.01319871748972945
google/gemma-3-1b-it,16,B_paraphrase_fit_original_eval,definition,causality,1.0,task,definition_orig_03,1.0,0.0,0.013930666837020489
google/gemma-3-1b-it,16,B_paraphrase_fit_original_eval,definition,causality,1.0,matched_random,definition_orig_01,0.0,1.0,-0.004824473062012502
google/gemma-3-1b-it,16,B_paraphrase_fit_original_eval,definition,causality,1.0,matched_random,definition_orig_02,0.0,1.0,-0.00469311272799422
google/gemma-3-1b-it,16,B_paraphrase_fit_original_eval,definition,causality,1.0,matched_random,definition_orig_03,0.0,1.0,-0.004675153708207924
google/gemma-3-1b-it,16,B_paraphrase_fit_original_eval,definition,causality,1.0,opposite,definition_orig_01,0.0,1.0,-0.01968970211037957
google/gemma-3-1b-it,16,B_paraphrase_fit_original_eval,definition,causality,1.0,opposite,definition_orig_02,0.0,1.0,-0.01961963984495929
google/gemma-3-1b-it,16,B_paraphrase_fit_original_eval,definition,causality,1.0,opposite,definition_orig_03,0.0,1.0,-0.020186223097287903
google/gemma-3-1b-it,16,B_paraphrase_fit_original_eval,definition,analogy,0.5,task,definition_orig_01,1.0,0.0,0.006212431080195313
google/gemma-3-1b-it,16,B_paraphrase_fit_original_eval,definition,analogy,0.5,task,definition_orig_02,1.0,0.0,0.005744196568342463
google/gemma-3-1b-it,16,B_paraphrase_fit_original_eval,definition,analogy,0.5,task,definition_orig_03,1.0,0.0,0.008545500675569806
google/gemma-3-1b-it,16,B_paraphrase_fit_original_eval,definition,analogy,0.5,matched_random,definition_orig_01,0.0,1.0,-0.005005659067460089
google/gemma-3-1b-it,16,B_paraphrase_fit_original_eval,definition,analogy,0.5,matched_random,definition_orig_02,0.0,1.0,-0.0055176972375560185
google/gemma-3-1b-it,16,B_paraphrase_fit_original_eval,definition,analogy,0.5,matched_random,definition_orig_03,0.0,1.0,-0.0031788883169603377
google/gemma-3-1b-it,16,B_paraphrase_fit_original_eval,definition,analogy,0.5,opposite,definition_orig_01,0.0,1.0,-0.015096039278993723
google/gemma-3-1b-it,16,B_paraphrase_fit_original_eval,definition,analogy,0.5,opposite,definition_orig_02,0.0,1.0,-0.01563103423537282
google/gemma-3-1b-it,16,B_paraphrase_fit_original_eval,definition,analogy,0.5,opposite,definition_orig_03,0.0,1.0,-0.01373512515509534
google/gemma-3-1b-it,16,B_paraphrase_fit_original_eval,definition,analogy,0.75,task,definition_orig_01,1.0,0.0,0.01161655056858879
google/gemma-3-1b-it,16,B_paraphrase_fit_original_eval,definition,analogy,0.75,task,definition_orig_02,1.0,0.0,0.01117045510459691
google/gemma-3-1b-it,16,B_paraphrase_fit_original_eval,definition,analogy,0.75,task,definition_orig_03,1.0,0.0,0.01417662148274279
google/gemma-3-1b-it,16,B_paraphrase_fit_original_eval,definition,analogy,0.75,matched_random,definition_orig_01,0.0,1.0,-0.005224246384641806
google/gemma-3-1b-it,16,B_paraphrase_fit_original_eval,definition,analogy,0.75,matched_random,definition_orig_02,0.0,1.0,-0.005738305381568942
google/gemma-3-1b-it,16,B_paraphrase_fit_original_eval,definition,analogy,0.75,matched_random,definition_orig_03,0.0,1.0,-0.0034139261158443457
google/gemma-3-1b-it,16,B_paraphrase_fit_original_eval,definition,analogy,0.75,opposite,definition_orig_01,0.0,1.0,-0.020244608476146286
google/gemma-3-1b-it,16,B_paraphrase_fit_original_eval,definition,analogy,0.75,opposite,definition_orig_02,0.0,1.0,-0.020790150956360498
google/gemma-3-1b-it,16,B_paraphrase_fit_original_eval,definition,analogy,0.75,opposite,definition_orig_03,0.0,1.0,-0.019127258879992892
google/gemma-3-1b-it,16,B_paraphrase_fit_original_eval,definition,analogy,1.0,task,definition_orig_01,1.0,0.0,0.017007962910775
google/gemma-3-1b-it,16,B_paraphrase_fit_original_eval,definition,analogy,1.0,task,definition_orig_02,1.0,0.0,0.016585733453788665
google/gemma-3-1b-it,16,B_paraphrase_fit_original_eval,definition,analogy,1.0,task,definition_orig_03,1.0,0.0,0.01978253841494182
google/gemma-3-1b-it,16,B_paraphrase_fit_original_eval,definition,analogy,1.0,matched_random,definition_orig_01,0.0,1.0,-0.00543425791615515
google/gemma-3-1b-it,16,B_paraphrase_fit_original_eval,definition,analogy,1.0,matched_random,definition_orig_02,0.0,1.0,-0.005949743971537802
google/gemma-3-1b-it,16,B_paraphrase_fit_original_eval,definition,analogy,1.0,matched_random,definition_orig_03,0.0,1.0,-0.0036421857550560377
google/gemma-3-1b-it,16,B_paraphrase_fit_original_eval,definition,analogy,1.0,opposite,definition_orig_01,0.0,1.0,-0.02528605216066493
google/gemma-3-1b-it,16,B_paraphrase_fit_original_eval,definition,analogy,1.0,opposite,definition_orig_02,0.0,1.0,-0.025839595660851478
google/gemma-3-1b-it,16,B_paraphrase_fit_original_eval,definition,analogy,1.0,opposite,definition_orig_03,0.0,1.0,-0.024406731297059392
google/gemma-3-1b-it,26,A_original_fit_paraphrase_eval,logic,causality,0.5,task,logic_para_01,1.0,0.0,0.30290222381616755
google/gemma-3-1b-it,26,A_original_fit_paraphrase_eval,logic,causality,0.5,task,logic_para_02,1.0,0.0,0.1763127213194965
google/gemma-3-1b-it,26,A_original_fit_paraphrase_eval,logic,causality,0.5,task,logic_para_03,1.0,0.0,0.20546581353153037
google/gemma-3-1b-it,26,A_original_fit_paraphrase_eval,logic,causality,0.5,matched_random,logic_para_01,0.0,1.0,-0.05065336341629778
google/gemma-3-1b-it,26,A_original_fit_paraphrase_eval,logic,causality,0.5,matched_random,logic_para_02,0.0,1.0,-0.18910699439491463
google/gemma-3-1b-it,26,A_original_fit_paraphrase_eval,logic,causality,0.5,matched_random,logic_para_03,0.0,1.0,-0.1596380215617964
google/gemma-3-1b-it,26,A_original_fit_paraphrase_eval,logic,causality,0.5,opposite,logic_para_01,0.0,1.0,-0.3669567377119334
google/gemma-3-1b-it,26,A_original_fit_paraphrase_eval,logic,causality,0.5,opposite,logic_para_02,0.0,1.0,-0.4761762121420636
google/gemma-3-1b-it,26,A_original_fit_paraphrase_eval,logic,causality,0.5,opposite,logic_para_03,0.0,1.0,-0.4549993343638786
google/gemma-3-1b-it,26,A_original_fit_paraphrase_eval,logic,causality,0.75,task,logic_para_01,1.0,0.0,0.4358168239612357
google/gemma-3-1b-it,26,A_original_fit_paraphrase_eval,logic,causality,0.75,task,logic_para_02,1.0,0.0,0.3388166046411871
google/gemma-3-1b-it,26,A_original_fit_paraphrase_eval,logic,causality,0.75,task,logic_para_03,1.0,0.0,0.36180382068136446
google/gemma-3-1b-it,26,A_original_fit_paraphrase_eval,logic,causality,0.75,matched_random,logic_para_01,0.0,1.0,-0.052135496472575205
google/gemma-3-1b-it,26,A_original_fit_paraphrase_eval,logic,causality,0.75,matched_random,logic_para_02,0.0,1.0,-0.17879694754853015
google/gemma-3-1b-it,26,A_original_fit_paraphrase_eval,logic,causality,0.75,matched_random,logic_para_03,0.0,1.0,-0.1517060377750905
google/gemma-3-1b-it,26,A_original_fit_paraphrase_eval,logic,causality,0.75,opposite,logic_para_01,0.0,1.0,-0.484498717623355
google/gemma-3-1b-it,26,A_original_fit_paraphrase_eval,logic,causality,0.75,opposite,logic_para_02,0.0,1.0,-0.5682263309368836
google/gemma-3-1b-it,26,A_original_fit_paraphrase_eval,logic,causality,0.75,opposite,logic_para_03,0.0,1.0,-0.5523241629120128
google/gemma-3-1b-it,26,A_original_fit_paraphrase_eval,logic,causality,1.0,task,logic_para_01,1.0,0.0,0.5364776397335979
google/gemma-3-1b-it,26,A_original_fit_paraphrase_eval,logic,causality,1.0,task,logic_para_02,1.0,0.0,0.467141832506357
google/gemma-3-1b-it,26,A_original_fit_paraphrase_eval,logic,causality,1.0,task,logic_para_03,1.0,0.0,0.48382423006861053
google/gemma-3-1b-it,26,A_original_fit_paraphrase_eval,logic,causality,1.0,matched_random,logic_para_01,0.0,1.0,-0.052334876342352066
google/gemma-3-1b-it,26,A_original_fit_paraphrase_eval,logic,causality,1.0,matched_random,logic_para_02,0.0,1.0,-0.16662103661590077
google/gemma-3-1b-it,26,A_original_fit_paraphrase_eval,logic,causality,1.0,matched_random,logic_para_03,0.0,1.0,-0.14210188492807369
google/gemma-3-1b-it,26,A_original_fit_paraphrase_eval,logic,causality,1.0,opposite,logic_para_01,0.0,1.0,-0.5718280351224112
google/gemma-3-1b-it,26,A_original_fit_paraphrase_eval,logic,causality,1.0,opposite,logic_para_02,0.0,1.0,-0.634563555848805
google/gemma-3-1b-it,26,A_original_fit_paraphrase_eval,logic,causality,1.0,opposite,logic_para_03,0.0,1.0,-0.6227783129925711
google/gemma-3-1b-it,26,A_original_fit_paraphrase_eval,logic,analogy,0.5,task,logic_para_01,1.0,0.0,0.12401173028442358
google/gemma-3-1b-it,26,A_original_fit_paraphrase_eval,logic,analogy,0.5,task,logic_para_02,1.0,0.0,0.1158461496823916
google/gemma-3-1b-it,26,A_original_fit_paraphrase_eval,logic,analogy,0.5,task,logic_para_03,1.0,0.0,0.12811056264346343
google/gemma-3-1b-it,26,A_original_fit_paraphrase_eval,logic,analogy,0.5,matched_random,logic_para_01,0.0,1.0,-0.1415435964814622
google/gemma-3-1b-it,26,A_original_fit_paraphrase_eval,logic,analogy,0.5,matched_random,logic_para_02,0.0,1.0,-0.15236229701164616
google/gemma-3-1b-it,26,A_original_fit_paraphrase_eval,logic,analogy,0.5,matched_random,logic_para_03,0.0,1.0,-0.14020059427730003
google/gemma-3-1b-it,26,A_original_fit_paraphrase_eval,logic,analogy,0.5,opposite,logic_para_01,0.0,1.0,-0.37438396761217074
google/gemma-3-1b-it,26,A_original_fit_paraphrase_eval,logic,analogy,0.5,opposite,logic_para_02,0.0,1.0,-0.3836990019688631
google/gemma-3-1b-it,26,A_original_fit_paraphrase_eval,logic,analogy,0.5,opposite,logic_para_03,0.0,1.0,-0.3748943909494315
google/gemma-3-1b-it,26,A_original_fit_paraphrase_eval,logic,analogy,0.75,task,logic_para_01,1.0,0.0,0.24922396541194525
google/gemma-3-1b-it,26,A_original_fit_paraphrase_eval,logic,analogy,0.75,task,logic_para_02,1.0,0.0,0.24320514135502058
google/gemma-3-1b-it,26,A_original_fit_paraphrase_eval,logic,analogy,0.75,task,logic_para_03,1.0,0.0,0.2536792900109508
google/gemma-3-1b-it,26,A_original_fit_paraphrase_eval,logic,analogy,0.75,matched_random,logic_para_01,0.0,1.0,-0.13223664094604126
google/gemma-3-1b-it,26,A_original_fit_paraphrase_eval,logic,analogy,0.75,matched_random,logic_para_02,0.0,1.0,-0.1424662297938264
google/gemma-3-1b-it,26,A_original_fit_paraphrase_eval,logic,analogy,0.75,matched_random,logic_para_03,0.0,1.0,-0.1309829354013724
google/gemma-3-1b-it,26,A_original_fit_paraphrase_eval,logic,analogy,0.75,opposite,logic_para_01,0.0,1.0,-0.45370538720442943
google/gemma-3-1b-it,26,A_original_fit_paraphrase_eval,logic,analogy,0.75,opposite,logic_para_02,0.0,1.0,-0.4616941410283073
google/gemma-3-1b-it,26,A_original_fit_paraphrase_eval,logic,analogy,0.75,opposite,logic_para_03,0.0,1.0,-0.45481145433920245
google/gemma-3-1b-it,26,A_original_fit_paraphrase_eval,logic,analogy,1.0,task,logic_para_01,1.0,0.0,0.35383682890197415
google/gemma-3-1b-it,26,A_original_fit_paraphrase_eval,logic,analogy,1.0,task,logic_para_02,1.0,0.0,0.34978307710868783
google/gemma-3-1b-it,26,A_original_fit_paraphrase_eval,logic,analogy,1.0,task,logic_para_03,1.0,0.0,0.35811115106780234
google/gemma-3-1b-it,26,A_original_fit_paraphrase_eval,logic,analogy,1.0,matched_random,logic_para_01,0.0,1.0,-0.12186683708116353
google/gemma-3-1b-it,26,A_original_fit_paraphrase_eval,logic,analogy,1.0,matched_random,logic_para_02,0.0,1.0,-0.13128754096594564
google/gemma-3-1b-it,26,A_original_fit_paraphrase_eval,logic,analogy,1.0,matched_random,logic_para_03,0.0,1.0,-0.12065262893237105
google/gemma-3-1b-it,26,A_original_fit_paraphrase_eval,logic,analogy,1.0,opposite,logic_para_01,0.0,1.0,-0.5139835350409419
google/gemma-3-1b-it,26,A_original_fit_paraphrase_eval,logic,analogy,1.0,opposite,logic_para_02,0.0,1.0,-0.5206745601129249
google/gemma-3-1b-it,26,A_original_fit_paraphrase_eval,logic,analogy,1.0,opposite,logic_para_03,0.0,1.0,-0.5153804267567594
google/gemma-3-1b-it,26,A_original_fit_paraphrase_eval,logic,definition,0.5,task,logic_para_01,1.0,0.0,0.17683645553486427
google/gemma-3-1b-it,26,A_original_fit_paraphrase_eval,logic,definition,0.5,task,logic_para_02,1.0,0.0,0.11932435323784807
google/gemma-3-1b-it,26,A_original_fit_paraphrase_eval,logic,definition,0.5,task,logic_para_03,1.0,0.0,0.09908064938258332
google/gemma-3-1b-it,26,A_original_fit_paraphrase_eval,logic,definition,0.5,matched_random,logic_para_01,0.0,1.0,-0.003015225498387508
google/gemma-3-1b-it,26,A_original_fit_paraphrase_eval,logic,definition,0.5,matched_random,logic_para_02,0.0,1.0,-0.06445203866388438
google/gemma-3-1b-it,26,A_original_fit_paraphrase_eval,logic,definition,0.5,matched_random,logic_para_03,0.0,1.0,-0.08494983537871792
google/gemma-3-1b-it,26,A_original_fit_paraphrase_eval,logic,definition,0.5,opposite,logic_para_01,0.0,1.0,-0.18753047192886796
google/gemma-3-1b-it,26,A_original_fit_paraphrase_eval,logic,definition,0.5,opposite,logic_para_02,0.0,1.0,-0.2415652781557821
google/gemma-3-1b-it,26,A_original_fit_paraphrase_eval,logic,definition,0.5,opposite,logic_para_03,0.0,1.0,-0.25921363928170116
google/gemma-3-1b-it,26,A_original_fit_paraphrase_eval,logic,definition,0.75,task,logic_para_01,1.0,0.0,0.25886104773508106
google/gemma-3-1b-it,26,A_original_fit_paraphrase_eval,logic,definition,0.75,task,logic_para_02,1.0,0.0,0.21016308919005267
google/gemma-3-1b-it,26,A_original_fit_paraphrase_eval,logic,definition,0.75,task,logic_para_03,1.0,0.0,0.1922945620843447
google/gemma-3-1b-it,26,A_original_fit_paraphrase_eval,logic,definition,0.75,matched_random,logic_para_01,1.0,0.0,0.000174872291166972
google/gemma-3-1b-it,26,A_original_fit_paraphrase_eval,logic,definition,0.75,matched_random,logic_para_02,0.0,1.0,-0.058168157784195706
google/gemma-3-1b-it,26,A_original_fit_paraphrase_eval,logic,definition,0.75,matched_random,logic_para_03,0.0,1.0,-0.07767511676275762
google/gemma-3-1b-it,26,A_original_fit_paraphrase_eval,logic,definition,0.75,opposite,logic_para_01,0.0,1.0,-0.2609518286988266
google/gemma-3-1b-it,26,A_original_fit_paraphrase_eval,logic,definition,0.75,opposite,logic_para_02,0.0,1.0,-0.3069402466734479
google/gemma-3-1b-it,26,A_original_fit_paraphrase_eval,logic,definition,0.75,opposite,logic_para_03,0.0,1.0,-0.32216927803258955
google/gemma-3-1b-it,26,A_original_fit_paraphrase_eval,logic,definition,1.0,task,logic_para_01,1.0,0.0,0.328663069897793
google/gemma-3-1b-it,26,A_original_fit_paraphrase_eval,logic,definition,1.0,task,logic_para_02,1.0,0.0,0.2898566066351941
google/gemma-3-1b-it,26,A_original_fit_paraphrase_eval,logic,definition,1.0,task,logic_para_03,1.0,0.0,0.27491383586524654
google/gemma-3-1b-it,26,A_original_fit_paraphrase_eval,logic,definition,1.0,matched_random,logic_para_01,1.0,0.0,0.0030107790135367463
google/gemma-3-1b-it,26,A_original_fit_paraphrase_eval,logic,definition,1.0,matched_random,logic_para_02,0.0,1.0,-0.05167905056467015
google/gemma-3-1b-it,26,A_original_fit_paraphrase_eval,logic,definition,1.0,matched_random,logic_para_03,0.0,1.0,-0.06998459445538507
google/gemma-3-1b-it,26,A_original_fit_paraphrase_eval,logic,definition,1.0,opposite,logic_para_01,0.0,1.0,-0.3221744554004702
google/gemma-3-1b-it,26,A_original_fit_paraphrase_eval,logic,definition,1.0,opposite,logic_para_02,0.0,1.0,-0.3601894812472887
google/gemma-3-1b-it,26,A_original_fit_paraphrase_eval,logic,definition,1.0,opposite,logic_para_03,0.0,1.0,-0.3731117931885865
google/gemma-3-1b-it,26,A_original_fit_paraphrase_eval,causality,logic,0.5,task,causality_para_01,1.0,0.0,0.12430300664569616
google/gemma-3-1b-it,26,A_original_fit_paraphrase_eval,causality,logic,0.5,task,causality_para_02,1.0,0.0,0.16916685836084266
google/gemma-3-1b-it,26,A_original_fit_paraphrase_eval,causality,logic,0.5,task,causality_para_03,1.0,0.0,0.14223344925402825
google/gemma-3-1b-it,26,A_original_fit_paraphrase_eval,causality,logic,0.5,matched_random,causality_para_01,0.0,1.0,-0.16964019067765979
google/gemma-3-1b-it,26,A_original_fit_paraphrase_eval,causality,logic,0.5,matched_random,causality_para_02,0.0,1.0,-0.12883983052931014
google/gemma-3-1b-it,26,A_original_fit_paraphrase_eval,causality,logic,0.5,matched_random,causality_para_03,0.0,1.0,-0.17921673105743197
google/gemma-3-1b-it,26,A_original_fit_paraphrase_eval,causality,logic,0.5,opposite,causality_para_01,0.0,1.0,-0.4279561018498281
google/gemma-3-1b-it,26,A_original_fit_paraphrase_eval,causality,logic,0.5,opposite,causality_para_02,0.0,1.0,-0.3980946586887104
google/gemma-3-1b-it,26,A_original_fit_paraphrase_eval,causality,logic,0.5,opposite,causality_para_03,0.0,1.0,-0.45678341788242033
google/gemma-3-1b-it,26,A_original_fit_paraphrase_eval,causality,logic,0.75,task,causality_para_01,1.0,0.0,0.2664412451294514
google/gemma-3-1b-it,26,A_original_fit_paraphrase_eval,causality,logic,0.75,task,causality_para_02,1.0,0.0,0.3061317594923214
google/gemma-3-1b-it,26,A_original_fit_paraphrase_eval,causality,logic,0.75,task,causality_para_03,1.0,0.0,0.29565049864697435
google/gemma-3-1b-it,26,A_original_fit_paraphrase_eval,causality,logic,0.75,matched_random,causality_para_01,0.0,1.0,-0.15885631660387023
google/gemma-3-1b-it,26,A_original_fit_paraphrase_eval,causality,logic,0.75,matched_random,causality_para_02,0.0,1.0,-0.12056188878037766
google/gemma-3-1b-it,26,A_original_fit_paraphrase_eval,causality,logic,0.75,matched_random,causality_para_03,0.0,1.0,-0.1658968951638139
google/gemma-3-1b-it,26,A_original_fit_paraphrase_eval,causality,logic,0.75,opposite,causality_para_01,0.0,1.0,-0.5170083054709224
google/gemma-3-1b-it,26,A_original_fit_paraphrase_eval,causality,logic,0.75,opposite,causality_para_02,0.0,1.0,-0.4940338626379768
google/gemma-3-1b-it,26,A_original_fit_paraphrase_eval,causality,logic,0.75,opposite,causality_para_03,0.0,1.0,-0.5467888043985567
google/gemma-3-1b-it,26,A_original_fit_paraphrase_eval,causality,logic,1.0,task,causality_para_01,1.0,0.0,0.3876417505421354
google/gemma-3-1b-it,26,A_original_fit_paraphrase_eval,causality,logic,1.0,task,causality_para_02,1.0,0.0,0.42044573836931703
google/gemma-3-1b-it,26,A_original_fit_paraphrase_eval,causality,logic,1.0,task,causality_para_03,1.0,0.0,0.42223666102354235
google/gemma-3-1b-it,26,A_original_fit_paraphrase_eval,causality,logic,1.0,matched_random,causality_para_01,0.0,1.0,-0.1467569583893657
google/gemma-3-1b-it,26,A_original_fit_paraphrase_eval,causality,logic,1.0,matched_random,causality_para_02,0.0,1.0,-0.11126324300840407
google/gemma-3-1b-it,26,A_original_fit_paraphrase_eval,causality,logic,1.0,matched_random,causality_para_03,0.0,1.0,-0.1514998651943973
google/gemma-3-1b-it,26,A_original_fit_paraphrase_eval,causality,logic,1.0,opposite,causality_para_01,0.0,1.0,-0.5855880307071697
google/gemma-3-1b-it,26,A_original_fit_paraphrase_eval,causality,logic,1.0,opposite,causality_para_02,0.0,1.0,-0.5682693513168199
google/gemma-3-1b-it,26,A_original_fit_paraphrase_eval,causality,logic,1.0,opposite,causality_para_03,0.0,1.0,-0.6138300240983527
google/gemma-3-1b-it,26,A_original_fit_paraphrase_eval,causality,analogy,0.5,task,causality_para_01,1.0,0.0,0.13548139865191366
google/gemma-3-1b-it,26,A_original_fit_paraphrase_eval,causality,analogy,0.5,task,causality_para_02,1.0,0.0,0.1542982623634821
google/gemma-3-1b-it,26,A_original_fit_paraphrase_eval,causality,analogy,0.5,task,causality_para_03,1.0,0.0,0.12081436164751558
google/gemma-3-1b-it,26,A_original_fit_paraphrase_eval,causality,analogy,0.5,matched_random,causality_para_01,0.0,1.0,-0.25984031910137767
google/gemma-3-1b-it,26,A_original_fit_paraphrase_eval,causality,analogy,0.5,matched_random,causality_para_02,0.0,1.0,-0.24607390421583947
google/gemma-3-1b-it,26,A_original_fit_paraphrase_eval,causality,analogy,0.5,matched_random,causality_para_03,0.0,1.0,-0.3093169545359191
google/gemma-3-1b-it,26,A_original_fit_paraphrase_eval,causality,analogy,0.5,opposite,causality_para_01,0.0,1.0,-0.5703206300364714
google/gemma-3-1b-it,26,A_original_fit_paraphrase_eval,causality,analogy,0.5,opposite,causality_para_02,0.0,1.0,-0.5641314700107801
google/gemma-3-1b-it,26,A_original_fit_paraphrase_eval,causality,analogy,0.5,opposite,causality_para_03,0.0,1.0,-0.6286626553482584
google/gemma-3-1b-it,26,A_original_fit_paraphrase_eval,causality,analogy,0.75,task,causality_para_01,1.0,0.0,0.3251077604169948
google/gemma-3-1b-it,26,A_original_fit_paraphrase_eval,causality,analogy,0.75,task,causality_para_02,1.0,0.0,0.3428279878665904
google/gemma-3-1b-it,26,A_original_fit_paraphrase_eval,causality,analogy,0.75,task,causality_para_03,1.0,0.0,0.3336026803364547
google/gemma-3-1b-it,26,A_original_fit_paraphrase_eval,causality,analogy,0.75,matched_random,causality_para_01,0.0,1.0,-0.2441484697025978
google/gemma-3-1b-it,26,A_original_fit_paraphrase_eval,causality,analogy,0.75,matched_random,causality_para_02,0.0,1.0,-0.23097572536223526
google/gemma-3-1b-it,26,A_original_fit_paraphrase_eval,causality,analogy,0.75,matched_random,causality_para_03,0.0,1.0,-0.28643390549923575
google/gemma-3-1b-it,26,A_original_fit_paraphrase_eval,causality,analogy,0.75,opposite,causality_para_01,0.0,1.0,-0.6677885883408193
google/gemma-3-1b-it,26,A_original_fit_paraphrase_eval,causality,analogy,0.75,opposite,causality_para_02,0.0,1.0,-0.6641285843085024
google/gemma-3-1b-it,26,A_original_fit_paraphrase_eval,causality,analogy,0.75,opposite,causality_para_03,0.0,1.0,-0.7186125287484412
google/gemma-3-1b-it,26,A_original_fit_paraphrase_eval,causality,analogy,1.0,task,causality_para_01,1.0,0.0,0.4807694606072619
google/gemma-3-1b-it,26,A_original_fit_paraphrase_eval,causality,analogy,1.0,task,causality_para_02,1.0,0.0,0.49585400857986117
google/gemma-3-1b-it,26,A_original_fit_paraphrase_eval,causality,analogy,1.0,task,causality_para_03,1.0,0.0,0.5034913527854533
google/gemma-3-1b-it,26,A_original_fit_paraphrase_eval,causality,analogy,1.0,matched_random,causality_para_01,0.0,1.0,-0.22634382886778986
google/gemma-3-1b-it,26,A_original_fit_paraphrase_eval,causality,analogy,1.0,matched_random,causality_para_02,0.0,1.0,-0.21399428050160768
google/gemma-3-1b-it,26,A_original_fit_paraphrase_eval,causality,analogy,1.0,matched_random,causality_para_03,0.0,1.0,-0.2618385697938637
google/gemma-3-1b-it,26,A_original_fit_paraphrase_eval,causality,analogy,1.0,opposite,causality_para_01,0.0,1.0,-0.738686545972639
google/gemma-3-1b-it,26,A_original_fit_paraphrase_eval,causality,analogy,1.0,opposite,causality_para_02,0.0,1.0,-0.736668759923655
google/gemma-3-1b-it,26,A_original_fit_paraphrase_eval,causality,analogy,1.0,opposite,causality_para_03,0.0,1.0,-0.7814682656504895
google/gemma-3-1b-it,26,A_original_fit_paraphrase_eval,causality,definition,0.5,task,causality_para_01,1.0,0.0,0.07653181804264209
google/gemma-3-1b-it,26,A_original_fit_paraphrase_eval,causality,definition,0.5,task,causality_para_02,1.0,0.0,0.09785252140652434
google/gemma-3-1b-it,26,A_original_fit_paraphrase_eval,causality,definition,0.5,task,causality_para_03,1.0,0.0,0.09867728223368799
google/gemma-3-1b-it,26,A_original_fit_paraphrase_eval,causality,definition,0.5,matched_random,causality_para_01,0.0,1.0,-0.102672376161
google/gemma-3-1b-it,26,A_original_fit_paraphrase_eval,causality,definition,0.5,matched_random,causality_para_02,0.0,1.0,-0.08348362511886409
google/gemma-3-1b-it,26,A_original_fit_paraphrase_eval,causality,definition,0.5,matched_random,causality_para_03,0.0,1.0,-0.09769207347438813
google/gemma-3-1b-it,26,A_original_fit_paraphrase_eval,causality,definition,0.5,opposite,causality_para_01,0.0,1.0,-0.26473349370415233
google/gemma-3-1b-it,26,A_original_fit_paraphrase_eval,causality,definition,0.5,opposite,causality_para_02,0.0,1.0,-0.2506383544500588
google/gemma-3-1b-it,26,A_original_fit_paraphrase_eval,causality,definition,0.5,opposite,causality_para_03,0.0,1.0,-0.2750980805254799
google/gemma-3-1b-it,26,A_original_fit_paraphrase_eval,causality,definition,0.75,task,causality_para_01,1.0,0.0,0.16665679183315008
google/gemma-3-1b-it,26,A_original_fit_paraphrase_eval,causality,definition,0.75,task,causality_para_02,1.0,0.0,0.18742202870396663
google/gemma-3-1b-it,26,A_original_fit_paraphrase_eval,causality,definition,0.75,task,causality_para_03,1.0,0.0,0.19606018855570861
google/gemma-3-1b-it,26,A_original_fit_paraphrase_eval,causality,definition,0.75,matched_random,causality_para_01,0.0,1.0,-0.09817941610133507
google/gemma-3-1b-it,26,A_original_fit_paraphrase_eval,causality,definition,0.75,matched_random,causality_para_02,0.0,1.0,-0.07943360531091992
google/gemma-3-1b-it,26,A_original_fit_paraphrase_eval,causality,definition,0.75,matched_random,causality_para_03,0.0,1.0,-0.09240635766233773
google/gemma-3-1b-it,26,A_original_fit_paraphrase_eval,causality,definition,0.75,opposite,causality_para_01,0.0,1.0,-0.3278226447545242
google/gemma-3-1b-it,26,A_original_fit_paraphrase_eval,causality,definition,0.75,opposite,causality_para_02,0.0,1.0,-0.3162347256293114
google/gemma-3-1b-it,26,A_original_fit_paraphrase_eval,causality,definition,0.75,opposite,causality_para_03,0.0,1.0,-0.3417948315612109
google/gemma-3-1b-it,26,A_original_fit_paraphrase_eval,causality,definition,1.0,task,causality_para_01,1.0,0.0,0.24933887291866802
google/gemma-3-1b-it,26,A_original_fit_paraphrase_eval,causality,definition,1.0,task,causality_para_02,1.0,0.0,0.268596042542384
google/gemma-3-1b-it,26,A_original_fit_paraphrase_eval,causality,definition,1.0,task,causality_para_03,1.0,0.0,0.28310577714493257
google/gemma-3-1b-it,26,A_original_fit_paraphrase_eval,causality,definition,1.0,matched_random,causality_para_01,0.0,1.0,-0.09281614864783927
google/gemma-3-1b-it,26,A_original_fit_paraphrase_eval,causality,definition,1.0,matched_random,causality_para_02,0.0,1.0,-0.07477450714857747
google/gemma-3-1b-it,26,A_original_fit_paraphrase_eval,causality,definition,1.0,matched_random,causality_para_03,0.0,1.0,-0.08639551530924539
google/gemma-3-1b-it,26,A_original_fit_paraphrase_eval,causality,definition,1.0,opposite,causality_para_01,0.0,1.0,-0.3804585651770006
google/gemma-3-1b-it,26,A_original_fit_paraphrase_eval,causality,definition,1.0,opposite,causality_para_02,0.0,1.0,-0.37107393368312835
google/gemma-3-1b-it,26,A_original_fit_paraphrase_eval,causality,definition,1.0,opposite,causality_para_03,0.0,1.0,-0.3961974305996205
google/gemma-3-1b-it,26,A_original_fit_paraphrase_eval,analogy,logic,0.5,task,analogy_para_01,1.0,0.0,0.32852652767424606
google/gemma-3-1b-it,26,A_original_fit_paraphrase_eval,analogy,logic,0.5,task,analogy_para_02,1.0,0.0,0.31402074750773523
google/gemma-3-1b-it,26,A_original_fit_paraphrase_eval,analogy,logic,0.5,task,analogy_para_03,1.0,0.0,0.3406358366976461
google/gemma-3-1b-it,26,A_original_fit_paraphrase_eval,analogy,logic,0.5,matched_random,analogy_para_01,0.0,0.0,0.09620991046265537
google/gemma-3-1b-it,26,A_original_fit_paraphrase_eval,analogy,logic,0.5,matched_random,analogy_para_02,1.0,0.0,0.048700720132457964
google/gemma-3-1b-it,26,A_original_fit_paraphrase_eval,analogy,logic,0.5,matched_random,analogy_para_03,1.0,0.0,0.07221188716984694
google/gemma-3-1b-it,26,A_original_fit_paraphrase_eval,analogy,logic,0.5,opposite,analogy_para_01,0.0,1.0,-0.14131522664166085
google/gemma-3-1b-it,26,A_original_fit_paraphrase_eval,analogy,logic,0.5,opposite,analogy_para_02,0.0,1.0,-0.21405713254475167
google/gemma-3-1b-it,26,A_original_fit_paraphrase_eval,analogy,logic,0.5,opposite,analogy_para_03,0.0,1.0,-0.1991078644367933
google/gemma-3-1b-it,26,A_original_fit_paraphrase_eval,analogy,logic,0.75,task,analogy_para_01,1.0,0.0,0.4113164084686866
google/gemma-3-1b-it,26,A_original_fit_paraphrase_eval,analogy,logic,0.75,task,analogy_para_02,1.0,0.0,0.40865049485128
google/gemma-3-1b-it,26,A_original_fit_paraphrase_eval,analogy,logic,0.75,task,analogy_para_03,1.0,0.0,0.4319139852027226
google/gemma-3-1b-it,26,A_original_fit_paraphrase_eval,analogy,logic,0.75,matched_random,analogy_para_01,0.0,0.0,0.08721227658765318
google/gemma-3-1b-it,26,A_original_fit_paraphrase_eval,analogy,logic,0.75,matched_random,analogy_para_02,1.0,0.0,0.04180536400686308
google/gemma-3-1b-it,26,A_original_fit_paraphrase_eval,analogy,logic,0.75,matched_random,analogy_para_03,1.0,0.0,0.0631260255871049
google/gemma-3-1b-it,26,A_original_fit_paraphrase_eval,analogy,logic,0.75,opposite,analogy_para_01,0.0,1.0,-0.25411344506478983
google/gemma-3-1b-it,26,A_original_fit_paraphrase_eval,analogy,logic,0.75,opposite,analogy_para_02,0.0,1.0,-0.32711931791986404
google/gemma-3-1b-it,26,A_original_fit_paraphrase_eval,analogy,logic,0.75,opposite,analogy_para_03,0.0,1.0,-0.31852425489902914
google/gemma-3-1b-it,26,A_original_fit_paraphrase_eval,analogy,logic,1.0,task,analogy_para_01,1.0,0.0,0.47655326479253923
google/gemma-3-1b-it,26,A_original_fit_paraphrase_eval,analogy,logic,1.0,task,analogy_para_02,1.0,0.0,0.48126022773791066
google/gemma-3-1b-it,26,A_original_fit_paraphrase_eval,analogy,logic,1.0,task,analogy_para_03,1.0,0.0,0.5007131838622019
google/gemma-3-1b-it,26,A_original_fit_paraphrase_eval,analogy,logic,1.0,matched_random,analogy_para_01,0.0,0.0,0.07801360501948973
google/gemma-3-1b-it,26,A_original_fit_paraphrase_eval,analogy,logic,1.0,matched_random,analogy_para_02,1.0,0.0,0.035249582014635905
google/gemma-3-1b-it,26,A_original_fit_paraphrase_eval,analogy,logic,1.0,matched_random,analogy_para_03,1.0,0.0,0.05442454005499148
google/gemma-3-1b-it,26,A_original_fit_paraphrase_eval,analogy,logic,1.0,opposite,analogy_para_01,0.0,1.0,-0.34951769859749077
google/gemma-3-1b-it,26,A_original_fit_paraphrase_eval,analogy,logic,1.0,opposite,analogy_para_02,0.0,1.0,-0.4170411099993371
google/gemma-3-1b-it,26,A_original_fit_paraphrase_eval,analogy,logic,1.0,opposite,analogy_para_03,0.0,1.0,-0.41323338958968686
google/gemma-3-1b-it,26,A_original_fit_paraphrase_eval,analogy,causality,0.5,task,analogy_para_01,1.0,0.0,0.4384427152720605
google/gemma-3-1b-it,26,A_original_fit_paraphrase_eval,analogy,causality,0.5,task,analogy_para_02,1.0,0.0,0.3394080833119406
google/gemma-3-1b-it,26,A_original_fit_paraphrase_eval,analogy,causality,0.5,task,analogy_para_03,1.0,0.0,0.4259718453114586
google/gemma-3-1b-it,26,A_original_fit_paraphrase_eval,analogy,causality,0.5,matched_random,analogy_para_01,0.0,0.0,0.04683524589649124
google/gemma-3-1b-it,26,A_original_fit_paraphrase_eval,analogy,causality,0.5,matched_random,analogy_para_02,0.0,0.0,-0.11940318459879612
google/gemma-3-1b-it,26,A_original_fit_paraphrase_eval,analogy,causality,0.5,matched_random,analogy_para_03,0.0,0.0,-0.031496874284739795
google/gemma-3-1b-it,26,A_original_fit_paraphrase_eval,analogy,causality,0.5,opposite,analogy_para_01,0.0,1.0,-0.3723640497913417
google/gemma-3-1b-it,26,A_original_fit_paraphrase_eval,analogy,causality,0.5,opposite,analogy_para_02,0.0,1.0,-0.5432283953613442
google/gemma-3-1b-it,26,A_original_fit_paraphrase_eval,analogy,causality,0.5,opposite,analogy_para_03,0.0,1.0,-0.48856294190734123
google/gemma-3-1b-it,26,A_original_fit_paraphrase_eval,analogy,causality,0.75,task,analogy_para_01,1.0,0.0,0.5778338292255405
google/gemma-3-1b-it,26,A_original_fit_paraphrase_eval,analogy,causality,0.75,task,analogy_para_02,1.0,0.0,0.522707484933888
google/gemma-3-1b-it,26,A_original_fit_paraphrase_eval,analogy,causality,0.75,task,analogy_para_03,1.0,0.0,0.5877694015569962
google/gemma-3-1b-it,26,A_original_fit_paraphrase_eval,analogy,causality,0.75,matched_random,analogy_para_01,0.0,0.0,0.04635740641487829
google/gemma-3-1b-it,26,A_original_fit_paraphrase_eval,analogy,causality,0.75,matched_random,analogy_para_02,0.0,0.0,-0.1020252854657262
google/gemma-3-1b-it,26,A_original_fit_paraphrase_eval,analogy,causality,0.75,matched_random,analogy_para_03,0.0,0.0,-0.02361906932601021
google/gemma-3-1b-it,26,A_original_fit_paraphrase_eval,analogy,causality,0.75,opposite,analogy_para_01,0.0,1.0,-0.5261267815340025
google/gemma-3-1b-it,26,A_original_fit_paraphrase_eval,analogy,causality,0.75,opposite,analogy_para_02,0.0,1.0,-0.6642901314565679
google/gemma-3-1b-it,26,A_original_fit_paraphrase_eval,analogy,causality,0.75,opposite,analogy_para_03,0.0,1.0,-0.628925156925837
google/gemma-3-1b-it,26,A_original_fit_paraphrase_eval,analogy,causality,1.0,task,analogy_para_01,1.0,0.0,0.6788854822619006
google/gemma-3-1b-it,26,A_original_fit_paraphrase_eval,analogy,causality,1.0,task,analogy_para_02,1.0,0.0,0.6526995481043684
google/gemma-3-1b-it,26,A_original_fit_paraphrase_eval,analogy,causality,1.0,task,analogy_para_03,1.0,0.0,0.698887635785332
google/gemma-3-1b-it,26,A_original_fit_paraphrase_eval,analogy,causality,1.0,matched_random,analogy_para_01,0.0,0.0,0.04497778612002579
google/gemma-3-1b-it,26,A_original_fit_paraphrase_eval,analogy,causality,1.0,matched_random,analogy_para_02,0.0,0.0,-0.08615321646208207
google/gemma-3-1b-it,26,A_original_fit_paraphrase_eval,analogy,causality,1.0,matched_random,analogy_para_03,0.0,0.0,-0.01701643754858817
google/gemma-3-1b-it,26,A_original_fit_paraphrase_eval,analogy,causality,1.0,opposite,analogy_para_01,0.0,1.0,-0.6394200646186686
google/gemma-3-1b-it,26,A_original_fit_paraphrase_eval,analogy,causality,1.0,opposite,analogy_para_02,0.0,1.0,-0.7467790635689643
google/gemma-3-1b-it,26,A_original_fit_paraphrase_eval,analogy,causality,1.0,opposite,analogy_para_03,0.0,1.0,-0.7243522568612321
google/gemma-3-1b-it,26,A_original_fit_paraphrase_eval,analogy,definition,0.5,task,analogy_para_01,1.0,0.0,0.3557499655440993
google/gemma-3-1b-it,26,A_original_fit_paraphrase_eval,analogy,definition,0.5,task,analogy_para_02,1.0,0.0,0.2886788091328428
google/gemma-3-1b-it,26,A_original_fit_paraphrase_eval,analogy,definition,0.5,task,analogy_para_03,1.0,0.0,0.35223889159613136
google/gemma-3-1b-it,26,A_original_fit_paraphrase_eval,analogy,definition,0.5,matched_random,analogy_para_01,1.0,0.0,0.10691636722471975
google/gemma-3-1b-it,26,A_original_fit_paraphrase_eval,analogy,definition,0.5,matched_random,analogy_para_02,0.0,0.0,-0.005452335398292263
google/gemma-3-1b-it,26,A_original_fit_paraphrase_eval,analogy,definition,0.5,matched_random,analogy_para_03,0.0,0.0,0.061516203969345096
google/gemma-3-1b-it,26,A_original_fit_paraphrase_eval,analogy,definition,0.5,opposite,analogy_para_01,0.0,1.0,-0.1612199810867817
google/gemma-3-1b-it,26,A_original_fit_paraphrase_eval,analogy,definition,0.5,opposite,analogy_para_02,0.0,1.0,-0.29045293264375593
google/gemma-3-1b-it,26,A_original_fit_paraphrase_eval,analogy,definition,0.5,opposite,analogy_para_03,0.0,1.0,-0.241376688903451
google/gemma-3-1b-it,26,A_original_fit_paraphrase_eval,analogy,definition,0.75,task,analogy_para_01,1.0,0.0,0.4490696645256188
google/gemma-3-1b-it,26,A_original_fit_paraphrase_eval,analogy,definition,0.75,task,analogy_para_02,1.0,0.0,0.4067358299471825
google/gemma-3-1b-it,26,A_original_fit_paraphrase_eval,analogy,definition,0.75,task,analogy_para_03,1.0,0.0,0.4587010030564721
google/gemma-3-1b-it,26,A_original_fit_paraphrase_eval,analogy,definition,0.75,matched_random,analogy_para_01,1.0,0.0,0.10152491633938732
google/gemma-3-1b-it,26,A_original_fit_paraphrase_eval,analogy,definition,0.75,matched_random,analogy_para_02,0.0,0.0,-0.0038086494272394633
google/gemma-3-1b-it,26,A_original_fit_paraphrase_eval,analogy,definition,0.75,matched_random,analogy_para_03,0.0,0.0,0.058115557599976
google/gemma-3-1b-it,26,A_original_fit_paraphrase_eval,analogy,definition,0.75,opposite,analogy_para_01,0.0,1.0,-0.27867649138542516
google/gemma-3-1b-it,26,A_original_fit_paraphrase_eval,analogy,definition,0.75,opposite,analogy_para_02,0.0,1.0,-0.3961805335735197
google/gemma-3-1b-it,26,A_original_fit_paraphrase_eval,analogy,definition,0.75,opposite,analogy_para_03,0.0,1.0,-0.3607215992270387
google/gemma-3-1b-it,26,A_original_fit_paraphrase_eval,analogy,definition,1.0,task,analogy_para_01,1.0,0.0,0.521961494610563
google/gemma-3-1b-it,26,A_original_fit_paraphrase_eval,analogy,definition,1.0,task,analogy_para_02,1.0,0.0,0.4980200083438862
google/gemma-3-1b-it,26,A_original_fit_paraphrase_eval,analogy,definition,1.0,task,analogy_para_03,1.0,0.0,0.5383799195834311
google/gemma-3-1b-it,26,A_original_fit_paraphrase_eval,analogy,definition,1.0,matched_random,analogy_para_01,1.0,0.0,0.09497244203881805
google/gemma-3-1b-it,26,A_original_fit_paraphrase_eval,analogy,definition,1.0,matched_random,analogy_para_02,0.0,0.0,-0.0023405150031574617
google/gemma-3-1b-it,26,A_original_fit_paraphrase_eval,analogy,definition,1.0,matched_random,analogy_para_03,0.0,0.0,0.05398827062000866
google/gemma-3-1b-it,26,A_original_fit_paraphrase_eval,analogy,definition,1.0,opposite,analogy_para_01,0.0,1.0,-0.3760496156239784
google/gemma-3-1b-it,26,A_original_fit_paraphrase_eval,analogy,definition,1.0,opposite,analogy_para_02,0.0,1.0,-0.47739470822860275
google/gemma-3-1b-it,26,A_original_fit_paraphrase_eval,analogy,definition,1.0,opposite,analogy_para_03,0.0,1.0,-0.45304623671386496
google/gemma-3-1b-it,26,A_original_fit_paraphrase_eval,definition,logic,0.5,task,definition_para_01,1.0,0.0,0.08698070571403826
google/gemma-3-1b-it,26,A_original_fit_paraphrase_eval,definition,logic,0.5,task,definition_para_02,1.0,0.0,0.13057226735229843
google/gemma-3-1b-it,26,A_original_fit_paraphrase_eval,definition,logic,0.5,task,definition_para_03,0.0,1.0,-0.04062921895702376
google/gemma-3-1b-it,26,A_original_fit_paraphrase_eval,definition,logic,0.5,matched_random,definition_para_01,0.0,1.0,-0.0823114780408567
google/gemma-3-1b-it,26,A_original_fit_paraphrase_eval,definition,logic,0.5,matched_random,definition_para_02,0.0,1.0,-0.03725845509422587
google/gemma-3-1b-it,26,A_original_fit_paraphrase_eval,definition,logic,0.5,matched_random,definition_para_03,0.0,1.0,-0.16957751745531768
google/gemma-3-1b-it,26,A_original_fit_paraphrase_eval,definition,logic,0.5,opposite,definition_para_01,0.0,1.0,-0.24615331668746365
google/gemma-3-1b-it,26,A_original_fit_paraphrase_eval,definition,logic,0.5,opposite,definition_para_02,0.0,1.0,-0.20483620381287992
google/gemma-3-1b-it,26,A_original_fit_paraphrase_eval,definition,logic,0.5,opposite,definition_para_03,0.0,1.0,-0.28694786310173676
google/gemma-3-1b-it,26,A_original_fit_paraphrase_eval,definition,logic,0.75,task,definition_para_01,1.0,0.0,0.16649510469742557
google/gemma-3-1b-it,26,A_original_fit_paraphrase_eval,definition,logic,0.75,task,definition_para_02,1.0,0.0,0.2051323903230865
google/gemma-3-1b-it,26,A_original_fit_paraphrase_eval,definition,logic,0.75,task,definition_para_03,1.0,0.0,0.027480235363366523
google/gemma-3-1b-it,26,A_original_fit_paraphrase_eval,definition,logic,0.75,matched_random,definition_para_01,0.0,1.0,-0.07864867291768474
google/gemma-3-1b-it,26,A_original_fit_paraphrase_eval,definition,logic,0.75,matched_random,definition_para_02,0.0,1.0,-0.035778706536185756
google/gemma-3-1b-it,26,A_original_fit_paraphrase_eval,definition,logic,0.75,matched_random,definition_para_03,0.0,1.0,-0.1653056480897358
google/gemma-3-1b-it,26,A_original_fit_paraphrase_eval,definition,logic,0.75,opposite,definition_para_01,0.0,1.0,-0.3124894289257278
google/gemma-3-1b-it,26,A_original_fit_paraphrase_eval,definition,logic,0.75,opposite,definition_para_02,0.0,1.0,-0.2765977850714134
google/gemma-3-1b-it,26,A_original_fit_paraphrase_eval,definition,logic,0.75,opposite,definition_para_03,0.0,1.0,-0.33448382666416987
google/gemma-3-1b-it,26,A_original_fit_paraphrase_eval,definition,logic,1.0,task,definition_para_01,1.0,0.0,0.23696441984816674
google/gemma-3-1b-it,26,A_original_fit_paraphrase_eval,definition,logic,1.0,task,definition_para_02,1.0,0.0,0.26992825899397865
google/gemma-3-1b-it,26,A_original_fit_paraphrase_eval,definition,logic,1.0,task,definition_para_03,1.0,0.0,0.09373266333196817
google/gemma-3-1b-it,26,A_original_fit_paraphrase_eval,definition,logic,1.0,matched_random,definition_para_01,0.0,1.0,-0.07430933633702985
google/gemma-3-1b-it,26,A_original_fit_paraphrase_eval,definition,logic,1.0,matched_random,definition_para_02,0.0,1.0,-0.03392361572863889
google/gemma-3-1b-it,26,A_original_fit_paraphrase_eval,definition,logic,1.0,matched_random,definition_para_03,0.0,1.0,-0.15975120412770882
google/gemma-3-1b-it,26,A_original_fit_paraphrase_eval,definition,logic,1.0,opposite,definition_para_01,0.0,1.0,-0.36813779746338293
google/gemma-3-1b-it,26,A_original_fit_paraphrase_eval,definition,logic,1.0,opposite,definition_para_02,0.0,1.0,-0.3379525179916492
google/gemma-3-1b-it,26,A_original_fit_paraphrase_eval,definition,logic,1.0,opposite,definition_para_03,0.0,1.0,-0.37557968137505465
google/gemma-3-1b-it,26,A_original_fit_paraphrase_eval,definition,causality,0.5,task,definition_para_01,1.0,0.0,0.1248890168760648
google/gemma-3-1b-it,26,A_original_fit_paraphrase_eval,definition,causality,0.5,task,definition_para_02,1.0,0.0,0.1454616988299403
google/gemma-3-1b-it,26,A_original_fit_paraphrase_eval,definition,causality,0.5,task,definition_para_03,1.0,0.0,0.04996521631101847
google/gemma-3-1b-it,26,A_original_fit_paraphrase_eval,definition,causality,0.5,matched_random,definition_para_01,0.0,1.0,-0.06332862947519691
google/gemma-3-1b-it,26,A_original_fit_paraphrase_eval,definition,causality,0.5,matched_random,definition_para_02,0.0,1.0,-0.04172867171987704
google/gemma-3-1b-it,26,A_original_fit_paraphrase_eval,definition,causality,0.5,matched_random,definition_para_03,0.0,1.0,-0.09631541520022224
google/gemma-3-1b-it,26,A_original_fit_paraphrase_eval,definition,causality,0.5,opposite,definition_para_01,0.0,1.0,-0.2575257658994713
google/gemma-3-1b-it,26,A_original_fit_paraphrase_eval,definition,causality,0.5,opposite,definition_para_02,0.0,1.0,-0.23748547234911277
google/gemma-3-1b-it,26,A_original_fit_paraphrase_eval,definition,causality,0.5,opposite,definition_para_03,0.0,1.0,-0.2445201049724473
google/gemma-3-1b-it,26,A_original_fit_paraphrase_eval,definition,causality,0.75,task,definition_para_01,1.0,0.0,0.21264800126309213
google/gemma-3-1b-it,26,A_original_fit_paraphrase_eval,definition,causality,0.75,task,definition_para_02,1.0,0.0,0.2304795146879225
google/gemma-3-1b-it,26,A_original_fit_paraphrase_eval,definition,causality,0.75,task,definition_para_03,1.0,0.0,0.12362379713840732
google/gemma-3-1b-it,26,A_original_fit_paraphrase_eval,definition,causality,0.75,matched_random,definition_para_01,0.0,1.0,-0.05765214131703644
google/gemma-3-1b-it,26,A_original_fit_paraphrase_eval,definition,causality,0.75,matched_random,definition_para_02,0.0,1.0,-0.037229092701835054
google/gemma-3-1b-it,26,A_original_fit_paraphrase_eval,definition,causality,0.75,matched_random,definition_para_03,0.0,1.0,-0.09144185362601465
google/gemma-3-1b-it,26,A_original_fit_paraphrase_eval,definition,causality,0.75,opposite,definition_para_01,0.0,1.0,-0.33383755998586606
google/gemma-3-1b-it,26,A_original_fit_paraphrase_eval,definition,causality,0.75,opposite,definition_para_02,0.0,1.0,-0.3165679030742163
google/gemma-3-1b-it,26,A_original_fit_paraphrase_eval,definition,causality,0.75,opposite,definition_para_03,0.0,1.0,-0.3055926948892517
google/gemma-3-1b-it,26,A_original_fit_paraphrase_eval,definition,causality,1.0,task,definition_para_01,1.0,0.0,0.2885190535152047
google/gemma-3-1b-it,26,A_original_fit_paraphrase_eval,definition,causality,1.0,task,definition_para_02,1.0,0.0,0.30336976864264126
google/gemma-3-1b-it,26,A_original_fit_paraphrase_eval,definition,causality,1.0,task,definition_para_03,1.0,0.0,0.192071100741397
google/gemma-3-1b-it,26,A_original_fit_paraphrase_eval,definition,causality,1.0,matched_random,definition_para_01,0.0,1.0,-0.05173035298061324
google/gemma-3-1b-it,26,A_original_fit_paraphrase_eval,definition,causality,1.0,matched_random,definition_para_02,0.0,1.0,-0.03259499572947833
google/gemma-3-1b-it,26,A_original_fit_paraphrase_eval,definition,causality,1.0,matched_random,definition_para_03,0.0,1.0,-0.08595443605510045
google/gemma-3-1b-it,26,A_original_fit_paraphrase_eval,definition,causality,1.0,opposite,definition_para_01,0.0,1.0,-0.3970950468075454
google/gemma-3-1b-it,26,A_original_fit_paraphrase_eval,definition,causality,1.0,opposite,definition_para_02,0.0,1.0,-0.3827085212037074
google/gemma-3-1b-it,26,A_original_fit_paraphrase_eval,definition,causality,1.0,opposite,definition_para_03,0.0,1.0,-0.3590087122016657
google/gemma-3-1b-it,26,A_original_fit_paraphrase_eval,definition,analogy,0.5,task,definition_para_01,1.0,0.0,0.06977147324428679
google/gemma-3-1b-it,26,A_original_fit_paraphrase_eval,definition,analogy,0.5,task,definition_para_02,1.0,0.0,0.11566996054755507
google/gemma-3-1b-it,26,A_original_fit_paraphrase_eval,definition,analogy,0.5,task,definition_para_03,0.0,1.0,-0.11572591698010415
google/gemma-3-1b-it,26,A_original_fit_paraphrase_eval,definition,analogy,0.5,matched_random,definition_para_01,0.0,1.0,-0.19835569497027394
google/gemma-3-1b-it,26,A_original_fit_paraphrase_eval,definition,analogy,0.5,matched_random,definition_para_02,0.0,1.0,-0.15323979177880942
google/gemma-3-1b-it,26,A_original_fit_paraphrase_eval,definition,analogy,0.5,matched_random,definition_para_03,0.0,1.0,-0.30977843226119783
google/gemma-3-1b-it,26,A_original_fit_paraphrase_eval,definition,analogy,0.5,opposite,definition_para_01,0.0,1.0,-0.42676161699636433
google/gemma-3-1b-it,26,A_original_fit_paraphrase_eval,definition,analogy,0.5,opposite,definition_para_02,0.0,1.0,-0.39006233319569694
google/gemma-3-1b-it,26,A_original_fit_paraphrase_eval,definition,analogy,0.5,opposite,definition_para_03,0.0,1.0,-0.4700007295013048
google/gemma-3-1b-it,26,A_original_fit_paraphrase_eval,definition,analogy,0.75,task,definition_para_01,1.0,0.0,0.2006055719314611
google/gemma-3-1b-it,26,A_original_fit_paraphrase_eval,definition,analogy,0.75,task,definition_para_02,1.0,0.0,0.23955734302745257
google/gemma-3-1b-it,26,A_original_fit_paraphrase_eval,definition,analogy,0.75,task,definition_para_03,0.0,1.0,-0.003769242579365284
google/gemma-3-1b-it,26,A_original_fit_paraphrase_eval,definition,analogy,0.75,matched_random,definition_para_01,0.0,1.0,-0.1879845296449123
google/gemma-3-1b-it,26,A_original_fit_paraphrase_eval,definition,analogy,0.75,matched_random,definition_para_02,0.0,1.0,-0.14593522279906573
google/gemma-3-1b-it,26,A_original_fit_paraphrase_eval,definition,analogy,0.75,matched_random,definition_para_03,0.0,1.0,-0.29869317003646606
google/gemma-3-1b-it,26,A_original_fit_paraphrase_eval,definition,analogy,0.75,opposite,definition_para_01,0.0,1.0,-0.5051706410336536
google/gemma-3-1b-it,26,A_original_fit_paraphrase_eval,definition,analogy,0.75,opposite,definition_para_02,0.0,1.0,-0.4756086520293734
google/gemma-3-1b-it,26,A_original_fit_paraphrase_eval,definition,analogy,0.75,opposite,definition_para_03,0.0,1.0,-0.5258549856655557
google/gemma-3-1b-it,26,A_original_fit_paraphrase_eval,definition,analogy,1.0,task,definition_para_01,1.0,0.0,0.313535972912028
google/gemma-3-1b-it,26,A_original_fit_paraphrase_eval,definition,analogy,1.0,task,definition_para_02,1.0,0.0,0.34443959627049503
google/gemma-3-1b-it,26,A_original_fit_paraphrase_eval,definition,analogy,1.0,task,definition_para_03,1.0,0.0,0.10671353992126031
google/gemma-3-1b-it,26,A_original_fit_paraphrase_eval,definition,analogy,1.0,matched_random,definition_para_01,0.0,1.0,-0.17582481681678702
google/gemma-3-1b-it,26,A_original_fit_paraphrase_eval,definition,analogy,1.0,matched_random,definition_para_02,0.0,1.0,-0.13709849897000675
google/gemma-3-1b-it,26,A_original_fit_paraphrase_eval,definition,analogy,1.0,matched_random,definition_para_03,0.0,1.0,-0.28496372507998463
google/gemma-3-1b-it,26,A_original_fit_paraphrase_eval,definition,analogy,1.0,opposite,definition_para_01,0.0,1.0,-0.5650909251623912
google/gemma-3-1b-it,26,A_original_fit_paraphrase_eval,definition,analogy,1.0,opposite,definition_para_02,0.0,1.0,-0.5417986567076496
google/gemma-3-1b-it,26,A_original_fit_paraphrase_eval,definition,analogy,1.0,opposite,definition_para_03,0.0,1.0,-0.5707105384872908
google/gemma-3-1b-it,26,B_paraphrase_fit_original_eval,logic,causality,0.5,task,logic_orig_01,1.0,0.0,0.07802319450760398
google/gemma-3-1b-it,26,B_paraphrase_fit_original_eval,logic,causality,0.5,task,logic_orig_02,0.0,0.0,0.06326338749941973
google/gemma-3-1b-it,26,B_paraphrase_fit_original_eval,logic,causality,0.5,task,logic_orig_03,1.0,0.0,0.1160463246487593
google/gemma-3-1b-it,26,B_paraphrase_fit_original_eval,logic,causality,0.5,matched_random,logic_orig_01,0.0,1.0,-0.14241020011252536
google/gemma-3-1b-it,26,B_paraphrase_fit_original_eval,logic,causality,0.5,matched_random,logic_orig_02,0.0,0.0,-0.1422466211613307
google/gemma-3-1b-it,26,B_paraphrase_fit_original_eval,logic,causality,0.5,matched_random,logic_orig_03,0.0,0.0,-0.09594360359803311
google/gemma-3-1b-it,26,B_paraphrase_fit_original_eval,logic,causality,0.5,opposite,logic_orig_01,0.0,1.0,-0.34734146162350626
google/gemma-3-1b-it,26,B_paraphrase_fit_original_eval,logic,causality,0.5,opposite,logic_orig_02,0.0,1.0,-0.33573506406211306
google/gemma-3-1b-it,26,B_paraphrase_fit_original_eval,logic,causality,0.5,opposite,logic_orig_03,0.0,1.0,-0.30300484182974674
google/gemma-3-1b-it,26,B_paraphrase_fit_original_eval,logic,causality,0.75,task,logic_orig_01,1.0,0.0,0.18234697550385714
google/gemma-3-1b-it,26,B_paraphrase_fit_original_eval,logic,causality,0.75,task,logic_orig_02,1.0,0.0,0.1632871279330914
google/gemma-3-1b-it,26,B_paraphrase_fit_original_eval,logic,causality,0.75,task,logic_orig_03,1.0,0.0,0.2128502890881917
google/gemma-3-1b-it,26,B_paraphrase_fit_original_eval,logic,causality,0.75,matched_random,logic_orig_01,0.0,1.0,-0.13502440993708997
google/gemma-3-1b-it,26,B_paraphrase_fit_original_eval,logic,causality,0.75,matched_random,logic_orig_02,0.0,0.0,-0.1351116899512893
google/gemma-3-1b-it,26,B_paraphrase_fit_original_eval,logic,causality,0.75,matched_random,logic_orig_03,0.0,0.0,-0.09085933186949025
google/gemma-3-1b-it,26,B_paraphrase_fit_original_eval,logic,causality,0.75,opposite,logic_orig_01,0.0,1.0,-0.4237293345985959
google/gemma-3-1b-it,26,B_paraphrase_fit_original_eval,logic,causality,0.75,opposite,logic_orig_02,0.0,1.0,-0.40883646320395656
google/gemma-3-1b-it,26,B_paraphrase_fit_original_eval,logic,causality,0.75,opposite,logic_orig_03,0.0,1.0,-0.3843743345551769
google/gemma-3-1b-it,26,B_paraphrase_fit_original_eval,logic,causality,1.0,task,logic_orig_01,1.0,0.0,0.2730360956271354
google/gemma-3-1b-it,26,B_paraphrase_fit_original_eval,logic,causality,1.0,task,logic_orig_02,1.0,0.0,0.25208638028187125
google/gemma-3-1b-it,26,B_paraphrase_fit_original_eval,logic,causality,1.0,task,logic_orig_03,1.0,0.0,0.29621869108994303
google/gemma-3-1b-it,26,B_paraphrase_fit_original_eval,logic,causality,1.0,matched_random,logic_orig_01,0.0,1.0,-0.1262521662507664
google/gemma-3-1b-it,26,B_paraphrase_fit_original_eval,logic,causality,1.0,matched_random,logic_orig_02,0.0,0.0,-0.1268293158211099
google/gemma-3-1b-it,26,B_paraphrase_fit_original_eval,logic,causality,1.0,matched_random,logic_orig_03,0.0,0.0,-0.08499538970011367
google/gemma-3-1b-it,26,B_paraphrase_fit_original_eval,logic,causality,1.0,opposite,logic_orig_01,0.0,1.0,-0.48456980312907016
google/gemma-3-1b-it,26,B_paraphrase_fit_original_eval,logic,causality,1.0,opposite,logic_orig_02,0.0,1.0,-0.4681764236255809
google/gemma-3-1b-it,26,B_paraphrase_fit_original_eval,logic,causality,1.0,opposite,logic_orig_03,0.0,1.0,-0.4507805711481855
google/gemma-3-1b-it,26,B_paraphrase_fit_original_eval,logic,analogy,0.5,task,logic_orig_01,1.0,0.0,0.1171442539884403
google/gemma-3-1b-it,26,B_paraphrase_fit_original_eval,logic,analogy,0.5,task,logic_orig_02,1.0,0.0,0.1392045766120481
google/gemma-3-1b-it,26,B_paraphrase_fit_original_eval,logic,analogy,0.5,task,logic_orig_03,1.0,0.0,0.13319444941683178
google/gemma-3-1b-it,26,B_paraphrase_fit_original_eval,logic,analogy,0.5,matched_random,logic_orig_01,0.0,1.0,-0.017208393870858263
google/gemma-3-1b-it,26,B_paraphrase_fit_original_eval,logic,analogy,0.5,matched_random,logic_orig_02,1.0,0.0,0.014345570512340422
google/gemma-3-1b-it,26,B_paraphrase_fit_original_eval,logic,analogy,0.5,matched_random,logic_orig_03,1.0,0.0,0.0035455723790035476
google/gemma-3-1b-it,26,B_paraphrase_fit_original_eval,logic,analogy,0.5,opposite,logic_orig_01,0.0,1.0,-0.15050033977609967
google/gemma-3-1b-it,26,B_paraphrase_fit_original_eval,logic,analogy,0.5,opposite,logic_orig_02,0.0,1.0,-0.11269397996968422
google/gemma-3-1b-it,26,B_paraphrase_fit_original_eval,logic,analogy,0.5,opposite,logic_orig_03,0.0,1.0,-0.12722019768302018
google/gemma-3-1b-it,26,B_paraphrase_fit_original_eval,logic,analogy,0.75,task,logic_orig_01,1.0,0.0,0.18108871975132457
google/gemma-3-1b-it,26,B_paraphrase_fit_original_eval,logic,analogy,0.75,task,logic_orig_02,1.0,0.0,0.19711385555036487
google/gemma-3-1b-it,26,B_paraphrase_fit_original_eval,logic,analogy,0.75,task,logic_orig_03,1.0,0.0,0.1937308112231919
google/gemma-3-1b-it,26,B_paraphrase_fit_original_eval,logic,analogy,0.75,matched_random,logic_orig_01,0.0,1.0,-0.015653271943122826
google/gemma-3-1b-it,26,B_paraphrase_fit_original_eval,logic,analogy,0.75,matched_random,logic_orig_02,1.0,0.0,0.014787930413695083
google/gemma-3-1b-it,26,B_paraphrase_fit_original_eval,logic,analogy,0.75,matched_random,logic_orig_03,1.0,0.0,0.004365149653589473
google/gemma-3-1b-it,26,B_paraphrase_fit_original_eval,logic,analogy,0.75,opposite,logic_orig_01,0.0,1.0,-0.2076808100083094
google/gemma-3-1b-it,26,B_paraphrase_fit_original_eval,logic,analogy,0.75,opposite,logic_orig_02,0.0,1.0,-0.16990761249662556
google/gemma-3-1b-it,26,B_paraphrase_fit_original_eval,logic,analogy,0.75,opposite,logic_orig_03,0.0,1.0,-0.18501054456027022
google/gemma-3-1b-it,26,B_paraphrase_fit_original_eval,logic,analogy,1.0,task,logic_orig_01,1.0,0.0,0.23909108951827396
google/gemma-3-1b-it,26,B_paraphrase_fit_original_eval,logic,analogy,1.0,task,logic_orig_02,1.0,0.0,0.24949580007217753
google/gemma-3-1b-it,26,B_paraphrase_fit_original_eval,logic,analogy,1.0,task,logic_orig_03,1.0,0.0,0.24841640134452436
google/gemma-3-1b-it,26,B_paraphrase_fit_original_eval,logic,analogy,1.0,matched_random,logic_orig_01,0.0,1.0,-0.014059816635126787
google/gemma-3-1b-it,26,B_paraphrase_fit_original_eval,logic,analogy,1.0,matched_random,logic_orig_02,1.0,0.0,0.015060712901995621
google/gemma-3-1b-it,26,B_paraphrase_fit_original_eval,logic,analogy,1.0,matched_random,logic_orig_03,1.0,0.0,0.00508344400805083
google/gemma-3-1b-it,26,B_paraphrase_fit_original_eval,logic,analogy,1.0,opposite,logic_orig_01,0.0,1.0,-0.25800113340864606
google/gemma-3-1b-it,26,B_paraphrase_fit_original_eval,logic,analogy,1.0,opposite,logic_orig_02,0.0,1.0,-0.22159061530060986
google/gemma-3-1b-it,26,B_paraphrase_fit_original_eval,logic,analogy,1.0,opposite,logic_orig_03,0.0,1.0,-0.2366274437353666
google/gemma-3-1b-it,26,B_paraphrase_fit_original_eval,logic,definition,0.5,task,logic_orig_01,1.0,0.0,0.1217845520770291
google/gemma-3-1b-it,26,B_paraphrase_fit_original_eval,logic,definition,0.5,task,logic_orig_02,1.0,0.0,0.11329806007588594
google/gemma-3-1b-it,26,B_paraphrase_fit_original_eval,logic,definition,0.5,task,logic_orig_03,1.0,0.0,0.10310429820833766
google/gemma-3-1b-it,26,B_paraphrase_fit_original_eval,logic,definition,0.5,matched_random,logic_orig_01,0.0,1.0,-0.07900204768506802
google/gemma-3-1b-it,26,B_paraphrase_fit_original_eval,logic,definition,0.5,matched_random,logic_orig_02,0.0,0.0,-0.07569103146781697
google/gemma-3-1b-it,26,B_paraphrase_fit_original_eval,logic,definition,0.5,matched_random,logic_orig_03,0.0,0.0,-0.0923248658052318
google/gemma-3-1b-it,26,B_paraphrase_fit_original_eval,logic,definition,0.5,opposite,logic_orig_01,0.0,1.0,-0.26133603438628406
google/gemma-3-1b-it,26,B_paraphrase_fit_original_eval,logic,definition,0.5,opposite,logic_orig_02,0.0,1.0,-0.24674475364287357
google/gemma-3-1b-it,26,B_paraphrase_fit_original_eval,logic,definition,0.5,opposite,logic_orig_03,0.0,1.0,-0.26765962720435577
google/gemma-3-1b-it,26,B_paraphrase_fit_original_eval,logic,definition,0.75,task,logic_orig_01,1.0,0.0,0.2090169330955196
google/gemma-3-1b-it,26,B_paraphrase_fit_original_eval,logic,definition,0.75,task,logic_orig_02,1.0,0.0,0.19658620106137037
google/gemma-3-1b-it,26,B_paraphrase_fit_original_eval,logic,definition,0.75,task,logic_orig_03,1.0,0.0,0.19017353313095786
google/gemma-3-1b-it,26,B_paraphrase_fit_original_eval,logic,definition,0.75,matched_random,logic_orig_01,0.0,1.0,-0.07890828478229739
google/gemma-3-1b-it,26,B_paraphrase_fit_original_eval,logic,definition,0.75,matched_random,logic_orig_02,0.0,0.0,-0.0759951157593628
google/gemma-3-1b-it,26,B_paraphrase_fit_original_eval,logic,definition,0.75,matched_random,logic_orig_03,0.0,0.0,-0.09166275639710664
google/gemma-3-1b-it,26,B_paraphrase_fit_original_eval,logic,definition,0.75,opposite,logic_orig_01,0.0,1.0,-0.33865763919210434
google/gemma-3-1b-it,26,B_paraphrase_fit_original_eval,logic,definition,0.75,opposite,logic_orig_02,0.0,1.0,-0.32090028682179744
google/gemma-3-1b-it,26,B_paraphrase_fit_original_eval,logic,definition,0.75,opposite,logic_orig_03,0.0,1.0,-0.3415229270456152
google/gemma-3-1b-it,26,B_paraphrase_fit_original_eval,logic,definition,1.0,task,logic_orig_01,1.0,0.0,0.28445022596878844
google/gemma-3-1b-it,26,B_paraphrase_fit_original_eval,logic,definition,1.0,task,logic_orig_02,1.0,0.0,0.26982676645986414
google/gemma-3-1b-it,26,B_paraphrase_fit_original_eval,logic,definition,1.0,task,logic_orig_03,1.0,0.0,0.2665687203907917
google/gemma-3-1b-it,26,B_paraphrase_fit_original_eval,logic,definition,1.0,matched_random,logic_orig_01,0.0,1.0,-0.07773159935944629
google/gemma-3-1b-it,26,B_paraphrase_fit_original_eval,logic,definition,1.0,matched_random,logic_orig_02,0.0,0.0,-0.07529300519308291
google/gemma-3-1b-it,26,B_paraphrase_fit_original_eval,logic,definition,1.0,matched_random,logic_orig_03,0.0,0.0,-0.08985446148471132
google/gemma-3-1b-it,26,B_paraphrase_fit_original_eval,logic,definition,1.0,opposite,logic_orig_01,0.0,1.0,-0.4029361716858727
google/gemma-3-1b-it,26,B_paraphrase_fit_original_eval,logic,definition,1.0,opposite,logic_orig_02,0.0,1.0,-0.38370000337748555
google/gemma-3-1b-it,26,B_paraphrase_fit_original_eval,logic,definition,1.0,opposite,logic_orig_03,0.0,1.0,-0.4031333256060742
google/gemma-3-1b-it,26,B_paraphrase_fit_original_eval,causality,logic,0.5,task,causality_orig_01,1.0,0.0,0.06633290396970803
google/gemma-3-1b-it,26,B_paraphrase_fit_original_eval,causality,logic,0.5,task,causality_orig_02,1.0,0.0,0.018598399158311296
google/gemma-3-1b-it,26,B_paraphrase_fit_original_eval,causality,logic,0.5,task,causality_orig_03,1.0,0.0,0.06427647458074914
google/gemma-3-1b-it,26,B_paraphrase_fit_original_eval,causality,logic,0.5,matched_random,causality_orig_01,0.0,1.0,-0.1400503071780067
google/gemma-3-1b-it,26,B_paraphrase_fit_original_eval,causality,logic,0.5,matched_random,causality_orig_02,0.0,1.0,-0.2161848014117167
google/gemma-3-1b-it,26,B_paraphrase_fit_original_eval,causality,logic,0.5,matched_random,causality_orig_03,0.0,1.0,-0.16258190816982154
google/gemma-3-1b-it,26,B_paraphrase_fit_original_eval,causality,logic,0.5,opposite,causality_orig_01,0.0,1.0,-0.30493146284838396
google/gemma-3-1b-it,26,B_paraphrase_fit_original_eval,causality,logic,0.5,opposite,causality_orig_02,0.0,1.0,-0.3873011677066055
google/gemma-3-1b-it,26,B_paraphrase_fit_original_eval,causality,logic,0.5,opposite,causality_orig_03,0.0,1.0,-0.33668064003736387
google/gemma-3-1b-it,26,B_paraphrase_fit_original_eval,causality,logic,0.75,task,causality_orig_01,1.0,0.0,0.16889807736812334
google/gemma-3-1b-it,26,B_paraphrase_fit_original_eval,causality,logic,0.75,task,causality_orig_02,1.0,0.0,0.1455737144317344
google/gemma-3-1b-it,26,B_paraphrase_fit_original_eval,causality,logic,0.75,task,causality_orig_03,1.0,0.0,0.1790706633049166
google/gemma-3-1b-it,26,B_paraphrase_fit_original_eval,causality,logic,0.75,matched_random,causality_orig_01,0.0,1.0,-0.13784897960353093
google/gemma-3-1b-it,26,B_paraphrase_fit_original_eval,causality,logic,0.75,matched_random,causality_orig_02,0.0,1.0,-0.20858225657157448
google/gemma-3-1b-it,26,B_paraphrase_fit_original_eval,causality,logic,0.75,matched_random,causality_orig_03,0.0,1.0,-0.15861456094562276
google/gemma-3-1b-it,26,B_paraphrase_fit_original_eval,causality,logic,0.75,opposite,causality_orig_01,0.0,1.0,-0.36984663200813833
google/gemma-3-1b-it,26,B_paraphrase_fit_original_eval,causality,logic,0.75,opposite,causality_orig_02,0.0,1.0,-0.44629882383411384
google/gemma-3-1b-it,26,B_paraphrase_fit_original_eval,causality,logic,0.75,opposite,causality_orig_03,0.0,1.0,-0.4013963145843365
google/gemma-3-1b-it,26,B_paraphrase_fit_original_eval,causality,logic,1.0,task,causality_orig_01,1.0,0.0,0.26367052230371046
google/gemma-3-1b-it,26,B_paraphrase_fit_original_eval,causality,logic,1.0,task,causality_orig_02,1.0,0.0,0.26335302891079937
google/gemma-3-1b-it,26,B_paraphrase_fit_original_eval,causality,logic,1.0,task,causality_orig_03,1.0,0.0,0.28385690262334795
google/gemma-3-1b-it,26,B_paraphrase_fit_original_eval,causality,logic,1.0,matched_random,causality_orig_01,0.0,1.0,-0.13414634919406798
google/gemma-3-1b-it,26,B_paraphrase_fit_original_eval,causality,logic,1.0,matched_random,causality_orig_02,0.0,1.0,-0.1986815946972248
google/gemma-3-1b-it,26,B_paraphrase_fit_original_eval,causality,logic,1.0,matched_random,causality_orig_03,0.0,1.0,-0.1528217688349125
google/gemma-3-1b-it,26,B_paraphrase_fit_original_eval,causality,logic,1.0,opposite,causality_orig_01,0.0,1.0,-0.42314659766496754
google/gemma-3-1b-it,26,B_paraphrase_fit_original_eval,causality,logic,1.0,opposite,causality_orig_02,0.0,1.0,-0.4921064746235331
google/gemma-3-1b-it,26,B_paraphrase_fit_original_eval,causality,logic,1.0,opposite,causality_orig_03,0.0,1.0,-0.45297761511631374
google/gemma-3-1b-it,26,B_paraphrase_fit_original_eval,causality,analogy,0.5,task,causality_orig_01,0.0,0.0,-0.018619485035580752
google/gemma-3-1b-it,26,B_paraphrase_fit_original_eval,causality,analogy,0.5,task,causality_orig_02,1.0,0.0,0.04633173568601956
google/gemma-3-1b-it,26,B_paraphrase_fit_original_eval,causality,analogy,0.5,task,causality_orig_03,1.0,0.0,0.08911484097698608
google/gemma-3-1b-it,26,B_paraphrase_fit_original_eval,causality,analogy,0.5,matched_random,causality_orig_01,0.0,1.0,-0.19596615064176504
google/gemma-3-1b-it,26,B_paraphrase_fit_original_eval,causality,analogy,0.5,matched_random,causality_orig_02,0.0,1.0,-0.16611009540124433
google/gemma-3-1b-it,26,B_paraphrase_fit_original_eval,causality,analogy,0.5,matched_random,causality_orig_03,0.0,1.0,-0.11725179438310951
google/gemma-3-1b-it,26,B_paraphrase_fit_original_eval,causality,analogy,0.5,opposite,causality_orig_01,0.0,1.0,-0.3593154762696582
google/gemma-3-1b-it,26,B_paraphrase_fit_original_eval,causality,analogy,0.5,opposite,causality_orig_02,0.0,1.0,-0.3570589064135381
google/gemma-3-1b-it,26,B_paraphrase_fit_original_eval,causality,analogy,0.5,opposite,causality_orig_03,0.0,1.0,-0.3073391922976282
google/gemma-3-1b-it,26,B_paraphrase_fit_original_eval,causality,analogy,0.75,task,causality_orig_01,1.0,0.0,0.08866536361248722
google/gemma-3-1b-it,26,B_paraphrase_fit_original_eval,causality,analogy,0.75,task,causality_orig_02,1.0,0.0,0.1700144885950604
google/gemma-3-1b-it,26,B_paraphrase_fit_original_eval,causality,analogy,0.75,task,causality_orig_03,1.0,0.0,0.20110981107788617
google/gemma-3-1b-it,26,B_paraphrase_fit_original_eval,causality,analogy,0.75,matched_random,causality_orig_01,0.0,1.0,-0.18338380372025992
google/gemma-3-1b-it,26,B_paraphrase_fit_original_eval,causality,analogy,0.75,matched_random,causality_orig_02,0.0,1.0,-0.1522077660271014
google/gemma-3-1b-it,26,B_paraphrase_fit_original_eval,causality,analogy,0.75,matched_random,causality_orig_03,0.0,1.0,-0.10731712179133057
google/gemma-3-1b-it,26,B_paraphrase_fit_original_eval,causality,analogy,0.75,opposite,causality_orig_01,0.0,1.0,-0.4132959629080997
google/gemma-3-1b-it,26,B_paraphrase_fit_original_eval,causality,analogy,0.75,opposite,causality_orig_02,0.0,1.0,-0.4174051641223195
google/gemma-3-1b-it,26,B_paraphrase_fit_original_eval,causality,analogy,0.75,opposite,causality_orig_03,0.0,1.0,-0.37276215742653035
google/gemma-3-1b-it,26,B_paraphrase_fit_original_eval,causality,analogy,1.0,task,causality_orig_01,1.0,0.0,0.1934446477334223
google/gemma-3-1b-it,26,B_paraphrase_fit_original_eval,causality,analogy,1.0,task,causality_orig_02,1.0,0.0,0.2842280777085462
google/gemma-3-1b-it,26,B_paraphrase_fit_original_eval,causality,analogy,1.0,task,causality_orig_03,1.0,0.0,0.303095407203007
google/gemma-3-1b-it,26,B_paraphrase_fit_original_eval,causality,analogy,1.0,matched_random,causality_orig_01,0.0,1.0,-0.16984519837123113
google/gemma-3-1b-it,26,B_paraphrase_fit_original_eval,causality,analogy,1.0,matched_random,causality_orig_02,0.0,1.0,-0.13790985279327117
google/gemma-3-1b-it,26,B_paraphrase_fit_original_eval,causality,analogy,1.0,matched_random,causality_orig_03,0.0,1.0,-0.09703227415352456
google/gemma-3-1b-it,26,B_paraphrase_fit_original_eval,causality,analogy,1.0,opposite,causality_orig_01,0.0,1.0,-0.45698260271572616
google/gemma-3-1b-it,26,B_paraphrase_fit_original_eval,causality,analogy,1.0,opposite,causality_orig_02,0.0,1.0,-0.46472800861264296
google/gemma-3-1b-it,26,B_paraphrase_fit_original_eval,causality,analogy,1.0,opposite,causality_orig_03,0.0,1.0,-0.4253794286267209
google/gemma-3-1b-it,26,B_paraphrase_fit_original_eval,causality,definition,0.5,task,causality_orig_01,1.0,0.0,0.08253582694691397
google/gemma-3-1b-it,26,B_paraphrase_fit_original_eval,causality,definition,0.5,task,causality_orig_02,1.0,0.0,0.0855522859853558
google/gemma-3-1b-it,26,B_paraphrase_fit_original_eval,causality,definition,0.5,task,causality_orig_03,1.0,0.0,0.10444217984778081
google/gemma-3-1b-it,26,B_paraphrase_fit_original_eval,causality,definition,0.5,matched_random,causality_orig_01,0.0,1.0,-0.085445866909036
google/gemma-3-1b-it,26,B_paraphrase_fit_original_eval,causality,definition,0.5,matched_random,causality_orig_02,0.0,1.0,-0.10979761779470243
google/gemma-3-1b-it,26,B_paraphrase_fit_original_eval,causality,definition,0.5,matched_random,causality_orig_03,0.0,1.0,-0.0803947388735422
google/gemma-3-1b-it,26,B_paraphrase_fit_original_eval,causality,definition,0.5,opposite,causality_orig_01,0.0,1.0,-0.23120221635902138
google/gemma-3-1b-it,26,B_paraphrase_fit_original_eval,causality,definition,0.5,opposite,causality_orig_02,0.0,1.0,-0.2732305549828432
google/gemma-3-1b-it,26,B_paraphrase_fit_original_eval,causality,definition,0.5,opposite,causality_orig_03,0.0,1.0,-0.24006341942041098
google/gemma-3-1b-it,26,B_paraphrase_fit_original_eval,causality,definition,0.75,task,causality_orig_01,1.0,0.0,0.16188569266488273
google/gemma-3-1b-it,26,B_paraphrase_fit_original_eval,causality,definition,0.75,task,causality_orig_02,1.0,0.0,0.178184851193119
google/gemma-3-1b-it,26,B_paraphrase_fit_original_eval,causality,definition,0.75,task,causality_orig_03,1.0,0.0,0.18991353356502338
google/gemma-3-1b-it,26,B_paraphrase_fit_original_eval,causality,definition,0.75,matched_random,causality_orig_01,0.0,1.0,-0.08484976843919778
google/gemma-3-1b-it,26,B_paraphrase_fit_original_eval,causality,definition,0.75,matched_random,causality_orig_02,0.0,1.0,-0.10747495975717425
google/gemma-3-1b-it,26,B_paraphrase_fit_original_eval,causality,definition,0.75,matched_random,causality_orig_03,0.0,1.0,-0.0796698368701052
google/gemma-3-1b-it,26,B_paraphrase_fit_original_eval,causality,definition,0.75,opposite,causality_orig_01,0.0,1.0,-0.29280359131417855
google/gemma-3-1b-it,26,B_paraphrase_fit_original_eval,causality,definition,0.75,opposite,causality_orig_02,0.0,1.0,-0.3373452993244594
google/gemma-3-1b-it,26,B_paraphrase_fit_original_eval,causality,definition,0.75,opposite,causality_orig_03,0.0,1.0,-0.30585583273181416
google/gemma-3-1b-it,26,B_paraphrase_fit_original_eval,causality,definition,1.0,task,causality_orig_01,1.0,0.0,0.23438009157199025
google/gemma-3-1b-it,26,B_paraphrase_fit_original_eval,causality,definition,1.0,task,causality_orig_02,1.0,0.0,0.260689497384902
google/gemma-3-1b-it,26,B_paraphrase_fit_original_eval,causality,definition,1.0,task,causality_orig_03,1.0,0.0,0.26604624553604195
google/gemma-3-1b-it,26,B_paraphrase_fit_original_eval,causality,definition,1.0,matched_random,causality_orig_01,0.0,1.0,-0.0832896412969959
google/gemma-3-1b-it,26,B_paraphrase_fit_original_eval,causality,definition,1.0,matched_random,causality_orig_02,0.0,1.0,-0.103806513326546
google/gemma-3-1b-it,26,B_paraphrase_fit_original_eval,causality,definition,1.0,matched_random,causality_orig_03,0.0,1.0,-0.07792724539827867
google/gemma-3-1b-it,26,B_paraphrase_fit_original_eval,causality,definition,1.0,opposite,causality_orig_01,0.0,1.0,-0.34522597494897045
google/gemma-3-1b-it,26,B_paraphrase_fit_original_eval,causality,definition,1.0,opposite,causality_orig_02,0.0,1.0,-0.3894569909680652
google/gemma-3-1b-it,26,B_paraphrase_fit_original_eval,causality,definition,1.0,opposite,causality_orig_03,0.0,1.0,-0.3606381488520143
google/gemma-3-1b-it,26,B_paraphrase_fit_original_eval,analogy,logic,0.5,task,analogy_orig_01,1.0,0.0,0.08153982955923555
google/gemma-3-1b-it,26,B_paraphrase_fit_original_eval,analogy,logic,0.5,task,analogy_orig_02,1.0,0.0,0.0802428206174286
google/gemma-3-1b-it,26,B_paraphrase_fit_original_eval,analogy,logic,0.5,task,analogy_orig_03,1.0,0.0,0.06076760752813615
google/gemma-3-1b-it,26,B_paraphrase_fit_original_eval,analogy,logic,0.5,matched_random,analogy_orig_01,0.0,1.0,-0.044206444559966473
google/gemma-3-1b-it,26,B_paraphrase_fit_original_eval,analogy,logic,0.5,matched_random,analogy_orig_02,0.0,1.0,-0.05710410377663344
google/gemma-3-1b-it,26,B_paraphrase_fit_original_eval,analogy,logic,0.5,matched_random,analogy_orig_03,0.0,1.0,-0.07221361433263329
google/gemma-3-1b-it,26,B_paraphrase_fit_original_eval,analogy,logic,0.5,opposite,analogy_orig_01,0.0,1.0,-0.1757715631740704
google/gemma-3-1b-it,26,B_paraphrase_fit_original_eval,analogy,logic,0.5,opposite,analogy_orig_02,0.0,1.0,-0.19938883111971195
google/gemma-3-1b-it,26,B_paraphrase_fit_original_eval,analogy,logic,0.5,opposite,analogy_orig_03,0.0,1.0,-0.20755023780817922
google/gemma-3-1b-it,26,B_paraphrase_fit_original_eval,analogy,logic,0.75,task,analogy_orig_01,1.0,0.0,0.1428001215566559
google/gemma-3-1b-it,26,B_paraphrase_fit_original_eval,analogy,logic,0.75,task,analogy_orig_02,1.0,0.0,0.1472034247838444
google/gemma-3-1b-it,26,B_paraphrase_fit_original_eval,analogy,logic,0.75,task,analogy_orig_03,1.0,0.0,0.1270101944192693
google/gemma-3-1b-it,26,B_paraphrase_fit_original_eval,analogy,logic,0.75,matched_random,analogy_orig_01,0.0,1.0,-0.04086413476047501
google/gemma-3-1b-it,26,B_paraphrase_fit_original_eval,analogy,logic,0.75,matched_random,analogy_orig_02,0.0,1.0,-0.05285522668936504
google/gemma-3-1b-it,26,B_paraphrase_fit_original_eval,analogy,logic,0.75,matched_random,analogy_orig_03,0.0,1.0,-0.06779055022686076
google/gemma-3-1b-it,26,B_paraphrase_fit_original_eval,analogy,logic,0.75,opposite,analogy_orig_01,0.0,1.0,-0.2316799804423469
google/gemma-3-1b-it,26,B_paraphrase_fit_original_eval,analogy,logic,0.75,opposite,analogy_orig_02,0.0,1.0,-0.2576974895306017
google/gemma-3-1b-it,26,B_paraphrase_fit_original_eval,analogy,logic,0.75,opposite,analogy_orig_03,0.0,1.0,-0.2627251798691339
google/gemma-3-1b-it,26,B_paraphrase_fit_original_eval,analogy,logic,1.0,task,analogy_orig_01,1.0,0.0,0.19876004703457384
google/gemma-3-1b-it,26,B_paraphrase_fit_original_eval,analogy,logic,1.0,task,analogy_orig_02,1.0,0.0,0.2076702972715988
google/gemma-3-1b-it,26,B_paraphrase_fit_original_eval,analogy,logic,1.0,task,analogy_orig_03,1.0,0.0,0.1877674869865954
google/gemma-3-1b-it,26,B_paraphrase_fit_original_eval,analogy,logic,1.0,matched_random,analogy_orig_01,0.0,1.0,-0.037305628334102336
google/gemma-3-1b-it,26,B_paraphrase_fit_original_eval,analogy,logic,1.0,matched_random,analogy_orig_02,0.0,1.0,-0.048312150342534665
google/gemma-3-1b-it,26,B_paraphrase_fit_original_eval,analogy,logic,1.0,matched_random,analogy_orig_03,0.0,1.0,-0.06290257549673683
google/gemma-3-1b-it,26,B_paraphrase_fit_original_eval,analogy,logic,1.0,opposite,analogy_orig_01,0.0,1.0,-0.28122281698059737
google/gemma-3-1b-it,26,B_paraphrase_fit_original_eval,analogy,logic,1.0,opposite,analogy_orig_02,0.0,1.0,-0.3081131122923213
google/gemma-3-1b-it,26,B_paraphrase_fit_original_eval,analogy,logic,1.0,opposite,analogy_orig_03,0.0,1.0,-0.31052736144275905
google/gemma-3-1b-it,26,B_paraphrase_fit_original_eval,analogy,causality,0.5,task,analogy_orig_01,1.0,0.0,0.05235267663875676
google/gemma-3-1b-it,26,B_paraphrase_fit_original_eval,analogy,causality,0.5,task,analogy_orig_02,1.0,0.0,0.08577995468534272
google/gemma-3-1b-it,26,B_paraphrase_fit_original_eval,analogy,causality,0.5,task,analogy_orig_03,1.0,0.0,0.020507624920925838
google/gemma-3-1b-it,26,B_paraphrase_fit_original_eval,analogy,causality,0.5,matched_random,analogy_orig_01,0.0,1.0,-0.16407573469948877
google/gemma-3-1b-it,26,B_paraphrase_fit_original_eval,analogy,causality,0.5,matched_random,analogy_orig_02,0.0,1.0,-0.14928541688468422
google/gemma-3-1b-it,26,B_paraphrase_fit_original_eval,analogy,causality,0.5,matched_random,analogy_orig_03,0.0,1.0,-0.20622743550362221
google/gemma-3-1b-it,26,B_paraphrase_fit_original_eval,analogy,causality,0.5,opposite,analogy_orig_01,0.0,1.0,-0.34752519749477745
google/gemma-3-1b-it,26,B_paraphrase_fit_original_eval,analogy,causality,0.5,opposite,analogy_orig_02,0.0,1.0,-0.3519438820348179
google/gemma-3-1b-it,26,B_paraphrase_fit_original_eval,analogy,causality,0.5,opposite,analogy_orig_03,0.0,1.0,-0.38955518896708097
google/gemma-3-1b-it,26,B_paraphrase_fit_original_eval,analogy,causality,0.75,task,analogy_orig_01,1.0,0.0,0.15202235773564543
google/gemma-3-1b-it,26,B_paraphrase_fit_original_eval,analogy,causality,0.75,task,analogy_orig_02,1.0,0.0,0.19000709987342224
google/gemma-3-1b-it,26,B_paraphrase_fit_original_eval,analogy,causality,0.75,task,analogy_orig_03,1.0,0.0,0.1295185697274458
google/gemma-3-1b-it,26,B_paraphrase_fit_original_eval,analogy,causality,0.75,matched_random,analogy_orig_01,0.0,1.0,-0.16081146193892415
google/gemma-3-1b-it,26,B_paraphrase_fit_original_eval,analogy,causality,0.75,matched_random,analogy_orig_02,0.0,1.0,-0.14572409865045566
google/gemma-3-1b-it,26,B_paraphrase_fit_original_eval,analogy,causality,0.75,matched_random,analogy_orig_03,0.0,1.0,-0.2002160901334586
google/gemma-3-1b-it,26,B_paraphrase_fit_original_eval,analogy,causality,0.75,opposite,analogy_orig_01,0.0,1.0,-0.4205049431085606
google/gemma-3-1b-it,26,B_paraphrase_fit_original_eval,analogy,causality,0.75,opposite,analogy_orig_02,0.0,1.0,-0.4307456061227142
google/gemma-3-1b-it,26,B_paraphrase_fit_original_eval,analogy,causality,0.75,opposite,analogy_orig_03,0.0,1.0,-0.45779434799782087
google/gemma-3-1b-it,26,B_paraphrase_fit_original_eval,analogy,causality,1.0,task,analogy_orig_01,1.0,0.0,0.24021924702640796
google/gemma-3-1b-it,26,B_paraphrase_fit_original_eval,analogy,causality,1.0,task,analogy_orig_02,1.0,0.0,0.27921930377426474
google/gemma-3-1b-it,26,B_paraphrase_fit_original_eval,analogy,causality,1.0,task,analogy_orig_03,1.0,0.0,0.22662352231904426
google/gemma-3-1b-it,26,B_paraphrase_fit_original_eval,analogy,causality,1.0,matched_random,analogy_orig_01,0.0,1.0,-0.1553503867913439
google/gemma-3-1b-it,26,B_paraphrase_fit_original_eval,analogy,causality,1.0,matched_random,analogy_orig_02,0.0,1.0,-0.14004958112393207
google/gemma-3-1b-it,26,B_paraphrase_fit_original_eval,analogy,causality,1.0,matched_random,analogy_orig_03,0.0,1.0,-0.19153502281836315
google/gemma-3-1b-it,26,B_paraphrase_fit_original_eval,analogy,causality,1.0,opposite,analogy_orig_01,0.0,1.0,-0.4793920293251108
google/gemma-3-1b-it,26,B_paraphrase_fit_original_eval,analogy,causality,1.0,opposite,analogy_orig_02,0.0,1.0,-0.4928563109602091
google/gemma-3-1b-it,26,B_paraphrase_fit_original_eval,analogy,causality,1.0,opposite,analogy_orig_03,0.0,1.0,-0.511266746180371
google/gemma-3-1b-it,26,B_paraphrase_fit_original_eval,analogy,definition,0.5,task,analogy_orig_01,1.0,0.0,0.06111832150814067
google/gemma-3-1b-it,26,B_paraphrase_fit_original_eval,analogy,definition,0.5,task,analogy_orig_02,1.0,0.0,0.07238897546019851
google/gemma-3-1b-it,26,B_paraphrase_fit_original_eval,analogy,definition,0.5,task,analogy_orig_03,1.0,0.0,0.05969257093366265
google/gemma-3-1b-it,26,B_paraphrase_fit_original_eval,analogy,definition,0.5,matched_random,analogy_orig_01,0.0,1.0,-0.13780247432516501
google/gemma-3-1b-it,26,B_paraphrase_fit_original_eval,analogy,definition,0.5,matched_random,analogy_orig_02,0.0,1.0,-0.14268485420347488
google/gemma-3-1b-it,26,B_paraphrase_fit_original_eval,analogy,definition,0.5,matched_random,analogy_orig_03,0.0,1.0,-0.14899963471074185
google/gemma-3-1b-it,26,B_paraphrase_fit_original_eval,analogy,definition,0.5,opposite,analogy_orig_01,0.0,1.0,-0.30730667834140024
google/gemma-3-1b-it,26,B_paraphrase_fit_original_eval,analogy,definition,0.5,opposite,analogy_orig_02,0.0,1.0,-0.3277301020438773
google/gemma-3-1b-it,26,B_paraphrase_fit_original_eval,analogy,definition,0.5,opposite,analogy_orig_03,0.0,1.0,-0.3250026274582812
google/gemma-3-1b-it,26,B_paraphrase_fit_original_eval,analogy,definition,0.75,task,analogy_orig_01,1.0,0.0,0.1516851317473218
google/gemma-3-1b-it,26,B_paraphrase_fit_original_eval,analogy,definition,0.75,task,analogy_orig_02,1.0,0.0,0.1697588423478048
google/gemma-3-1b-it,26,B_paraphrase_fit_original_eval,analogy,definition,0.75,task,analogy_orig_03,1.0,0.0,0.15550486971533628
google/gemma-3-1b-it,26,B_paraphrase_fit_original_eval,analogy,definition,0.75,matched_random,analogy_orig_01,0.0,1.0,-0.13647364507265747
google/gemma-3-1b-it,26,B_paraphrase_fit_original_eval,analogy,definition,0.75,matched_random,analogy_orig_02,0.0,1.0,-0.13984101992689524
google/gemma-3-1b-it,26,B_paraphrase_fit_original_eval,analogy,definition,0.75,matched_random,analogy_orig_03,0.0,1.0,-0.14654482661350676
google/gemma-3-1b-it,26,B_paraphrase_fit_original_eval,analogy,definition,0.75,opposite,analogy_orig_01,0.0,1.0,-0.3776493791546535
google/gemma-3-1b-it,26,B_paraphrase_fit_original_eval,analogy,definition,0.75,opposite,analogy_orig_02,0.0,1.0,-0.4009265936436171
google/gemma-3-1b-it,26,B_paraphrase_fit_original_eval,analogy,definition,0.75,opposite,analogy_orig_03,0.0,1.0,-0.3954652392414171
google/gemma-3-1b-it,26,B_paraphrase_fit_original_eval,analogy,definition,1.0,task,analogy_orig_01,1.0,0.0,0.23238772362437665
google/gemma-3-1b-it,26,B_paraphrase_fit_original_eval,analogy,definition,1.0,task,analogy_orig_02,1.0,0.0,0.25463121796726196
google/gemma-3-1b-it,26,B_paraphrase_fit_original_eval,analogy,definition,1.0,task,analogy_orig_03,1.0,0.0,0.24025737885448195
google/gemma-3-1b-it,26,B_paraphrase_fit_original_eval,analogy,definition,1.0,matched_random,analogy_orig_01,0.0,1.0,-0.13333176437655758
google/gemma-3-1b-it,26,B_paraphrase_fit_original_eval,analogy,definition,1.0,matched_random,analogy_orig_02,0.0,1.0,-0.1352341091948714
google/gemma-3-1b-it,26,B_paraphrase_fit_original_eval,analogy,definition,1.0,matched_random,analogy_orig_03,0.0,1.0,-0.14216983472440264
google/gemma-3-1b-it,26,B_paraphrase_fit_original_eval,analogy,definition,1.0,opposite,analogy_orig_01,0.0,1.0,-0.4356835048436639
google/gemma-3-1b-it,26,B_paraphrase_fit_original_eval,analogy,definition,1.0,opposite,analogy_orig_02,0.0,1.0,-0.4596298864884575
google/gemma-3-1b-it,26,B_paraphrase_fit_original_eval,analogy,definition,1.0,opposite,analogy_orig_03,0.0,1.0,-0.4524912950383569
google/gemma-3-1b-it,26,B_paraphrase_fit_original_eval,definition,logic,0.5,task,definition_orig_01,1.0,0.0,0.14233849128182907
google/gemma-3-1b-it,26,B_paraphrase_fit_original_eval,definition,logic,0.5,task,definition_orig_02,1.0,0.0,0.19637612506220747
google/gemma-3-1b-it,26,B_paraphrase_fit_original_eval,definition,logic,0.5,task,definition_orig_03,0.0,1.0,-0.005982224444368245
google/gemma-3-1b-it,26,B_paraphrase_fit_original_eval,definition,logic,0.5,matched_random,definition_orig_01,0.0,1.0,-0.05826393031856847
google/gemma-3-1b-it,26,B_paraphrase_fit_original_eval,definition,logic,0.5,matched_random,definition_orig_02,0.0,1.0,-0.029442992907661725
google/gemma-3-1b-it,26,B_paraphrase_fit_original_eval,definition,logic,0.5,matched_random,definition_orig_03,0.0,1.0,-0.182861088442135
google/gemma-3-1b-it,26,B_paraphrase_fit_original_eval,definition,logic,0.5,opposite,definition_orig_01,0.0,1.0,-0.23257952969327156
google/gemma-3-1b-it,26,B_paraphrase_fit_original_eval,definition,logic,0.5,opposite,definition_orig_02,0.0,1.0,-0.22987000815382308
google/gemma-3-1b-it,26,B_paraphrase_fit_original_eval,definition,logic,0.5,opposite,definition_orig_03,0.0,1.0,-0.3233242318528658
google/gemma-3-1b-it,26,B_paraphrase_fit_original_eval,definition,logic,0.75,task,definition_orig_01,1.0,0.0,0.23401485499455177
google/gemma-3-1b-it,26,B_paraphrase_fit_original_eval,definition,logic,0.75,task,definition_orig_02,1.0,0.0,0.2927103183807903
google/gemma-3-1b-it,26,B_paraphrase_fit_original_eval,definition,logic,0.75,task,definition_orig_03,1.0,0.0,0.08847484770866365
google/gemma-3-1b-it,26,B_paraphrase_fit_original_eval,definition,logic,0.75,matched_random,definition_orig_01,0.0,1.0,-0.05809340694381804
google/gemma-3-1b-it,26,B_paraphrase_fit_original_eval,definition,logic,0.75,matched_random,definition_orig_02,0.0,1.0,-0.03039448637521802
google/gemma-3-1b-it,26,B_paraphrase_fit_original_eval,definition,logic,0.75,matched_random,definition_orig_03,0.0,1.0,-0.17833205609431113
google/gemma-3-1b-it,26,B_paraphrase_fit_original_eval,definition,logic,0.75,opposite,definition_orig_01,0.0,1.0,-0.3042874135437118
google/gemma-3-1b-it,26,B_paraphrase_fit_original_eval,definition,logic,0.75,opposite,definition_orig_02,0.0,1.0,-0.31088210059968974
google/gemma-3-1b-it,26,B_paraphrase_fit_original_eval,definition,logic,0.75,opposite,definition_orig_03,0.0,1.0,-0.37701533351348604
google/gemma-3-1b-it,26,B_paraphrase_fit_original_eval,definition,logic,1.0,task,definition_orig_01,1.0,0.0,0.31469476093636845
google/gemma-3-1b-it,26,B_paraphrase_fit_original_eval,definition,logic,1.0,task,definition_orig_02,1.0,0.0,0.3729770859725587
google/gemma-3-1b-it,26,B_paraphrase_fit_original_eval,definition,logic,1.0,task,definition_orig_03,1.0,0.0,0.17970499504305948
google/gemma-3-1b-it,26,B_paraphrase_fit_original_eval,definition,logic,1.0,matched_random,definition_orig_01,0.0,1.0,-0.05708601891583498
google/gemma-3-1b-it,26,B_paraphrase_fit_original_eval,definition,logic,1.0,matched_random,definition_orig_02,0.0,1.0,-0.030721583982451173
google/gemma-3-1b-it,26,B_paraphrase_fit_original_eval,definition,logic,1.0,matched_random,definition_orig_03,0.0,1.0,-0.17190504590403932
google/gemma-3-1b-it,26,B_paraphrase_fit_original_eval,definition,logic,1.0,opposite,definition_orig_01,0.0,1.0,-0.36390430420673026
google/gemma-3-1b-it,26,B_paraphrase_fit_original_eval,definition,logic,1.0,opposite,definition_orig_02,0.0,1.0,-0.376433007173327
google/gemma-3-1b-it,26,B_paraphrase_fit_original_eval,definition,logic,1.0,opposite,definition_orig_03,0.0,1.0,-0.4212173564184098
google/gemma-3-1b-it,26,B_paraphrase_fit_original_eval,definition,causality,0.5,task,definition_orig_01,1.0,0.0,0.06414302858062593
google/gemma-3-1b-it,26,B_paraphrase_fit_original_eval,definition,causality,0.5,task,definition_orig_02,1.0,0.0,0.15777185702831287
google/gemma-3-1b-it,26,B_paraphrase_fit_original_eval,definition,causality,0.5,task,definition_orig_03,1.0,0.0,0.052054480631062994
google/gemma-3-1b-it,26,B_paraphrase_fit_original_eval,definition,causality,0.5,matched_random,definition_orig_01,0.0,1.0,-0.110412696050052
google/gemma-3-1b-it,26,B_paraphrase_fit_original_eval,definition,causality,0.5,matched_random,definition_orig_02,0.0,1.0,-0.038174197972830726
google/gemma-3-1b-it,26,B_paraphrase_fit_original_eval,definition,causality,0.5,matched_random,definition_orig_03,0.0,1.0,-0.10604462394925018
google/gemma-3-1b-it,26,B_paraphrase_fit_original_eval,definition,causality,0.5,opposite,definition_orig_01,0.0,1.0,-0.27929349169579804
google/gemma-3-1b-it,26,B_paraphrase_fit_original_eval,definition,causality,0.5,opposite,definition_orig_02,0.0,1.0,-0.23914685808522995
google/gemma-3-1b-it,26,B_paraphrase_fit_original_eval,definition,causality,0.5,opposite,definition_orig_03,0.0,1.0,-0.26078522782101377
google/gemma-3-1b-it,26,B_paraphrase_fit_original_eval,definition,causality,0.75,task,definition_orig_01,1.0,0.0,0.15205445934987405
google/gemma-3-1b-it,26,B_paraphrase_fit_original_eval,definition,causality,0.75,task,definition_orig_02,1.0,0.0,0.2454054109484357
google/gemma-3-1b-it,26,B_paraphrase_fit_original_eval,definition,causality,0.75,task,definition_orig_03,1.0,0.0,0.13235511565503866
google/gemma-3-1b-it,26,B_paraphrase_fit_original_eval,definition,causality,0.75,matched_random,definition_orig_01,0.0,1.0,-0.10327435330385637
google/gemma-3-1b-it,26,B_paraphrase_fit_original_eval,definition,causality,0.75,matched_random,definition_orig_02,0.0,1.0,-0.03350080937482447
google/gemma-3-1b-it,26,B_paraphrase_fit_original_eval,definition,causality,0.75,matched_random,definition_orig_03,0.0,1.0,-0.10008100443760859
google/gemma-3-1b-it,26,B_paraphrase_fit_original_eval,definition,causality,0.75,opposite,definition_orig_01,0.0,1.0,-0.3425645364742105
google/gemma-3-1b-it,26,B_paraphrase_fit_original_eval,definition,causality,0.75,opposite,definition_orig_02,0.0,1.0,-0.3169919499200644
google/gemma-3-1b-it,26,B_paraphrase_fit_original_eval,definition,causality,0.75,opposite,definition_orig_03,0.0,1.0,-0.3211315050292059
google/gemma-3-1b-it,26,B_paraphrase_fit_original_eval,definition,causality,1.0,task,definition_orig_01,1.0,0.0,0.23113247076504695
google/gemma-3-1b-it,26,B_paraphrase_fit_original_eval,definition,causality,1.0,task,definition_orig_02,1.0,0.0,0.3187781324191379
google/gemma-3-1b-it,26,B_paraphrase_fit_original_eval,definition,causality,1.0,task,definition_orig_03,1.0,0.0,0.20611275138554896
google/gemma-3-1b-it,26,B_paraphrase_fit_original_eval,definition,causality,1.0,matched_random,definition_orig_01,0.0,1.0,-0.09536584605093512
google/gemma-3-1b-it,26,B_paraphrase_fit_original_eval,definition,causality,1.0,matched_random,definition_orig_02,0.0,1.0,-0.02881483617899383
google/gemma-3-1b-it,26,B_paraphrase_fit_original_eval,definition,causality,1.0,matched_random,definition_orig_03,0.0,1.0,-0.09336814762935886
google/gemma-3-1b-it,26,B_paraphrase_fit_original_eval,definition,causality,1.0,opposite,definition_orig_01,0.0,1.0,-0.3945794546471968
google/gemma-3-1b-it,26,B_paraphrase_fit_original_eval,definition,causality,1.0,opposite,definition_orig_02,0.0,1.0,-0.38017675709786053
google/gemma-3-1b-it,26,B_paraphrase_fit_original_eval,definition,causality,1.0,opposite,definition_orig_03,0.0,1.0,-0.37210561918850027
google/gemma-3-1b-it,26,B_paraphrase_fit_original_eval,definition,analogy,0.5,task,definition_orig_01,1.0,0.0,0.1663418448671905
google/gemma-3-1b-it,26,B_paraphrase_fit_original_eval,definition,analogy,0.5,task,definition_orig_02,1.0,0.0,0.21902221158168578
google/gemma-3-1b-it,26,B_paraphrase_fit_original_eval,definition,analogy,0.5,task,definition_orig_03,1.0,0.0,0.032518726273677356
google/gemma-3-1b-it,26,B_paraphrase_fit_original_eval,definition,analogy,0.5,matched_random,definition_orig_01,0.0,1.0,-0.038095442240128286
google/gemma-3-1b-it,26,B_paraphrase_fit_original_eval,definition,analogy,0.5,matched_random,definition_orig_02,0.0,1.0,-0.011385265537891098
google/gemma-3-1b-it,26,B_paraphrase_fit_original_eval,definition,analogy,0.5,matched_random,definition_orig_03,0.0,1.0,-0.1482019142977078
google/gemma-3-1b-it,26,B_paraphrase_fit_original_eval,definition,analogy,0.5,opposite,definition_orig_01,0.0,1.0,-0.21459963363188084
google/gemma-3-1b-it,26,B_paraphrase_fit_original_eval,definition,analogy,0.5,opposite,definition_orig_02,0.0,1.0,-0.21345611191442526
google/gemma-3-1b-it,26,B_paraphrase_fit_original_eval,definition,analogy,0.5,opposite,definition_orig_03,0.0,1.0,-0.2953082928424815
google/gemma-3-1b-it,26,B_paraphrase_fit_original_eval,definition,analogy,0.75,task,definition_orig_01,1.0,0.0,0.2588486143322536
google/gemma-3-1b-it,26,B_paraphrase_fit_original_eval,definition,analogy,0.75,task,definition_orig_02,1.0,0.0,0.31620670840252874
google/gemma-3-1b-it,26,B_paraphrase_fit_original_eval,definition,analogy,0.75,task,definition_orig_03,1.0,0.0,0.12738622741872785
google/gemma-3-1b-it,26,B_paraphrase_fit_original_eval,definition,analogy,0.75,matched_random,definition_orig_01,0.0,1.0,-0.03898436056184751
google/gemma-3-1b-it,26,B_paraphrase_fit_original_eval,definition,analogy,0.75,matched_random,definition_orig_02,0.0,1.0,-0.0136738139283189
google/gemma-3-1b-it,26,B_paraphrase_fit_original_eval,definition,analogy,0.75,matched_random,definition_orig_03,0.0,1.0,-0.14448429538477614
google/gemma-3-1b-it,26,B_paraphrase_fit_original_eval,definition,analogy,0.75,opposite,definition_orig_01,0.0,1.0,-0.2879115514069227
google/gemma-3-1b-it,26,B_paraphrase_fit_original_eval,definition,analogy,0.75,opposite,definition_orig_02,0.0,1.0,-0.29601354799610125
google/gemma-3-1b-it,26,B_paraphrase_fit_original_eval,definition,analogy,0.75,opposite,definition_orig_03,0.0,1.0,-0.352186248801451
google/gemma-3-1b-it,26,B_paraphrase_fit_original_eval,definition,analogy,1.0,task,definition_orig_01,1.0,0.0,0.3398881493642207
google/gemma-3-1b-it,26,B_paraphrase_fit_original_eval,definition,analogy,1.0,task,definition_orig_02,1.0,0.0,0.3967674941675163
google/gemma-3-1b-it,26,B_paraphrase_fit_original_eval,definition,analogy,1.0,task,definition_orig_03,1.0,0.0,0.2178711878583397
google/gemma-3-1b-it,26,B_paraphrase_fit_original_eval,definition,analogy,1.0,matched_random,definition_orig_01,0.0,1.0,-0.03922727432899775
google/gemma-3-1b-it,26,B_paraphrase_fit_original_eval,definition,analogy,1.0,matched_random,definition_orig_02,0.0,1.0,-0.015450487258921397
google/gemma-3-1b-it,26,B_paraphrase_fit_original_eval,definition,analogy,1.0,matched_random,definition_orig_03,0.0,1.0,-0.13937805425549776
google/gemma-3-1b-it,26,B_paraphrase_fit_original_eval,definition,analogy,1.0,opposite,definition_orig_01,0.0,1.0,-0.3490517088140386
google/gemma-3-1b-it,26,B_paraphrase_fit_original_eval,definition,analogy,1.0,opposite,definition_orig_02,0.0,1.0,-0.3630231427945525
google/gemma-3-1b-it,26,B_paraphrase_fit_original_eval,definition,analogy,1.0,opposite,definition_orig_03,0.0,1.0,-0.399329718889794
