source_group,target_group,beta,lambda,gamma,target_assignment_rate,invariant_violation_score,rsm_pearson,mean_relative_perturbation_norm,constraint_score
logic,causality,0.0,1.0,0.0,0.0,0.0,1.0,0.0,0.0
logic,causality,0.25,1.0,0.0,0.0,4.647624630560454e-05,0.9999535237536944,0.12588855624198914,-4.647624630560454e-05
logic,causality,0.5,1.0,0.0,0.6666666666666666,0.0002430622287096229,0.9997569377712904,0.25177711248397827,0.666423604437957
logic,causality,0.75,1.0,0.0,1.0,0.0006648109043912998,0.9993351890956087,0.3776656687259674,0.9993351890956087
logic,causality,1.0,1.0,0.0,1.0,0.0013348962997651315,0.9986651037002349,0.5035542249679565,0.9986651037002349
logic,causality,1.5,1.0,0.0,1.0,0.003209841938985103,0.9967901580610149,0.7553313374519348,0.9967901580610149
logic,causality,2.0,1.0,0.0,1.0,0.0052384763098977105,0.9947615236901023,1.007108449935913,0.9947615236901023
logic,causality,0.0,1.0,0.05,0.0,0.0,1.0,0.0,0.0
logic,causality,0.25,1.0,0.05,0.0,4.647624630560454e-05,0.9999535237536944,0.12588855624198914,-0.006340904058405062
logic,causality,0.5,1.0,0.05,0.6666666666666666,0.0002430622287096229,0.9997569377712904,0.25177711248397827,0.6538347488137581
logic,causality,0.75,1.0,0.05,1.0,0.0006648109043912998,0.9993351890956087,0.3776656687259674,0.9804519056593103
logic,causality,1.0,1.0,0.05,1.0,0.0013348962997651315,0.9986651037002349,0.5035542249679565,0.973487392451837
logic,causality,1.5,1.0,0.05,1.0,0.003209841938985103,0.9967901580610149,0.7553313374519348,0.9590235911884182
logic,causality,2.0,1.0,0.05,1.0,0.0052384763098977105,0.9947615236901023,1.007108449935913,0.9444061011933066
logic,causality,0.0,1.0,0.1,0.0,0.0,1.0,0.0,0.0
logic,causality,0.25,1.0,0.1,0.0,4.647624630560454e-05,0.9999535237536944,0.12588855624198914,-0.012635331870504519
logic,causality,0.5,1.0,0.1,0.6666666666666666,0.0002430622287096229,0.9997569377712904,0.25177711248397827,0.6412458931895592
logic,causality,0.75,1.0,0.1,1.0,0.0006648109043912998,0.9993351890956087,0.3776656687259674,0.961568622223012
logic,causality,1.0,1.0,0.1,1.0,0.0013348962997651315,0.9986651037002349,0.5035542249679565,0.9483096812034392
logic,causality,1.5,1.0,0.1,1.0,0.003209841938985103,0.9967901580610149,0.7553313374519348,0.9212570243158213
logic,causality,2.0,1.0,0.1,1.0,0.0052384763098977105,0.9947615236901023,1.007108449935913,0.894050678696511
logic,causality,0.0,1.0,0.2,0.0,0.0,1.0,0.0,0.0
logic,causality,0.25,1.0,0.2,0.0,4.647624630560454e-05,0.9999535237536944,0.12588855624198914,-0.025224187494703433
logic,causality,0.5,1.0,0.2,0.6666666666666666,0.0002430622287096229,0.9997569377712904,0.25177711248397827,0.6160681819411613
logic,causality,0.75,1.0,0.2,1.0,0.0006648109043912998,0.9993351890956087,0.3776656687259674,0.9238020553504152
logic,causality,1.0,1.0,0.2,1.0,0.0013348962997651315,0.9986651037002349,0.5035542249679565,0.8979542587066436
logic,causality,1.5,1.0,0.2,1.0,0.003209841938985103,0.9967901580610149,0.7553313374519348,0.8457238905706279
logic,causality,2.0,1.0,0.2,1.0,0.0052384763098977105,0.9947615236901023,1.007108449935913,0.7933398337029196
logic,causality,0.0,5.0,0.0,0.0,0.0,1.0,0.0,0.0
logic,causality,0.25,5.0,0.0,0.0,4.647624630560454e-05,0.9999535237536944,0.12588855624198914,-0.0002323812315280227
logic,causality,0.5,5.0,0.0,0.6666666666666666,0.0002430622287096229,0.9997569377712904,0.25177711248397827,0.6654513555231185
logic,causality,0.75,5.0,0.0,1.0,0.0006648109043912998,0.9993351890956087,0.3776656687259674,0.9966759454780435
logic,causality,1.0,5.0,0.0,1.0,0.0013348962997651315,0.9986651037002349,0.5035542249679565,0.9933255185011743
logic,causality,1.5,5.0,0.0,1.0,0.003209841938985103,0.9967901580610149,0.7553313374519348,0.9839507903050745
logic,causality,2.0,5.0,0.0,1.0,0.0052384763098977105,0.9947615236901023,1.007108449935913,0.9738076184505114
logic,causality,0.0,5.0,0.05,0.0,0.0,1.0,0.0,0.0
logic,causality,0.25,5.0,0.05,0.0,4.647624630560454e-05,0.9999535237536944,0.12588855624198914,-0.00652680904362748
logic,causality,0.5,5.0,0.05,0.6666666666666666,0.0002430622287096229,0.9997569377712904,0.25177711248397827,0.6528624998989196
logic,causality,0.75,5.0,0.05,1.0,0.0006648109043912998,0.9993351890956087,0.3776656687259674,0.9777926620417451
logic,causality,1.0,5.0,0.05,1.0,0.0013348962997651315,0.9986651037002349,0.5035542249679565,0.9681478072527765
logic,causality,1.5,5.0,0.05,1.0,0.003209841938985103,0.9967901580610149,0.7553313374519348,0.9461842234324778
logic,causality,2.0,5.0,0.05,1.0,0.0052384763098977105,0.9947615236901023,1.007108449935913,0.9234521959537157
logic,causality,0.0,5.0,0.1,0.0,0.0,1.0,0.0,0.0
logic,causality,0.25,5.0,0.1,0.0,4.647624630560454e-05,0.9999535237536944,0.12588855624198914,-0.012821236855726937
logic,causality,0.5,5.0,0.1,0.6666666666666666,0.0002430622287096229,0.9997569377712904,0.25177711248397827,0.6402736442747207
logic,causality,0.75,5.0,0.1,1.0,0.0006648109043912998,0.9993351890956087,0.3776656687259674,0.9589093786054468
logic,causality,1.0,5.0,0.1,1.0,0.0013348962997651315,0.9986651037002349,0.5035542249679565,0.9429700960043786
logic,causality,1.5,5.0,0.1,1.0,0.003209841938985103,0.9967901580610149,0.7553313374519348,0.9084176565598809
logic,causality,2.0,5.0,0.1,1.0,0.0052384763098977105,0.9947615236901023,1.007108449935913,0.8730967734569202
logic,causality,0.0,5.0,0.2,0.0,0.0,1.0,0.0,0.0
logic,causality,0.25,5.0,0.2,0.0,4.647624630560454e-05,0.9999535237536944,0.12588855624198914,-0.02541009247992585
logic,causality,0.5,5.0,0.2,0.6666666666666666,0.0002430622287096229,0.9997569377712904,0.25177711248397827,0.6150959330263228
logic,causality,0.75,5.0,0.2,1.0,0.0006648109043912998,0.9993351890956087,0.3776656687259674,0.92114281173285
logic,causality,1.0,5.0,0.2,1.0,0.0013348962997651315,0.9986651037002349,0.5035542249679565,0.8926146735075831
logic,causality,1.5,5.0,0.2,1.0,0.003209841938985103,0.9967901580610149,0.7553313374519348,0.8328845228146875
logic,causality,2.0,5.0,0.2,1.0,0.0052384763098977105,0.9947615236901023,1.007108449935913,0.7723859284633288
logic,causality,0.0,10.0,0.0,0.0,0.0,1.0,0.0,0.0
logic,causality,0.25,10.0,0.0,0.0,4.647624630560454e-05,0.9999535237536944,0.12588855624198914,-0.0004647624630560454
logic,causality,0.5,10.0,0.0,0.6666666666666666,0.0002430622287096229,0.9997569377712904,0.25177711248397827,0.6642360443795704
logic,causality,0.75,10.0,0.0,1.0,0.0006648109043912998,0.9993351890956087,0.3776656687259674,0.993351890956087
logic,causality,1.0,10.0,0.0,1.0,0.0013348962997651315,0.9986651037002349,0.5035542249679565,0.9866510370023487
logic,causality,1.5,10.0,0.0,1.0,0.003209841938985103,0.9967901580610149,0.7553313374519348,0.967901580610149
logic,causality,2.0,10.0,0.0,1.0,0.0052384763098977105,0.9947615236901023,1.007108449935913,0.9476152369010229
logic,causality,0.0,10.0,0.05,0.0,0.0,1.0,0.0,0.0
logic,causality,0.25,10.0,0.05,0.0,4.647624630560454e-05,0.9999535237536944,0.12588855624198914,-0.0067591902751555025
logic,causality,0.5,10.0,0.05,0.6666666666666666,0.0002430622287096229,0.9997569377712904,0.25177711248397827,0.6516471887553715
logic,causality,0.75,10.0,0.05,1.0,0.0006648109043912998,0.9993351890956087,0.3776656687259674,0.9744686075197886
logic,causality,1.0,10.0,0.05,1.0,0.0013348962997651315,0.9986651037002349,0.5035542249679565,0.9614733257539508
logic,causality,1.5,10.0,0.05,1.0,0.003209841938985103,0.9967901580610149,0.7553313374519348,0.9301350137375523
logic,causality,2.0,10.0,0.05,1.0,0.0052384763098977105,0.9947615236901023,1.007108449935913,0.8972598144042272
logic,causality,0.0,10.0,0.1,0.0,0.0,1.0,0.0,0.0
logic,causality,0.25,10.0,0.1,0.0,4.647624630560454e-05,0.9999535237536944,0.12588855624198914,-0.01305361808725496
logic,causality,0.5,10.0,0.1,0.6666666666666666,0.0002430622287096229,0.9997569377712904,0.25177711248397827,0.6390583331311726
logic,causality,0.75,10.0,0.1,1.0,0.0006648109043912998,0.9993351890956087,0.3776656687259674,0.9555853240834903
logic,causality,1.0,10.0,0.1,1.0,0.0013348962997651315,0.9986651037002349,0.5035542249679565,0.936295614505553
logic,causality,1.5,10.0,0.1,1.0,0.003209841938985103,0.9967901580610149,0.7553313374519348,0.8923684468649555
logic,causality,2.0,10.0,0.1,1.0,0.0052384763098977105,0.9947615236901023,1.007108449935913,0.8469043919074316
logic,causality,0.0,10.0,0.2,0.0,0.0,1.0,0.0,0.0
logic,causality,0.25,10.0,0.2,0.0,4.647624630560454e-05,0.9999535237536944,0.12588855624198914,-0.025642473711453874
logic,causality,0.5,10.0,0.2,0.6666666666666666,0.0002430622287096229,0.9997569377712904,0.25177711248397827,0.6138806218827747
logic,causality,0.75,10.0,0.2,1.0,0.0006648109043912998,0.9993351890956087,0.3776656687259674,0.9178187572108936
logic,causality,1.0,10.0,0.2,1.0,0.0013348962997651315,0.9986651037002349,0.5035542249679565,0.8859401920087574
logic,causality,1.5,10.0,0.2,1.0,0.003209841938985103,0.9967901580610149,0.7553313374519348,0.816835313119762
logic,causality,2.0,10.0,0.2,1.0,0.0052384763098977105,0.9947615236901023,1.007108449935913,0.7461935469138403
logic,causality,0.0,20.0,0.0,0.0,0.0,1.0,0.0,0.0
logic,causality,0.25,20.0,0.0,0.0,4.647624630560454e-05,0.9999535237536944,0.12588855624198914,-0.0009295249261120908
logic,causality,0.5,20.0,0.0,0.6666666666666666,0.0002430622287096229,0.9997569377712904,0.25177711248397827,0.6618054220924742
logic,causality,0.75,20.0,0.0,1.0,0.0006648109043912998,0.9993351890956087,0.3776656687259674,0.986703781912174
logic,causality,1.0,20.0,0.0,1.0,0.0013348962997651315,0.9986651037002349,0.5035542249679565,0.9733020740046974
logic,causality,1.5,20.0,0.0,1.0,0.003209841938985103,0.9967901580610149,0.7553313374519348,0.9358031612202979
logic,causality,2.0,20.0,0.0,1.0,0.0052384763098977105,0.9947615236901023,1.007108449935913,0.8952304738020458
logic,causality,0.0,20.0,0.05,0.0,0.0,1.0,0.0,0.0
logic,causality,0.25,20.0,0.05,0.0,4.647624630560454e-05,0.9999535237536944,0.12588855624198914,-0.007223952738211548
logic,causality,0.5,20.0,0.05,0.6666666666666666,0.0002430622287096229,0.9997569377712904,0.25177711248397827,0.6492165664682753
logic,causality,0.75,20.0,0.05,1.0,0.0006648109043912998,0.9993351890956087,0.3776656687259674,0.9678204984758756
logic,causality,1.0,20.0,0.05,1.0,0.0013348962997651315,0.9986651037002349,0.5035542249679565,0.9481243627562995
logic,causality,1.5,20.0,0.05,1.0,0.003209841938985103,0.9967901580610149,0.7553313374519348,0.8980365943477012
logic,causality,2.0,20.0,0.05,1.0,0.0052384763098977105,0.9947615236901023,1.007108449935913,0.8448750513052501
logic,causality,0.0,20.0,0.1,0.0,0.0,1.0,0.0,0.0
logic,causality,0.25,20.0,0.1,0.0,4.647624630560454e-05,0.9999535237536944,0.12588855624198914,-0.013518380550311005
logic,causality,0.5,20.0,0.1,0.6666666666666666,0.0002430622287096229,0.9997569377712904,0.25177711248397827,0.6366277108440763
logic,causality,0.75,20.0,0.1,1.0,0.0006648109043912998,0.9993351890956087,0.3776656687259674,0.9489372150395773
logic,causality,1.0,20.0,0.1,1.0,0.0013348962997651315,0.9986651037002349,0.5035542249679565,0.9229466515079017
logic,causality,1.5,20.0,0.1,1.0,0.003209841938985103,0.9967901580610149,0.7553313374519348,0.8602700274751045
logic,causality,2.0,20.0,0.1,1.0,0.0052384763098977105,0.9947615236901023,1.007108449935913,0.7945196288084545
logic,causality,0.0,20.0,0.2,0.0,0.0,1.0,0.0,0.0
logic,causality,0.25,20.0,0.2,0.0,4.647624630560454e-05,0.9999535237536944,0.12588855624198914,-0.02610723617450992
logic,causality,0.5,20.0,0.2,0.6666666666666666,0.0002430622287096229,0.9997569377712904,0.25177711248397827,0.6114499995956785
logic,causality,0.75,20.0,0.2,1.0,0.0006648109043912998,0.9993351890956087,0.3776656687259674,0.9111706481669806
logic,causality,1.0,20.0,0.2,1.0,0.0013348962997651315,0.9986651037002349,0.5035542249679565,0.8725912290111061
logic,causality,1.5,20.0,0.2,1.0,0.003209841938985103,0.9967901580610149,0.7553313374519348,0.784736893729911
logic,causality,2.0,20.0,0.2,1.0,0.0052384763098977105,0.9947615236901023,1.007108449935913,0.6938087838148632
logic,causality,0.0,50.0,0.0,0.0,0.0,1.0,0.0,0.0
logic,causality,0.25,50.0,0.0,0.0,4.647624630560454e-05,0.9999535237536944,0.12588855624198914,-0.002323812315280227
logic,causality,0.5,50.0,0.0,0.6666666666666666,0.0002430622287096229,0.9997569377712904,0.25177711248397827,0.6545135552311855
logic,causality,0.75,50.0,0.0,1.0,0.0006648109043912998,0.9993351890956087,0.3776656687259674,0.966759454780435
logic,causality,1.0,50.0,0.0,1.0,0.0013348962997651315,0.9986651037002349,0.5035542249679565,0.9332551850117434
logic,causality,1.5,50.0,0.0,1.0,0.003209841938985103,0.9967901580610149,0.7553313374519348,0.8395079030507449
logic,causality,2.0,50.0,0.0,1.0,0.0052384763098977105,0.9947615236901023,1.007108449935913,0.7380761845051145
logic,causality,0.0,50.0,0.05,0.0,0.0,1.0,0.0,0.0
logic,causality,0.25,50.0,0.05,0.0,4.647624630560454e-05,0.9999535237536944,0.12588855624198914,-0.008618240127379684
logic,causality,0.5,50.0,0.05,0.6666666666666666,0.0002430622287096229,0.9997569377712904,0.25177711248397827,0.6419246996069866
logic,causality,0.75,50.0,0.05,1.0,0.0006648109043912998,0.9993351890956087,0.3776656687259674,0.9478761713441366
logic,causality,1.0,50.0,0.05,1.0,0.0013348962997651315,0.9986651037002349,0.5035542249679565,0.9080774737633456
logic,causality,1.5,50.0,0.05,1.0,0.003209841938985103,0.9967901580610149,0.7553313374519348,0.8017413361781481
logic,causality,2.0,50.0,0.05,1.0,0.0052384763098977105,0.9947615236901023,1.007108449935913,0.6877207620083188
logic,causality,0.0,50.0,0.1,0.0,0.0,1.0,0.0,0.0
logic,causality,0.25,50.0,0.1,0.0,4.647624630560454e-05,0.9999535237536944,0.12588855624198914,-0.014912667939479141
logic,causality,0.5,50.0,0.1,0.6666666666666666,0.0002430622287096229,0.9997569377712904,0.25177711248397827,0.6293358439827876
logic,causality,0.75,50.0,0.1,1.0,0.0006648109043912998,0.9993351890956087,0.3776656687259674,0.9289928879078383
logic,causality,1.0,50.0,0.1,1.0,0.0013348962997651315,0.9986651037002349,0.5035542249679565,0.8828997625149477
logic,causality,1.5,50.0,0.1,1.0,0.003209841938985103,0.9967901580610149,0.7553313374519348,0.7639747693055514
logic,causality,2.0,50.0,0.1,1.0,0.0052384763098977105,0.9947615236901023,1.007108449935913,0.6373653395115232
logic,causality,0.0,50.0,0.2,0.0,0.0,1.0,0.0,0.0
logic,causality,0.25,50.0,0.2,0.0,4.647624630560454e-05,0.9999535237536944,0.12588855624198914,-0.027501523563678056
logic,causality,0.5,50.0,0.2,0.6666666666666666,0.0002430622287096229,0.9997569377712904,0.25177711248397827,0.6041581327343898
logic,causality,0.75,50.0,0.2,1.0,0.0006648109043912998,0.9993351890956087,0.3776656687259674,0.8912263210352416
logic,causality,1.0,50.0,0.2,1.0,0.0013348962997651315,0.9986651037002349,0.5035542249679565,0.8325443400181521
logic,causality,1.5,50.0,0.2,1.0,0.003209841938985103,0.9967901580610149,0.7553313374519348,0.6884416355603579
logic,causality,2.0,50.0,0.2,1.0,0.0052384763098977105,0.9947615236901023,1.007108449935913,0.5366544945179319
logic,causality,0.0,100.0,0.0,0.0,0.0,1.0,0.0,0.0
logic,causality,0.25,100.0,0.0,0.0,4.647624630560454e-05,0.9999535237536944,0.12588855624198914,-0.004647624630560454
logic,causality,0.5,100.0,0.0,0.6666666666666666,0.0002430622287096229,0.9997569377712904,0.25177711248397827,0.6423604437957043
logic,causality,0.75,100.0,0.0,1.0,0.0006648109043912998,0.9993351890956087,0.3776656687259674,0.93351890956087
logic,causality,1.0,100.0,0.0,1.0,0.0013348962997651315,0.9986651037002349,0.5035542249679565,0.8665103700234869
logic,causality,1.5,100.0,0.0,1.0,0.003209841938985103,0.9967901580610149,0.7553313374519348,0.6790158061014897
logic,causality,2.0,100.0,0.0,1.0,0.0052384763098977105,0.9947615236901023,1.007108449935913,0.47615236901022895
logic,causality,0.0,100.0,0.05,0.0,0.0,1.0,0.0,0.0
logic,causality,0.25,100.0,0.05,0.0,4.647624630560454e-05,0.9999535237536944,0.12588855624198914,-0.010942052442659911
logic,causality,0.5,100.0,0.05,0.6666666666666666,0.0002430622287096229,0.9997569377712904,0.25177711248397827,0.6297715881715055
logic,causality,0.75,100.0,0.05,1.0,0.0006648109043912998,0.9993351890956087,0.3776656687259674,0.9146356261245716
logic,causality,1.0,100.0,0.05,1.0,0.0013348962997651315,0.9986651037002349,0.5035542249679565,0.841332658775089
logic,causality,1.5,100.0,0.05,1.0,0.003209841938985103,0.9967901580610149,0.7553313374519348,0.641249239228893
logic,causality,2.0,100.0,0.05,1.0,0.0052384763098977105,0.9947615236901023,1.007108449935913,0.4257969465134333
logic,causality,0.0,100.0,0.1,0.0,0.0,1.0,0.0,0.0
logic,causality,0.25,100.0,0.1,0.0,4.647624630560454e-05,0.9999535237536944,0.12588855624198914,-0.01723648025475937
logic,causality,0.5,100.0,0.1,0.6666666666666666,0.0002430622287096229,0.9997569377712904,0.25177711248397827,0.6171827325473065
logic,causality,0.75,100.0,0.1,1.0,0.0006648109043912998,0.9993351890956087,0.3776656687259674,0.8957523426882733
logic,causality,1.0,100.0,0.1,1.0,0.0013348962997651315,0.9986651037002349,0.5035542249679565,0.8161549475266912
logic,causality,1.5,100.0,0.1,1.0,0.003209841938985103,0.9967901580610149,0.7553313374519348,0.6034826723562963
logic,causality,2.0,100.0,0.1,1.0,0.0052384763098977105,0.9947615236901023,1.007108449935913,0.37544152401663766
logic,causality,0.0,100.0,0.2,0.0,0.0,1.0,0.0,0.0
logic,causality,0.25,100.0,0.2,0.0,4.647624630560454e-05,0.9999535237536944,0.12588855624198914,-0.029825335878958283
logic,causality,0.5,100.0,0.2,0.6666666666666666,0.0002430622287096229,0.9997569377712904,0.25177711248397827,0.5920050212989086
logic,causality,0.75,100.0,0.2,1.0,0.0006648109043912998,0.9993351890956087,0.3776656687259674,0.8579857758156766
logic,causality,1.0,100.0,0.2,1.0,0.0013348962997651315,0.9986651037002349,0.5035542249679565,0.7657995250298956
logic,causality,1.5,100.0,0.2,1.0,0.003209841938985103,0.9967901580610149,0.7553313374519348,0.5279495386111027
logic,causality,2.0,100.0,0.2,1.0,0.0052384763098977105,0.9947615236901023,1.007108449935913,0.2747306790230463
logic,analogy,0.0,1.0,0.0,0.0,0.0,1.0,0.0,0.0
logic,analogy,0.25,1.0,0.0,0.0,8.36119557474646e-05,0.9999163880442525,0.11120027303695679,-8.36119557474646e-05
logic,analogy,0.5,1.0,0.0,0.5,0.0003885092047469785,0.999611490795253,0.22240054607391357,0.499611490795253
logic,analogy,0.75,1.0,0.0,1.0,0.0009703679245414154,0.9990296320754586,0.33360084891319275,0.9990296320754586
logic,analogy,1.0,1.0,0.0,1.0,0.0018303762779822152,0.9981696237220178,0.44480109214782715,0.9981696237220178
logic,analogy,1.5,1.0,0.0,1.0,0.004124779863477923,0.9958752201365221,0.6672016978263855,0.9958752201365221
logic,analogy,2.0,1.0,0.0,1.0,0.006569112734496452,0.9934308872655035,0.8896021842956543,0.9934308872655035
logic,analogy,0.0,1.0,0.05,0.0,0.0,1.0,0.0,0.0
logic,analogy,0.25,1.0,0.05,0.0,8.36119557474646e-05,0.9999163880442525,0.11120027303695679,-0.005643625607595304
logic,analogy,0.5,1.0,0.05,0.5,0.0003885092047469785,0.999611490795253,0.22240054607391357,0.48849146349155737
logic,analogy,0.75,1.0,0.05,1.0,0.0009703679245414154,0.9990296320754586,0.33360084891319275,0.9823495896297989
logic,analogy,1.0,1.0,0.05,1.0,0.0018303762779822152,0.9981696237220178,0.44480109214782715,0.9759295691146265
logic,analogy,1.5,1.0,0.05,1.0,0.004124779863477923,0.9958752201365221,0.6672016978263855,0.9625151352452028
logic,analogy,2.0,1.0,0.05,1.0,0.006569112734496452,0.9934308872655035,0.8896021842956543,0.9489507780507208
logic,analogy,0.0,1.0,0.1,0.0,0.0,1.0,0.0,0.0
logic,analogy,0.25,1.0,0.1,0.0,8.36119557474646e-05,0.9999163880442525,0.11120027303695679,-0.011203639259443144
logic,analogy,0.5,1.0,0.1,0.5,0.0003885092047469785,0.999611490795253,0.22240054607391357,0.47737143618786165
logic,analogy,0.75,1.0,0.1,1.0,0.0009703679245414154,0.9990296320754586,0.33360084891319275,0.9656695471841393
logic,analogy,1.0,1.0,0.1,1.0,0.0018303762779822152,0.9981696237220178,0.44480109214782715,0.953689514507235
logic,analogy,1.5,1.0,0.1,1.0,0.004124779863477923,0.9958752201365221,0.6672016978263855,0.9291550503538836
logic,analogy,2.0,1.0,0.1,1.0,0.006569112734496452,0.9934308872655035,0.8896021842956543,0.9044706688359381
logic,analogy,0.0,1.0,0.2,0.0,0.0,1.0,0.0,0.0
logic,analogy,0.25,1.0,0.2,0.0,8.36119557474646e-05,0.9999163880442525,0.11120027303695679,-0.022323666563138823
logic,analogy,0.5,1.0,0.2,0.5,0.0003885092047469785,0.999611490795253,0.22240054607391357,0.4551313815804703
logic,analogy,0.75,1.0,0.2,1.0,0.0009703679245414154,0.9990296320754586,0.33360084891319275,0.9323094622928201
logic,analogy,1.0,1.0,0.2,1.0,0.0018303762779822152,0.9981696237220178,0.44480109214782715,0.9092094052924523
logic,analogy,1.5,1.0,0.2,1.0,0.004124779863477923,0.9958752201365221,0.6672016978263855,0.862434880571245
logic,analogy,2.0,1.0,0.2,1.0,0.006569112734496452,0.9934308872655035,0.8896021842956543,0.8155104504063727
logic,analogy,0.0,5.0,0.0,0.0,0.0,1.0,0.0,0.0
logic,analogy,0.25,5.0,0.0,0.0,8.36119557474646e-05,0.9999163880442525,0.11120027303695679,-0.00041805977873732303
logic,analogy,0.5,5.0,0.0,0.5,0.0003885092047469785,0.999611490795253,0.22240054607391357,0.4980574539762651
logic,analogy,0.75,5.0,0.0,1.0,0.0009703679245414154,0.9990296320754586,0.33360084891319275,0.9951481603772929
logic,analogy,1.0,5.0,0.0,1.0,0.0018303762779822152,0.9981696237220178,0.44480109214782715,0.9908481186100889
logic,analogy,1.5,5.0,0.0,1.0,0.004124779863477923,0.9958752201365221,0.6672016978263855,0.9793761006826104
logic,analogy,2.0,5.0,0.0,1.0,0.006569112734496452,0.9934308872655035,0.8896021842956543,0.9671544363275177
logic,analogy,0.0,5.0,0.05,0.0,0.0,1.0,0.0,0.0
logic,analogy,0.25,5.0,0.05,0.0,8.36119557474646e-05,0.9999163880442525,0.11120027303695679,-0.0059780734305851626
logic,analogy,0.5,5.0,0.05,0.5,0.0003885092047469785,0.999611490795253,0.22240054607391357,0.48693742667256945
logic,analogy,0.75,5.0,0.05,1.0,0.0009703679245414154,0.9990296320754586,0.33360084891319275,0.9784681179316332
logic,analogy,1.0,5.0,0.05,1.0,0.0018303762779822152,0.9981696237220178,0.44480109214782715,0.9686080640026976
logic,analogy,1.5,5.0,0.05,1.0,0.004124779863477923,0.9958752201365221,0.6672016978263855,0.9460160157912911
logic,analogy,2.0,5.0,0.05,1.0,0.006569112734496452,0.9934308872655035,0.8896021842956543,0.922674327112735
logic,analogy,0.0,5.0,0.1,0.0,0.0,1.0,0.0,0.0
logic,analogy,0.25,5.0,0.1,0.0,8.36119557474646e-05,0.9999163880442525,0.11120027303695679,-0.011538087082433002
logic,analogy,0.5,5.0,0.1,0.5,0.0003885092047469785,0.999611490795253,0.22240054607391357,0.47581739936887374
logic,analogy,0.75,5.0,0.1,1.0,0.0009703679245414154,0.9990296320754586,0.33360084891319275,0.9617880754859737
logic,analogy,1.0,5.0,0.1,1.0,0.0018303762779822152,0.9981696237220178,0.44480109214782715,0.9463680093953062
logic,analogy,1.5,5.0,0.1,1.0,0.004124779863477923,0.9958752201365221,0.6672016978263855,0.9126559308999719
logic,analogy,2.0,5.0,0.1,1.0,0.006569112734496452,0.9934308872655035,0.8896021842956543,0.8781942178979523
logic,analogy,0.0,5.0,0.2,0.0,0.0,1.0,0.0,0.0
logic,analogy,0.25,5.0,0.2,0.0,8.36119557474646e-05,0.9999163880442525,0.11120027303695679,-0.02265811438612868
logic,analogy,0.5,5.0,0.2,0.5,0.0003885092047469785,0.999611490795253,0.22240054607391357,0.45357734476148237
logic,analogy,0.75,5.0,0.2,1.0,0.0009703679245414154,0.9990296320754586,0.33360084891319275,0.9284279905946544
logic,analogy,1.0,5.0,0.2,1.0,0.0018303762779822152,0.9981696237220178,0.44480109214782715,0.9018879001805234
logic,analogy,1.5,5.0,0.2,1.0,0.004124779863477923,0.9958752201365221,0.6672016978263855,0.8459357611173333
logic,analogy,2.0,5.0,0.2,1.0,0.006569112734496452,0.9934308872655035,0.8896021842956543,0.7892339994683869
logic,analogy,0.0,10.0,0.0,0.0,0.0,1.0,0.0,0.0
logic,analogy,0.25,10.0,0.0,0.0,8.36119557474646e-05,0.9999163880442525,0.11120027303695679,-0.0008361195574746461
logic,analogy,0.5,10.0,0.0,0.5,0.0003885092047469785,0.999611490795253,0.22240054607391357,0.4961149079525302
logic,analogy,0.75,10.0,0.0,1.0,0.0009703679245414154,0.9990296320754586,0.33360084891319275,0.9902963207545858
logic,analogy,1.0,10.0,0.0,1.0,0.0018303762779822152,0.9981696237220178,0.44480109214782715,0.9816962372201778
logic,analogy,1.5,10.0,0.0,1.0,0.004124779863477923,0.9958752201365221,0.6672016978263855,0.9587522013652208
logic,analogy,2.0,10.0,0.0,1.0,0.006569112734496452,0.9934308872655035,0.8896021842956543,0.9343088726550355
logic,analogy,0.0,10.0,0.05,0.0,0.0,1.0,0.0,0.0
logic,analogy,0.25,10.0,0.05,0.0,8.36119557474646e-05,0.9999163880442525,0.11120027303695679,-0.006396133209322486
logic,analogy,0.5,10.0,0.05,0.5,0.0003885092047469785,0.999611490795253,0.22240054607391357,0.48499488064883456
logic,analogy,0.75,10.0,0.05,1.0,0.0009703679245414154,0.9990296320754586,0.33360084891319275,0.9736162783089262
logic,analogy,1.0,10.0,0.05,1.0,0.0018303762779822152,0.9981696237220178,0.44480109214782715,0.9594561826127865
logic,analogy,1.5,10.0,0.05,1.0,0.004124779863477923,0.9958752201365221,0.6672016978263855,0.9253921164739015
logic,analogy,2.0,10.0,0.05,1.0,0.006569112734496452,0.9934308872655035,0.8896021842956543,0.8898287634402527
logic,analogy,0.0,10.0,0.1,0.0,0.0,1.0,0.0,0.0
logic,analogy,0.25,10.0,0.1,0.0,8.36119557474646e-05,0.9999163880442525,0.11120027303695679,-0.011956146861170325
logic,analogy,0.5,10.0,0.1,0.5,0.0003885092047469785,0.999611490795253,0.22240054607391357,0.47387485334513885
logic,analogy,0.75,10.0,0.1,1.0,0.0009703679245414154,0.9990296320754586,0.33360084891319275,0.9569362358632666
logic,analogy,1.0,10.0,0.1,1.0,0.0018303762779822152,0.9981696237220178,0.44480109214782715,0.9372161280053951
logic,analogy,1.5,10.0,0.1,1.0,0.004124779863477923,0.9958752201365221,0.6672016978263855,0.8920320315825823
logic,analogy,2.0,10.0,0.1,1.0,0.006569112734496452,0.9934308872655035,0.8896021842956543,0.84534865422547
logic,analogy,0.0,10.0,0.2,0.0,0.0,1.0,0.0,0.0
logic,analogy,0.25,10.0,0.2,0.0,8.36119557474646e-05,0.9999163880442525,0.11120027303695679,-0.023076174164866004
logic,analogy,0.5,10.0,0.2,0.5,0.0003885092047469785,0.999611490795253,0.22240054607391357,0.4516347987377475
logic,analogy,0.75,10.0,0.2,1.0,0.0009703679245414154,0.9990296320754586,0.33360084891319275,0.9235761509719473
logic,analogy,1.0,10.0,0.2,1.0,0.0018303762779822152,0.9981696237220178,0.44480109214782715,0.8927360187906124
logic,analogy,1.5,10.0,0.2,1.0,0.004124779863477923,0.9958752201365221,0.6672016978263855,0.8253118617999436
logic,analogy,2.0,10.0,0.2,1.0,0.006569112734496452,0.9934308872655035,0.8896021842956543,0.7563884357959046
logic,analogy,0.0,20.0,0.0,0.0,0.0,1.0,0.0,0.0
logic,analogy,0.25,20.0,0.0,0.0,8.36119557474646e-05,0.9999163880442525,0.11120027303695679,-0.0016722391149492921
logic,analogy,0.5,20.0,0.0,0.5,0.0003885092047469785,0.999611490795253,0.22240054607391357,0.49222981590506043
logic,analogy,0.75,20.0,0.0,1.0,0.0009703679245414154,0.9990296320754586,0.33360084891319275,0.9805926415091717
logic,analogy,1.0,20.0,0.0,1.0,0.0018303762779822152,0.9981696237220178,0.44480109214782715,0.9633924744403557
logic,analogy,1.5,20.0,0.0,1.0,0.004124779863477923,0.9958752201365221,0.6672016978263855,0.9175044027304415
logic,analogy,2.0,20.0,0.0,1.0,0.006569112734496452,0.9934308872655035,0.8896021842956543,0.868617745310071
logic,analogy,0.0,20.0,0.05,0.0,0.0,1.0,0.0,0.0
logic,analogy,0.25,20.0,0.05,0.0,8.36119557474646e-05,0.9999163880442525,0.11120027303695679,-0.007232252766797132
logic,analogy,0.5,20.0,0.05,0.5,0.0003885092047469785,0.999611490795253,0.22240054607391357,0.4811097886013648
logic,analogy,0.75,20.0,0.05,1.0,0.0009703679245414154,0.9990296320754586,0.33360084891319275,0.963912599063512
logic,analogy,1.0,20.0,0.05,1.0,0.0018303762779822152,0.9981696237220178,0.44480109214782715,0.9411524198329644
logic,analogy,1.5,20.0,0.05,1.0,0.004124779863477923,0.9958752201365221,0.6672016978263855,0.8841443178391223
logic,analogy,2.0,20.0,0.05,1.0,0.006569112734496452,0.9934308872655035,0.8896021842956543,0.8241376360952882
logic,analogy,0.0,20.0,0.1,0.0,0.0,1.0,0.0,0.0
logic,analogy,0.25,20.0,0.1,0.0,8.36119557474646e-05,0.9999163880442525,0.11120027303695679,-0.012792266418644971
logic,analogy,0.5,20.0,0.1,0.5,0.0003885092047469785,0.999611490795253,0.22240054607391357,0.46998976129766906
logic,analogy,0.75,20.0,0.1,1.0,0.0009703679245414154,0.9990296320754586,0.33360084891319275,0.9472325566178524
logic,analogy,1.0,20.0,0.1,1.0,0.0018303762779822152,0.9981696237220178,0.44480109214782715,0.918912365225573
logic,analogy,1.5,20.0,0.1,1.0,0.004124779863477923,0.9958752201365221,0.6672016978263855,0.850784232947803
logic,analogy,2.0,20.0,0.1,1.0,0.006569112734496452,0.9934308872655035,0.8896021842956543,0.7796575268805055
logic,analogy,0.0,20.0,0.2,0.0,0.0,1.0,0.0,0.0
logic,analogy,0.25,20.0,0.2,0.0,8.36119557474646e-05,0.9999163880442525,0.11120027303695679,-0.02391229372234065
logic,analogy,0.5,20.0,0.2,0.5,0.0003885092047469785,0.999611490795253,0.22240054607391357,0.4477497066902777
logic,analogy,0.75,20.0,0.2,1.0,0.0009703679245414154,0.9990296320754586,0.33360084891319275,0.9138724717265332
logic,analogy,1.0,20.0,0.2,1.0,0.0018303762779822152,0.9981696237220178,0.44480109214782715,0.8744322560107902
logic,analogy,1.5,20.0,0.2,1.0,0.004124779863477923,0.9958752201365221,0.6672016978263855,0.7840640631651644
logic,analogy,2.0,20.0,0.2,1.0,0.006569112734496452,0.9934308872655035,0.8896021842956543,0.6906973084509401
logic,analogy,0.0,50.0,0.0,0.0,0.0,1.0,0.0,0.0
logic,analogy,0.25,50.0,0.0,0.0,8.36119557474646e-05,0.9999163880442525,0.11120027303695679,-0.00418059778737323
logic,analogy,0.5,50.0,0.0,0.5,0.0003885092047469785,0.999611490795253,0.22240054607391357,0.4805745397626511
logic,analogy,0.75,50.0,0.0,1.0,0.0009703679245414154,0.9990296320754586,0.33360084891319275,0.9514816037729292
logic,analogy,1.0,50.0,0.0,1.0,0.0018303762779822152,0.9981696237220178,0.44480109214782715,0.9084811861008892
logic,analogy,1.5,50.0,0.0,1.0,0.004124779863477923,0.9958752201365221,0.6672016978263855,0.7937610068261038
logic,analogy,2.0,50.0,0.0,1.0,0.006569112734496452,0.9934308872655035,0.8896021842956543,0.6715443632751774
logic,analogy,0.0,50.0,0.05,0.0,0.0,1.0,0.0,0.0
logic,analogy,0.25,50.0,0.05,0.0,8.36119557474646e-05,0.9999163880442525,0.11120027303695679,-0.009740611439221069
logic,analogy,0.5,50.0,0.05,0.5,0.0003885092047469785,0.999611490795253,0.22240054607391357,0.4694545124589554
logic,analogy,0.75,50.0,0.05,1.0,0.0009703679245414154,0.9990296320754586,0.33360084891319275,0.9348015613272695
logic,analogy,1.0,50.0,0.05,1.0,0.0018303762779822152,0.9981696237220178,0.44480109214782715,0.8862411314934979
logic,analogy,1.5,50.0,0.05,1.0,0.004124779863477923,0.9958752201365221,0.6672016978263855,0.7604009219347846
logic,analogy,2.0,50.0,0.05,1.0,0.006569112734496452,0.9934308872655035,0.8896021842956543,0.6270642540603947
logic,analogy,0.0,50.0,0.1,0.0,0.0,1.0,0.0,0.0
logic,analogy,0.25,50.0,0.1,0.0,8.36119557474646e-05,0.9999163880442525,0.11120027303695679,-0.01530062509106891
logic,analogy,0.5,50.0,0.1,0.5,0.0003885092047469785,0.999611490795253,0.22240054607391357,0.4583344851552597
logic,analogy,0.75,50.0,0.1,1.0,0.0009703679245414154,0.9990296320754586,0.33360084891319275,0.91812151888161
logic,analogy,1.0,50.0,0.1,1.0,0.0018303762779822152,0.9981696237220178,0.44480109214782715,0.8640010768861065
logic,analogy,1.5,50.0,0.1,1.0,0.004124779863477923,0.9958752201365221,0.6672016978263855,0.7270408370434653
logic,analogy,2.0,50.0,0.1,1.0,0.006569112734496452,0.9934308872655035,0.8896021842956543,0.5825841448456119
logic,analogy,0.0,50.0,0.2,0.0,0.0,1.0,0.0,0.0
logic,analogy,0.25,50.0,0.2,0.0,8.36119557474646e-05,0.9999163880442525,0.11120027303695679,-0.02642065239476459
logic,analogy,0.5,50.0,0.2,0.5,0.0003885092047469785,0.999611490795253,0.22240054607391357,0.43609443054786834
logic,analogy,0.75,50.0,0.2,1.0,0.0009703679245414154,0.9990296320754586,0.33360084891319275,0.8847614339902907
logic,analogy,1.0,50.0,0.2,1.0,0.0018303762779822152,0.9981696237220178,0.44480109214782715,0.8195209676713238
logic,analogy,1.5,50.0,0.2,1.0,0.004124779863477923,0.9958752201365221,0.6672016978263855,0.6603206672608267
logic,analogy,2.0,50.0,0.2,1.0,0.006569112734496452,0.9934308872655035,0.8896021842956543,0.4936239264160466
logic,analogy,0.0,100.0,0.0,0.0,0.0,1.0,0.0,0.0
logic,analogy,0.25,100.0,0.0,0.0,8.36119557474646e-05,0.9999163880442525,0.11120027303695679,-0.00836119557474646
logic,analogy,0.5,100.0,0.0,0.5,0.0003885092047469785,0.999611490795253,0.22240054607391357,0.46114907952530215
logic,analogy,0.75,100.0,0.0,1.0,0.0009703679245414154,0.9990296320754586,0.33360084891319275,0.9029632075458585
logic,analogy,1.0,100.0,0.0,1.0,0.0018303762779822152,0.9981696237220178,0.44480109214782715,0.8169623722017785
logic,analogy,1.5,100.0,0.0,1.0,0.004124779863477923,0.9958752201365221,0.6672016978263855,0.5875220136522077
logic,analogy,2.0,100.0,0.0,1.0,0.006569112734496452,0.9934308872655035,0.8896021842956543,0.34308872655035483
logic,analogy,0.0,100.0,0.05,0.0,0.0,1.0,0.0,0.0
logic,analogy,0.25,100.0,0.05,0.0,8.36119557474646e-05,0.9999163880442525,0.11120027303695679,-0.0139212092265943
logic,analogy,0.5,100.0,0.05,0.5,0.0003885092047469785,0.999611490795253,0.22240054607391357,0.4500290522216065
logic,analogy,0.75,100.0,0.05,1.0,0.0009703679245414154,0.9990296320754586,0.33360084891319275,0.8862831651001988
logic,analogy,1.0,100.0,0.05,1.0,0.0018303762779822152,0.9981696237220178,0.44480109214782715,0.7947223175943872
logic,analogy,1.5,100.0,0.05,1.0,0.004124779863477923,0.9958752201365221,0.6672016978263855,0.5541619287608884
logic,analogy,2.0,100.0,0.05,1.0,0.006569112734496452,0.9934308872655035,0.8896021842956543,0.2986086173355721
logic,analogy,0.0,100.0,0.1,0.0,0.0,1.0,0.0,0.0
logic,analogy,0.25,100.0,0.1,0.0,8.36119557474646e-05,0.9999163880442525,0.11120027303695679,-0.019481222878442138
logic,analogy,0.5,100.0,0.1,0.5,0.0003885092047469785,0.999611490795253,0.22240054607391357,0.4389090249179108
logic,analogy,0.75,100.0,0.1,1.0,0.0009703679245414154,0.9990296320754586,0.33360084891319275,0.8696031226545392
logic,analogy,1.0,100.0,0.1,1.0,0.0018303762779822152,0.9981696237220178,0.44480109214782715,0.7724822629869957
logic,analogy,1.5,100.0,0.1,1.0,0.004124779863477923,0.9958752201365221,0.6672016978263855,0.5208018438695692
logic,analogy,2.0,100.0,0.1,1.0,0.006569112734496452,0.9934308872655035,0.8896021842956543,0.2541285081207894
logic,analogy,0.0,100.0,0.2,0.0,0.0,1.0,0.0,0.0
logic,analogy,0.25,100.0,0.2,0.0,8.36119557474646e-05,0.9999163880442525,0.11120027303695679,-0.03060125018213782
logic,analogy,0.5,100.0,0.2,0.5,0.0003885092047469785,0.999611490795253,0.22240054607391357,0.4166689703105194
logic,analogy,0.75,100.0,0.2,1.0,0.0009703679245414154,0.9990296320754586,0.33360084891319275,0.83624303776322
logic,analogy,1.0,100.0,0.2,1.0,0.0018303762779822152,0.9981696237220178,0.44480109214782715,0.728002153772213
logic,analogy,1.5,100.0,0.2,1.0,0.004124779863477923,0.9958752201365221,0.6672016978263855,0.45408167408693056
logic,analogy,2.0,100.0,0.2,1.0,0.006569112734496452,0.9934308872655035,0.8896021842956543,0.16516828969122396
logic,definition,0.0,1.0,0.0,0.0,0.0,1.0,0.0,0.0
logic,definition,0.25,1.0,0.0,0.0,1.9217292675399733e-05,0.9999807827073246,0.11834137886762619,-1.9217292675399733e-05
logic,definition,0.5,1.0,0.0,0.5,9.203471068752744e-05,0.9999079652893125,0.23668275773525238,0.4999079652893125
logic,definition,0.75,1.0,0.0,1.0,0.00026376332717203965,0.999736236672828,0.355024129152298,0.999736236672828
logic,definition,1.0,1.0,0.0,1.0,0.000585319889506164,0.9994146801104938,0.47336551547050476,0.9994146801104938
logic,definition,1.5,1.0,0.0,1.0,0.0017353361264264011,0.9982646638735736,0.710048258304596,0.9982646638735736
logic,definition,2.0,1.0,0.0,1.0,0.003325213412989636,0.9966747865870104,0.9467310309410095,0.9966747865870104
logic,definition,0.0,1.0,0.05,0.0,0.0,1.0,0.0,0.0
logic,definition,0.25,1.0,0.05,0.0,1.9217292675399733e-05,0.9999807827073246,0.11834137886762619,-0.00593628623605671
logic,definition,0.5,1.0,0.05,0.5,9.203471068752744e-05,0.9999079652893125,0.23668275773525238,0.48807382740254984
logic,definition,0.75,1.0,0.05,1.0,0.00026376332717203965,0.999736236672828,0.355024129152298,0.9819850302152131
logic,definition,1.0,1.0,0.05,1.0,0.000585319889506164,0.9994146801104938,0.47336551547050476,0.9757464043369686
logic,definition,1.5,1.0,0.05,1.0,0.0017353361264264011,0.9982646638735736,0.710048258304596,0.9627622509583438
logic,definition,2.0,1.0,0.05,1.0,0.003325213412989636,0.9966747865870104,0.9467310309410095,0.9493382350399598
logic,definition,0.0,1.0,0.1,0.0,0.0,1.0,0.0,0.0
logic,definition,0.25,1.0,0.1,0.0,1.9217292675399733e-05,0.9999807827073246,0.11834137886762619,-0.01185335517943802
logic,definition,0.5,1.0,0.1,0.5,9.203471068752744e-05,0.9999079652893125,0.23668275773525238,0.4762396895157872
logic,definition,0.75,1.0,0.1,1.0,0.00026376332717203965,0.999736236672828,0.355024129152298,0.9642338237575981
logic,definition,1.0,1.0,0.1,1.0,0.000585319889506164,0.9994146801104938,0.47336551547050476,0.9520781285634433
logic,definition,1.5,1.0,0.1,1.0,0.0017353361264264011,0.9982646638735736,0.710048258304596,0.927259838043114
logic,definition,2.0,1.0,0.1,1.0,0.003325213412989636,0.9966747865870104,0.9467310309410095,0.9020016834929094
logic,definition,0.0,1.0,0.2,0.0,0.0,1.0,0.0,0.0
logic,definition,0.25,1.0,0.2,0.0,1.9217292675399733e-05,0.9999807827073246,0.11834137886762619,-0.02368749306620064
logic,definition,0.5,1.0,0.2,0.5,9.203471068752744e-05,0.9999079652893125,0.23668275773525238,0.452571413742262
logic,definition,0.75,1.0,0.2,1.0,0.00026376332717203965,0.999736236672828,0.355024129152298,0.9287314108423683
logic,definition,1.0,1.0,0.2,1.0,0.000585319889506164,0.9994146801104938,0.47336551547050476,0.9047415770163929
logic,definition,1.5,1.0,0.2,1.0,0.0017353361264264011,0.9982646638735736,0.710048258304596,0.8562550122126544
logic,definition,2.0,1.0,0.2,1.0,0.003325213412989636,0.9966747865870104,0.9467310309410095,0.8073285803988084
logic,definition,0.0,5.0,0.0,0.0,0.0,1.0,0.0,0.0
logic,definition,0.25,5.0,0.0,0.0,1.9217292675399733e-05,0.9999807827073246,0.11834137886762619,-9.608646337699867e-05
logic,definition,0.5,5.0,0.0,0.5,9.203471068752744e-05,0.9999079652893125,0.23668275773525238,0.49953982644656236
logic,definition,0.75,5.0,0.0,1.0,0.00026376332717203965,0.999736236672828,0.355024129152298,0.9986811833641398
logic,definition,1.0,5.0,0.0,1.0,0.000585319889506164,0.9994146801104938,0.47336551547050476,0.9970734005524692
logic,definition,1.5,5.0,0.0,1.0,0.0017353361264264011,0.9982646638735736,0.710048258304596,0.991323319367868
logic,definition,2.0,5.0,0.0,1.0,0.003325213412989636,0.9966747865870104,0.9467310309410095,0.9833739329350518
logic,definition,0.0,5.0,0.05,0.0,0.0,1.0,0.0,0.0
logic,definition,0.25,5.0,0.05,0.0,1.9217292675399733e-05,0.9999807827073246,0.11834137886762619,-0.0060131554067583085
logic,definition,0.5,5.0,0.05,0.5,9.203471068752744e-05,0.9999079652893125,0.23668275773525238,0.48770568855979973
logic,definition,0.75,5.0,0.05,1.0,0.00026376332717203965,0.999736236672828,0.355024129152298,0.980929976906525
logic,definition,1.0,5.0,0.05,1.0,0.000585319889506164,0.9994146801104938,0.47336551547050476,0.9734051247789439
logic,definition,1.5,5.0,0.05,1.0,0.0017353361264264011,0.9982646638735736,0.710048258304596,0.9558209064526382
logic,definition,2.0,5.0,0.05,1.0,0.003325213412989636,0.9966747865870104,0.9467310309410095,0.9360373813880013
logic,definition,0.0,5.0,0.1,0.0,0.0,1.0,0.0,0.0
logic,definition,0.25,5.0,0.1,0.0,1.9217292675399733e-05,0.9999807827073246,0.11834137886762619,-0.011930224350139618
logic,definition,0.5,5.0,0.1,0.5,9.203471068752744e-05,0.9999079652893125,0.23668275773525238,0.4758715506730371
logic,definition,0.75,5.0,0.1,1.0,0.00026376332717203965,0.999736236672828,0.355024129152298,0.96317877044891
logic,definition,1.0,5.0,0.1,1.0,0.000585319889506164,0.9994146801104938,0.47336551547050476,0.9497368490054187
logic,definition,1.5,5.0,0.1,1.0,0.0017353361264264011,0.9982646638735736,0.710048258304596,0.9203184935374084
logic,definition,2.0,5.0,0.1,1.0,0.003325213412989636,0.9966747865870104,0.9467310309410095,0.8887008298409509
logic,definition,0.0,5.0,0.2,0.0,0.0,1.0,0.0,0.0
logic,definition,0.25,5.0,0.2,0.0,1.9217292675399733e-05,0.9999807827073246,0.11834137886762619,-0.023764362236902238
logic,definition,0.5,5.0,0.2,0.5,9.203471068752744e-05,0.9999079652893125,0.23668275773525238,0.4522032748995119
logic,definition,0.75,5.0,0.2,1.0,0.00026376332717203965,0.999736236672828,0.355024129152298,0.9276763575336802
logic,definition,1.0,5.0,0.2,1.0,0.000585319889506164,0.9994146801104938,0.47336551547050476,0.9024002974583683
logic,definition,1.5,5.0,0.2,1.0,0.0017353361264264011,0.9982646638735736,0.710048258304596,0.8493136677069488
logic,definition,2.0,5.0,0.2,1.0,0.003325213412989636,0.9966747865870104,0.9467310309410095,0.7940277267468498
logic,definition,0.0,10.0,0.0,0.0,0.0,1.0,0.0,0.0
logic,definition,0.25,10.0,0.0,0.0,1.9217292675399733e-05,0.9999807827073246,0.11834137886762619,-0.00019217292675399733
logic,definition,0.5,10.0,0.0,0.5,9.203471068752744e-05,0.9999079652893125,0.23668275773525238,0.4990796528931247
logic,definition,0.75,10.0,0.0,1.0,0.00026376332717203965,0.999736236672828,0.355024129152298,0.9973623667282796
logic,definition,1.0,10.0,0.0,1.0,0.000585319889506164,0.9994146801104938,0.47336551547050476,0.9941468011049384
logic,definition,1.5,10.0,0.0,1.0,0.0017353361264264011,0.9982646638735736,0.710048258304596,0.982646638735736
logic,definition,2.0,10.0,0.0,1.0,0.003325213412989636,0.9966747865870104,0.9467310309410095,0.9667478658701036
logic,definition,0.0,10.0,0.05,0.0,0.0,1.0,0.0,0.0
logic,definition,0.25,10.0,0.05,0.0,1.9217292675399733e-05,0.9999807827073246,0.11834137886762619,-0.006109241870135307
logic,definition,0.5,10.0,0.05,0.5,9.203471068752744e-05,0.9999079652893125,0.23668275773525238,0.4872455150063621
logic,definition,0.75,10.0,0.05,1.0,0.00026376332717203965,0.999736236672828,0.355024129152298,0.9796111602706647
logic,definition,1.0,10.0,0.05,1.0,0.000585319889506164,0.9994146801104938,0.47336551547050476,0.9704785253314131
logic,definition,1.5,10.0,0.05,1.0,0.0017353361264264011,0.9982646638735736,0.710048258304596,0.9471442258205062
logic,definition,2.0,10.0,0.05,1.0,0.003325213412989636,0.9966747865870104,0.9467310309410095,0.9194113143230531
logic,definition,0.0,10.0,0.1,0.0,0.0,1.0,0.0,0.0
logic,definition,0.25,10.0,0.1,0.0,1.9217292675399733e-05,0.9999807827073246,0.11834137886762619,-0.012026310813516617
logic,definition,0.5,10.0,0.1,0.5,9.203471068752744e-05,0.9999079652893125,0.23668275773525238,0.47541137711959947
logic,definition,0.75,10.0,0.1,1.0,0.00026376332717203965,0.999736236672828,0.355024129152298,0.9618599538130498
logic,definition,1.0,10.0,0.1,1.0,0.000585319889506164,0.9994146801104938,0.47336551547050476,0.9468102495578878
logic,definition,1.5,10.0,0.1,1.0,0.0017353361264264011,0.9982646638735736,0.710048258304596,0.9116418129052763
logic,definition,2.0,10.0,0.1,1.0,0.003325213412989636,0.9966747865870104,0.9467310309410095,0.8720747627760027
logic,definition,0.0,10.0,0.2,0.0,0.0,1.0,0.0,0.0
logic,definition,0.25,10.0,0.2,0.0,1.9217292675399733e-05,0.9999807827073246,0.11834137886762619,-0.023860448700279237
logic,definition,0.5,10.0,0.2,0.5,9.203471068752744e-05,0.9999079652893125,0.23668275773525238,0.45174310134607426
logic,definition,0.75,10.0,0.2,1.0,0.00026376332717203965,0.999736236672828,0.355024129152298,0.92635754089782
logic,definition,1.0,10.0,0.2,1.0,0.000585319889506164,0.9994146801104938,0.47336551547050476,0.8994736980108374
logic,definition,1.5,10.0,0.2,1.0,0.0017353361264264011,0.9982646638735736,0.710048258304596,0.8406369870748168
logic,definition,2.0,10.0,0.2,1.0,0.003325213412989636,0.9966747865870104,0.9467310309410095,0.7774016596819018
logic,definition,0.0,20.0,0.0,0.0,0.0,1.0,0.0,0.0
logic,definition,0.25,20.0,0.0,0.0,1.9217292675399733e-05,0.9999807827073246,0.11834137886762619,-0.00038434585350799466
logic,definition,0.5,20.0,0.0,0.5,9.203471068752744e-05,0.9999079652893125,0.23668275773525238,0.49815930578624945
logic,definition,0.75,20.0,0.0,1.0,0.00026376332717203965,0.999736236672828,0.355024129152298,0.9947247334565592
logic,definition,1.0,20.0,0.0,1.0,0.000585319889506164,0.9994146801104938,0.47336551547050476,0.9882936022098767
logic,definition,1.5,20.0,0.0,1.0,0.0017353361264264011,0.9982646638735736,0.710048258304596,0.965293277471472
logic,definition,2.0,20.0,0.0,1.0,0.003325213412989636,0.9966747865870104,0.9467310309410095,0.9334957317402073
logic,definition,0.0,20.0,0.05,0.0,0.0,1.0,0.0,0.0
logic,definition,0.25,20.0,0.05,0.0,1.9217292675399733e-05,0.9999807827073246,0.11834137886762619,-0.0063014147968893045
logic,definition,0.5,20.0,0.05,0.5,9.203471068752744e-05,0.9999079652893125,0.23668275773525238,0.4863251678994868
logic,definition,0.75,20.0,0.05,1.0,0.00026376332717203965,0.999736236672828,0.355024129152298,0.9769735269989444
logic,definition,1.0,20.0,0.05,1.0,0.000585319889506164,0.9994146801104938,0.47336551547050476,0.9646253264363515
logic,definition,1.5,20.0,0.05,1.0,0.0017353361264264011,0.9982646638735736,0.710048258304596,0.9297908645562422
logic,definition,2.0,20.0,0.05,1.0,0.003325213412989636,0.9966747865870104,0.9467310309410095,0.8861591801931568
logic,definition,0.0,20.0,0.1,0.0,0.0,1.0,0.0,0.0
logic,definition,0.25,20.0,0.1,0.0,1.9217292675399733e-05,0.9999807827073246,0.11834137886762619,-0.012218483740270614
logic,definition,0.5,20.0,0.1,0.5,9.203471068752744e-05,0.9999079652893125,0.23668275773525238,0.4744910300127242
logic,definition,0.75,20.0,0.1,1.0,0.00026376332717203965,0.999736236672828,0.355024129152298,0.9592223205413294
logic,definition,1.0,20.0,0.1,1.0,0.000585319889506164,0.9994146801104938,0.47336551547050476,0.9409570506628262
logic,definition,1.5,20.0,0.1,1.0,0.0017353361264264011,0.9982646638735736,0.710048258304596,0.8942884516410123
logic,definition,2.0,20.0,0.1,1.0,0.003325213412989636,0.9966747865870104,0.9467310309410095,0.8388226286461063
logic,definition,0.0,20.0,0.2,0.0,0.0,1.0,0.0,0.0
logic,definition,0.25,20.0,0.2,0.0,1.9217292675399733e-05,0.9999807827073246,0.11834137886762619,-0.024052621627033234
logic,definition,0.5,20.0,0.2,0.5,9.203471068752744e-05,0.9999079652893125,0.23668275773525238,0.450822754239199
logic,definition,0.75,20.0,0.2,1.0,0.00026376332717203965,0.999736236672828,0.355024129152298,0.9237199076260996
logic,definition,1.0,20.0,0.2,1.0,0.000585319889506164,0.9994146801104938,0.47336551547050476,0.8936204991157758
logic,definition,1.5,20.0,0.2,1.0,0.0017353361264264011,0.9982646638735736,0.710048258304596,0.8232836258105528
logic,definition,2.0,20.0,0.2,1.0,0.003325213412989636,0.9966747865870104,0.9467310309410095,0.7441495255520054
logic,definition,0.0,50.0,0.0,0.0,0.0,1.0,0.0,0.0
logic,definition,0.25,50.0,0.0,0.0,1.9217292675399733e-05,0.9999807827073246,0.11834137886762619,-0.0009608646337699867
logic,definition,0.5,50.0,0.0,0.5,9.203471068752744e-05,0.9999079652893125,0.23668275773525238,0.49539826446562363
logic,definition,0.75,50.0,0.0,1.0,0.00026376332717203965,0.999736236672828,0.355024129152298,0.986811833641398
logic,definition,1.0,50.0,0.0,1.0,0.000585319889506164,0.9994146801104938,0.47336551547050476,0.9707340055246918
logic,definition,1.5,50.0,0.0,1.0,0.0017353361264264011,0.9982646638735736,0.710048258304596,0.9132331936786799
logic,definition,2.0,50.0,0.0,1.0,0.003325213412989636,0.9966747865870104,0.9467310309410095,0.8337393293505182
logic,definition,0.0,50.0,0.05,0.0,0.0,1.0,0.0,0.0
logic,definition,0.25,50.0,0.05,0.0,1.9217292675399733e-05,0.9999807827073246,0.11834137886762619,-0.0068779335771512965
logic,definition,0.5,50.0,0.05,0.5,9.203471068752744e-05,0.9999079652893125,0.23668275773525238,0.483564126578861
logic,definition,0.75,50.0,0.05,1.0,0.00026376332717203965,0.999736236672828,0.355024129152298,0.9690606271837832
logic,definition,1.0,50.0,0.05,1.0,0.000585319889506164,0.9994146801104938,0.47336551547050476,0.9470657297511665
logic,definition,1.5,50.0,0.05,1.0,0.0017353361264264011,0.9982646638735736,0.710048258304596,0.8777307807634501
logic,definition,2.0,50.0,0.05,1.0,0.003325213412989636,0.9966747865870104,0.9467310309410095,0.7864027778034677
logic,definition,0.0,50.0,0.1,0.0,0.0,1.0,0.0,0.0
logic,definition,0.25,50.0,0.1,0.0,1.9217292675399733e-05,0.9999807827073246,0.11834137886762619,-0.012795002520532606
logic,definition,0.5,50.0,0.1,0.5,9.203471068752744e-05,0.9999079652893125,0.23668275773525238,0.47172998869209837
logic,definition,0.75,50.0,0.1,1.0,0.00026376332717203965,0.999736236672828,0.355024129152298,0.9513094207261682
logic,definition,1.0,50.0,0.1,1.0,0.000585319889506164,0.9994146801104938,0.47336551547050476,0.9233974539776413
logic,definition,1.5,50.0,0.1,1.0,0.0017353361264264011,0.9982646638735736,0.710048258304596,0.8422283678482203
logic,definition,2.0,50.0,0.1,1.0,0.003325213412989636,0.9966747865870104,0.9467310309410095,0.7390662262564173
logic,definition,0.0,50.0,0.2,0.0,0.0,1.0,0.0,0.0
logic,definition,0.25,50.0,0.2,0.0,1.9217292675399733e-05,0.9999807827073246,0.11834137886762619,-0.024629140407295226
logic,definition,0.5,50.0,0.2,0.5,9.203471068752744e-05,0.9999079652893125,0.23668275773525238,0.44806171291857316
logic,definition,0.75,50.0,0.2,1.0,0.00026376332717203965,0.999736236672828,0.355024129152298,0.9158070078109384
logic,definition,1.0,50.0,0.2,1.0,0.000585319889506164,0.9994146801104938,0.47336551547050476,0.8760609024305909
logic,definition,1.5,50.0,0.2,1.0,0.0017353361264264011,0.9982646638735736,0.710048258304596,0.7712235420177608
logic,definition,2.0,50.0,0.2,1.0,0.003325213412989636,0.9966747865870104,0.9467310309410095,0.6443931231623163
logic,definition,0.0,100.0,0.0,0.0,0.0,1.0,0.0,0.0
logic,definition,0.25,100.0,0.0,0.0,1.9217292675399733e-05,0.9999807827073246,0.11834137886762619,-0.0019217292675399733
logic,definition,0.5,100.0,0.0,0.5,9.203471068752744e-05,0.9999079652893125,0.23668275773525238,0.49079652893124726
logic,definition,0.75,100.0,0.0,1.0,0.00026376332717203965,0.999736236672828,0.355024129152298,0.973623667282796
logic,definition,1.0,100.0,0.0,1.0,0.000585319889506164,0.9994146801104938,0.47336551547050476,0.9414680110493836
logic,definition,1.5,100.0,0.0,1.0,0.0017353361264264011,0.9982646638735736,0.710048258304596,0.8264663873573599
logic,definition,2.0,100.0,0.0,1.0,0.003325213412989636,0.9966747865870104,0.9467310309410095,0.6674786587010364
logic,definition,0.0,100.0,0.05,0.0,0.0,1.0,0.0,0.0
logic,definition,0.25,100.0,0.05,0.0,1.9217292675399733e-05,0.9999807827073246,0.11834137886762619,-0.007838798210921283
logic,definition,0.5,100.0,0.05,0.5,9.203471068752744e-05,0.9999079652893125,0.23668275773525238,0.4789623910444846
logic,definition,0.75,100.0,0.05,1.0,0.00026376332717203965,0.999736236672828,0.355024129152298,0.9558724608251812
logic,definition,1.0,100.0,0.05,1.0,0.000585319889506164,0.9994146801104938,0.47336551547050476,0.9177997352758583
logic,definition,1.5,100.0,0.05,1.0,0.0017353361264264011,0.9982646638735736,0.710048258304596,0.7909639744421301
logic,definition,2.0,100.0,0.05,1.0,0.003325213412989636,0.9966747865870104,0.9467310309410095,0.6201421071539859
logic,definition,0.0,100.0,0.1,0.0,0.0,1.0,0.0,0.0
logic,definition,0.25,100.0,0.1,0.0,1.9217292675399733e-05,0.9999807827073246,0.11834137886762619,-0.013755867154302593
logic,definition,0.5,100.0,0.1,0.5,9.203471068752744e-05,0.9999079652893125,0.23668275773525238,0.467128253157722
logic,definition,0.75,100.0,0.1,1.0,0.00026376332717203965,0.999736236672828,0.355024129152298,0.9381212543675662
logic,definition,1.0,100.0,0.1,1.0,0.000585319889506164,0.9994146801104938,0.47336551547050476,0.8941314595023331
logic,definition,1.5,100.0,0.1,1.0,0.0017353361264264011,0.9982646638735736,0.710048258304596,0.7554615615269002
logic,definition,2.0,100.0,0.1,1.0,0.003325213412989636,0.9966747865870104,0.9467310309410095,0.5728055556069355
logic,definition,0.0,100.0,0.2,0.0,0.0,1.0,0.0,0.0
logic,definition,0.25,100.0,0.2,0.0,1.9217292675399733e-05,0.9999807827073246,0.11834137886762619,-0.025590005041065213
logic,definition,0.5,100.0,0.2,0.5,9.203471068752744e-05,0.9999079652893125,0.23668275773525238,0.4434599773841968
logic,definition,0.75,100.0,0.2,1.0,0.00026376332717203965,0.999736236672828,0.355024129152298,0.9026188414523364
logic,definition,1.0,100.0,0.2,1.0,0.000585319889506164,0.9994146801104938,0.47336551547050476,0.8467949079552827
logic,definition,1.5,100.0,0.2,1.0,0.0017353361264264011,0.9982646638735736,0.710048258304596,0.6844567356964407
logic,definition,2.0,100.0,0.2,1.0,0.003325213412989636,0.9966747865870104,0.9467310309410095,0.4781324525128345
causality,logic,0.0,1.0,0.0,0.0,1.1102230246251565e-16,0.9999999999999999,0.0,-1.1102230246251565e-16
causality,logic,0.25,1.0,0.0,0.0,0.0006702913147303979,0.9993297086852696,0.11487782001495361,-0.0006702913147303979
causality,logic,0.5,1.0,0.0,0.3333333333333333,0.0028643820008027454,0.9971356179991973,0.22975564002990723,0.33046895133253057
causality,logic,0.75,1.0,0.0,1.0,0.006512560265031331,0.9934874397349687,0.34463346004486084,0.9934874397349687
causality,logic,1.0,1.0,0.0,1.0,0.010969698952701834,0.9890303010472982,0.45951128005981445,0.9890303010472982
causality,logic,1.5,1.0,0.0,1.0,0.01815771106523323,0.9818422889347668,0.6892669200897217,0.9818422889347668
causality,logic,2.0,1.0,0.0,1.0,0.019154513856628586,0.9808454861433714,0.9190225601196289,0.9808454861433714
causality,logic,0.0,1.0,0.05,0.0,1.1102230246251565e-16,0.9999999999999999,0.0,-1.1102230246251565e-16
causality,logic,0.25,1.0,0.05,0.0,0.0006702913147303979,0.9993297086852696,0.11487782001495361,-0.006414182315478079
causality,logic,0.5,1.0,0.05,0.3333333333333333,0.0028643820008027454,0.9971356179991973,0.22975564002990723,0.3189811693310352
causality,logic,0.75,1.0,0.05,1.0,0.006512560265031331,0.9934874397349687,0.34463346004486084,0.9762557667327256
causality,logic,1.0,1.0,0.05,1.0,0.010969698952701834,0.9890303010472982,0.45951128005981445,0.9660547370443074
causality,logic,1.5,1.0,0.05,1.0,0.01815771106523323,0.9818422889347668,0.6892669200897217,0.9473789429302807
causality,logic,2.0,1.0,0.05,1.0,0.019154513856628586,0.9808454861433714,0.9190225601196289,0.93489435813739
causality,logic,0.0,1.0,0.1,0.0,1.1102230246251565e-16,0.9999999999999999,0.0,-1.1102230246251565e-16
causality,logic,0.25,1.0,0.1,0.0,0.0006702913147303979,0.9993297086852696,0.11487782001495361,-0.01215807331622576
causality,logic,0.5,1.0,0.1,0.3333333333333333,0.0028643820008027454,0.9971356179991973,0.22975564002990723,0.30749338732953985
causality,logic,0.75,1.0,0.1,1.0,0.006512560265031331,0.9934874397349687,0.34463346004486084,0.9590240937304826
causality,logic,1.0,1.0,0.1,1.0,0.010969698952701834,0.9890303010472982,0.45951128005981445,0.9430791730413167
causality,logic,1.5,1.0,0.1,1.0,0.01815771106523323,0.9818422889347668,0.6892669200897217,0.9129155969257946
causality,logic,2.0,1.0,0.1,1.0,0.019154513856628586,0.9808454861433714,0.9190225601196289,0.8889432301314085
causality,logic,0.0,1.0,0.2,0.0,1.1102230246251565e-16,0.9999999999999999,0.0,-1.1102230246251565e-16
causality,logic,0.25,1.0,0.2,0.0,0.0006702913147303979,0.9993297086852696,0.11487782001495361,-0.02364585531772112
causality,logic,0.5,1.0,0.2,0.3333333333333333,0.0028643820008027454,0.9971356179991973,0.22975564002990723,0.2845178233265491
causality,logic,0.75,1.0,0.2,1.0,0.006512560265031331,0.9934874397349687,0.34463346004486084,0.9245607477259965
causality,logic,1.0,1.0,0.2,1.0,0.010969698952701834,0.9890303010472982,0.45951128005981445,0.8971280450353353
causality,logic,1.5,1.0,0.2,1.0,0.01815771106523323,0.9818422889347668,0.6892669200897217,0.8439889049168224
causality,logic,2.0,1.0,0.2,1.0,0.019154513856628586,0.9808454861433714,0.9190225601196289,0.7970409741194456
causality,logic,0.0,5.0,0.0,0.0,1.1102230246251565e-16,0.9999999999999999,0.0,-5.551115123125783e-16
causality,logic,0.25,5.0,0.0,0.0,0.0006702913147303979,0.9993297086852696,0.11487782001495361,-0.0033514565736519897
causality,logic,0.5,5.0,0.0,0.3333333333333333,0.0028643820008027454,0.9971356179991973,0.22975564002990723,0.3190114233293196
causality,logic,0.75,5.0,0.0,1.0,0.006512560265031331,0.9934874397349687,0.34463346004486084,0.9674371986748433
causality,logic,1.0,5.0,0.0,1.0,0.010969698952701834,0.9890303010472982,0.45951128005981445,0.9451515052364908
causality,logic,1.5,5.0,0.0,1.0,0.01815771106523323,0.9818422889347668,0.6892669200897217,0.9092114446738339
causality,logic,2.0,5.0,0.0,1.0,0.019154513856628586,0.9808454861433714,0.9190225601196289,0.9042274307168571
causality,logic,0.0,5.0,0.05,0.0,1.1102230246251565e-16,0.9999999999999999,0.0,-5.551115123125783e-16
causality,logic,0.25,5.0,0.05,0.0,0.0006702913147303979,0.9993297086852696,0.11487782001495361,-0.00909534757439967
causality,logic,0.5,5.0,0.05,0.3333333333333333,0.0028643820008027454,0.9971356179991973,0.22975564002990723,0.3075236413278242
causality,logic,0.75,5.0,0.05,1.0,0.006512560265031331,0.9934874397349687,0.34463346004486084,0.9502055256726003
causality,logic,1.0,5.0,0.05,1.0,0.010969698952701834,0.9890303010472982,0.45951128005981445,0.9221759412335001
causality,logic,1.5,5.0,0.05,1.0,0.01815771106523323,0.9818422889347668,0.6892669200897217,0.8747480986693478
causality,logic,2.0,5.0,0.05,1.0,0.019154513856628586,0.9808454861433714,0.9190225601196289,0.8582763027108756
causality,logic,0.0,5.0,0.1,0.0,1.1102230246251565e-16,0.9999999999999999,0.0,-5.551115123125783e-16
causality,logic,0.25,5.0,0.1,0.0,0.0006702913147303979,0.9993297086852696,0.11487782001495361,-0.014839238575147351
causality,logic,0.5,5.0,0.1,0.3333333333333333,0.0028643820008027454,0.9971356179991973,0.22975564002990723,0.29603585932632887
causality,logic,0.75,5.0,0.1,1.0,0.006512560265031331,0.9934874397349687,0.34463346004486084,0.9329738526703573
causality,logic,1.0,5.0,0.1,1.0,0.010969698952701834,0.9890303010472982,0.45951128005981445,0.8992003772305094
causality,logic,1.5,5.0,0.1,1.0,0.01815771106523323,0.9818422889347668,0.6892669200897217,0.8402847526648617
causality,logic,2.0,5.0,0.1,1.0,0.019154513856628586,0.9808454861433714,0.9190225601196289,0.8123251747048942
causality,logic,0.0,5.0,0.2,0.0,1.1102230246251565e-16,0.9999999999999999,0.0,-5.551115123125783e-16
causality,logic,0.25,5.0,0.2,0.0,0.0006702913147303979,0.9993297086852696,0.11487782001495361,-0.026327020576642712
causality,logic,0.5,5.0,0.2,0.3333333333333333,0.0028643820008027454,0.9971356179991973,0.22975564002990723,0.27306029532333814
causality,logic,0.75,5.0,0.2,1.0,0.006512560265031331,0.9934874397349687,0.34463346004486084,0.8985105066658712
causality,logic,1.0,5.0,0.2,1.0,0.010969698952701834,0.9890303010472982,0.45951128005981445,0.8532492492245279
causality,logic,1.5,5.0,0.2,1.0,0.01815771106523323,0.9818422889347668,0.6892669200897217,0.7713580606558895
causality,logic,2.0,5.0,0.2,1.0,0.019154513856628586,0.9808454861433714,0.9190225601196289,0.7204229186929313
causality,logic,0.0,10.0,0.0,0.0,1.1102230246251565e-16,0.9999999999999999,0.0,-1.1102230246251565e-15
causality,logic,0.25,10.0,0.0,0.0,0.0006702913147303979,0.9993297086852696,0.11487782001495361,-0.006702913147303979
causality,logic,0.5,10.0,0.0,0.3333333333333333,0.0028643820008027454,0.9971356179991973,0.22975564002990723,0.30468951332530586
causality,logic,0.75,10.0,0.0,1.0,0.006512560265031331,0.9934874397349687,0.34463346004486084,0.9348743973496867
causality,logic,1.0,10.0,0.0,1.0,0.010969698952701834,0.9890303010472982,0.45951128005981445,0.8903030104729817
causality,logic,1.5,10.0,0.0,1.0,0.01815771106523323,0.9818422889347668,0.6892669200897217,0.8184228893476677
causality,logic,2.0,10.0,0.0,1.0,0.019154513856628586,0.9808454861433714,0.9190225601196289,0.8084548614337141
causality,logic,0.0,10.0,0.05,0.0,1.1102230246251565e-16,0.9999999999999999,0.0,-1.1102230246251565e-15
causality,logic,0.25,10.0,0.05,0.0,0.0006702913147303979,0.9993297086852696,0.11487782001495361,-0.01244680414805166
causality,logic,0.5,10.0,0.05,0.3333333333333333,0.0028643820008027454,0.9971356179991973,0.22975564002990723,0.2932017313238105
causality,logic,0.75,10.0,0.05,1.0,0.006512560265031331,0.9934874397349687,0.34463346004486084,0.9176427243474437
causality,logic,1.0,10.0,0.05,1.0,0.010969698952701834,0.9890303010472982,0.45951128005981445,0.8673274464699909
causality,logic,1.5,10.0,0.05,1.0,0.01815771106523323,0.9818422889347668,0.6892669200897217,0.7839595433431816
causality,logic,2.0,10.0,0.05,1.0,0.019154513856628586,0.9808454861433714,0.9190225601196289,0.7625037334277327
causality,logic,0.0,10.0,0.1,0.0,1.1102230246251565e-16,0.9999999999999999,0.0,-1.1102230246251565e-15
causality,logic,0.25,10.0,0.1,0.0,0.0006702913147303979,0.9993297086852696,0.11487782001495361,-0.01819069514879934
causality,logic,0.5,10.0,0.1,0.3333333333333333,0.0028643820008027454,0.9971356179991973,0.22975564002990723,0.28171394932231514
causality,logic,0.75,10.0,0.1,1.0,0.006512560265031331,0.9934874397349687,0.34463346004486084,0.9004110513452006
causality,logic,1.0,10.0,0.1,1.0,0.010969698952701834,0.9890303010472982,0.45951128005981445,0.8443518824670002
causality,logic,1.5,10.0,0.1,1.0,0.01815771106523323,0.9818422889347668,0.6892669200897217,0.7494961973386955
causality,logic,2.0,10.0,0.1,1.0,0.019154513856628586,0.9808454861433714,0.9190225601196289,0.7165526054217513
causality,logic,0.0,10.0,0.2,0.0,1.1102230246251565e-16,0.9999999999999999,0.0,-1.1102230246251565e-15
causality,logic,0.25,10.0,0.2,0.0,0.0006702913147303979,0.9993297086852696,0.11487782001495361,-0.029678477150294702
causality,logic,0.5,10.0,0.2,0.3333333333333333,0.0028643820008027454,0.9971356179991973,0.22975564002990723,0.2587383853193244
causality,logic,0.75,10.0,0.2,1.0,0.006512560265031331,0.9934874397349687,0.34463346004486084,0.8659477053407145
causality,logic,1.0,10.0,0.2,1.0,0.010969698952701834,0.9890303010472982,0.45951128005981445,0.7984007544610188
causality,logic,1.5,10.0,0.2,1.0,0.01815771106523323,0.9818422889347668,0.6892669200897217,0.6805695053297234
causality,logic,2.0,10.0,0.2,1.0,0.019154513856628586,0.9808454861433714,0.9190225601196289,0.6246503494097884
causality,logic,0.0,20.0,0.0,0.0,1.1102230246251565e-16,0.9999999999999999,0.0,-2.220446049250313e-15
causality,logic,0.25,20.0,0.0,0.0,0.0006702913147303979,0.9993297086852696,0.11487782001495361,-0.013405826294607959
causality,logic,0.5,20.0,0.0,0.3333333333333333,0.0028643820008027454,0.9971356179991973,0.22975564002990723,0.2760456933172784
causality,logic,0.75,20.0,0.0,1.0,0.006512560265031331,0.9934874397349687,0.34463346004486084,0.8697487946993734
causality,logic,1.0,20.0,0.0,1.0,0.010969698952701834,0.9890303010472982,0.45951128005981445,0.7806060209459633
causality,logic,1.5,20.0,0.0,1.0,0.01815771106523323,0.9818422889347668,0.6892669200897217,0.6368457786953354
causality,logic,2.0,20.0,0.0,1.0,0.019154513856628586,0.9808454861433714,0.9190225601196289,0.6169097228674283
causality,logic,0.0,20.0,0.05,0.0,1.1102230246251565e-16,0.9999999999999999,0.0,-2.220446049250313e-15
causality,logic,0.25,20.0,0.05,0.0,0.0006702913147303979,0.9993297086852696,0.11487782001495361,-0.01914971729535564
causality,logic,0.5,20.0,0.05,0.3333333333333333,0.0028643820008027454,0.9971356179991973,0.22975564002990723,0.26455791131578305
causality,logic,0.75,20.0,0.05,1.0,0.006512560265031331,0.9934874397349687,0.34463346004486084,0.8525171216971303
causality,logic,1.0,20.0,0.05,1.0,0.010969698952701834,0.9890303010472982,0.45951128005981445,0.7576304569429726
causality,logic,1.5,20.0,0.05,1.0,0.01815771106523323,0.9818422889347668,0.6892669200897217,0.6023824326908493
causality,logic,2.0,20.0,0.05,1.0,0.019154513856628586,0.9808454861433714,0.9190225601196289,0.5709585948614468
causality,logic,0.0,20.0,0.1,0.0,1.1102230246251565e-16,0.9999999999999999,0.0,-2.220446049250313e-15
causality,logic,0.25,20.0,0.1,0.0,0.0006702913147303979,0.9993297086852696,0.11487782001495361,-0.02489360829610332
causality,logic,0.5,20.0,0.1,0.3333333333333333,0.0028643820008027454,0.9971356179991973,0.22975564002990723,0.2530701293142877
causality,logic,0.75,20.0,0.1,1.0,0.006512560265031331,0.9934874397349687,0.34463346004486084,0.8352854486948873
causality,logic,1.0,20.0,0.1,1.0,0.010969698952701834,0.9890303010472982,0.45951128005981445,0.7346548929399819
causality,logic,1.5,20.0,0.1,1.0,0.01815771106523323,0.9818422889347668,0.6892669200897217,0.5679190866863633
causality,logic,2.0,20.0,0.1,1.0,0.019154513856628586,0.9808454861433714,0.9190225601196289,0.5250074668554654
causality,logic,0.0,20.0,0.2,0.0,1.1102230246251565e-16,0.9999999999999999,0.0,-2.220446049250313e-15
causality,logic,0.25,20.0,0.2,0.0,0.0006702913147303979,0.9993297086852696,0.11487782001495361,-0.03638139029759868
causality,logic,0.5,20.0,0.2,0.3333333333333333,0.0028643820008027454,0.9971356179991973,0.22975564002990723,0.23009456531129696
causality,logic,0.75,20.0,0.2,1.0,0.006512560265031331,0.9934874397349687,0.34463346004486084,0.8008221026904012
causality,logic,1.0,20.0,0.2,1.0,0.010969698952701834,0.9890303010472982,0.45951128005981445,0.6887037649340004
causality,logic,1.5,20.0,0.2,1.0,0.01815771106523323,0.9818422889347668,0.6892669200897217,0.4989923946773911
causality,logic,2.0,20.0,0.2,1.0,0.019154513856628586,0.9808454861433714,0.9190225601196289,0.4331052108435025
causality,logic,0.0,50.0,0.0,0.0,1.1102230246251565e-16,0.9999999999999999,0.0,-5.551115123125783e-15
causality,logic,0.25,50.0,0.0,0.0,0.0006702913147303979,0.9993297086852696,0.11487782001495361,-0.0335145657365199
causality,logic,0.5,50.0,0.0,0.3333333333333333,0.0028643820008027454,0.9971356179991973,0.22975564002990723,0.19011423329319604
causality,logic,0.75,50.0,0.0,1.0,0.006512560265031331,0.9934874397349687,0.34463346004486084,0.6743719867484335
causality,logic,1.0,50.0,0.0,1.0,0.010969698952701834,0.9890303010472982,0.45951128005981445,0.4515150523649083
causality,logic,1.5,50.0,0.0,1.0,0.01815771106523323,0.9818422889347668,0.6892669200897217,0.09211444673833857
causality,logic,2.0,50.0,0.0,1.0,0.019154513856628586,0.9808454861433714,0.9190225601196289,0.042274307168570724
causality,logic,0.0,50.0,0.05,0.0,1.1102230246251565e-16,0.9999999999999999,0.0,-5.551115123125783e-15
causality,logic,0.25,50.0,0.05,0.0,0.0006702913147303979,0.9993297086852696,0.11487782001495361,-0.03925845673726758
causality,logic,0.5,50.0,0.05,0.3333333333333333,0.0028643820008027454,0.9971356179991973,0.22975564002990723,0.17862645129170068
causality,logic,0.75,50.0,0.05,1.0,0.006512560265031331,0.9934874397349687,0.34463346004486084,0.6571403137461904
causality,logic,1.0,50.0,0.05,1.0,0.010969698952701834,0.9890303010472982,0.45951128005981445,0.4285394883619176
causality,logic,1.5,50.0,0.05,1.0,0.01815771106523323,0.9818422889347668,0.6892669200897217,0.05765110073385249
causality,logic,2.0,50.0,0.05,1.0,0.019154513856628586,0.9808454861433714,0.9190225601196289,-0.0036768208374107214
causality,logic,0.0,50.0,0.1,0.0,1.1102230246251565e-16,0.9999999999999999,0.0,-5.551115123125783e-15
causality,logic,0.25,50.0,0.1,0.0,0.0006702913147303979,0.9993297086852696,0.11487782001495361,-0.04500234773801526
causality,logic,0.5,50.0,0.1,0.3333333333333333,0.0028643820008027454,0.9971356179991973,0.22975564002990723,0.16713866929020532
causality,logic,0.75,50.0,0.1,1.0,0.006512560265031331,0.9934874397349687,0.34463346004486084,0.6399086407439474
causality,logic,1.0,50.0,0.1,1.0,0.010969698952701834,0.9890303010472982,0.45951128005981445,0.40556392435892685
causality,logic,1.5,50.0,0.1,1.0,0.01815771106523323,0.9818422889347668,0.6892669200897217,0.023187754729366405
causality,logic,2.0,50.0,0.1,1.0,0.019154513856628586,0.9808454861433714,0.9190225601196289,-0.04962794884339217
causality,logic,0.0,50.0,0.2,0.0,1.1102230246251565e-16,0.9999999999999999,0.0,-5.551115123125783e-15
causality,logic,0.25,50.0,0.2,0.0,0.0006702913147303979,0.9993297086852696,0.11487782001495361,-0.05649012973951062
causality,logic,0.5,50.0,0.2,0.3333333333333333,0.0028643820008027454,0.9971356179991973,0.22975564002990723,0.1441631052872146
causality,logic,0.75,50.0,0.2,1.0,0.006512560265031331,0.9934874397349687,0.34463346004486084,0.6054452947394613
causality,logic,1.0,50.0,0.2,1.0,0.010969698952701834,0.9890303010472982,0.45951128005981445,0.3596127963529454
causality,logic,1.5,50.0,0.2,1.0,0.01815771106523323,0.9818422889347668,0.6892669200897217,-0.04573893727960576
causality,logic,2.0,50.0,0.2,1.0,0.019154513856628586,0.9808454861433714,0.9190225601196289,-0.14153020485535506
causality,logic,0.0,100.0,0.0,0.0,1.1102230246251565e-16,0.9999999999999999,0.0,-1.1102230246251565e-14
causality,logic,0.25,100.0,0.0,0.0,0.0006702913147303979,0.9993297086852696,0.11487782001495361,-0.0670291314730398
causality,logic,0.5,100.0,0.0,0.3333333333333333,0.0028643820008027454,0.9971356179991973,0.22975564002990723,0.046895133253058774
causality,logic,0.75,100.0,0.0,1.0,0.006512560265031331,0.9934874397349687,0.34463346004486084,0.3487439734968669
causality,logic,1.0,100.0,0.0,1.0,0.010969698952701834,0.9890303010472982,0.45951128005981445,-0.0969698952701834
causality,logic,1.5,100.0,0.0,1.0,0.01815771106523323,0.9818422889347668,0.6892669200897217,-0.8157711065233229
causality,logic,2.0,100.0,0.0,1.0,0.019154513856628586,0.9808454861433714,0.9190225601196289,-0.9154513856628586
causality,logic,0.0,100.0,0.05,0.0,1.1102230246251565e-16,0.9999999999999999,0.0,-1.1102230246251565e-14
causality,logic,0.25,100.0,0.05,0.0,0.0006702913147303979,0.9993297086852696,0.11487782001495361,-0.07277302247378747
causality,logic,0.5,100.0,0.05,0.3333333333333333,0.0028643820008027454,0.9971356179991973,0.22975564002990723,0.03540735125156341
causality,logic,0.75,100.0,0.05,1.0,0.006512560265031331,0.9934874397349687,0.34463346004486084,0.3315123004946239
causality,logic,1.0,100.0,0.05,1.0,0.010969698952701834,0.9890303010472982,0.45951128005981445,-0.11994545927317413
causality,logic,1.5,100.0,0.05,1.0,0.01815771106523323,0.9818422889347668,0.6892669200897217,-0.8502344525278089
causality,logic,2.0,100.0,0.05,1.0,0.019154513856628586,0.9808454861433714,0.9190225601196289,-0.96140251366884
causality,logic,0.0,100.0,0.1,0.0,1.1102230246251565e-16,0.9999999999999999,0.0,-1.1102230246251565e-14
causality,logic,0.25,100.0,0.1,0.0,0.0006702913147303979,0.9993297086852696,0.11487782001495361,-0.07851691347453515
causality,logic,0.5,100.0,0.1,0.3333333333333333,0.0028643820008027454,0.9971356179991973,0.22975564002990723,0.02391956925006805
causality,logic,0.75,100.0,0.1,1.0,0.006512560265031331,0.9934874397349687,0.34463346004486084,0.31428062749238084
causality,logic,1.0,100.0,0.1,1.0,0.010969698952701834,0.9890303010472982,0.45951128005981445,-0.14292102327616485
causality,logic,1.5,100.0,0.1,1.0,0.01815771106523323,0.9818422889347668,0.6892669200897217,-0.884697798532295
causality,logic,2.0,100.0,0.1,1.0,0.019154513856628586,0.9808454861433714,0.9190225601196289,-1.0073536416748214
causality,logic,0.0,100.0,0.2,0.0,1.1102230246251565e-16,0.9999999999999999,0.0,-1.1102230246251565e-14
causality,logic,0.25,100.0,0.2,0.0,0.0006702913147303979,0.9993297086852696,0.11487782001495361,-0.09000469547603052
causality,logic,0.5,100.0,0.2,0.3333333333333333,0.0028643820008027454,0.9971356179991973,0.22975564002990723,0.0009440052470773286
causality,logic,0.75,100.0,0.2,1.0,0.006512560265031331,0.9934874397349687,0.34463346004486084,0.27981728148789475
causality,logic,1.0,100.0,0.2,1.0,0.010969698952701834,0.9890303010472982,0.45951128005981445,-0.1888721512821463
causality,logic,1.5,100.0,0.2,1.0,0.01815771106523323,0.9818422889347668,0.6892669200897217,-0.9536244905412672
causality,logic,2.0,100.0,0.2,1.0,0.019154513856628586,0.9808454861433714,0.9190225601196289,-1.0992558976867843
causality,analogy,0.0,1.0,0.0,0.0,1.1102230246251565e-16,0.9999999999999999,0.0,-1.1102230246251565e-16
causality,analogy,0.25,1.0,0.0,0.0,0.0003855172357196679,0.9996144827642803,0.12931765615940094,-0.0003855172357196679
causality,analogy,0.5,1.0,0.0,0.5,0.00161559546335599,0.998384404536644,0.2586353123188019,0.498384404536644
causality,analogy,0.75,1.0,0.0,1.0,0.003597561196052479,0.9964024388039475,0.3879530131816864,0.9964024388039475
causality,analogy,1.0,1.0,0.0,1.0,0.005962772811260786,0.9940372271887392,0.5172706246376038,0.9940372271887392
causality,analogy,1.5,1.0,0.0,1.0,0.01003621004556321,0.9899637899544368,0.7759060263633728,0.9899637899544368
causality,analogy,2.0,1.0,0.0,1.0,0.011996740720265797,0.9880032592797342,1.0345412492752075,0.9880032592797342
causality,analogy,0.0,1.0,0.05,0.0,1.1102230246251565e-16,0.9999999999999999,0.0,-1.1102230246251565e-16
causality,analogy,0.25,1.0,0.05,0.0,0.0003855172357196679,0.9996144827642803,0.12931765615940094,-0.006851400043689716
causality,analogy,0.5,1.0,0.05,0.5,0.00161559546335599,0.998384404536644,0.2586353123188019,0.4854526389207039
causality,analogy,0.75,1.0,0.05,1.0,0.003597561196052479,0.9964024388039475,0.3879530131816864,0.9770047881448632
causality,analogy,1.0,1.0,0.05,1.0,0.005962772811260786,0.9940372271887392,0.5172706246376038,0.968173695956859
causality,analogy,1.5,1.0,0.05,1.0,0.01003621004556321,0.9899637899544368,0.7759060263633728,0.9511684886362681
causality,analogy,2.0,1.0,0.05,1.0,0.011996740720265797,0.9880032592797342,1.0345412492752075,0.9362761968159738
causality,analogy,0.0,1.0,0.1,0.0,1.1102230246251565e-16,0.9999999999999999,0.0,-1.1102230246251565e-16
causality,analogy,0.25,1.0,0.1,0.0,0.0003855172357196679,0.9996144827642803,0.12931765615940094,-0.013317282851659763
causality,analogy,0.5,1.0,0.1,0.5,0.00161559546335599,0.998384404536644,0.2586353123188019,0.47252087330476383
causality,analogy,0.75,1.0,0.1,1.0,0.003597561196052479,0.9964024388039475,0.3879530131816864,0.9576071374857789
causality,analogy,1.0,1.0,0.1,1.0,0.005962772811260786,0.9940372271887392,0.5172706246376038,0.9423101647249789
causality,analogy,1.5,1.0,0.1,1.0,0.01003621004556321,0.9899637899544368,0.7759060263633728,0.9123731873180995
causality,analogy,2.0,1.0,0.1,1.0,0.011996740720265797,0.9880032592797342,1.0345412492752075,0.8845491343522134
causality,analogy,0.0,1.0,0.2,0.0,1.1102230246251565e-16,0.9999999999999999,0.0,-1.1102230246251565e-16
causality,analogy,0.25,1.0,0.2,0.0,0.0003855172357196679,0.9996144827642803,0.12931765615940094,-0.02624904846759986
causality,analogy,0.5,1.0,0.2,0.5,0.00161559546335599,0.998384404536644,0.2586353123188019,0.44665734207288366
causality,analogy,0.75,1.0,0.2,1.0,0.003597561196052479,0.9964024388039475,0.3879530131816864,0.9188118361676102
causality,analogy,1.0,1.0,0.2,1.0,0.005962772811260786,0.9940372271887392,0.5172706246376038,0.8905831022612185
causality,analogy,1.5,1.0,0.2,1.0,0.01003621004556321,0.9899637899544368,0.7759060263633728,0.8347825846817623
causality,analogy,2.0,1.0,0.2,1.0,0.011996740720265797,0.9880032592797342,1.0345412492752075,0.7810950094246927
causality,analogy,0.0,5.0,0.0,0.0,1.1102230246251565e-16,0.9999999999999999,0.0,-5.551115123125783e-16
causality,analogy,0.25,5.0,0.0,0.0,0.0003855172357196679,0.9996144827642803,0.12931765615940094,-0.0019275861785983395
causality,analogy,0.5,5.0,0.0,0.5,0.00161559546335599,0.998384404536644,0.2586353123188019,0.49192202268322005
causality,analogy,0.75,5.0,0.0,1.0,0.003597561196052479,0.9964024388039475,0.3879530131816864,0.9820121940197376
causality,analogy,1.0,5.0,0.0,1.0,0.005962772811260786,0.9940372271887392,0.5172706246376038,0.9701861359436961
causality,analogy,1.5,5.0,0.0,1.0,0.01003621004556321,0.9899637899544368,0.7759060263633728,0.949818949772184
causality,analogy,2.0,5.0,0.0,1.0,0.011996740720265797,0.9880032592797342,1.0345412492752075,0.940016296398671
causality,analogy,0.0,5.0,0.05,0.0,1.1102230246251565e-16,0.9999999999999999,0.0,-5.551115123125783e-16
causality,analogy,0.25,5.0,0.05,0.0,0.0003855172357196679,0.9996144827642803,0.12931765615940094,-0.008393468986568387
causality,analogy,0.5,5.0,0.05,0.5,0.00161559546335599,0.998384404536644,0.2586353123188019,0.47899025706727993
causality,analogy,0.75,5.0,0.05,1.0,0.003597561196052479,0.9964024388039475,0.3879530131816864,0.9626145433606533
causality,analogy,1.0,5.0,0.05,1.0,0.005962772811260786,0.9940372271887392,0.5172706246376038,0.9443226047118158
causality,analogy,1.5,5.0,0.05,1.0,0.01003621004556321,0.9899637899544368,0.7759060263633728,0.9110236484540153
causality,analogy,2.0,5.0,0.05,1.0,0.011996740720265797,0.9880032592797342,1.0345412492752075,0.8882892339349107
causality,analogy,0.0,5.0,0.1,0.0,1.1102230246251565e-16,0.9999999999999999,0.0,-5.551115123125783e-16
causality,analogy,0.25,5.0,0.1,0.0,0.0003855172357196679,0.9996144827642803,0.12931765615940094,-0.014859351794538435
causality,analogy,0.5,5.0,0.1,0.5,0.00161559546335599,0.998384404536644,0.2586353123188019,0.4660584914513399
causality,analogy,0.75,5.0,0.1,1.0,0.003597561196052479,0.9964024388039475,0.3879530131816864,0.9432168927015689
causality,analogy,1.0,5.0,0.1,1.0,0.005962772811260786,0.9940372271887392,0.5172706246376038,0.9184590734799357
causality,analogy,1.5,5.0,0.1,1.0,0.01003621004556321,0.9899637899544368,0.7759060263633728,0.8722283471358466
causality,analogy,2.0,5.0,0.1,1.0,0.011996740720265797,0.9880032592797342,1.0345412492752075,0.8365621714711502
causality,analogy,0.0,5.0,0.2,0.0,1.1102230246251565e-16,0.9999999999999999,0.0,-5.551115123125783e-16
causality,analogy,0.25,5.0,0.2,0.0,0.0003855172357196679,0.9996144827642803,0.12931765615940094,-0.02779111741047853
causality,analogy,0.5,5.0,0.2,0.5,0.00161559546335599,0.998384404536644,0.2586353123188019,0.4401949602194597
causality,analogy,0.75,5.0,0.2,1.0,0.003597561196052479,0.9964024388039475,0.3879530131816864,0.9044215913834003
causality,analogy,1.0,5.0,0.2,1.0,0.005962772811260786,0.9940372271887392,0.5172706246376038,0.8667320110161754
causality,analogy,1.5,5.0,0.2,1.0,0.01003621004556321,0.9899637899544368,0.7759060263633728,0.7946377444995094
causality,analogy,2.0,5.0,0.2,1.0,0.011996740720265797,0.9880032592797342,1.0345412492752075,0.7331080465436295
causality,analogy,0.0,10.0,0.0,0.0,1.1102230246251565e-16,0.9999999999999999,0.0,-1.1102230246251565e-15
causality,analogy,0.25,10.0,0.0,0.0,0.0003855172357196679,0.9996144827642803,0.12931765615940094,-0.003855172357196679
causality,analogy,0.5,10.0,0.0,0.5,0.00161559546335599,0.998384404536644,0.2586353123188019,0.4838440453664401
causality,analogy,0.75,10.0,0.0,1.0,0.003597561196052479,0.9964024388039475,0.3879530131816864,0.9640243880394752
causality,analogy,1.0,10.0,0.0,1.0,0.005962772811260786,0.9940372271887392,0.5172706246376038,0.9403722718873921
causality,analogy,1.5,10.0,0.0,1.0,0.01003621004556321,0.9899637899544368,0.7759060263633728,0.8996378995443679
causality,analogy,2.0,10.0,0.0,1.0,0.011996740720265797,0.9880032592797342,1.0345412492752075,0.880032592797342
causality,analogy,0.0,10.0,0.05,0.0,1.1102230246251565e-16,0.9999999999999999,0.0,-1.1102230246251565e-15
causality,analogy,0.25,10.0,0.05,0.0,0.0003855172357196679,0.9996144827642803,0.12931765615940094,-0.010321055165166727
causality,analogy,0.5,10.0,0.05,0.5,0.00161559546335599,0.998384404536644,0.2586353123188019,0.4709122797505
causality,analogy,0.75,10.0,0.05,1.0,0.003597561196052479,0.9964024388039475,0.3879530131816864,0.9446267373803909
causality,analogy,1.0,10.0,0.05,1.0,0.005962772811260786,0.9940372271887392,0.5172706246376038,0.9145087406555119
causality,analogy,1.5,10.0,0.05,1.0,0.01003621004556321,0.9899637899544368,0.7759060263633728,0.8608425982261992
causality,analogy,2.0,10.0,0.05,1.0,0.011996740720265797,0.9880032592797342,1.0345412492752075,0.8283055303335817
causality,analogy,0.0,10.0,0.1,0.0,1.1102230246251565e-16,0.9999999999999999,0.0,-1.1102230246251565e-15
causality,analogy,0.25,10.0,0.1,0.0,0.0003855172357196679,0.9996144827642803,0.12931765615940094,-0.016786937973136774
causality,analogy,0.5,10.0,0.1,0.5,0.00161559546335599,0.998384404536644,0.2586353123188019,0.4579805141345599
causality,analogy,0.75,10.0,0.1,1.0,0.003597561196052479,0.9964024388039475,0.3879530131816864,0.9252290867213065
causality,analogy,1.0,10.0,0.1,1.0,0.005962772811260786,0.9940372271887392,0.5172706246376038,0.8886452094236318
causality,analogy,1.5,10.0,0.1,1.0,0.01003621004556321,0.9899637899544368,0.7759060263633728,0.8220472969080306
causality,analogy,2.0,10.0,0.1,1.0,0.011996740720265797,0.9880032592797342,1.0345412492752075,0.7765784678698213
causality,analogy,0.0,10.0,0.2,0.0,1.1102230246251565e-16,0.9999999999999999,0.0,-1.1102230246251565e-15
causality,analogy,0.25,10.0,0.2,0.0,0.0003855172357196679,0.9996144827642803,0.12931765615940094,-0.02971870358907687
causality,analogy,0.5,10.0,0.2,0.5,0.00161559546335599,0.998384404536644,0.2586353123188019,0.43211698290267975
causality,analogy,0.75,10.0,0.2,1.0,0.003597561196052479,0.9964024388039475,0.3879530131816864,0.8864337854031379
causality,analogy,1.0,10.0,0.2,1.0,0.005962772811260786,0.9940372271887392,0.5172706246376038,0.8369181469598714
causality,analogy,1.5,10.0,0.2,1.0,0.01003621004556321,0.9899637899544368,0.7759060263633728,0.7444566942716934
causality,analogy,2.0,10.0,0.2,1.0,0.011996740720265797,0.9880032592797342,1.0345412492752075,0.6731243429423005
causality,analogy,0.0,20.0,0.0,0.0,1.1102230246251565e-16,0.9999999999999999,0.0,-2.220446049250313e-15
causality,analogy,0.25,20.0,0.0,0.0,0.0003855172357196679,0.9996144827642803,0.12931765615940094,-0.007710344714393358
causality,analogy,0.5,20.0,0.0,0.5,0.00161559546335599,0.998384404536644,0.2586353123188019,0.4676880907328802
causality,analogy,0.75,20.0,0.0,1.0,0.003597561196052479,0.9964024388039475,0.3879530131816864,0.9280487760789504
causality,analogy,1.0,20.0,0.0,1.0,0.005962772811260786,0.9940372271887392,0.5172706246376038,0.8807445437747843
causality,analogy,1.5,20.0,0.0,1.0,0.01003621004556321,0.9899637899544368,0.7759060263633728,0.7992757990887358
causality,analogy,2.0,20.0,0.0,1.0,0.011996740720265797,0.9880032592797342,1.0345412492752075,0.7600651855946841
causality,analogy,0.0,20.0,0.05,0.0,1.1102230246251565e-16,0.9999999999999999,0.0,-2.220446049250313e-15
causality,analogy,0.25,20.0,0.05,0.0,0.0003855172357196679,0.9996144827642803,0.12931765615940094,-0.014176227522363406
causality,analogy,0.5,20.0,0.05,0.5,0.00161559546335599,0.998384404536644,0.2586353123188019,0.4547563251169401
causality,analogy,0.75,20.0,0.05,1.0,0.003597561196052479,0.9964024388039475,0.3879530131816864,0.9086511254198661
causality,analogy,1.0,20.0,0.05,1.0,0.005962772811260786,0.9940372271887392,0.5172706246376038,0.854881012542904
causality,analogy,1.5,20.0,0.05,1.0,0.01003621004556321,0.9899637899544368,0.7759060263633728,0.7604804977705671
causality,analogy,2.0,20.0,0.05,1.0,0.011996740720265797,0.9880032592797342,1.0345412492752075,0.7083381231309237
causality,analogy,0.0,20.0,0.1,0.0,1.1102230246251565e-16,0.9999999999999999,0.0,-2.220446049250313e-15
causality,analogy,0.25,20.0,0.1,0.0,0.0003855172357196679,0.9996144827642803,0.12931765615940094,-0.020642110330333453
causality,analogy,0.5,20.0,0.1,0.5,0.00161559546335599,0.998384404536644,0.2586353123188019,0.441824559501
causality,analogy,0.75,20.0,0.1,1.0,0.003597561196052479,0.9964024388039475,0.3879530131816864,0.8892534747607818
causality,analogy,1.0,20.0,0.1,1.0,0.005962772811260786,0.9940372271887392,0.5172706246376038,0.8290174813110239
causality,analogy,1.5,20.0,0.1,1.0,0.01003621004556321,0.9899637899544368,0.7759060263633728,0.7216851964523985
causality,analogy,2.0,20.0,0.1,1.0,0.011996740720265797,0.9880032592797342,1.0345412492752075,0.6566110606671633
causality,analogy,0.0,20.0,0.2,0.0,1.1102230246251565e-16,0.9999999999999999,0.0,-2.220446049250313e-15
causality,analogy,0.25,20.0,0.2,0.0,0.0003855172357196679,0.9996144827642803,0.12931765615940094,-0.03357387594627355
causality,analogy,0.5,20.0,0.2,0.5,0.00161559546335599,0.998384404536644,0.2586353123188019,0.41596102826911985
causality,analogy,0.75,20.0,0.2,1.0,0.003597561196052479,0.9964024388039475,0.3879530131816864,0.8504581734426131
causality,analogy,1.0,20.0,0.2,1.0,0.005962772811260786,0.9940372271887392,0.5172706246376038,0.7772904188472636
causality,analogy,1.5,20.0,0.2,1.0,0.01003621004556321,0.9899637899544368,0.7759060263633728,0.6440945938160613
causality,analogy,2.0,20.0,0.2,1.0,0.011996740720265797,0.9880032592797342,1.0345412492752075,0.5531569357396425
causality,analogy,0.0,50.0,0.0,0.0,1.1102230246251565e-16,0.9999999999999999,0.0,-5.551115123125783e-15
causality,analogy,0.25,50.0,0.0,0.0,0.0003855172357196679,0.9996144827642803,0.12931765615940094,-0.019275861785983395
causality,analogy,0.5,50.0,0.0,0.5,0.00161559546335599,0.998384404536644,0.2586353123188019,0.4192202268322005
causality,analogy,0.75,50.0,0.0,1.0,0.003597561196052479,0.9964024388039475,0.3879530131816864,0.820121940197376
causality,analogy,1.0,50.0,0.0,1.0,0.005962772811260786,0.9940372271887392,0.5172706246376038,0.7018613594369607
causality,analogy,1.5,50.0,0.0,1.0,0.01003621004556321,0.9899637899544368,0.7759060263633728,0.4981894977218395
causality,analogy,2.0,50.0,0.0,1.0,0.011996740720265797,0.9880032592797342,1.0345412492752075,0.40016296398671014
causality,analogy,0.0,50.0,0.05,0.0,1.1102230246251565e-16,0.9999999999999999,0.0,-5.551115123125783e-15
causality,analogy,0.25,50.0,0.05,0.0,0.0003855172357196679,0.9996144827642803,0.12931765615940094,-0.025741744593953442
causality,analogy,0.5,50.0,0.05,0.5,0.00161559546335599,0.998384404536644,0.2586353123188019,0.4062884612162604
causality,analogy,0.75,50.0,0.05,1.0,0.003597561196052479,0.9964024388039475,0.3879530131816864,0.8007242895382918
causality,analogy,1.0,50.0,0.05,1.0,0.005962772811260786,0.9940372271887392,0.5172706246376038,0.6759978282050805
causality,analogy,1.5,50.0,0.05,1.0,0.01003621004556321,0.9899637899544368,0.7759060263633728,0.45939419640367085
causality,analogy,2.0,50.0,0.05,1.0,0.011996740720265797,0.9880032592797342,1.0345412492752075,0.3484359015229498
causality,analogy,0.0,50.0,0.1,0.0,1.1102230246251565e-16,0.9999999999999999,0.0,-5.551115123125783e-15
causality,analogy,0.25,50.0,0.1,0.0,0.0003855172357196679,0.9996144827642803,0.12931765615940094,-0.03220762740192349
causality,analogy,0.5,50.0,0.1,0.5,0.00161559546335599,0.998384404536644,0.2586353123188019,0.3933566956003203
causality,analogy,0.75,50.0,0.1,1.0,0.003597561196052479,0.9964024388039475,0.3879530131816864,0.7813266388792074
causality,analogy,1.0,50.0,0.1,1.0,0.005962772811260786,0.9940372271887392,0.5172706246376038,0.6501342969732004
causality,analogy,1.5,50.0,0.1,1.0,0.01003621004556321,0.9899637899544368,0.7759060263633728,0.42059889508550224
causality,analogy,2.0,50.0,0.1,1.0,0.011996740720265797,0.9880032592797342,1.0345412492752075,0.2967088390591894
causality,analogy,0.0,50.0,0.2,0.0,1.1102230246251565e-16,0.9999999999999999,0.0,-5.551115123125783e-15
causality,analogy,0.25,50.0,0.2,0.0,0.0003855172357196679,0.9996144827642803,0.12931765615940094,-0.045139393017863585
causality,analogy,0.5,50.0,0.2,0.5,0.00161559546335599,0.998384404536644,0.2586353123188019,0.36749316436844015
causality,analogy,0.75,50.0,0.2,1.0,0.003597561196052479,0.9964024388039475,0.3879530131816864,0.7425313375610387
causality,analogy,1.0,50.0,0.2,1.0,0.005962772811260786,0.9940372271887392,0.5172706246376038,0.59840723450944
causality,analogy,1.5,50.0,0.2,1.0,0.01003621004556321,0.9899637899544368,0.7759060263633728,0.343008292449165
causality,analogy,2.0,50.0,0.2,1.0,0.011996740720265797,0.9880032592797342,1.0345412492752075,0.19325471413166861
causality,analogy,0.0,100.0,0.0,0.0,1.1102230246251565e-16,0.9999999999999999,0.0,-1.1102230246251565e-14
causality,analogy,0.25,100.0,0.0,0.0,0.0003855172357196679,0.9996144827642803,0.12931765615940094,-0.03855172357196679
causality,analogy,0.5,100.0,0.0,0.5,0.00161559546335599,0.998384404536644,0.2586353123188019,0.338440453664401
causality,analogy,0.75,100.0,0.0,1.0,0.003597561196052479,0.9964024388039475,0.3879530131816864,0.6402438803947521
causality,analogy,1.0,100.0,0.0,1.0,0.005962772811260786,0.9940372271887392,0.5172706246376038,0.4037227188739214
causality,analogy,1.5,100.0,0.0,1.0,0.01003621004556321,0.9899637899544368,0.7759060263633728,-0.0036210045563209725
causality,analogy,2.0,100.0,0.0,1.0,0.011996740720265797,0.9880032592797342,1.0345412492752075,-0.19967407202657972
causality,analogy,0.0,100.0,0.05,0.0,1.1102230246251565e-16,0.9999999999999999,0.0,-1.1102230246251565e-14
causality,analogy,0.25,100.0,0.05,0.0,0.0003855172357196679,0.9996144827642803,0.12931765615940094,-0.045017606379936834
causality,analogy,0.5,100.0,0.05,0.5,0.00161559546335599,0.998384404536644,0.2586353123188019,0.3255086880484609
causality,analogy,0.75,100.0,0.05,1.0,0.003597561196052479,0.9964024388039475,0.3879530131816864,0.6208462297356678
causality,analogy,1.0,100.0,0.05,1.0,0.005962772811260786,0.9940372271887392,0.5172706246376038,0.37785918764204124
causality,analogy,1.5,100.0,0.05,1.0,0.01003621004556321,0.9899637899544368,0.7759060263633728,-0.042416305874489614
causality,analogy,2.0,100.0,0.05,1.0,0.011996740720265797,0.9880032592797342,1.0345412492752075,-0.2514011344903401
causality,analogy,0.0,100.0,0.1,0.0,1.1102230246251565e-16,0.9999999999999999,0.0,-1.1102230246251565e-14
causality,analogy,0.25,100.0,0.1,0.0,0.0003855172357196679,0.9996144827642803,0.12931765615940094,-0.051483489187906885
causality,analogy,0.5,100.0,0.1,0.5,0.00161559546335599,0.998384404536644,0.2586353123188019,0.31257692243252083
causality,analogy,0.75,100.0,0.1,1.0,0.003597561196052479,0.9964024388039475,0.3879530131816864,0.6014485790765834
causality,analogy,1.0,100.0,0.1,1.0,0.005962772811260786,0.9940372271887392,0.5172706246376038,0.35199565641016106
causality,analogy,1.5,100.0,0.1,1.0,0.01003621004556321,0.9899637899544368,0.7759060263633728,-0.08121160719265826
causality,analogy,2.0,100.0,0.1,1.0,0.011996740720265797,0.9880032592797342,1.0345412492752075,-0.3031281969541005
causality,analogy,0.0,100.0,0.2,0.0,1.1102230246251565e-16,0.9999999999999999,0.0,-1.1102230246251565e-14
causality,analogy,0.25,100.0,0.2,0.0,0.0003855172357196679,0.9996144827642803,0.12931765615940094,-0.06441525480384698
causality,analogy,0.5,100.0,0.2,0.5,0.00161559546335599,0.998384404536644,0.2586353123188019,0.28671339120064065
causality,analogy,0.75,100.0,0.2,1.0,0.003597561196052479,0.9964024388039475,0.3879530131816864,0.5626532777584148
causality,analogy,1.0,100.0,0.2,1.0,0.005962772811260786,0.9940372271887392,0.5172706246376038,0.30026859394640065
causality,analogy,1.5,100.0,0.2,1.0,0.01003621004556321,0.9899637899544368,0.7759060263633728,-0.15880220982899554
causality,analogy,2.0,100.0,0.2,1.0,0.011996740720265797,0.9880032592797342,1.0345412492752075,-0.40658232188162124
causality,definition,0.0,1.0,0.0,0.0,1.1102230246251565e-16,0.9999999999999999,0.0,-1.1102230246251565e-16
causality,definition,0.25,1.0,0.0,0.0,3.484304827294782e-05,0.999965156951727,0.08651947975158691,-3.484304827294782e-05
causality,definition,0.5,1.0,0.0,0.6666666666666666,0.00016229115561960938,0.9998377088443804,0.17303895950317383,0.666504375511047
causality,definition,0.75,1.0,0.0,1.0,0.0004214930977544107,0.9995785069022456,0.25955843925476074,0.9995785069022456
causality,definition,1.0,1.0,0.0,1.0,0.0008490714899591634,0.9991509285100408,0.34607791900634766,0.9991509285100408
causality,definition,1.5,1.0,0.0,1.0,0.0022686387658038543,0.9977313612341961,0.5191168785095215,0.9977313612341961
causality,definition,2.0,1.0,0.0,1.0,0.004286965533553233,0.9957130344664468,0.6921558380126953,0.9957130344664468
causality,definition,0.0,1.0,0.05,0.0,1.1102230246251565e-16,0.9999999999999999,0.0,-1.1102230246251565e-16
causality,definition,0.25,1.0,0.05,0.0,3.484304827294782e-05,0.999965156951727,0.08651947975158691,-0.004360817035852294
causality,definition,0.5,1.0,0.05,0.6666666666666666,0.00016229115561960938,0.9998377088443804,0.17303895950317383,0.6578524275358884
causality,definition,0.75,1.0,0.05,1.0,0.0004214930977544107,0.9995785069022456,0.25955843925476074,0.9866005849395075
causality,definition,1.0,1.0,0.05,1.0,0.0008490714899591634,0.9991509285100408,0.34607791900634766,0.9818470325597235
causality,definition,1.5,1.0,0.05,1.0,0.0022686387658038543,0.9977313612341961,0.5191168785095215,0.97177551730872
causality,definition,2.0,1.0,0.05,1.0,0.004286965533553233,0.9957130344664468,0.6921558380126953,0.961105242565812
causality,definition,0.0,1.0,0.1,0.0,1.1102230246251565e-16,0.9999999999999999,0.0,-1.1102230246251565e-16
causality,definition,0.25,1.0,0.1,0.0,3.484304827294782e-05,0.999965156951727,0.08651947975158691,-0.00868679102343164
causality,definition,0.5,1.0,0.1,0.6666666666666666,0.00016229115561960938,0.9998377088443804,0.17303895950317383,0.6492004795607297
causality,definition,0.75,1.0,0.1,1.0,0.0004214930977544107,0.9995785069022456,0.25955843925476074,0.9736226629767695
causality,definition,1.0,1.0,0.1,1.0,0.0008490714899591634,0.9991509285100408,0.34607791900634766,0.964543136609406
causality,definition,1.5,1.0,0.1,1.0,0.0022686387658038543,0.9977313612341961,0.5191168785095215,0.945819673383244
causality,definition,2.0,1.0,0.1,1.0,0.004286965533553233,0.9957130344664468,0.6921558380126953,0.9264974506651772
causality,definition,0.0,1.0,0.2,0.0,1.1102230246251565e-16,0.9999999999999999,0.0,-1.1102230246251565e-16
causality,definition,0.25,1.0,0.2,0.0,3.484304827294782e-05,0.999965156951727,0.08651947975158691,-0.01733873899859033
causality,definition,0.5,1.0,0.2,0.6666666666666666,0.00016229115561960938,0.9998377088443804,0.17303895950317383,0.6318965836104122
causality,definition,0.75,1.0,0.2,1.0,0.0004214930977544107,0.9995785069022456,0.25955843925476074,0.9476668190512935
causality,definition,1.0,1.0,0.2,1.0,0.0008490714899591634,0.9991509285100408,0.34607791900634766,0.9299353447087713
causality,definition,1.5,1.0,0.2,1.0,0.0022686387658038543,0.9977313612341961,0.5191168785095215,0.8939079855322918
causality,definition,2.0,1.0,0.2,1.0,0.004286965533553233,0.9957130344664468,0.6921558380126953,0.8572818668639077
causality,definition,0.0,5.0,0.0,0.0,1.1102230246251565e-16,0.9999999999999999,0.0,-5.551115123125783e-16
causality,definition,0.25,5.0,0.0,0.0,3.484304827294782e-05,0.999965156951727,0.08651947975158691,-0.0001742152413647391
causality,definition,0.5,5.0,0.0,0.6666666666666666,0.00016229115561960938,0.9998377088443804,0.17303895950317383,0.6658552108885686
causality,definition,0.75,5.0,0.0,1.0,0.0004214930977544107,0.9995785069022456,0.25955843925476074,0.997892534511228
causality,definition,1.0,5.0,0.0,1.0,0.0008490714899591634,0.9991509285100408,0.34607791900634766,0.9957546425502042
causality,definition,1.5,5.0,0.0,1.0,0.0022686387658038543,0.9977313612341961,0.5191168785095215,0.9886568061709807
causality,definition,2.0,5.0,0.0,1.0,0.004286965533553233,0.9957130344664468,0.6921558380126953,0.9785651723322338
causality,definition,0.0,5.0,0.05,0.0,1.1102230246251565e-16,0.9999999999999999,0.0,-5.551115123125783e-16
causality,definition,0.25,5.0,0.05,0.0,3.484304827294782e-05,0.999965156951727,0.08651947975158691,-0.004500189228944085
causality,definition,0.5,5.0,0.05,0.6666666666666666,0.00016229115561960938,0.9998377088443804,0.17303895950317383,0.6572032629134099
causality,definition,0.75,5.0,0.05,1.0,0.0004214930977544107,0.9995785069022456,0.25955843925476074,0.9849146125484899
causality,definition,1.0,5.0,0.05,1.0,0.0008490714899591634,0.9991509285100408,0.34607791900634766,0.9784507465998868
causality,definition,1.5,5.0,0.05,1.0,0.0022686387658038543,0.9977313612341961,0.5191168785095215,0.9627009622455046
causality,definition,2.0,5.0,0.05,1.0,0.004286965533553233,0.9957130344664468,0.6921558380126953,0.943957380431599
causality,definition,0.0,5.0,0.1,0.0,1.1102230246251565e-16,0.9999999999999999,0.0,-5.551115123125783e-16
causality,definition,0.25,5.0,0.1,0.0,3.484304827294782e-05,0.999965156951727,0.08651947975158691,-0.00882616321652343
causality,definition,0.5,5.0,0.1,0.6666666666666666,0.00016229115561960938,0.9998377088443804,0.17303895950317383,0.6485513149382512
causality,definition,0.75,5.0,0.1,1.0,0.0004214930977544107,0.9995785069022456,0.25955843925476074,0.9719366905857518
causality,definition,1.0,5.0,0.1,1.0,0.0008490714899591634,0.9991509285100408,0.34607791900634766,0.9611468506495694
causality,definition,1.5,5.0,0.1,1.0,0.0022686387658038543,0.9977313612341961,0.5191168785095215,0.9367451183200286
causality,definition,2.0,5.0,0.1,1.0,0.004286965533553233,0.9957130344664468,0.6921558380126953,0.9093495885309643
causality,definition,0.0,5.0,0.2,0.0,1.1102230246251565e-16,0.9999999999999999,0.0,-5.551115123125783e-16
causality,definition,0.25,5.0,0.2,0.0,3.484304827294782e-05,0.999965156951727,0.08651947975158691,-0.017478111191682123
causality,definition,0.5,5.0,0.2,0.6666666666666666,0.00016229115561960938,0.9998377088443804,0.17303895950317383,0.6312474189879338
causality,definition,0.75,5.0,0.2,1.0,0.0004214930977544107,0.9995785069022456,0.25955843925476074,0.9459808466602758
causality,definition,1.0,5.0,0.2,1.0,0.0008490714899591634,0.9991509285100408,0.34607791900634766,0.9265390587489346
causality,definition,1.5,5.0,0.2,1.0,0.0022686387658038543,0.9977313612341961,0.5191168785095215,0.8848334304690764
causality,definition,2.0,5.0,0.2,1.0,0.004286965533553233,0.9957130344664468,0.6921558380126953,0.8401340047296948
causality,definition,0.0,10.0,0.0,0.0,1.1102230246251565e-16,0.9999999999999999,0.0,-1.1102230246251565e-15
causality,definition,0.25,10.0,0.0,0.0,3.484304827294782e-05,0.999965156951727,0.08651947975158691,-0.0003484304827294782
causality,definition,0.5,10.0,0.0,0.6666666666666666,0.00016229115561960938,0.9998377088443804,0.17303895950317383,0.6650437551104705
causality,definition,0.75,10.0,0.0,1.0,0.0004214930977544107,0.9995785069022456,0.25955843925476074,0.9957850690224559
causality,definition,1.0,10.0,0.0,1.0,0.0008490714899591634,0.9991509285100408,0.34607791900634766,0.9915092851004084
causality,definition,1.5,10.0,0.0,1.0,0.0022686387658038543,0.9977313612341961,0.5191168785095215,0.9773136123419615
causality,definition,2.0,10.0,0.0,1.0,0.004286965533553233,0.9957130344664468,0.6921558380126953,0.9571303446644677
causality,definition,0.0,10.0,0.05,0.0,1.1102230246251565e-16,0.9999999999999999,0.0,-1.1102230246251565e-15
causality,definition,0.25,10.0,0.05,0.0,3.484304827294782e-05,0.999965156951727,0.08651947975158691,-0.004674404470308824
causality,definition,0.5,10.0,0.05,0.6666666666666666,0.00016229115561960938,0.9998377088443804,0.17303895950317383,0.6563918071353119
causality,definition,0.75,10.0,0.05,1.0,0.0004214930977544107,0.9995785069022456,0.25955843925476074,0.9828071470597178
causality,definition,1.0,10.0,0.05,1.0,0.0008490714899591634,0.9991509285100408,0.34607791900634766,0.974205389150091
causality,definition,1.5,10.0,0.05,1.0,0.0022686387658038543,0.9977313612341961,0.5191168785095215,0.9513577684164853
causality,definition,2.0,10.0,0.05,1.0,0.004286965533553233,0.9957130344664468,0.6921558380126953,0.9225225527638329
causality,definition,0.0,10.0,0.1,0.0,1.1102230246251565e-16,0.9999999999999999,0.0,-1.1102230246251565e-15
causality,definition,0.25,10.0,0.1,0.0,3.484304827294782e-05,0.999965156951727,0.08651947975158691,-0.00900037845788817
causality,definition,0.5,10.0,0.1,0.6666666666666666,0.00016229115561960938,0.9998377088443804,0.17303895950317383,0.6477398591601532
causality,definition,0.75,10.0,0.1,1.0,0.0004214930977544107,0.9995785069022456,0.25955843925476074,0.9698292250969798
causality,definition,1.0,10.0,0.1,1.0,0.0008490714899591634,0.9991509285100408,0.34607791900634766,0.9569014931997736
causality,definition,1.5,10.0,0.1,1.0,0.0022686387658038543,0.9977313612341961,0.5191168785095215,0.9254019244910093
causality,definition,2.0,10.0,0.1,1.0,0.004286965533553233,0.9957130344664468,0.6921558380126953,0.8879147608631981
causality,definition,0.0,10.0,0.2,0.0,1.1102230246251565e-16,0.9999999999999999,0.0,-1.1102230246251565e-15
causality,definition,0.25,10.0,0.2,0.0,3.484304827294782e-05,0.999965156951727,0.08651947975158691,-0.01765232643304686
causality,definition,0.5,10.0,0.2,0.6666666666666666,0.00016229115561960938,0.9998377088443804,0.17303895950317383,0.6304359632098357
causality,definition,0.75,10.0,0.2,1.0,0.0004214930977544107,0.9995785069022456,0.25955843925476074,0.9438733811715038
causality,definition,1.0,10.0,0.2,1.0,0.0008490714899591634,0.9991509285100408,0.34607791900634766,0.9222937012991388
causality,definition,1.5,10.0,0.2,1.0,0.0022686387658038543,0.9977313612341961,0.5191168785095215,0.8734902366400572
causality,definition,2.0,10.0,0.2,1.0,0.004286965533553233,0.9957130344664468,0.6921558380126953,0.8186991770619286
causality,definition,0.0,20.0,0.0,0.0,1.1102230246251565e-16,0.9999999999999999,0.0,-2.220446049250313e-15
causality,definition,0.25,20.0,0.0,0.0,3.484304827294782e-05,0.999965156951727,0.08651947975158691,-0.0006968609654589564
causality,definition,0.5,20.0,0.0,0.6666666666666666,0.00016229115561960938,0.9998377088443804,0.17303895950317383,0.6634208435542744
causality,definition,0.75,20.0,0.0,1.0,0.0004214930977544107,0.9995785069022456,0.25955843925476074,0.9915701380449118
causality,definition,1.0,20.0,0.0,1.0,0.0008490714899591634,0.9991509285100408,0.34607791900634766,0.9830185702008167
causality,definition,1.5,20.0,0.0,1.0,0.0022686387658038543,0.9977313612341961,0.5191168785095215,0.9546272246839229
causality,definition,2.0,20.0,0.0,1.0,0.004286965533553233,0.9957130344664468,0.6921558380126953,0.9142606893289353
causality,definition,0.0,20.0,0.05,0.0,1.1102230246251565e-16,0.9999999999999999,0.0,-2.220446049250313e-15
causality,definition,0.25,20.0,0.05,0.0,3.484304827294782e-05,0.999965156951727,0.08651947975158691,-0.005022834953038302
causality,definition,0.5,20.0,0.05,0.6666666666666666,0.00016229115561960938,0.9998377088443804,0.17303895950317383,0.6547688955791158
causality,definition,0.75,20.0,0.05,1.0,0.0004214930977544107,0.9995785069022456,0.25955843925476074,0.9785922160821737
causality,definition,1.0,20.0,0.05,1.0,0.0008490714899591634,0.9991509285100408,0.34607791900634766,0.9657146742504994
causality,definition,1.5,20.0,0.05,1.0,0.0022686387658038543,0.9977313612341961,0.5191168785095215,0.9286713807584468
causality,definition,2.0,20.0,0.05,1.0,0.004286965533553233,0.9957130344664468,0.6921558380126953,0.8796528974283006
causality,definition,0.0,20.0,0.1,0.0,1.1102230246251565e-16,0.9999999999999999,0.0,-2.220446049250313e-15
causality,definition,0.25,20.0,0.1,0.0,3.484304827294782e-05,0.999965156951727,0.08651947975158691,-0.009348808940617648
causality,definition,0.5,20.0,0.1,0.6666666666666666,0.00016229115561960938,0.9998377088443804,0.17303895950317383,0.6461169476039571
causality,definition,0.75,20.0,0.1,1.0,0.0004214930977544107,0.9995785069022456,0.25955843925476074,0.9656142941194357
causality,definition,1.0,20.0,0.1,1.0,0.0008490714899591634,0.9991509285100408,0.34607791900634766,0.948410778300182
causality,definition,1.5,20.0,0.1,1.0,0.0022686387658038543,0.9977313612341961,0.5191168785095215,0.9027155368329708
causality,definition,2.0,20.0,0.1,1.0,0.004286965533553233,0.9957130344664468,0.6921558380126953,0.8450451055276658
causality,definition,0.0,20.0,0.2,0.0,1.1102230246251565e-16,0.9999999999999999,0.0,-2.220446049250313e-15
causality,definition,0.25,20.0,0.2,0.0,3.484304827294782e-05,0.999965156951727,0.08651947975158691,-0.01800075691577634
causality,definition,0.5,20.0,0.2,0.6666666666666666,0.00016229115561960938,0.9998377088443804,0.17303895950317383,0.6288130516536397
causality,definition,0.75,20.0,0.2,1.0,0.0004214930977544107,0.9995785069022456,0.25955843925476074,0.9396584501939597
causality,definition,1.0,20.0,0.2,1.0,0.0008490714899591634,0.9991509285100408,0.34607791900634766,0.9138029863995472
causality,definition,1.5,20.0,0.2,1.0,0.0022686387658038543,0.9977313612341961,0.5191168785095215,0.8508038489820187
causality,definition,2.0,20.0,0.2,1.0,0.004286965533553233,0.9957130344664468,0.6921558380126953,0.7758295217263963
causality,definition,0.0,50.0,0.0,0.0,1.1102230246251565e-16,0.9999999999999999,0.0,-5.551115123125783e-15
causality,definition,0.25,50.0,0.0,0.0,3.484304827294782e-05,0.999965156951727,0.08651947975158691,-0.001742152413647391
causality,definition,0.5,50.0,0.0,0.6666666666666666,0.00016229115561960938,0.9998377088443804,0.17303895950317383,0.6585521088856862
causality,definition,0.75,50.0,0.0,1.0,0.0004214930977544107,0.9995785069022456,0.25955843925476074,0.9789253451122795
causality,definition,1.0,50.0,0.0,1.0,0.0008490714899591634,0.9991509285100408,0.34607791900634766,0.9575464255020418
causality,definition,1.5,50.0,0.0,1.0,0.0022686387658038543,0.9977313612341961,0.5191168785095215,0.8865680617098073
causality,definition,2.0,50.0,0.0,1.0,0.004286965533553233,0.9957130344664468,0.6921558380126953,0.7856517233223383
causality,definition,0.0,50.0,0.05,0.0,1.1102230246251565e-16,0.9999999999999999,0.0,-5.551115123125783e-15
causality,definition,0.25,50.0,0.05,0.0,3.484304827294782e-05,0.999965156951727,0.08651947975158691,-0.006068126401226737
causality,definition,0.5,50.0,0.05,0.6666666666666666,0.00016229115561960938,0.9998377088443804,0.17303895950317383,0.6499001609105275
causality,definition,0.75,50.0,0.05,1.0,0.0004214930977544107,0.9995785069022456,0.25955843925476074,0.9659474231495414
causality,definition,1.0,50.0,0.05,1.0,0.0008490714899591634,0.9991509285100408,0.34607791900634766,0.9402425295517245
causality,definition,1.5,50.0,0.05,1.0,0.0022686387658038543,0.9977313612341961,0.5191168785095215,0.8606122177843312
causality,definition,2.0,50.0,0.05,1.0,0.004286965533553233,0.9957130344664468,0.6921558380126953,0.7510439314217036
causality,definition,0.0,50.0,0.1,0.0,1.1102230246251565e-16,0.9999999999999999,0.0,-5.551115123125783e-15
causality,definition,0.25,50.0,0.1,0.0,3.484304827294782e-05,0.999965156951727,0.08651947975158691,-0.010394100388806083
causality,definition,0.5,50.0,0.1,0.6666666666666666,0.00016229115561960938,0.9998377088443804,0.17303895950317383,0.6412482129353688
causality,definition,0.75,50.0,0.1,1.0,0.0004214930977544107,0.9995785069022456,0.25955843925476074,0.9529695011868033
causality,definition,1.0,50.0,0.1,1.0,0.0008490714899591634,0.9991509285100408,0.34607791900634766,0.922938633601407
causality,definition,1.5,50.0,0.1,1.0,0.0022686387658038543,0.9977313612341961,0.5191168785095215,0.8346563738588552
causality,definition,2.0,50.0,0.1,1.0,0.004286965533553233,0.9957130344664468,0.6921558380126953,0.7164361395210688
causality,definition,0.0,50.0,0.2,0.0,1.1102230246251565e-16,0.9999999999999999,0.0,-5.551115123125783e-15
causality,definition,0.25,50.0,0.2,0.0,3.484304827294782e-05,0.999965156951727,0.08651947975158691,-0.019046048363964774
causality,definition,0.5,50.0,0.2,0.6666666666666666,0.00016229115561960938,0.9998377088443804,0.17303895950317383,0.6239443169850514
causality,definition,0.75,50.0,0.2,1.0,0.0004214930977544107,0.9995785069022456,0.25955843925476074,0.9270136572613273
causality,definition,1.0,50.0,0.2,1.0,0.0008490714899591634,0.9991509285100408,0.34607791900634766,0.8883308417007723
causality,definition,1.5,50.0,0.2,1.0,0.0022686387658038543,0.9977313612341961,0.5191168785095215,0.782744686007903
causality,definition,2.0,50.0,0.2,1.0,0.004286965533553233,0.9957130344664468,0.6921558380126953,0.6472205557197993
causality,definition,0.0,100.0,0.0,0.0,1.1102230246251565e-16,0.9999999999999999,0.0,-1.1102230246251565e-14
causality,definition,0.25,100.0,0.0,0.0,3.484304827294782e-05,0.999965156951727,0.08651947975158691,-0.003484304827294782
causality,definition,0.5,100.0,0.0,0.6666666666666666,0.00016229115561960938,0.9998377088443804,0.17303895950317383,0.6504375511047057
causality,definition,0.75,100.0,0.0,1.0,0.0004214930977544107,0.9995785069022456,0.25955843925476074,0.9578506902245589
causality,definition,1.0,100.0,0.0,1.0,0.0008490714899591634,0.9991509285100408,0.34607791900634766,0.9150928510040837
causality,definition,1.5,100.0,0.0,1.0,0.0022686387658038543,0.9977313612341961,0.5191168785095215,0.7731361234196146
causality,definition,2.0,100.0,0.0,1.0,0.004286965533553233,0.9957130344664468,0.6921558380126953,0.5713034466446767
causality,definition,0.0,100.0,0.05,0.0,1.1102230246251565e-16,0.9999999999999999,0.0,-1.1102230246251565e-14
causality,definition,0.25,100.0,0.05,0.0,3.484304827294782e-05,0.999965156951727,0.08651947975158691,-0.007810278814874128
causality,definition,0.5,100.0,0.05,0.6666666666666666,0.00016229115561960938,0.9998377088443804,0.17303895950317383,0.641785603129547
causality,definition,0.75,100.0,0.05,1.0,0.0004214930977544107,0.9995785069022456,0.25955843925476074,0.9448727682618209
causality,definition,1.0,100.0,0.05,1.0,0.0008490714899591634,0.9991509285100408,0.34607791900634766,0.8977889550537663
causality,definition,1.5,100.0,0.05,1.0,0.0022686387658038543,0.9977313612341961,0.5191168785095215,0.7471802794941385
causality,definition,2.0,100.0,0.05,1.0,0.004286965533553233,0.9957130344664468,0.6921558380126953,0.5366956547440419
causality,definition,0.0,100.0,0.1,0.0,1.1102230246251565e-16,0.9999999999999999,0.0,-1.1102230246251565e-14
causality,definition,0.25,100.0,0.1,0.0,3.484304827294782e-05,0.999965156951727,0.08651947975158691,-0.012136252802453474
causality,definition,0.5,100.0,0.1,0.6666666666666666,0.00016229115561960938,0.9998377088443804,0.17303895950317383,0.6331336551543884
causality,definition,0.75,100.0,0.1,1.0,0.0004214930977544107,0.9995785069022456,0.25955843925476074,0.9318948462990828
causality,definition,1.0,100.0,0.1,1.0,0.0008490714899591634,0.9991509285100408,0.34607791900634766,0.8804850591034489
causality,definition,1.5,100.0,0.1,1.0,0.0022686387658038543,0.9977313612341961,0.5191168785095215,0.7212244355686624
causality,definition,2.0,100.0,0.1,1.0,0.004286965533553233,0.9957130344664468,0.6921558380126953,0.5020878628434071
causality,definition,0.0,100.0,0.2,0.0,1.1102230246251565e-16,0.9999999999999999,0.0,-1.1102230246251565e-14
causality,definition,0.25,100.0,0.2,0.0,3.484304827294782e-05,0.999965156951727,0.08651947975158691,-0.020788200777612165
causality,definition,0.5,100.0,0.2,0.6666666666666666,0.00016229115561960938,0.9998377088443804,0.17303895950317383,0.6158297592040709
causality,definition,0.75,100.0,0.2,1.0,0.0004214930977544107,0.9995785069022456,0.25955843925476074,0.9059390023736068
causality,definition,1.0,100.0,0.2,1.0,0.0008490714899591634,0.9991509285100408,0.34607791900634766,0.8458772672028141
causality,definition,1.5,100.0,0.2,1.0,0.0022686387658038543,0.9977313612341961,0.5191168785095215,0.6693127477177103
causality,definition,2.0,100.0,0.2,1.0,0.004286965533553233,0.9957130344664468,0.6921558380126953,0.43287227904213765
analogy,logic,0.0,1.0,0.0,0.0,0.0,1.0,0.0,0.0
analogy,logic,0.25,1.0,0.0,0.16666666666666666,0.0001817327115424261,0.9998182672884576,0.10777639597654343,0.16648493395512423
analogy,logic,0.5,1.0,0.0,0.3333333333333333,0.0008179320978076721,0.9991820679021923,0.21555279195308685,0.33251540123552564
analogy,logic,0.75,1.0,0.0,1.0,0.001975150913399726,0.9980248490866003,0.32332921028137207,0.9980248490866003
analogy,logic,1.0,1.0,0.0,1.0,0.003593687273410362,0.9964063127265896,0.4311055839061737,0.9964063127265896
analogy,logic,1.5,1.0,0.0,1.0,0.007458290159297887,0.9925417098407021,0.6466584205627441,0.9925417098407021
analogy,logic,2.0,1.0,0.0,1.0,0.010795786820302244,0.9892042131796978,0.8622111678123474,0.9892042131796978
analogy,logic,0.0,1.0,0.05,0.0,0.0,1.0,0.0,0.0
analogy,logic,0.25,1.0,0.05,0.16666666666666666,0.0001817327115424261,0.9998182672884576,0.10777639597654343,0.16109611415629707
analogy,logic,0.5,1.0,0.05,0.3333333333333333,0.0008179320978076721,0.9991820679021923,0.21555279195308685,0.3217377616378713
analogy,logic,0.75,1.0,0.05,1.0,0.001975150913399726,0.9980248490866003,0.32332921028137207,0.9818583885725317
analogy,logic,1.0,1.0,0.05,1.0,0.003593687273410362,0.9964063127265896,0.4311055839061737,0.974851033531281
analogy,logic,1.5,1.0,0.05,1.0,0.007458290159297887,0.9925417098407021,0.6466584205627441,0.9602087888125649
analogy,logic,2.0,1.0,0.05,1.0,0.010795786820302244,0.9892042131796978,0.8622111678123474,0.9460936547890804
analogy,logic,0.0,1.0,0.1,0.0,0.0,1.0,0.0,0.0
analogy,logic,0.25,1.0,0.1,0.16666666666666666,0.0001817327115424261,0.9998182672884576,0.10777639597654343,0.15570729435746988
analogy,logic,0.5,1.0,0.1,0.3333333333333333,0.0008179320978076721,0.9991820679021923,0.21555279195308685,0.31096012204021695
analogy,logic,0.75,1.0,0.1,1.0,0.001975150913399726,0.9980248490866003,0.32332921028137207,0.965691928058463
analogy,logic,1.0,1.0,0.1,1.0,0.003593687273410362,0.9964063127265896,0.4311055839061737,0.9532957543359722
analogy,logic,1.5,1.0,0.1,1.0,0.007458290159297887,0.9925417098407021,0.6466584205627441,0.9278758677844277
analogy,logic,2.0,1.0,0.1,1.0,0.010795786820302244,0.9892042131796978,0.8622111678123474,0.902983096398463
analogy,logic,0.0,1.0,0.2,0.0,0.0,1.0,0.0,0.0
analogy,logic,0.25,1.0,0.2,0.16666666666666666,0.0001817327115424261,0.9998182672884576,0.10777639597654343,0.14492965475981553
analogy,logic,0.5,1.0,0.2,0.3333333333333333,0.0008179320978076721,0.9991820679021923,0.21555279195308685,0.28940484284490825
analogy,logic,0.75,1.0,0.2,1.0,0.001975150913399726,0.9980248490866003,0.32332921028137207,0.9333590070303258
analogy,logic,1.0,1.0,0.2,1.0,0.003593687273410362,0.9964063127265896,0.4311055839061737,0.9101851959453549
analogy,logic,1.5,1.0,0.2,1.0,0.007458290159297887,0.9925417098407021,0.6466584205627441,0.8632100257281533
analogy,logic,2.0,1.0,0.2,1.0,0.010795786820302244,0.9892042131796978,0.8622111678123474,0.8167619796172283
analogy,logic,0.0,5.0,0.0,0.0,0.0,1.0,0.0,0.0
analogy,logic,0.25,5.0,0.0,0.16666666666666666,0.0001817327115424261,0.9998182672884576,0.10777639597654343,0.16575800310895453
analogy,logic,0.5,5.0,0.0,0.3333333333333333,0.0008179320978076721,0.9991820679021923,0.21555279195308685,0.32924367284429495
analogy,logic,0.75,5.0,0.0,1.0,0.001975150913399726,0.9980248490866003,0.32332921028137207,0.9901242454330014
analogy,logic,1.0,5.0,0.0,1.0,0.003593687273410362,0.9964063127265896,0.4311055839061737,0.9820315636329482
analogy,logic,1.5,5.0,0.0,1.0,0.007458290159297887,0.9925417098407021,0.6466584205627441,0.9627085492035106
analogy,logic,2.0,5.0,0.0,1.0,0.010795786820302244,0.9892042131796978,0.8622111678123474,0.9460210658984888
analogy,logic,0.0,5.0,0.05,0.0,0.0,1.0,0.0,0.0
analogy,logic,0.25,5.0,0.05,0.16666666666666666,0.0001817327115424261,0.9998182672884576,0.10777639597654343,0.16036918331012737
analogy,logic,0.5,5.0,0.05,0.3333333333333333,0.0008179320978076721,0.9991820679021923,0.21555279195308685,0.31846603324664063
analogy,logic,0.75,5.0,0.05,1.0,0.001975150913399726,0.9980248490866003,0.32332921028137207,0.9739577849189328
analogy,logic,1.0,5.0,0.05,1.0,0.003593687273410362,0.9964063127265896,0.4311055839061737,0.9604762844376395
analogy,logic,1.5,5.0,0.05,1.0,0.007458290159297887,0.9925417098407021,0.6466584205627441,0.9303756281753733
analogy,logic,2.0,5.0,0.05,1.0,0.010795786820302244,0.9892042131796978,0.8622111678123474,0.9029105075078714
analogy,logic,0.0,5.0,0.1,0.0,0.0,1.0,0.0,0.0
analogy,logic,0.25,5.0,0.1,0.16666666666666666,0.0001817327115424261,0.9998182672884576,0.10777639597654343,0.15498036351130018
analogy,logic,0.5,5.0,0.1,0.3333333333333333,0.0008179320978076721,0.9991820679021923,0.21555279195308685,0.30768839364898626
analogy,logic,0.75,5.0,0.1,1.0,0.001975150913399726,0.9980248490866003,0.32332921028137207,0.9577913244048641
analogy,logic,1.0,5.0,0.1,1.0,0.003593687273410362,0.9964063127265896,0.4311055839061737,0.9389210052423308
analogy,logic,1.5,5.0,0.1,1.0,0.007458290159297887,0.9925417098407021,0.6466584205627441,0.8980427071472361
analogy,logic,2.0,5.0,0.1,1.0,0.010795786820302244,0.9892042131796978,0.8622111678123474,0.859799949117254
analogy,logic,0.0,5.0,0.2,0.0,0.0,1.0,0.0,0.0
analogy,logic,0.25,5.0,0.2,0.16666666666666666,0.0001817327115424261,0.9998182672884576,0.10777639597654343,0.14420272391364583
analogy,logic,0.5,5.0,0.2,0.3333333333333333,0.0008179320978076721,0.9991820679021923,0.21555279195308685,0.28613311445367756
analogy,logic,0.75,5.0,0.2,1.0,0.001975150913399726,0.9980248490866003,0.32332921028137207,0.9254584033767269
analogy,logic,1.0,5.0,0.2,1.0,0.003593687273410362,0.9964063127265896,0.4311055839061737,0.8958104468517134
analogy,logic,1.5,5.0,0.2,1.0,0.007458290159297887,0.9925417098407021,0.6466584205627441,0.8333768650909618
analogy,logic,2.0,5.0,0.2,1.0,0.010795786820302244,0.9892042131796978,0.8622111678123474,0.7735788323360193
analogy,logic,0.0,10.0,0.0,0.0,0.0,1.0,0.0,0.0
analogy,logic,0.25,10.0,0.0,0.16666666666666666,0.0001817327115424261,0.9998182672884576,0.10777639597654343,0.1648493395512424
analogy,logic,0.5,10.0,0.0,0.3333333333333333,0.0008179320978076721,0.9991820679021923,0.21555279195308685,0.3251540123552566
analogy,logic,0.75,10.0,0.0,1.0,0.001975150913399726,0.9980248490866003,0.32332921028137207,0.9802484908660027
analogy,logic,1.0,10.0,0.0,1.0,0.003593687273410362,0.9964063127265896,0.4311055839061737,0.9640631272658964
analogy,logic,1.5,10.0,0.0,1.0,0.007458290159297887,0.9925417098407021,0.6466584205627441,0.9254170984070211
analogy,logic,2.0,10.0,0.0,1.0,0.010795786820302244,0.9892042131796978,0.8622111678123474,0.8920421317969776
analogy,logic,0.0,10.0,0.05,0.0,0.0,1.0,0.0,0.0
analogy,logic,0.25,10.0,0.05,0.16666666666666666,0.0001817327115424261,0.9998182672884576,0.10777639597654343,0.15946051975241524
analogy,logic,0.5,10.0,0.05,0.3333333333333333,0.0008179320978076721,0.9991820679021923,0.21555279195308685,0.3143763727576023
analogy,logic,0.75,10.0,0.05,1.0,0.001975150913399726,0.9980248490866003,0.32332921028137207,0.9640820303519342
analogy,logic,1.0,10.0,0.05,1.0,0.003593687273410362,0.9964063127265896,0.4311055839061737,0.9425078480705877
analogy,logic,1.5,10.0,0.05,1.0,0.007458290159297887,0.9925417098407021,0.6466584205627441,0.8930841773788839
analogy,logic,2.0,10.0,0.05,1.0,0.010795786820302244,0.9892042131796978,0.8622111678123474,0.8489315734063602
analogy,logic,0.0,10.0,0.1,0.0,0.0,1.0,0.0,0.0
analogy,logic,0.25,10.0,0.1,0.16666666666666666,0.0001817327115424261,0.9998182672884576,0.10777639597654343,0.15407169995358805
analogy,logic,0.5,10.0,0.1,0.3333333333333333,0.0008179320978076721,0.9991820679021923,0.21555279195308685,0.3035987331599479
analogy,logic,0.75,10.0,0.1,1.0,0.001975150913399726,0.9980248490866003,0.32332921028137207,0.9479155698378655
analogy,logic,1.0,10.0,0.1,1.0,0.003593687273410362,0.9964063127265896,0.4311055839061737,0.920952568875279
analogy,logic,1.5,10.0,0.1,1.0,0.007458290159297887,0.9925417098407021,0.6466584205627441,0.8607512563507467
analogy,logic,2.0,10.0,0.1,1.0,0.010795786820302244,0.9892042131796978,0.8622111678123474,0.8058210150157428
analogy,logic,0.0,10.0,0.2,0.0,0.0,1.0,0.0,0.0
analogy,logic,0.25,10.0,0.2,0.16666666666666666,0.0001817327115424261,0.9998182672884576,0.10777639597654343,0.1432940603559337
analogy,logic,0.5,10.0,0.2,0.3333333333333333,0.0008179320978076721,0.9991820679021923,0.21555279195308685,0.2820434539646392
analogy,logic,0.75,10.0,0.2,1.0,0.001975150913399726,0.9980248490866003,0.32332921028137207,0.9155826488097283
analogy,logic,1.0,10.0,0.2,1.0,0.003593687273410362,0.9964063127265896,0.4311055839061737,0.8778420104846616
analogy,logic,1.5,10.0,0.2,1.0,0.007458290159297887,0.9925417098407021,0.6466584205627441,0.7960854142944723
analogy,logic,2.0,10.0,0.2,1.0,0.010795786820302244,0.9892042131796978,0.8622111678123474,0.7195998982345081
analogy,logic,0.0,20.0,0.0,0.0,0.0,1.0,0.0,0.0
analogy,logic,0.25,20.0,0.0,0.16666666666666666,0.0001817327115424261,0.9998182672884576,0.10777639597654343,0.16303201243581814
analogy,logic,0.5,20.0,0.0,0.3333333333333333,0.0008179320978076721,0.9991820679021923,0.21555279195308685,0.3169746913771799
analogy,logic,0.75,20.0,0.0,1.0,0.001975150913399726,0.9980248490866003,0.32332921028137207,0.9604969817320055
analogy,logic,1.0,20.0,0.0,1.0,0.003593687273410362,0.9964063127265896,0.4311055839061737,0.9281262545317928
analogy,logic,1.5,20.0,0.0,1.0,0.007458290159297887,0.9925417098407021,0.6466584205627441,0.8508341968140423
analogy,logic,2.0,20.0,0.0,1.0,0.010795786820302244,0.9892042131796978,0.8622111678123474,0.7840842635939551
analogy,logic,0.0,20.0,0.05,0.0,0.0,1.0,0.0,0.0
analogy,logic,0.25,20.0,0.05,0.16666666666666666,0.0001817327115424261,0.9998182672884576,0.10777639597654343,0.15764319263699098
analogy,logic,0.5,20.0,0.05,0.3333333333333333,0.0008179320978076721,0.9991820679021923,0.21555279195308685,0.30619705177952555
analogy,logic,0.75,20.0,0.05,1.0,0.001975150913399726,0.9980248490866003,0.32332921028137207,0.9443305212179369
analogy,logic,1.0,20.0,0.05,1.0,0.003593687273410362,0.9964063127265896,0.4311055839061737,0.9065709753364841
analogy,logic,1.5,20.0,0.05,1.0,0.007458290159297887,0.9925417098407021,0.6466584205627441,0.818501275785905
analogy,logic,2.0,20.0,0.05,1.0,0.010795786820302244,0.9892042131796978,0.8622111678123474,0.7409737052033377
analogy,logic,0.0,20.0,0.1,0.0,0.0,1.0,0.0,0.0
analogy,logic,0.25,20.0,0.1,0.16666666666666666,0.0001817327115424261,0.9998182672884576,0.10777639597654343,0.1522543728381638
analogy,logic,0.5,20.0,0.1,0.3333333333333333,0.0008179320978076721,0.9991820679021923,0.21555279195308685,0.2954194121818712
analogy,logic,0.75,20.0,0.1,1.0,0.001975150913399726,0.9980248490866003,0.32332921028137207,0.9281640607038683
analogy,logic,1.0,20.0,0.1,1.0,0.003593687273410362,0.9964063127265896,0.4311055839061737,0.8850156961411754
analogy,logic,1.5,20.0,0.1,1.0,0.007458290159297887,0.9925417098407021,0.6466584205627441,0.7861683547577678
analogy,logic,2.0,20.0,0.1,1.0,0.010795786820302244,0.9892042131796978,0.8622111678123474,0.6978631468127203
analogy,logic,0.0,20.0,0.2,0.0,0.0,1.0,0.0,0.0
analogy,logic,0.25,20.0,0.2,0.16666666666666666,0.0001817327115424261,0.9998182672884576,0.10777639597654343,0.14147673324050944
analogy,logic,0.5,20.0,0.2,0.3333333333333333,0.0008179320978076721,0.9991820679021923,0.21555279195308685,0.2738641329865625
analogy,logic,0.75,20.0,0.2,1.0,0.001975150913399726,0.9980248490866003,0.32332921028137207,0.895831139675731
analogy,logic,1.0,20.0,0.2,1.0,0.003593687273410362,0.9964063127265896,0.4311055839061737,0.841905137750558
analogy,logic,1.5,20.0,0.2,1.0,0.007458290159297887,0.9925417098407021,0.6466584205627441,0.7215025127014935
analogy,logic,2.0,20.0,0.2,1.0,0.010795786820302244,0.9892042131796978,0.8622111678123474,0.6116420300314857
analogy,logic,0.0,50.0,0.0,0.0,0.0,1.0,0.0,0.0
analogy,logic,0.25,50.0,0.0,0.16666666666666666,0.0001817327115424261,0.9998182672884576,0.10777639597654343,0.15758003108954535
analogy,logic,0.5,50.0,0.0,0.3333333333333333,0.0008179320978076721,0.9991820679021923,0.21555279195308685,0.2924367284429497
analogy,logic,0.75,50.0,0.0,1.0,0.001975150913399726,0.9980248490866003,0.32332921028137207,0.9012424543300137
analogy,logic,1.0,50.0,0.0,1.0,0.003593687273410362,0.9964063127265896,0.4311055839061737,0.8203156363294819
analogy,logic,1.5,50.0,0.0,1.0,0.007458290159297887,0.9925417098407021,0.6466584205627441,0.6270854920351057
analogy,logic,2.0,50.0,0.0,1.0,0.010795786820302244,0.9892042131796978,0.8622111678123474,0.4602106589848878
analogy,logic,0.0,50.0,0.05,0.0,0.0,1.0,0.0,0.0
analogy,logic,0.25,50.0,0.05,0.16666666666666666,0.0001817327115424261,0.9998182672884576,0.10777639597654343,0.1521912112907182
analogy,logic,0.5,50.0,0.05,0.3333333333333333,0.0008179320978076721,0.9991820679021923,0.21555279195308685,0.2816590888452954
analogy,logic,0.75,50.0,0.05,1.0,0.001975150913399726,0.9980248490866003,0.32332921028137207,0.8850759938159452
analogy,logic,1.0,50.0,0.05,1.0,0.003593687273410362,0.9964063127265896,0.4311055839061737,0.7987603571341733
analogy,logic,1.5,50.0,0.05,1.0,0.007458290159297887,0.9925417098407021,0.6466584205627441,0.5947525710069684
analogy,logic,2.0,50.0,0.05,1.0,0.010795786820302244,0.9892042131796978,0.8622111678123474,0.4171001005942704
analogy,logic,0.0,50.0,0.1,0.0,0.0,1.0,0.0,0.0
analogy,logic,0.25,50.0,0.1,0.16666666666666666,0.0001817327115424261,0.9998182672884576,0.10777639597654343,0.146802391491891
analogy,logic,0.5,50.0,0.1,0.3333333333333333,0.0008179320978076721,0.9991820679021923,0.21555279195308685,0.270881449247641
analogy,logic,0.75,50.0,0.1,1.0,0.001975150913399726,0.9980248490866003,0.32332921028137207,0.8689095333018765
analogy,logic,1.0,50.0,0.1,1.0,0.003593687273410362,0.9964063127265896,0.4311055839061737,0.7772050779388645
analogy,logic,1.5,50.0,0.1,1.0,0.007458290159297887,0.9925417098407021,0.6466584205627441,0.5624196499788312
analogy,logic,2.0,50.0,0.1,1.0,0.010795786820302244,0.9892042131796978,0.8622111678123474,0.37398954220365305
analogy,logic,0.0,50.0,0.2,0.0,0.0,1.0,0.0,0.0
analogy,logic,0.25,50.0,0.2,0.16666666666666666,0.0001817327115424261,0.9998182672884576,0.10777639597654343,0.13602475189423666
analogy,logic,0.5,50.0,0.2,0.3333333333333333,0.0008179320978076721,0.9991820679021923,0.21555279195308685,0.24932617005233235
analogy,logic,0.75,50.0,0.2,1.0,0.001975150913399726,0.9980248490866003,0.32332921028137207,0.8365766122737393
analogy,logic,1.0,50.0,0.2,1.0,0.003593687273410362,0.9964063127265896,0.4311055839061737,0.7340945195482471
analogy,logic,1.5,50.0,0.2,1.0,0.007458290159297887,0.9925417098407021,0.6466584205627441,0.49775380792255686
analogy,logic,2.0,50.0,0.2,1.0,0.010795786820302244,0.9892042131796978,0.8622111678123474,0.2877684254224183
analogy,logic,0.0,100.0,0.0,0.0,0.0,1.0,0.0,0.0
analogy,logic,0.25,100.0,0.0,0.16666666666666666,0.0001817327115424261,0.9998182672884576,0.10777639597654343,0.14849339551242405
analogy,logic,0.5,100.0,0.0,0.3333333333333333,0.0008179320978076721,0.9991820679021923,0.21555279195308685,0.2515401235525661
analogy,logic,0.75,100.0,0.0,1.0,0.001975150913399726,0.9980248490866003,0.32332921028137207,0.8024849086600274
analogy,logic,1.0,100.0,0.0,1.0,0.003593687273410362,0.9964063127265896,0.4311055839061737,0.6406312726589638
analogy,logic,1.5,100.0,0.0,1.0,0.007458290159297887,0.9925417098407021,0.6466584205627441,0.2541709840702113
analogy,logic,2.0,100.0,0.0,1.0,0.010795786820302244,0.9892042131796978,0.8622111678123474,-0.07957868203022445
analogy,logic,0.0,100.0,0.05,0.0,0.0,1.0,0.0,0.0
analogy,logic,0.25,100.0,0.05,0.16666666666666666,0.0001817327115424261,0.9998182672884576,0.10777639597654343,0.1431045757135969
analogy,logic,0.5,100.0,0.05,0.3333333333333333,0.0008179320978076721,0.9991820679021923,0.21555279195308685,0.24076248395491176
analogy,logic,0.75,100.0,0.05,1.0,0.001975150913399726,0.9980248490866003,0.32332921028137207,0.7863184481459589
analogy,logic,1.0,100.0,0.05,1.0,0.003593687273410362,0.9964063127265896,0.4311055839061737,0.6190759934636552
analogy,logic,1.5,100.0,0.05,1.0,0.007458290159297887,0.9925417098407021,0.6466584205627441,0.22183806304207412
analogy,logic,2.0,100.0,0.05,1.0,0.010795786820302244,0.9892042131796978,0.8622111678123474,-0.12268924042084181
analogy,logic,0.0,100.0,0.1,0.0,0.0,1.0,0.0,0.0
analogy,logic,0.25,100.0,0.1,0.16666666666666666,0.0001817327115424261,0.9998182672884576,0.10777639597654343,0.1377157559147697
analogy,logic,0.5,100.0,0.1,0.3333333333333333,0.0008179320978076721,0.9991820679021923,0.21555279195308685,0.2299848443572574
analogy,logic,0.75,100.0,0.1,1.0,0.001975150913399726,0.9980248490866003,0.32332921028137207,0.7701519876318902
analogy,logic,1.0,100.0,0.1,1.0,0.003593687273410362,0.9964063127265896,0.4311055839061737,0.5975207142683464
analogy,logic,1.5,100.0,0.1,1.0,0.007458290159297887,0.9925417098407021,0.6466584205627441,0.18950514201393692
analogy,logic,2.0,100.0,0.1,1.0,0.010795786820302244,0.9892042131796978,0.8622111678123474,-0.16579979881145918
analogy,logic,0.0,100.0,0.2,0.0,0.0,1.0,0.0,0.0
analogy,logic,0.25,100.0,0.2,0.16666666666666666,0.0001817327115424261,0.9998182672884576,0.10777639597654343,0.12693811631711535
analogy,logic,0.5,100.0,0.2,0.3333333333333333,0.0008179320978076721,0.9991820679021923,0.21555279195308685,0.20842956516194874
analogy,logic,0.75,100.0,0.2,1.0,0.001975150913399726,0.9980248490866003,0.32332921028137207,0.737819066603753
analogy,logic,1.0,100.0,0.2,1.0,0.003593687273410362,0.9964063127265896,0.4311055839061737,0.554410155877729
analogy,logic,1.5,100.0,0.2,1.0,0.007458290159297887,0.9925417098407021,0.6466584205627441,0.12483929995766249
analogy,logic,2.0,100.0,0.2,1.0,0.010795786820302244,0.9892042131796978,0.8622111678123474,-0.2520209155926939
analogy,causality,0.0,1.0,0.0,0.0,0.0,1.0,0.0,0.0
analogy,causality,0.25,1.0,0.0,0.0,0.0002143492562362015,0.9997856507437638,0.13734905421733856,-0.0002143492562362015
analogy,causality,0.5,1.0,0.0,0.3333333333333333,0.0008806332479361911,0.9991193667520638,0.2746981084346771,0.3324527000853971
analogy,causality,0.75,1.0,0.0,1.0,0.0019109922918736366,0.9980890077081264,0.4120471775531769,0.9980890077081264
analogy,causality,1.0,1.0,0.0,1.0,0.0031017762018228368,0.9968982237981772,0.5493962168693542,0.9968982237981772
analogy,causality,1.5,1.0,0.0,1.0,0.005187937990323799,0.9948120620096762,0.8240943551063538,0.9948120620096762
analogy,causality,2.0,1.0,0.0,1.0,0.00637066433877842,0.9936293356612216,1.0987924337387085,0.9936293356612216
analogy,causality,0.0,1.0,0.05,0.0,0.0,1.0,0.0,0.0
analogy,causality,0.25,1.0,0.05,0.0,0.0002143492562362015,0.9997856507437638,0.13734905421733856,-0.00708180196710313
analogy,causality,0.5,1.0,0.05,0.3333333333333333,0.0008806332479361911,0.9991193667520638,0.2746981084346771,0.3187177946636633
analogy,causality,0.75,1.0,0.05,1.0,0.0019109922918736366,0.9980890077081264,0.4120471775531769,0.9774866488304675
analogy,causality,1.0,1.0,0.05,1.0,0.0031017762018228368,0.9968982237981772,0.5493962168693542,0.9694284129547095
analogy,causality,1.5,1.0,0.05,1.0,0.005187937990323799,0.9948120620096762,0.8240943551063538,0.9536073442543586
analogy,causality,2.0,1.0,0.05,1.0,0.00637066433877842,0.9936293356612216,1.0987924337387085,0.9386897139742861
analogy,causality,0.0,1.0,0.1,0.0,0.0,1.0,0.0,0.0
analogy,causality,0.25,1.0,0.1,0.0,0.0002143492562362015,0.9997856507437638,0.13734905421733856,-0.013949254677970058
analogy,causality,0.5,1.0,0.1,0.3333333333333333,0.0008806332479361911,0.9991193667520638,0.2746981084346771,0.3049828892419294
analogy,causality,0.75,1.0,0.1,1.0,0.0019109922918736366,0.9980890077081264,0.4120471775531769,0.9568842899528087
analogy,causality,1.0,1.0,0.1,1.0,0.0031017762018228368,0.9968982237981772,0.5493962168693542,0.9419586021112417
analogy,causality,1.5,1.0,0.1,1.0,0.005187937990323799,0.9948120620096762,0.8240943551063538,0.9124026264990408
analogy,causality,2.0,1.0,0.1,1.0,0.00637066433877842,0.9936293356612216,1.0987924337387085,0.8837500922873507
analogy,causality,0.0,1.0,0.2,0.0,0.0,1.0,0.0,0.0
analogy,causality,0.25,1.0,0.2,0.0,0.0002143492562362015,0.9997856507437638,0.13734905421733856,-0.027684160099703915
analogy,causality,0.5,1.0,0.2,0.3333333333333333,0.0008806332479361911,0.9991193667520638,0.2746981084346771,0.2775130783984617
analogy,causality,0.75,1.0,0.2,1.0,0.0019109922918736366,0.9980890077081264,0.4120471775531769,0.915679572197491
analogy,causality,1.0,1.0,0.2,1.0,0.0031017762018228368,0.9968982237981772,0.5493962168693542,0.8870189804243063
analogy,causality,1.5,1.0,0.2,1.0,0.005187937990323799,0.9948120620096762,0.8240943551063538,0.8299931909884054
analogy,causality,2.0,1.0,0.2,1.0,0.00637066433877842,0.9936293356612216,1.0987924337387085,0.7738708489134799
analogy,causality,0.0,5.0,0.0,0.0,0.0,1.0,0.0,0.0
analogy,causality,0.25,5.0,0.0,0.0,0.0002143492562362015,0.9997856507437638,0.13734905421733856,-0.0010717462811810075
analogy,causality,0.5,5.0,0.0,0.3333333333333333,0.0008806332479361911,0.9991193667520638,0.2746981084346771,0.32893016709365236
analogy,causality,0.75,5.0,0.0,1.0,0.0019109922918736366,0.9980890077081264,0.4120471775531769,0.9904450385406318
analogy,causality,1.0,5.0,0.0,1.0,0.0031017762018228368,0.9968982237981772,0.5493962168693542,0.9844911189908858
analogy,causality,1.5,5.0,0.0,1.0,0.005187937990323799,0.9948120620096762,0.8240943551063538,0.974060310048381
analogy,causality,2.0,5.0,0.0,1.0,0.00637066433877842,0.9936293356612216,1.0987924337387085,0.9681466783061079
analogy,causality,0.0,5.0,0.05,0.0,0.0,1.0,0.0,0.0
analogy,causality,0.25,5.0,0.05,0.0,0.0002143492562362015,0.9997856507437638,0.13734905421733856,-0.007939198992047935
analogy,causality,0.5,5.0,0.05,0.3333333333333333,0.0008806332479361911,0.9991193667520638,0.2746981084346771,0.3151952616719185
analogy,causality,0.75,5.0,0.05,1.0,0.0019109922918736366,0.9980890077081264,0.4120471775531769,0.969842679662973
analogy,causality,1.0,5.0,0.05,1.0,0.0031017762018228368,0.9968982237981772,0.5493962168693542,0.9570213081474181
analogy,causality,1.5,5.0,0.05,1.0,0.005187937990323799,0.9948120620096762,0.8240943551063538,0.9328555922930634
analogy,causality,2.0,5.0,0.05,1.0,0.00637066433877842,0.9936293356612216,1.0987924337387085,0.9132070566191725
analogy,causality,0.0,5.0,0.1,0.0,0.0,1.0,0.0,0.0
analogy,causality,0.25,5.0,0.1,0.0,0.0002143492562362015,0.9997856507437638,0.13734905421733856,-0.014806651702914864
analogy,causality,0.5,5.0,0.1,0.3333333333333333,0.0008806332479361911,0.9991193667520638,0.2746981084346771,0.30146035625018464
analogy,causality,0.75,5.0,0.1,1.0,0.0019109922918736366,0.9980890077081264,0.4120471775531769,0.9492403207853142
analogy,causality,1.0,5.0,0.1,1.0,0.0031017762018228368,0.9968982237981772,0.5493962168693542,0.9295514973039504
analogy,causality,1.5,5.0,0.1,1.0,0.005187937990323799,0.9948120620096762,0.8240943551063538,0.8916508745377456
analogy,causality,2.0,5.0,0.1,1.0,0.00637066433877842,0.9936293356612216,1.0987924337387085,0.858267434932237
analogy,causality,0.0,5.0,0.2,0.0,0.0,1.0,0.0,0.0
analogy,causality,0.25,5.0,0.2,0.0,0.0002143492562362015,0.9997856507437638,0.13734905421733856,-0.02854155712464872
analogy,causality,0.5,5.0,0.2,0.3333333333333333,0.0008806332479361911,0.9991193667520638,0.2746981084346771,0.2739905454067169
analogy,causality,0.75,5.0,0.2,1.0,0.0019109922918736366,0.9980890077081264,0.4120471775531769,0.9080356030299964
analogy,causality,1.0,5.0,0.2,1.0,0.0031017762018228368,0.9968982237981772,0.5493962168693542,0.8746118756170149
analogy,causality,1.5,5.0,0.2,1.0,0.005187937990323799,0.9948120620096762,0.8240943551063538,0.8092414390271102
analogy,causality,2.0,5.0,0.2,1.0,0.00637066433877842,0.9936293356612216,1.0987924337387085,0.7483881915583662
analogy,causality,0.0,10.0,0.0,0.0,0.0,1.0,0.0,0.0
analogy,causality,0.25,10.0,0.0,0.0,0.0002143492562362015,0.9997856507437638,0.13734905421733856,-0.002143492562362015
analogy,causality,0.5,10.0,0.0,0.3333333333333333,0.0008806332479361911,0.9991193667520638,0.2746981084346771,0.3245270008539714
analogy,causality,0.75,10.0,0.0,1.0,0.0019109922918736366,0.9980890077081264,0.4120471775531769,0.9808900770812636
analogy,causality,1.0,10.0,0.0,1.0,0.0031017762018228368,0.9968982237981772,0.5493962168693542,0.9689822379817716
analogy,causality,1.5,10.0,0.0,1.0,0.005187937990323799,0.9948120620096762,0.8240943551063538,0.948120620096762
analogy,causality,2.0,10.0,0.0,1.0,0.00637066433877842,0.9936293356612216,1.0987924337387085,0.9362933566122158
analogy,causality,0.0,10.0,0.05,0.0,0.0,1.0,0.0,0.0
analogy,causality,0.25,10.0,0.05,0.0,0.0002143492562362015,0.9997856507437638,0.13734905421733856,-0.009010945273228942
analogy,causality,0.5,10.0,0.05,0.3333333333333333,0.0008806332479361911,0.9991193667520638,0.2746981084346771,0.31079209543223757
analogy,causality,0.75,10.0,0.05,1.0,0.0019109922918736366,0.9980890077081264,0.4120471775531769,0.9602877182036048
analogy,causality,1.0,10.0,0.05,1.0,0.0031017762018228368,0.9968982237981772,0.5493962168693542,0.941512427138304
analogy,causality,1.5,10.0,0.05,1.0,0.005187937990323799,0.9948120620096762,0.8240943551063538,0.9069159023414444
analogy,causality,2.0,10.0,0.05,1.0,0.00637066433877842,0.9936293356612216,1.0987924337387085,0.8813537349252804
analogy,causality,0.0,10.0,0.1,0.0,0.0,1.0,0.0,0.0
analogy,causality,0.25,10.0,0.1,0.0,0.0002143492562362015,0.9997856507437638,0.13734905421733856,-0.01587839798409587
analogy,causality,0.5,10.0,0.1,0.3333333333333333,0.0008806332479361911,0.9991193667520638,0.2746981084346771,0.2970571900105037
analogy,causality,0.75,10.0,0.1,1.0,0.0019109922918736366,0.9980890077081264,0.4120471775531769,0.939685359325946
analogy,causality,1.0,10.0,0.1,1.0,0.0031017762018228368,0.9968982237981772,0.5493962168693542,0.9140426162948362
analogy,causality,1.5,10.0,0.1,1.0,0.005187937990323799,0.9948120620096762,0.8240943551063538,0.8657111845861266
analogy,causality,2.0,10.0,0.1,1.0,0.00637066433877842,0.9936293356612216,1.0987924337387085,0.8264141132383449
analogy,causality,0.0,10.0,0.2,0.0,0.0,1.0,0.0,0.0
analogy,causality,0.25,10.0,0.2,0.0,0.0002143492562362015,0.9997856507437638,0.13734905421733856,-0.029613303405829728
analogy,causality,0.5,10.0,0.2,0.3333333333333333,0.0008806332479361911,0.9991193667520638,0.2746981084346771,0.26958737916703596
analogy,causality,0.75,10.0,0.2,1.0,0.0019109922918736366,0.9980890077081264,0.4120471775531769,0.8984806415706282
analogy,causality,1.0,10.0,0.2,1.0,0.0031017762018228368,0.9968982237981772,0.5493962168693542,0.8591029946079007
analogy,causality,1.5,10.0,0.2,1.0,0.005187937990323799,0.9948120620096762,0.8240943551063538,0.7833017490754912
analogy,causality,2.0,10.0,0.2,1.0,0.00637066433877842,0.9936293356612216,1.0987924337387085,0.7165348698644741
analogy,causality,0.0,20.0,0.0,0.0,0.0,1.0,0.0,0.0
analogy,causality,0.25,20.0,0.0,0.0,0.0002143492562362015,0.9997856507437638,0.13734905421733856,-0.00428698512472403
analogy,causality,0.5,20.0,0.0,0.3333333333333333,0.0008806332479361911,0.9991193667520638,0.2746981084346771,0.3157206683746095
analogy,causality,0.75,20.0,0.0,1.0,0.0019109922918736366,0.9980890077081264,0.4120471775531769,0.9617801541625273
analogy,causality,1.0,20.0,0.0,1.0,0.0031017762018228368,0.9968982237981772,0.5493962168693542,0.9379644759635433
analogy,causality,1.5,20.0,0.0,1.0,0.005187937990323799,0.9948120620096762,0.8240943551063538,0.896241240193524
analogy,causality,2.0,20.0,0.0,1.0,0.00637066433877842,0.9936293356612216,1.0987924337387085,0.8725867132244316
analogy,causality,0.0,20.0,0.05,0.0,0.0,1.0,0.0,0.0
analogy,causality,0.25,20.0,0.05,0.0,0.0002143492562362015,0.9997856507437638,0.13734905421733856,-0.011154437835590957
analogy,causality,0.5,20.0,0.05,0.3333333333333333,0.0008806332479361911,0.9991193667520638,0.2746981084346771,0.30198576295287566
analogy,causality,0.75,20.0,0.05,1.0,0.0019109922918736366,0.9980890077081264,0.4120471775531769,0.9411777952848684
analogy,causality,1.0,20.0,0.05,1.0,0.0031017762018228368,0.9968982237981772,0.5493962168693542,0.9104946651200756
analogy,causality,1.5,20.0,0.05,1.0,0.005187937990323799,0.9948120620096762,0.8240943551063538,0.8550365224382064
analogy,causality,2.0,20.0,0.05,1.0,0.00637066433877842,0.9936293356612216,1.0987924337387085,0.8176470915374962
analogy,causality,0.0,20.0,0.1,0.0,0.0,1.0,0.0,0.0
analogy,causality,0.25,20.0,0.1,0.0,0.0002143492562362015,0.9997856507437638,0.13734905421733856,-0.018021890546457885
analogy,causality,0.5,20.0,0.1,0.3333333333333333,0.0008806332479361911,0.9991193667520638,0.2746981084346771,0.28825085753114177
analogy,causality,0.75,20.0,0.1,1.0,0.0019109922918736366,0.9980890077081264,0.4120471775531769,0.9205754364072096
analogy,causality,1.0,20.0,0.1,1.0,0.0031017762018228368,0.9968982237981772,0.5493962168693542,0.8830248542766078
analogy,causality,1.5,20.0,0.1,1.0,0.005187937990323799,0.9948120620096762,0.8240943551063538,0.8138318046828886
analogy,causality,2.0,20.0,0.1,1.0,0.00637066433877842,0.9936293356612216,1.0987924337387085,0.7627074698505607
analogy,causality,0.0,20.0,0.2,0.0,0.0,1.0,0.0,0.0
analogy,causality,0.25,20.0,0.2,0.0,0.0002143492562362015,0.9997856507437638,0.13734905421733856,-0.03175679596819174
analogy,causality,0.5,20.0,0.2,0.3333333333333333,0.0008806332479361911,0.9991193667520638,0.2746981084346771,0.26078104668767405
analogy,causality,0.75,20.0,0.2,1.0,0.0019109922918736366,0.9980890077081264,0.4120471775531769,0.8793707186518919
analogy,causality,1.0,20.0,0.2,1.0,0.0031017762018228368,0.9968982237981772,0.5493962168693542,0.8280852325896724
analogy,causality,1.5,20.0,0.2,1.0,0.005187937990323799,0.9948120620096762,0.8240943551063538,0.7314223691722532
analogy,causality,2.0,20.0,0.2,1.0,0.00637066433877842,0.9936293356612216,1.0987924337387085,0.6528282264766899
analogy,causality,0.0,50.0,0.0,0.0,0.0,1.0,0.0,0.0
analogy,causality,0.25,50.0,0.0,0.0,0.0002143492562362015,0.9997856507437638,0.13734905421733856,-0.010717462811810075
analogy,causality,0.5,50.0,0.0,0.3333333333333333,0.0008806332479361911,0.9991193667520638,0.2746981084346771,0.28930167093652376
analogy,causality,0.75,50.0,0.0,1.0,0.0019109922918736366,0.9980890077081264,0.4120471775531769,0.9044503854063182
analogy,causality,1.0,50.0,0.0,1.0,0.0031017762018228368,0.9968982237981772,0.5493962168693542,0.8449111899088582
analogy,causality,1.5,50.0,0.0,1.0,0.005187937990323799,0.9948120620096762,0.8240943551063538,0.7406031004838101
analogy,causality,2.0,50.0,0.0,1.0,0.00637066433877842,0.9936293356612216,1.0987924337387085,0.681466783061079
analogy,causality,0.0,50.0,0.05,0.0,0.0,1.0,0.0,0.0
analogy,causality,0.25,50.0,0.05,0.0,0.0002143492562362015,0.9997856507437638,0.13734905421733856,-0.017584915522677002
analogy,causality,0.5,50.0,0.05,0.3333333333333333,0.0008806332479361911,0.9991193667520638,0.2746981084346771,0.2755667655147899
analogy,causality,0.75,50.0,0.05,1.0,0.0019109922918736366,0.9980890077081264,0.4120471775531769,0.8838480265286593
analogy,causality,1.0,50.0,0.05,1.0,0.0031017762018228368,0.9968982237981772,0.5493962168693542,0.8174413790653905
analogy,causality,1.5,50.0,0.05,1.0,0.005187937990323799,0.9948120620096762,0.8240943551063538,0.6993983827284924
analogy,causality,2.0,50.0,0.05,1.0,0.00637066433877842,0.9936293356612216,1.0987924337387085,0.6265271613741435
analogy,causality,0.0,50.0,0.1,0.0,0.0,1.0,0.0,0.0
analogy,causality,0.25,50.0,0.1,0.0,0.0002143492562362015,0.9997856507437638,0.13734905421733856,-0.02445236823354393
analogy,causality,0.5,50.0,0.1,0.3333333333333333,0.0008806332479361911,0.9991193667520638,0.2746981084346771,0.26183186009305603
analogy,causality,0.75,50.0,0.1,1.0,0.0019109922918736366,0.9980890077081264,0.4120471775531769,0.8632456676510005
analogy,causality,1.0,50.0,0.1,1.0,0.0031017762018228368,0.9968982237981772,0.5493962168693542,0.7899715682219227
analogy,causality,1.5,50.0,0.1,1.0,0.005187937990323799,0.9948120620096762,0.8240943551063538,0.6581936649731747
analogy,causality,2.0,50.0,0.1,1.0,0.00637066433877842,0.9936293356612216,1.0987924337387085,0.5715875396872081
analogy,causality,0.0,50.0,0.2,0.0,0.0,1.0,0.0,0.0
analogy,causality,0.25,50.0,0.2,0.0,0.0002143492562362015,0.9997856507437638,0.13734905421733856,-0.038187273655277784
analogy,causality,0.5,50.0,0.2,0.3333333333333333,0.0008806332479361911,0.9991193667520638,0.2746981084346771,0.23436204924958834
analogy,causality,0.75,50.0,0.2,1.0,0.0019109922918736366,0.9980890077081264,0.4120471775531769,0.8220409498956828
analogy,causality,1.0,50.0,0.2,1.0,0.0031017762018228368,0.9968982237981772,0.5493962168693542,0.7350319465349873
analogy,causality,1.5,50.0,0.2,1.0,0.005187937990323799,0.9948120620096762,0.8240943551063538,0.5757842294625393
analogy,causality,2.0,50.0,0.2,1.0,0.00637066433877842,0.9936293356612216,1.0987924337387085,0.4617082963133373
analogy,causality,0.0,100.0,0.0,0.0,0.0,1.0,0.0,0.0
analogy,causality,0.25,100.0,0.0,0.0,0.0002143492562362015,0.9997856507437638,0.13734905421733856,-0.02143492562362015
analogy,causality,0.5,100.0,0.0,0.3333333333333333,0.0008806332479361911,0.9991193667520638,0.2746981084346771,0.2452700085397142
analogy,causality,0.75,100.0,0.0,1.0,0.0019109922918736366,0.9980890077081264,0.4120471775531769,0.8089007708126363
analogy,causality,1.0,100.0,0.0,1.0,0.0031017762018228368,0.9968982237981772,0.5493962168693542,0.6898223798177163
analogy,causality,1.5,100.0,0.0,1.0,0.005187937990323799,0.9948120620096762,0.8240943551063538,0.4812062009676201
analogy,causality,2.0,100.0,0.0,1.0,0.00637066433877842,0.9936293356612216,1.0987924337387085,0.362933566122158
analogy,causality,0.0,100.0,0.05,0.0,0.0,1.0,0.0,0.0
analogy,causality,0.25,100.0,0.05,0.0,0.0002143492562362015,0.9997856507437638,0.13734905421733856,-0.028302378334487076
analogy,causality,0.5,100.0,0.05,0.3333333333333333,0.0008806332479361911,0.9991193667520638,0.2746981084346771,0.23153510311798034
analogy,causality,0.75,100.0,0.05,1.0,0.0019109922918736366,0.9980890077081264,0.4120471775531769,0.7882984119349775
analogy,causality,1.0,100.0,0.05,1.0,0.0031017762018228368,0.9968982237981772,0.5493962168693542,0.6623525689742487
analogy,causality,1.5,100.0,0.05,1.0,0.005187937990323799,0.9948120620096762,0.8240943551063538,0.4400014832123024
analogy,causality,2.0,100.0,0.05,1.0,0.00637066433877842,0.9936293356612216,1.0987924337387085,0.30799394443522254
analogy,causality,0.0,100.0,0.1,0.0,0.0,1.0,0.0,0.0
analogy,causality,0.25,100.0,0.1,0.0,0.0002143492562362015,0.9997856507437638,0.13734905421733856,-0.035169831045354004
analogy,causality,0.5,100.0,0.1,0.3333333333333333,0.0008806332479361911,0.9991193667520638,0.2746981084346771,0.21780019769624648
analogy,causality,0.75,100.0,0.1,1.0,0.0019109922918736366,0.9980890077081264,0.4120471775531769,0.7676960530573187
analogy,causality,1.0,100.0,0.1,1.0,0.0031017762018228368,0.9968982237981772,0.5493962168693542,0.6348827581307809
analogy,causality,1.5,100.0,0.1,1.0,0.005187937990323799,0.9948120620096762,0.8240943551063538,0.3987967654569847
analogy,causality,2.0,100.0,0.1,1.0,0.00637066433877842,0.9936293356612216,1.0987924337387085,0.25305432274828715
analogy,causality,0.0,100.0,0.2,0.0,0.0,1.0,0.0,0.0
analogy,causality,0.25,100.0,0.2,0.0,0.0002143492562362015,0.9997856507437638,0.13734905421733856,-0.04890473646708786
analogy,causality,0.5,100.0,0.2,0.3333333333333333,0.0008806332479361911,0.9991193667520638,0.2746981084346771,0.19033038685277878
analogy,causality,0.75,100.0,0.2,1.0,0.0019109922918736366,0.9980890077081264,0.4120471775531769,0.7264913353020009
analogy,causality,1.0,100.0,0.2,1.0,0.0031017762018228368,0.9968982237981772,0.5493962168693542,0.5799431364438454
analogy,causality,1.5,100.0,0.2,1.0,0.005187937990323799,0.9948120620096762,0.8240943551063538,0.3163873299463493
analogy,causality,2.0,100.0,0.2,1.0,0.00637066433877842,0.9936293356612216,1.0987924337387085,0.1431750793744163
analogy,definition,0.0,1.0,0.0,0.0,0.0,1.0,0.0,0.0
analogy,definition,0.25,1.0,0.0,0.0,0.00022436494375188687,0.9997756350562481,0.12605497241020203,-0.00022436494375188687
analogy,definition,0.5,1.0,0.0,0.3333333333333333,0.0009585322950029784,0.999041467704997,0.25210994482040405,0.33237480103833034
analogy,definition,0.75,1.0,0.0,1.0,0.002175512169488525,0.9978244878305115,0.3781648874282837,0.9978244878305115
analogy,definition,1.0,1.0,0.0,1.0,0.0036991627189433274,0.9963008372810567,0.5042198896408081,0.9963008372810567
analogy,definition,1.5,1.0,0.0,1.0,0.006720956122181043,0.993279043877819,0.7563297748565674,0.993279043877819
analogy,definition,2.0,1.0,0.0,1.0,0.00873854377351757,0.9912614562264824,1.0084397792816162,0.9912614562264824
analogy,definition,0.0,1.0,0.05,0.0,0.0,1.0,0.0,0.0
analogy,definition,0.25,1.0,0.05,0.0,0.00022436494375188687,0.9997756350562481,0.12605497241020203,-0.006527113564261989
analogy,definition,0.5,1.0,0.05,0.3333333333333333,0.0009585322950029784,0.999041467704997,0.25210994482040405,0.3197693037973101
analogy,definition,0.75,1.0,0.05,1.0,0.002175512169488525,0.9978244878305115,0.3781648874282837,0.9789162434590973
analogy,definition,1.0,1.0,0.05,1.0,0.0036991627189433274,0.9963008372810567,0.5042198896408081,0.9710898427990162
analogy,definition,1.5,1.0,0.05,1.0,0.006720956122181043,0.993279043877819,0.7563297748565674,0.9554625551349906
analogy,definition,2.0,1.0,0.05,1.0,0.00873854377351757,0.9912614562264824,1.0084397792816162,0.9408394672624016
analogy,definition,0.0,1.0,0.1,0.0,0.0,1.0,0.0,0.0
analogy,definition,0.25,1.0,0.1,0.0,0.00022436494375188687,0.9997756350562481,0.12605497241020203,-0.012829862184772091
analogy,definition,0.5,1.0,0.1,0.3333333333333333,0.0009585322950029784,0.999041467704997,0.25210994482040405,0.30716380655628994
analogy,definition,0.75,1.0,0.1,1.0,0.002175512169488525,0.9978244878305115,0.3781648874282837,0.9600079990876831
analogy,definition,1.0,1.0,0.1,1.0,0.0036991627189433274,0.9963008372810567,0.5042198896408081,0.9458788483169759
analogy,definition,1.5,1.0,0.1,1.0,0.006720956122181043,0.993279043877819,0.7563297748565674,0.9176460663921622
analogy,definition,2.0,1.0,0.1,1.0,0.00873854377351757,0.9912614562264824,1.0084397792816162,0.8904174782983207
analogy,definition,0.0,1.0,0.2,0.0,0.0,1.0,0.0,0.0
analogy,definition,0.25,1.0,0.2,0.0,0.00022436494375188687,0.9997756350562481,0.12605497241020203,-0.025435359425792295
analogy,definition,0.5,1.0,0.2,0.3333333333333333,0.0009585322950029784,0.999041467704997,0.25210994482040405,0.2819528120742495
analogy,definition,0.75,1.0,0.2,1.0,0.002175512169488525,0.9978244878305115,0.3781648874282837,0.9221915103448547
analogy,definition,1.0,1.0,0.2,1.0,0.0036991627189433274,0.9963008372810567,0.5042198896408081,0.8954568593528951
analogy,definition,1.5,1.0,0.2,1.0,0.006720956122181043,0.993279043877819,0.7563297748565674,0.8420130889065055
analogy,definition,2.0,1.0,0.2,1.0,0.00873854377351757,0.9912614562264824,1.0084397792816162,0.7895735003701592
analogy,definition,0.0,5.0,0.0,0.0,0.0,1.0,0.0,0.0
analogy,definition,0.25,5.0,0.0,0.0,0.00022436494375188687,0.9997756350562481,0.12605497241020203,-0.0011218247187594343
analogy,definition,0.5,5.0,0.0,0.3333333333333333,0.0009585322950029784,0.999041467704997,0.25210994482040405,0.3285406718583184
analogy,definition,0.75,5.0,0.0,1.0,0.002175512169488525,0.9978244878305115,0.3781648874282837,0.9891224391525574
analogy,definition,1.0,5.0,0.0,1.0,0.0036991627189433274,0.9963008372810567,0.5042198896408081,0.9815041864052834
analogy,definition,1.5,5.0,0.0,1.0,0.006720956122181043,0.993279043877819,0.7563297748565674,0.9663952193890948
analogy,definition,2.0,5.0,0.0,1.0,0.00873854377351757,0.9912614562264824,1.0084397792816162,0.9563072811324121
analogy,definition,0.0,5.0,0.05,0.0,0.0,1.0,0.0,0.0
analogy,definition,0.25,5.0,0.05,0.0,0.00022436494375188687,0.9997756350562481,0.12605497241020203,-0.007424573339269536
analogy,definition,0.5,5.0,0.05,0.3333333333333333,0.0009585322950029784,0.999041467704997,0.25210994482040405,0.3159351746172982
analogy,definition,0.75,5.0,0.05,1.0,0.002175512169488525,0.9978244878305115,0.3781648874282837,0.9702141947811432
analogy,definition,1.0,5.0,0.05,1.0,0.0036991627189433274,0.9963008372810567,0.5042198896408081,0.9562931919232429
analogy,definition,1.5,5.0,0.05,1.0,0.006720956122181043,0.993279043877819,0.7563297748565674,0.9285787306462664
analogy,definition,2.0,5.0,0.05,1.0,0.00873854377351757,0.9912614562264824,1.0084397792816162,0.9058852921683314
analogy,definition,0.0,5.0,0.1,0.0,0.0,1.0,0.0,0.0
analogy,definition,0.25,5.0,0.1,0.0,0.00022436494375188687,0.9997756350562481,0.12605497241020203,-0.013727321959779638
analogy,definition,0.5,5.0,0.1,0.3333333333333333,0.0009585322950029784,0.999041467704997,0.25210994482040405,0.30332967737627803
analogy,definition,0.75,5.0,0.1,1.0,0.002175512169488525,0.9978244878305115,0.3781648874282837,0.951305950409729
analogy,definition,1.0,5.0,0.1,1.0,0.0036991627189433274,0.9963008372810567,0.5042198896408081,0.9310821974412026
analogy,definition,1.5,5.0,0.1,1.0,0.006720956122181043,0.993279043877819,0.7563297748565674,0.890762241903438
analogy,definition,2.0,5.0,0.1,1.0,0.00873854377351757,0.9912614562264824,1.0084397792816162,0.8554633032042505
analogy,definition,0.0,5.0,0.2,0.0,0.0,1.0,0.0,0.0
analogy,definition,0.25,5.0,0.2,0.0,0.00022436494375188687,0.9997756350562481,0.12605497241020203,-0.026332819200799842
analogy,definition,0.5,5.0,0.2,0.3333333333333333,0.0009585322950029784,0.999041467704997,0.25210994482040405,0.2781186828942376
analogy,definition,0.75,5.0,0.2,1.0,0.002175512169488525,0.9978244878305115,0.3781648874282837,0.9134894616669006
analogy,definition,1.0,5.0,0.2,1.0,0.0036991627189433274,0.9963008372810567,0.5042198896408081,0.8806602084771218
analogy,definition,1.5,5.0,0.2,1.0,0.006720956122181043,0.993279043877819,0.7563297748565674,0.8151292644177813
analogy,definition,2.0,5.0,0.2,1.0,0.00873854377351757,0.9912614562264824,1.0084397792816162,0.7546193252760889
analogy,definition,0.0,10.0,0.0,0.0,0.0,1.0,0.0,0.0
analogy,definition,0.25,10.0,0.0,0.0,0.00022436494375188687,0.9997756350562481,0.12605497241020203,-0.0022436494375188687
analogy,definition,0.5,10.0,0.0,0.3333333333333333,0.0009585322950029784,0.999041467704997,0.25210994482040405,0.32374801038330353
analogy,definition,0.75,10.0,0.0,1.0,0.002175512169488525,0.9978244878305115,0.3781648874282837,0.9782448783051148
analogy,definition,1.0,10.0,0.0,1.0,0.0036991627189433274,0.9963008372810567,0.5042198896408081,0.9630083728105667
analogy,definition,1.5,10.0,0.0,1.0,0.006720956122181043,0.993279043877819,0.7563297748565674,0.9327904387781896
analogy,definition,2.0,10.0,0.0,1.0,0.00873854377351757,0.9912614562264824,1.0084397792816162,0.9126145622648243
analogy,definition,0.0,10.0,0.05,0.0,0.0,1.0,0.0,0.0
analogy,definition,0.25,10.0,0.05,0.0,0.00022436494375188687,0.9997756350562481,0.12605497241020203,-0.00854639805802897
analogy,definition,0.5,10.0,0.05,0.3333333333333333,0.0009585322950029784,0.999041467704997,0.25210994482040405,0.3111425131422833
analogy,definition,0.75,10.0,0.05,1.0,0.002175512169488525,0.9978244878305115,0.3781648874282837,0.9593366339337006
analogy,definition,1.0,10.0,0.05,1.0,0.0036991627189433274,0.9963008372810567,0.5042198896408081,0.9377973783285263
analogy,definition,1.5,10.0,0.05,1.0,0.006720956122181043,0.993279043877819,0.7563297748565674,0.8949739500353612
analogy,definition,2.0,10.0,0.05,1.0,0.00873854377351757,0.9912614562264824,1.0084397792816162,0.8621925733007435
analogy,definition,0.0,10.0,0.1,0.0,0.0,1.0,0.0,0.0
analogy,definition,0.25,10.0,0.1,0.0,0.00022436494375188687,0.9997756350562481,0.12605497241020203,-0.014849146678539073
analogy,definition,0.5,10.0,0.1,0.3333333333333333,0.0009585322950029784,0.999041467704997,0.25210994482040405,0.29853701590126314
analogy,definition,0.75,10.0,0.1,1.0,0.002175512169488525,0.9978244878305115,0.3781648874282837,0.9404283895622864
analogy,definition,1.0,10.0,0.1,1.0,0.0036991627189433274,0.9963008372810567,0.5042198896408081,0.9125863838464859
analogy,definition,1.5,10.0,0.1,1.0,0.006720956122181043,0.993279043877819,0.7563297748565674,0.8571574612925328
analogy,definition,2.0,10.0,0.1,1.0,0.00873854377351757,0.9912614562264824,1.0084397792816162,0.8117705843366627
analogy,definition,0.0,10.0,0.2,0.0,0.0,1.0,0.0,0.0
analogy,definition,0.25,10.0,0.2,0.0,0.00022436494375188687,0.9997756350562481,0.12605497241020203,-0.027454643919559277
analogy,definition,0.5,10.0,0.2,0.3333333333333333,0.0009585322950029784,0.999041467704997,0.25210994482040405,0.2733260214192227
analogy,definition,0.75,10.0,0.2,1.0,0.002175512169488525,0.9978244878305115,0.3781648874282837,0.902611900819458
analogy,definition,1.0,10.0,0.2,1.0,0.0036991627189433274,0.9963008372810567,0.5042198896408081,0.8621643948824051
analogy,definition,1.5,10.0,0.2,1.0,0.006720956122181043,0.993279043877819,0.7563297748565674,0.7815244838068761
analogy,definition,2.0,10.0,0.2,1.0,0.00873854377351757,0.9912614562264824,1.0084397792816162,0.710926606408501
analogy,definition,0.0,20.0,0.0,0.0,0.0,1.0,0.0,0.0
analogy,definition,0.25,20.0,0.0,0.0,0.00022436494375188687,0.9997756350562481,0.12605497241020203,-0.004487298875037737
analogy,definition,0.5,20.0,0.0,0.3333333333333333,0.0009585322950029784,0.999041467704997,0.25210994482040405,0.31416268743327375
analogy,definition,0.75,20.0,0.0,1.0,0.002175512169488525,0.9978244878305115,0.3781648874282837,0.9564897566102295
analogy,definition,1.0,20.0,0.0,1.0,0.0036991627189433274,0.9963008372810567,0.5042198896408081,0.9260167456211335
analogy,definition,1.5,20.0,0.0,1.0,0.006720956122181043,0.993279043877819,0.7563297748565674,0.8655808775563791
analogy,definition,2.0,20.0,0.0,1.0,0.00873854377351757,0.9912614562264824,1.0084397792816162,0.8252291245296486
analogy,definition,0.0,20.0,0.05,0.0,0.0,1.0,0.0,0.0
analogy,definition,0.25,20.0,0.05,0.0,0.00022436494375188687,0.9997756350562481,0.12605497241020203,-0.01079004749554784
analogy,definition,0.5,20.0,0.05,0.3333333333333333,0.0009585322950029784,0.999041467704997,0.25210994482040405,0.3015571901922535
analogy,definition,0.75,20.0,0.05,1.0,0.002175512169488525,0.9978244878305115,0.3781648874282837,0.9375815122388154
analogy,definition,1.0,20.0,0.05,1.0,0.0036991627189433274,0.9963008372810567,0.5042198896408081,0.900805751139093
analogy,definition,1.5,20.0,0.05,1.0,0.006720956122181043,0.993279043877819,0.7563297748565674,0.8277643888135507
analogy,definition,2.0,20.0,0.05,1.0,0.00873854377351757,0.9912614562264824,1.0084397792816162,0.7748071355655678
analogy,definition,0.0,20.0,0.1,0.0,0.0,1.0,0.0,0.0
analogy,definition,0.25,20.0,0.1,0.0,0.00022436494375188687,0.9997756350562481,0.12605497241020203,-0.01709279611605794
analogy,definition,0.5,20.0,0.1,0.3333333333333333,0.0009585322950029784,0.999041467704997,0.25210994482040405,0.28895169295123335
analogy,definition,0.75,20.0,0.1,1.0,0.002175512169488525,0.9978244878305115,0.3781648874282837,0.9186732678674011
analogy,definition,1.0,20.0,0.1,1.0,0.0036991627189433274,0.9963008372810567,0.5042198896408081,0.8755947566570527
analogy,definition,1.5,20.0,0.1,1.0,0.006720956122181043,0.993279043877819,0.7563297748565674,0.7899479000707224
analogy,definition,2.0,20.0,0.1,1.0,0.00873854377351757,0.9912614562264824,1.0084397792816162,0.724385146601487
analogy,definition,0.0,20.0,0.2,0.0,0.0,1.0,0.0,0.0
analogy,definition,0.25,20.0,0.2,0.0,0.00022436494375188687,0.9997756350562481,0.12605497241020203,-0.029698293357078145
analogy,definition,0.5,20.0,0.2,0.3333333333333333,0.0009585322950029784,0.999041467704997,0.25210994482040405,0.2637406984691929
analogy,definition,0.75,20.0,0.2,1.0,0.002175512169488525,0.9978244878305115,0.3781648874282837,0.8808567791245727
analogy,definition,1.0,20.0,0.2,1.0,0.0036991627189433274,0.9963008372810567,0.5042198896408081,0.8251727676929719
analogy,definition,1.5,20.0,0.2,1.0,0.006720956122181043,0.993279043877819,0.7563297748565674,0.7143149225850657
analogy,definition,2.0,20.0,0.2,1.0,0.00873854377351757,0.9912614562264824,1.0084397792816162,0.6235411686733253
analogy,definition,0.0,50.0,0.0,0.0,0.0,1.0,0.0,0.0
analogy,definition,0.25,50.0,0.0,0.0,0.00022436494375188687,0.9997756350562481,0.12605497241020203,-0.011218247187594343
analogy,definition,0.5,50.0,0.0,0.3333333333333333,0.0009585322950029784,0.999041467704997,0.25210994482040405,0.2854067185831844
analogy,definition,0.75,50.0,0.0,1.0,0.002175512169488525,0.9978244878305115,0.3781648874282837,0.8912243915255738
analogy,definition,1.0,50.0,0.0,1.0,0.0036991627189433274,0.9963008372810567,0.5042198896408081,0.8150418640528336
analogy,definition,1.5,50.0,0.0,1.0,0.006720956122181043,0.993279043877819,0.7563297748565674,0.6639521938909478
analogy,definition,2.0,50.0,0.0,1.0,0.00873854377351757,0.9912614562264824,1.0084397792816162,0.5630728113241215
analogy,definition,0.0,50.0,0.05,0.0,0.0,1.0,0.0,0.0
analogy,definition,0.25,50.0,0.05,0.0,0.00022436494375188687,0.9997756350562481,0.12605497241020203,-0.017520995808104445
analogy,definition,0.5,50.0,0.05,0.3333333333333333,0.0009585322950029784,0.999041467704997,0.25210994482040405,0.27280122134216417
analogy,definition,0.75,50.0,0.05,1.0,0.002175512169488525,0.9978244878305115,0.3781648874282837,0.8723161471541596
analogy,definition,1.0,50.0,0.05,1.0,0.0036991627189433274,0.9963008372810567,0.5042198896408081,0.7898308695707932
analogy,definition,1.5,50.0,0.05,1.0,0.006720956122181043,0.993279043877819,0.7563297748565674,0.6261357051481194
analogy,definition,2.0,50.0,0.05,1.0,0.00873854377351757,0.9912614562264824,1.0084397792816162,0.5126508223600407
analogy,definition,0.0,50.0,0.1,0.0,0.0,1.0,0.0,0.0
analogy,definition,0.25,50.0,0.1,0.0,0.00022436494375188687,0.9997756350562481,0.12605497241020203,-0.023823744428614547
analogy,definition,0.5,50.0,0.1,0.3333333333333333,0.0009585322950029784,0.999041467704997,0.25210994482040405,0.260195724101144
analogy,definition,0.75,50.0,0.1,1.0,0.002175512169488525,0.9978244878305115,0.3781648874282837,0.8534079027827454
analogy,definition,1.0,50.0,0.1,1.0,0.0036991627189433274,0.9963008372810567,0.5042198896408081,0.7646198750887528
analogy,definition,1.5,50.0,0.1,1.0,0.006720956122181043,0.993279043877819,0.7563297748565674,0.5883192164052911
analogy,definition,2.0,50.0,0.1,1.0,0.00873854377351757,0.9912614562264824,1.0084397792816162,0.4622288333959598
analogy,definition,0.0,50.0,0.2,0.0,0.0,1.0,0.0,0.0
analogy,definition,0.25,50.0,0.2,0.0,0.00022436494375188687,0.9997756350562481,0.12605497241020203,-0.03642924166963475
analogy,definition,0.5,50.0,0.2,0.3333333333333333,0.0009585322950029784,0.999041467704997,0.25210994482040405,0.23498472961910358
analogy,definition,0.75,50.0,0.2,1.0,0.002175512169488525,0.9978244878305115,0.3781648874282837,0.815591414039917
analogy,definition,1.0,50.0,0.2,1.0,0.0036991627189433274,0.9963008372810567,0.5042198896408081,0.714197886124672
analogy,definition,1.5,50.0,0.2,1.0,0.006720956122181043,0.993279043877819,0.7563297748565674,0.5126862389196344
analogy,definition,2.0,50.0,0.2,1.0,0.00873854377351757,0.9912614562264824,1.0084397792816162,0.3613848554677982
analogy,definition,0.0,100.0,0.0,0.0,0.0,1.0,0.0,0.0
analogy,definition,0.25,100.0,0.0,0.0,0.00022436494375188687,0.9997756350562481,0.12605497241020203,-0.022436494375188687
analogy,definition,0.5,100.0,0.0,0.3333333333333333,0.0009585322950029784,0.999041467704997,0.25210994482040405,0.23748010383303547
analogy,definition,0.75,100.0,0.0,1.0,0.002175512169488525,0.9978244878305115,0.3781648874282837,0.7824487830511475
analogy,definition,1.0,100.0,0.0,1.0,0.0036991627189433274,0.9963008372810567,0.5042198896408081,0.6300837281056673
analogy,definition,1.5,100.0,0.0,1.0,0.006720956122181043,0.993279043877819,0.7563297748565674,0.3279043877818957
analogy,definition,2.0,100.0,0.0,1.0,0.00873854377351757,0.9912614562264824,1.0084397792816162,0.12614562264824292
analogy,definition,0.0,100.0,0.05,0.0,0.0,1.0,0.0,0.0
analogy,definition,0.25,100.0,0.05,0.0,0.00022436494375188687,0.9997756350562481,0.12605497241020203,-0.02873924299569879
analogy,definition,0.5,100.0,0.05,0.3333333333333333,0.0009585322950029784,0.999041467704997,0.25210994482040405,0.22487460659201527
analogy,definition,0.75,100.0,0.05,1.0,0.002175512169488525,0.9978244878305115,0.3781648874282837,0.7635405386797334
analogy,definition,1.0,100.0,0.05,1.0,0.0036991627189433274,0.9963008372810567,0.5042198896408081,0.6048727336236268
analogy,definition,1.5,100.0,0.05,1.0,0.006720956122181043,0.993279043877819,0.7563297748565674,0.2900878990390673
analogy,definition,2.0,100.0,0.05,1.0,0.00873854377351757,0.9912614562264824,1.0084397792816162,0.0757236336841621
analogy,definition,0.0,100.0,0.1,0.0,0.0,1.0,0.0,0.0
analogy,definition,0.25,100.0,0.1,0.0,0.00022436494375188687,0.9997756350562481,0.12605497241020203,-0.03504199161620889
analogy,definition,0.5,100.0,0.1,0.3333333333333333,0.0009585322950029784,0.999041467704997,0.25210994482040405,0.21226910935099508
analogy,definition,0.75,100.0,0.1,1.0,0.002175512169488525,0.9978244878305115,0.3781648874282837,0.7446322943083191
analogy,definition,1.0,100.0,0.1,1.0,0.0036991627189433274,0.9963008372810567,0.5042198896408081,0.5796617391415865
analogy,definition,1.5,100.0,0.1,1.0,0.006720956122181043,0.993279043877819,0.7563297748565674,0.25227141029623895
analogy,definition,2.0,100.0,0.1,1.0,0.00873854377351757,0.9912614562264824,1.0084397792816162,0.025301644720081284
analogy,definition,0.0,100.0,0.2,0.0,0.0,1.0,0.0,0.0
analogy,definition,0.25,100.0,0.2,0.0,0.00022436494375188687,0.9997756350562481,0.12605497241020203,-0.047647488857229095
analogy,definition,0.5,100.0,0.2,0.3333333333333333,0.0009585322950029784,0.999041467704997,0.25210994482040405,0.18705811486895466
analogy,definition,0.75,100.0,0.2,1.0,0.002175512169488525,0.9978244878305115,0.3781648874282837,0.7068158055654907
analogy,definition,1.0,100.0,0.2,1.0,0.0036991627189433274,0.9963008372810567,0.5042198896408081,0.5292397501775057
analogy,definition,1.5,100.0,0.2,1.0,0.006720956122181043,0.993279043877819,0.7563297748565674,0.1766384328105822
analogy,definition,2.0,100.0,0.2,1.0,0.00873854377351757,0.9912614562264824,1.0084397792816162,-0.07554233320808035
definition,logic,0.0,1.0,0.0,0.0,2.220446049250313e-16,0.9999999999999998,0.0,-2.220446049250313e-16
definition,logic,0.25,1.0,0.0,0.0,0.0003661471400157046,0.9996338528599843,0.1114862859249115,-0.0003661471400157046
definition,logic,0.5,1.0,0.0,0.5,0.0017470356033819634,0.998252964396618,0.222972571849823,0.49825296439661804
definition,logic,0.75,1.0,0.0,1.0,0.004489160842186646,0.9955108391578134,0.3344588279724121,0.9955108391578134
definition,logic,1.0,1.0,0.0,1.0,0.008650116265985996,0.991349883734014,0.445945143699646,0.991349883734014
definition,logic,1.5,1.0,0.0,1.0,0.01946333005175449,0.9805366699482455,0.6689176559448242,0.9805366699482455
definition,logic,2.0,1.0,0.0,1.0,0.029167040328107463,0.9708329596718925,0.891890287399292,0.9708329596718925
definition,logic,0.0,1.0,0.05,0.0,2.220446049250313e-16,0.9999999999999998,0.0,-2.220446049250313e-16
definition,logic,0.25,1.0,0.05,0.0,0.0003661471400157046,0.9996338528599843,0.1114862859249115,-0.00594046143626128
definition,logic,0.5,1.0,0.05,0.5,0.0017470356033819634,0.998252964396618,0.222972571849823,0.4871043358041269
definition,logic,0.75,1.0,0.05,1.0,0.004489160842186646,0.9955108391578134,0.3344588279724121,0.9787878977591927
definition,logic,1.0,1.0,0.05,1.0,0.008650116265985996,0.991349883734014,0.445945143699646,0.9690526265490317
definition,logic,1.5,1.0,0.05,1.0,0.01946333005175449,0.9805366699482455,0.6689176559448242,0.9470907871510043
definition,logic,2.0,1.0,0.05,1.0,0.029167040328107463,0.9708329596718925,0.891890287399292,0.9262384453019279
definition,logic,0.0,1.0,0.1,0.0,2.220446049250313e-16,0.9999999999999998,0.0,-2.220446049250313e-16
definition,logic,0.25,1.0,0.1,0.0,0.0003661471400157046,0.9996338528599843,0.1114862859249115,-0.011514775732506855
definition,logic,0.5,1.0,0.1,0.5,0.0017470356033819634,0.998252964396618,0.222972571849823,0.4759557072116357
definition,logic,0.75,1.0,0.1,1.0,0.004489160842186646,0.9955108391578134,0.3344588279724121,0.9620649563605721
definition,logic,1.0,1.0,0.1,1.0,0.008650116265985996,0.991349883734014,0.445945143699646,0.9467553693640494
definition,logic,1.5,1.0,0.1,1.0,0.01946333005175449,0.9805366699482455,0.6689176559448242,0.9136449043537631
definition,logic,2.0,1.0,0.1,1.0,0.029167040328107463,0.9708329596718925,0.891890287399292,0.8816439309319634
definition,logic,0.0,1.0,0.2,0.0,2.220446049250313e-16,0.9999999999999998,0.0,-2.220446049250313e-16
definition,logic,0.25,1.0,0.2,0.0,0.0003661471400157046,0.9996338528599843,0.1114862859249115,-0.022663404324998006
definition,logic,0.5,1.0,0.2,0.5,0.0017470356033819634,0.998252964396618,0.222972571849823,0.45365845002665345
definition,logic,0.75,1.0,0.2,1.0,0.004489160842186646,0.9955108391578134,0.3344588279724121,0.928619073563331
definition,logic,1.0,1.0,0.2,1.0,0.008650116265985996,0.991349883734014,0.445945143699646,0.9021608549940848
definition,logic,1.5,1.0,0.2,1.0,0.01946333005175449,0.9805366699482455,0.6689176559448242,0.8467531387592806
definition,logic,2.0,1.0,0.2,1.0,0.029167040328107463,0.9708329596718925,0.891890287399292,0.7924549021920342
definition,logic,0.0,5.0,0.0,0.0,2.220446049250313e-16,0.9999999999999998,0.0,-1.1102230246251565e-15
definition,logic,0.25,5.0,0.0,0.0,0.0003661471400157046,0.9996338528599843,0.1114862859249115,-0.001830735700078523
definition,logic,0.5,5.0,0.0,0.5,0.0017470356033819634,0.998252964396618,0.222972571849823,0.4912648219830902
definition,logic,0.75,5.0,0.0,1.0,0.004489160842186646,0.9955108391578134,0.3344588279724121,0.9775541957890668
definition,logic,1.0,5.0,0.0,1.0,0.008650116265985996,0.991349883734014,0.445945143699646,0.95674941867007
definition,logic,1.5,5.0,0.0,1.0,0.01946333005175449,0.9805366699482455,0.6689176559448242,0.9026833497412275
definition,logic,2.0,5.0,0.0,1.0,0.029167040328107463,0.9708329596718925,0.891890287399292,0.8541647983594627
definition,logic,0.0,5.0,0.05,0.0,2.220446049250313e-16,0.9999999999999998,0.0,-1.1102230246251565e-15
definition,logic,0.25,5.0,0.05,0.0,0.0003661471400157046,0.9996338528599843,0.1114862859249115,-0.007405049996324098
definition,logic,0.5,5.0,0.05,0.5,0.0017470356033819634,0.998252964396618,0.222972571849823,0.480116193390599
definition,logic,0.75,5.0,0.05,1.0,0.004489160842186646,0.9955108391578134,0.3344588279724121,0.9608312543904461
definition,logic,1.0,5.0,0.05,1.0,0.008650116265985996,0.991349883734014,0.445945143699646,0.9344521614850877
definition,logic,1.5,5.0,0.05,1.0,0.01946333005175449,0.9805366699482455,0.6689176559448242,0.8692374669439863
definition,logic,2.0,5.0,0.05,1.0,0.029167040328107463,0.9708329596718925,0.891890287399292,0.809570283989498
definition,logic,0.0,5.0,0.1,0.0,2.220446049250313e-16,0.9999999999999998,0.0,-1.1102230246251565e-15
definition,logic,0.25,5.0,0.1,0.0,0.0003661471400157046,0.9996338528599843,0.1114862859249115,-0.012979364292569674
definition,logic,0.5,5.0,0.1,0.5,0.0017470356033819634,0.998252964396618,0.222972571849823,0.46896756479810786
definition,logic,0.75,5.0,0.1,1.0,0.004489160842186646,0.9955108391578134,0.3344588279724121,0.9441083129918255
definition,logic,1.0,5.0,0.1,1.0,0.008650116265985996,0.991349883734014,0.445945143699646,0.9121549043001054
definition,logic,1.5,5.0,0.1,1.0,0.01946333005175449,0.9805366699482455,0.6689176559448242,0.8357915841467451
definition,logic,2.0,5.0,0.1,1.0,0.029167040328107463,0.9708329596718925,0.891890287399292,0.7649757696195335
definition,logic,0.0,5.0,0.2,0.0,2.220446049250313e-16,0.9999999999999998,0.0,-1.1102230246251565e-15
definition,logic,0.25,5.0,0.2,0.0,0.0003661471400157046,0.9996338528599843,0.1114862859249115,-0.024127992885060824
definition,logic,0.5,5.0,0.2,0.5,0.0017470356033819634,0.998252964396618,0.222972571849823,0.4466703076131256
definition,logic,0.75,5.0,0.2,1.0,0.004489160842186646,0.9955108391578134,0.3344588279724121,0.9106624301945844
definition,logic,1.0,5.0,0.2,1.0,0.008650116265985996,0.991349883734014,0.445945143699646,0.8675603899301408
definition,logic,1.5,5.0,0.2,1.0,0.01946333005175449,0.9805366699482455,0.6689176559448242,0.7688998185522626
definition,logic,2.0,5.0,0.2,1.0,0.029167040328107463,0.9708329596718925,0.891890287399292,0.6757867408796043
definition,logic,0.0,10.0,0.0,0.0,2.220446049250313e-16,0.9999999999999998,0.0,-2.220446049250313e-15
definition,logic,0.25,10.0,0.0,0.0,0.0003661471400157046,0.9996338528599843,0.1114862859249115,-0.003661471400157046
definition,logic,0.5,10.0,0.0,0.5,0.0017470356033819634,0.998252964396618,0.222972571849823,0.48252964396618037
definition,logic,0.75,10.0,0.0,1.0,0.004489160842186646,0.9955108391578134,0.3344588279724121,0.9551083915781335
definition,logic,1.0,10.0,0.0,1.0,0.008650116265985996,0.991349883734014,0.445945143699646,0.91349883734014
definition,logic,1.5,10.0,0.0,1.0,0.01946333005175449,0.9805366699482455,0.6689176559448242,0.8053666994824551
definition,logic,2.0,10.0,0.0,1.0,0.029167040328107463,0.9708329596718925,0.891890287399292,0.7083295967189254
definition,logic,0.0,10.0,0.05,0.0,2.220446049250313e-16,0.9999999999999998,0.0,-2.220446049250313e-15
definition,logic,0.25,10.0,0.05,0.0,0.0003661471400157046,0.9996338528599843,0.1114862859249115,-0.009235785696402621
definition,logic,0.5,10.0,0.05,0.5,0.0017470356033819634,0.998252964396618,0.222972571849823,0.4713810153736892
definition,logic,0.75,10.0,0.05,1.0,0.004489160842186646,0.9955108391578134,0.3344588279724121,0.9383854501795129
definition,logic,1.0,10.0,0.05,1.0,0.008650116265985996,0.991349883734014,0.445945143699646,0.8912015801551577
definition,logic,1.5,10.0,0.05,1.0,0.01946333005175449,0.9805366699482455,0.6689176559448242,0.7719208166852138
definition,logic,2.0,10.0,0.05,1.0,0.029167040328107463,0.9708329596718925,0.891890287399292,0.6637350823489607
definition,logic,0.0,10.0,0.1,0.0,2.220446049250313e-16,0.9999999999999998,0.0,-2.220446049250313e-15
definition,logic,0.25,10.0,0.1,0.0,0.0003661471400157046,0.9996338528599843,0.1114862859249115,-0.014810099992648196
definition,logic,0.5,10.0,0.1,0.5,0.0017470356033819634,0.998252964396618,0.222972571849823,0.46023238678119804
definition,logic,0.75,10.0,0.1,1.0,0.004489160842186646,0.9955108391578134,0.3344588279724121,0.9216625087808923
definition,logic,1.0,10.0,0.1,1.0,0.008650116265985996,0.991349883734014,0.445945143699646,0.8689043229701754
definition,logic,1.5,10.0,0.1,1.0,0.01946333005175449,0.9805366699482455,0.6689176559448242,0.7384749338879727
definition,logic,2.0,10.0,0.1,1.0,0.029167040328107463,0.9708329596718925,0.891890287399292,0.6191405679789962
definition,logic,0.0,10.0,0.2,0.0,2.220446049250313e-16,0.9999999999999998,0.0,-2.220446049250313e-15
definition,logic,0.25,10.0,0.2,0.0,0.0003661471400157046,0.9996338528599843,0.1114862859249115,-0.025958728585139347
definition,logic,0.5,10.0,0.2,0.5,0.0017470356033819634,0.998252964396618,0.222972571849823,0.4379351295962158
definition,logic,0.75,10.0,0.2,1.0,0.004489160842186646,0.9955108391578134,0.3344588279724121,0.8882166259836511
definition,logic,1.0,10.0,0.2,1.0,0.008650116265985996,0.991349883734014,0.445945143699646,0.8243098086002109
definition,logic,1.5,10.0,0.2,1.0,0.01946333005175449,0.9805366699482455,0.6689176559448242,0.6715831682934903
definition,logic,2.0,10.0,0.2,1.0,0.029167040328107463,0.9708329596718925,0.891890287399292,0.529951539239067
definition,logic,0.0,20.0,0.0,0.0,2.220446049250313e-16,0.9999999999999998,0.0,-4.440892098500626e-15
definition,logic,0.25,20.0,0.0,0.0,0.0003661471400157046,0.9996338528599843,0.1114862859249115,-0.007322942800314092
definition,logic,0.5,20.0,0.0,0.5,0.0017470356033819634,0.998252964396618,0.222972571849823,0.46505928793236073
definition,logic,0.75,20.0,0.0,1.0,0.004489160842186646,0.9955108391578134,0.3344588279724121,0.9102167831562671
definition,logic,1.0,20.0,0.0,1.0,0.008650116265985996,0.991349883734014,0.445945143699646,0.8269976746802801
definition,logic,1.5,20.0,0.0,1.0,0.01946333005175449,0.9805366699482455,0.6689176559448242,0.6107333989649102
definition,logic,2.0,20.0,0.0,1.0,0.029167040328107463,0.9708329596718925,0.891890287399292,0.41665919343785074
definition,logic,0.0,20.0,0.05,0.0,2.220446049250313e-16,0.9999999999999998,0.0,-4.440892098500626e-15
definition,logic,0.25,20.0,0.05,0.0,0.0003661471400157046,0.9996338528599843,0.1114862859249115,-0.012897257096559667
definition,logic,0.5,20.0,0.05,0.5,0.0017470356033819634,0.998252964396618,0.222972571849823,0.45391065933986957
definition,logic,0.75,20.0,0.05,1.0,0.004489160842186646,0.9955108391578134,0.3344588279724121,0.8934938417576465
definition,logic,1.0,20.0,0.05,1.0,0.008650116265985996,0.991349883734014,0.445945143699646,0.8047004174952977
definition,logic,1.5,20.0,0.05,1.0,0.01946333005175449,0.9805366699482455,0.6689176559448242,0.5772875161676689
definition,logic,2.0,20.0,0.05,1.0,0.029167040328107463,0.9708329596718925,0.891890287399292,0.37206467906788615
definition,logic,0.0,20.0,0.1,0.0,2.220446049250313e-16,0.9999999999999998,0.0,-4.440892098500626e-15
definition,logic,0.25,20.0,0.1,0.0,0.0003661471400157046,0.9996338528599843,0.1114862859249115,-0.018471571392805242
definition,logic,0.5,20.0,0.1,0.5,0.0017470356033819634,0.998252964396618,0.222972571849823,0.4427620307473784
definition,logic,0.75,20.0,0.1,1.0,0.004489160842186646,0.9955108391578134,0.3344588279724121,0.8767709003590258
definition,logic,1.0,20.0,0.1,1.0,0.008650116265985996,0.991349883734014,0.445945143699646,0.7824031603103154
definition,logic,1.5,20.0,0.1,1.0,0.01946333005175449,0.9805366699482455,0.6689176559448242,0.5438416333704278
definition,logic,2.0,20.0,0.1,1.0,0.029167040328107463,0.9708329596718925,0.891890287399292,0.32747016469792156
definition,logic,0.0,20.0,0.2,0.0,2.220446049250313e-16,0.9999999999999998,0.0,-4.440892098500626e-15
definition,logic,0.25,20.0,0.2,0.0,0.0003661471400157046,0.9996338528599843,0.1114862859249115,-0.029620199985296393
definition,logic,0.5,20.0,0.2,0.5,0.0017470356033819634,0.998252964396618,0.222972571849823,0.42046477356239614
definition,logic,0.75,20.0,0.2,1.0,0.004489160842186646,0.9955108391578134,0.3344588279724121,0.8433250175617847
definition,logic,1.0,20.0,0.2,1.0,0.008650116265985996,0.991349883734014,0.445945143699646,0.7378086459403509
definition,logic,1.5,20.0,0.2,1.0,0.01946333005175449,0.9805366699482455,0.6689176559448242,0.47694986777594534
definition,logic,2.0,20.0,0.2,1.0,0.029167040328107463,0.9708329596718925,0.891890287399292,0.23828113595799233
definition,logic,0.0,50.0,0.0,0.0,2.220446049250313e-16,0.9999999999999998,0.0,-1.1102230246251565e-14
definition,logic,0.25,50.0,0.0,0.0,0.0003661471400157046,0.9996338528599843,0.1114862859249115,-0.01830735700078523
definition,logic,0.5,50.0,0.0,0.5,0.0017470356033819634,0.998252964396618,0.222972571849823,0.41264821983090183
definition,logic,0.75,50.0,0.0,1.0,0.004489160842186646,0.9955108391578134,0.3344588279724121,0.7755419578906677
definition,logic,1.0,50.0,0.0,1.0,0.008650116265985996,0.991349883734014,0.445945143699646,0.5674941867007002
definition,logic,1.5,50.0,0.0,1.0,0.01946333005175449,0.9805366699482455,0.6689176559448242,0.026833497412275475
definition,logic,2.0,50.0,0.0,1.0,0.029167040328107463,0.9708329596718925,0.891890287399292,-0.45835201640537315
definition,logic,0.0,50.0,0.05,0.0,2.220446049250313e-16,0.9999999999999998,0.0,-1.1102230246251565e-14
definition,logic,0.25,50.0,0.05,0.0,0.0003661471400157046,0.9996338528599843,0.1114862859249115,-0.023881671297030803
definition,logic,0.5,50.0,0.05,0.5,0.0017470356033819634,0.998252964396618,0.222972571849823,0.40149959123841067
definition,logic,0.75,50.0,0.05,1.0,0.004489160842186646,0.9955108391578134,0.3344588279724121,0.7588190164920471
definition,logic,1.0,50.0,0.05,1.0,0.008650116265985996,0.991349883734014,0.445945143699646,0.5451969295157179
definition,logic,1.5,50.0,0.05,1.0,0.01946333005175449,0.9805366699482455,0.6689176559448242,-0.006612385384965738
definition,logic,2.0,50.0,0.05,1.0,0.029167040328107463,0.9708329596718925,0.891890287399292,-0.5029465307753378
definition,logic,0.0,50.0,0.1,0.0,2.220446049250313e-16,0.9999999999999998,0.0,-1.1102230246251565e-14
definition,logic,0.25,50.0,0.1,0.0,0.0003661471400157046,0.9996338528599843,0.1114862859249115,-0.02945598559327638
definition,logic,0.5,50.0,0.1,0.5,0.0017470356033819634,0.998252964396618,0.222972571849823,0.3903509626459195
definition,logic,0.75,50.0,0.1,1.0,0.004489160842186646,0.9955108391578134,0.3344588279724121,0.7420960750934265
definition,logic,1.0,50.0,0.1,1.0,0.008650116265985996,0.991349883734014,0.445945143699646,0.5228996723307355
definition,logic,1.5,50.0,0.1,1.0,0.01946333005175449,0.9805366699482455,0.6689176559448242,-0.04005826818220695
definition,logic,2.0,50.0,0.1,1.0,0.029167040328107463,0.9708329596718925,0.891890287399292,-0.5475410451453023
definition,logic,0.0,50.0,0.2,0.0,2.220446049250313e-16,0.9999999999999998,0.0,-1.1102230246251565e-14
definition,logic,0.25,50.0,0.2,0.0,0.0003661471400157046,0.9996338528599843,0.1114862859249115,-0.04060461418576753
definition,logic,0.5,50.0,0.2,0.5,0.0017470356033819634,0.998252964396618,0.222972571849823,0.36805370546093724
definition,logic,0.75,50.0,0.2,1.0,0.004489160842186646,0.9955108391578134,0.3344588279724121,0.7086501922961853
definition,logic,1.0,50.0,0.2,1.0,0.008650116265985996,0.991349883734014,0.445945143699646,0.478305157960771
definition,logic,1.5,50.0,0.2,1.0,0.01946333005175449,0.9805366699482455,0.6689176559448242,-0.10695003377668938
definition,logic,2.0,50.0,0.2,1.0,0.029167040328107463,0.9708329596718925,0.891890287399292,-0.6367300738852315
definition,logic,0.0,100.0,0.0,0.0,2.220446049250313e-16,0.9999999999999998,0.0,-2.220446049250313e-14
definition,logic,0.25,100.0,0.0,0.0,0.0003661471400157046,0.9996338528599843,0.1114862859249115,-0.03661471400157046
definition,logic,0.5,100.0,0.0,0.5,0.0017470356033819634,0.998252964396618,0.222972571849823,0.32529643966180366
definition,logic,0.75,100.0,0.0,1.0,0.004489160842186646,0.9955108391578134,0.3344588279724121,0.5510839157813354
definition,logic,1.0,100.0,0.0,1.0,0.008650116265985996,0.991349883734014,0.445945143699646,0.13498837340140035
definition,logic,1.5,100.0,0.0,1.0,0.01946333005175449,0.9805366699482455,0.6689176559448242,-0.946333005175449
definition,logic,2.0,100.0,0.0,1.0,0.029167040328107463,0.9708329596718925,0.891890287399292,-1.9167040328107463
definition,logic,0.0,100.0,0.05,0.0,2.220446049250313e-16,0.9999999999999998,0.0,-2.220446049250313e-14
definition,logic,0.25,100.0,0.05,0.0,0.0003661471400157046,0.9996338528599843,0.1114862859249115,-0.04218902829781603
definition,logic,0.5,100.0,0.05,0.5,0.0017470356033819634,0.998252964396618,0.222972571849823,0.3141478110693125
definition,logic,0.75,100.0,0.05,1.0,0.004489160842186646,0.9955108391578134,0.3344588279724121,0.5343609743827148
definition,logic,1.0,100.0,0.05,1.0,0.008650116265985996,0.991349883734014,0.445945143699646,0.11269111621641806
definition,logic,1.5,100.0,0.05,1.0,0.01946333005175449,0.9805366699482455,0.6689176559448242,-0.9797788879726903
definition,logic,2.0,100.0,0.05,1.0,0.029167040328107463,0.9708329596718925,0.891890287399292,-1.961298547180711
definition,logic,0.0,100.0,0.1,0.0,2.220446049250313e-16,0.9999999999999998,0.0,-2.220446049250313e-14
definition,logic,0.25,100.0,0.1,0.0,0.0003661471400157046,0.9996338528599843,0.1114862859249115,-0.047763342594061606
definition,logic,0.5,100.0,0.1,0.5,0.0017470356033819634,0.998252964396618,0.222972571849823,0.30299918247682134
definition,logic,0.75,100.0,0.1,1.0,0.004489160842186646,0.9955108391578134,0.3344588279724121,0.5176380329840942
definition,logic,1.0,100.0,0.1,1.0,0.008650116265985996,0.991349883734014,0.445945143699646,0.09039385903143575
definition,logic,1.5,100.0,0.1,1.0,0.01946333005175449,0.9805366699482455,0.6689176559448242,-1.0132247707699316
definition,logic,2.0,100.0,0.1,1.0,0.029167040328107463,0.9708329596718925,0.891890287399292,-2.0058930615506756
definition,logic,0.0,100.0,0.2,0.0,2.220446049250313e-16,0.9999999999999998,0.0,-2.220446049250313e-14
definition,logic,0.25,100.0,0.2,0.0,0.0003661471400157046,0.9996338528599843,0.1114862859249115,-0.05891197118655276
definition,logic,0.5,100.0,0.2,0.5,0.0017470356033819634,0.998252964396618,0.222972571849823,0.28070192529183907
definition,logic,0.75,100.0,0.2,1.0,0.004489160842186646,0.9955108391578134,0.3344588279724121,0.484192150186853
definition,logic,1.0,100.0,0.2,1.0,0.008650116265985996,0.991349883734014,0.445945143699646,0.04579934466147115
definition,logic,1.5,100.0,0.2,1.0,0.01946333005175449,0.9805366699482455,0.6689176559448242,-1.0801165363644138
definition,logic,2.0,100.0,0.2,1.0,0.029167040328107463,0.9708329596718925,0.891890287399292,-2.095082090290605
definition,causality,0.0,1.0,0.0,0.0,2.220446049250313e-16,0.9999999999999998,0.0,-2.220446049250313e-16
definition,causality,0.25,1.0,0.0,0.16666666666666666,0.0006277625895364514,0.9993722374104635,0.08932002633810043,0.1660389040771302
definition,causality,0.5,1.0,0.0,0.5,0.00255001956314016,0.9974499804368598,0.17864005267620087,0.49744998043685984
definition,causality,0.75,1.0,0.0,1.0,0.00563945696506063,0.9943605430349394,0.2679600417613983,0.9943605430349394
definition,causality,1.0,1.0,0.0,1.0,0.009569497063512844,0.9904305029364872,0.35728010535240173,0.9904305029364872
definition,causality,1.5,1.0,0.0,1.0,0.01830149942929149,0.9816985005707085,0.5359200835227966,0.9816985005707085
definition,causality,2.0,1.0,0.0,1.0,0.026044871284214954,0.973955128715785,0.7145602107048035,0.973955128715785
definition,causality,0.0,1.0,0.05,0.0,2.220446049250313e-16,0.9999999999999998,0.0,-2.220446049250313e-16
definition,causality,0.25,1.0,0.05,0.16666666666666666,0.0006277625895364514,0.9993722374104635,0.08932002633810043,0.16157290276022518
definition,causality,0.5,1.0,0.05,0.5,0.00255001956314016,0.9974499804368598,0.17864005267620087,0.4885179778030498
definition,causality,0.75,1.0,0.05,1.0,0.00563945696506063,0.9943605430349394,0.2679600417613983,0.9809625409468694
definition,causality,1.0,1.0,0.05,1.0,0.009569497063512844,0.9904305029364872,0.35728010535240173,0.972566497668867
definition,causality,1.5,1.0,0.05,1.0,0.01830149942929149,0.9816985005707085,0.5359200835227966,0.9549024963945687
definition,causality,2.0,1.0,0.05,1.0,0.026044871284214954,0.973955128715785,0.7145602107048035,0.9382271181805448
definition,causality,0.0,1.0,0.1,0.0,2.220446049250313e-16,0.9999999999999998,0.0,-2.220446049250313e-16
definition,causality,0.25,1.0,0.1,0.16666666666666666,0.0006277625895364514,0.9993722374104635,0.08932002633810043,0.15710690144332015
definition,causality,0.5,1.0,0.1,0.5,0.00255001956314016,0.9974499804368598,0.17864005267620087,0.47958597516923973
definition,causality,0.75,1.0,0.1,1.0,0.00563945696506063,0.9943605430349394,0.2679600417613983,0.9675645388587996
definition,causality,1.0,1.0,0.1,1.0,0.009569497063512844,0.9904305029364872,0.35728010535240173,0.9547024924012469
definition,causality,1.5,1.0,0.1,1.0,0.01830149942929149,0.9816985005707085,0.5359200835227966,0.9281064922184289
definition,causality,2.0,1.0,0.1,1.0,0.026044871284214954,0.973955128715785,0.7145602107048035,0.9024991076453047
definition,causality,0.0,1.0,0.2,0.0,2.220446049250313e-16,0.9999999999999998,0.0,-2.220446049250313e-16
definition,causality,0.25,1.0,0.2,0.16666666666666666,0.0006277625895364514,0.9993722374104635,0.08932002633810043,0.14817489880951012
definition,causality,0.5,1.0,0.2,0.5,0.00255001956314016,0.9974499804368598,0.17864005267620087,0.4617219699016197
definition,causality,0.75,1.0,0.2,1.0,0.00563945696506063,0.9943605430349394,0.2679600417613983,0.9407685346826598
definition,causality,1.0,1.0,0.2,1.0,0.009569497063512844,0.9904305029364872,0.35728010535240173,0.9189744818660068
definition,causality,1.5,1.0,0.2,1.0,0.01830149942929149,0.9816985005707085,0.5359200835227966,0.8745144838661492
definition,causality,2.0,1.0,0.2,1.0,0.026044871284214954,0.973955128715785,0.7145602107048035,0.8310430865748244
definition,causality,0.0,5.0,0.0,0.0,2.220446049250313e-16,0.9999999999999998,0.0,-1.1102230246251565e-15
definition,causality,0.25,5.0,0.0,0.16666666666666666,0.0006277625895364514,0.9993722374104635,0.08932002633810043,0.1635278537189844
definition,causality,0.5,5.0,0.0,0.5,0.00255001956314016,0.9974499804368598,0.17864005267620087,0.4872499021842992
definition,causality,0.75,5.0,0.0,1.0,0.00563945696506063,0.9943605430349394,0.2679600417613983,0.9718027151746969
definition,causality,1.0,5.0,0.0,1.0,0.009569497063512844,0.9904305029364872,0.35728010535240173,0.9521525146824358
definition,causality,1.5,5.0,0.0,1.0,0.01830149942929149,0.9816985005707085,0.5359200835227966,0.9084925028535425
definition,causality,2.0,5.0,0.0,1.0,0.026044871284214954,0.973955128715785,0.7145602107048035,0.8697756435789252
definition,causality,0.0,5.0,0.05,0.0,2.220446049250313e-16,0.9999999999999998,0.0,-1.1102230246251565e-15
definition,causality,0.25,5.0,0.05,0.16666666666666666,0.0006277625895364514,0.9993722374104635,0.08932002633810043,0.15906185240207937
definition,causality,0.5,5.0,0.05,0.5,0.00255001956314016,0.9974499804368598,0.17864005267620087,0.47831789955048915
definition,causality,0.75,5.0,0.05,1.0,0.00563945696506063,0.9943605430349394,0.2679600417613983,0.9584047130866269
definition,causality,1.0,5.0,0.05,1.0,0.009569497063512844,0.9904305029364872,0.35728010535240173,0.9342885094148157
definition,causality,1.5,5.0,0.05,1.0,0.01830149942929149,0.9816985005707085,0.5359200835227966,0.8816964986774027
definition,causality,2.0,5.0,0.05,1.0,0.026044871284214954,0.973955128715785,0.7145602107048035,0.834047633043685
definition,causality,0.0,5.0,0.1,0.0,2.220446049250313e-16,0.9999999999999998,0.0,-1.1102230246251565e-15
definition,causality,0.25,5.0,0.1,0.16666666666666666,0.0006277625895364514,0.9993722374104635,0.08932002633810043,0.15459585108517435
definition,causality,0.5,5.0,0.1,0.5,0.00255001956314016,0.9974499804368598,0.17864005267620087,0.4693858969166791
definition,causality,0.75,5.0,0.1,1.0,0.00563945696506063,0.9943605430349394,0.2679600417613983,0.945006710998557
definition,causality,1.0,5.0,0.1,1.0,0.009569497063512844,0.9904305029364872,0.35728010535240173,0.9164245041471956
definition,causality,1.5,5.0,0.1,1.0,0.01830149942929149,0.9816985005707085,0.5359200835227966,0.8549004945012629
definition,causality,2.0,5.0,0.1,1.0,0.026044871284214954,0.973955128715785,0.7145602107048035,0.7983196225084449
definition,causality,0.0,5.0,0.2,0.0,2.220446049250313e-16,0.9999999999999998,0.0,-1.1102230246251565e-15
definition,causality,0.25,5.0,0.2,0.16666666666666666,0.0006277625895364514,0.9993722374104635,0.08932002633810043,0.14566384845136432
definition,causality,0.5,5.0,0.2,0.5,0.00255001956314016,0.9974499804368598,0.17864005267620087,0.45152189164905904
definition,causality,0.75,5.0,0.2,1.0,0.00563945696506063,0.9943605430349394,0.2679600417613983,0.9182107068224172
definition,causality,1.0,5.0,0.2,1.0,0.009569497063512844,0.9904305029364872,0.35728010535240173,0.8806964936119555
definition,causality,1.5,5.0,0.2,1.0,0.01830149942929149,0.9816985005707085,0.5359200835227966,0.8013084861489832
definition,causality,2.0,5.0,0.2,1.0,0.026044871284214954,0.973955128715785,0.7145602107048035,0.7268636014379646
definition,causality,0.0,10.0,0.0,0.0,2.220446049250313e-16,0.9999999999999998,0.0,-2.220446049250313e-15
definition,causality,0.25,10.0,0.0,0.16666666666666666,0.0006277625895364514,0.9993722374104635,0.08932002633810043,0.16038904077130214
definition,causality,0.5,10.0,0.0,0.5,0.00255001956314016,0.9974499804368598,0.17864005267620087,0.4744998043685984
definition,causality,0.75,10.0,0.0,1.0,0.00563945696506063,0.9943605430349394,0.2679600417613983,0.9436054303493937
definition,causality,1.0,10.0,0.0,1.0,0.009569497063512844,0.9904305029364872,0.35728010535240173,0.9043050293648716
definition,causality,1.5,10.0,0.0,1.0,0.01830149942929149,0.9816985005707085,0.5359200835227966,0.8169850057070851
definition,causality,2.0,10.0,0.0,1.0,0.026044871284214954,0.973955128715785,0.7145602107048035,0.7395512871578505
definition,causality,0.0,10.0,0.05,0.0,2.220446049250313e-16,0.9999999999999998,0.0,-2.220446049250313e-15
definition,causality,0.25,10.0,0.05,0.16666666666666666,0.0006277625895364514,0.9993722374104635,0.08932002633810043,0.15592303945439712
definition,causality,0.5,10.0,0.05,0.5,0.00255001956314016,0.9974499804368598,0.17864005267620087,0.46556780173478834
definition,causality,0.75,10.0,0.05,1.0,0.00563945696506063,0.9943605430349394,0.2679600417613983,0.9302074282613237
definition,causality,1.0,10.0,0.05,1.0,0.009569497063512844,0.9904305029364872,0.35728010535240173,0.8864410240972515
definition,causality,1.5,10.0,0.05,1.0,0.01830149942929149,0.9816985005707085,0.5359200835227966,0.7901890015309453
definition,causality,2.0,10.0,0.05,1.0,0.026044871284214954,0.973955128715785,0.7145602107048035,0.7038232766226102
definition,causality,0.0,10.0,0.1,0.0,2.220446049250313e-16,0.9999999999999998,0.0,-2.220446049250313e-15
definition,causality,0.25,10.0,0.1,0.16666666666666666,0.0006277625895364514,0.9993722374104635,0.08932002633810043,0.1514570381374921
definition,causality,0.5,10.0,0.1,0.5,0.00255001956314016,0.9974499804368598,0.17864005267620087,0.4566357991009783
definition,causality,0.75,10.0,0.1,1.0,0.00563945696506063,0.9943605430349394,0.2679600417613983,0.9168094261732539
definition,causality,1.0,10.0,0.1,1.0,0.009569497063512844,0.9904305029364872,0.35728010535240173,0.8685770188296313
definition,causality,1.5,10.0,0.1,1.0,0.01830149942929149,0.9816985005707085,0.5359200835227966,0.7633929973548055
definition,causality,2.0,10.0,0.1,1.0,0.026044871284214954,0.973955128715785,0.7145602107048035,0.6680952660873701
definition,causality,0.0,10.0,0.2,0.0,2.220446049250313e-16,0.9999999999999998,0.0,-2.220446049250313e-15
definition,causality,0.25,10.0,0.2,0.16666666666666666,0.0006277625895364514,0.9993722374104635,0.08932002633810043,0.14252503550368206
definition,causality,0.5,10.0,0.2,0.5,0.00255001956314016,0.9974499804368598,0.17864005267620087,0.43877179383335824
definition,causality,0.75,10.0,0.2,1.0,0.00563945696506063,0.9943605430349394,0.2679600417613983,0.8900134219971141
definition,causality,1.0,10.0,0.2,1.0,0.009569497063512844,0.9904305029364872,0.35728010535240173,0.8328490082943912
definition,causality,1.5,10.0,0.2,1.0,0.01830149942929149,0.9816985005707085,0.5359200835227966,0.7098009890025258
definition,causality,2.0,10.0,0.2,1.0,0.026044871284214954,0.973955128715785,0.7145602107048035,0.5966392450168898
definition,causality,0.0,20.0,0.0,0.0,2.220446049250313e-16,0.9999999999999998,0.0,-4.440892098500626e-15
definition,causality,0.25,20.0,0.0,0.16666666666666666,0.0006277625895364514,0.9993722374104635,0.08932002633810043,0.15411141487593763
definition,causality,0.5,20.0,0.0,0.5,0.00255001956314016,0.9974499804368598,0.17864005267620087,0.4489996087371968
definition,causality,0.75,20.0,0.0,1.0,0.00563945696506063,0.9943605430349394,0.2679600417613983,0.8872108606987874
definition,causality,1.0,20.0,0.0,1.0,0.009569497063512844,0.9904305029364872,0.35728010535240173,0.8086100587297431
definition,causality,1.5,20.0,0.0,1.0,0.01830149942929149,0.9816985005707085,0.5359200835227966,0.6339700114141702
definition,causality,2.0,20.0,0.0,1.0,0.026044871284214954,0.973955128715785,0.7145602107048035,0.4791025743157009
definition,causality,0.0,20.0,0.05,0.0,2.220446049250313e-16,0.9999999999999998,0.0,-4.440892098500626e-15
definition,causality,0.25,20.0,0.05,0.16666666666666666,0.0006277625895364514,0.9993722374104635,0.08932002633810043,0.1496454135590326
definition,causality,0.5,20.0,0.05,0.5,0.00255001956314016,0.9974499804368598,0.17864005267620087,0.44006760610338674
definition,causality,0.75,20.0,0.05,1.0,0.00563945696506063,0.9943605430349394,0.2679600417613983,0.8738128586107174
definition,causality,1.0,20.0,0.05,1.0,0.009569497063512844,0.9904305029364872,0.35728010535240173,0.790746053462123
definition,causality,1.5,20.0,0.05,1.0,0.01830149942929149,0.9816985005707085,0.5359200835227966,0.6071740072380304
definition,causality,2.0,20.0,0.05,1.0,0.026044871284214954,0.973955128715785,0.7145602107048035,0.44337456378046075
definition,causality,0.0,20.0,0.1,0.0,2.220446049250313e-16,0.9999999999999998,0.0,-4.440892098500626e-15
definition,causality,0.25,20.0,0.1,0.16666666666666666,0.0006277625895364514,0.9993722374104635,0.08932002633810043,0.14517941224212758
definition,causality,0.5,20.0,0.1,0.5,0.00255001956314016,0.9974499804368598,0.17864005267620087,0.4311356034695767
definition,causality,0.75,20.0,0.1,1.0,0.00563945696506063,0.9943605430349394,0.2679600417613983,0.8604148565226476
definition,causality,1.0,20.0,0.1,1.0,0.009569497063512844,0.9904305029364872,0.35728010535240173,0.7728820481945029
definition,causality,1.5,20.0,0.1,1.0,0.01830149942929149,0.9816985005707085,0.5359200835227966,0.5803780030618906
definition,causality,2.0,20.0,0.1,1.0,0.026044871284214954,0.973955128715785,0.7145602107048035,0.4076465532452206
definition,causality,0.0,20.0,0.2,0.0,2.220446049250313e-16,0.9999999999999998,0.0,-4.440892098500626e-15
definition,causality,0.25,20.0,0.2,0.16666666666666666,0.0006277625895364514,0.9993722374104635,0.08932002633810043,0.13624740960831755
definition,causality,0.5,20.0,0.2,0.5,0.00255001956314016,0.9974499804368598,0.17864005267620087,0.41327159820195664
definition,causality,0.75,20.0,0.2,1.0,0.00563945696506063,0.9943605430349394,0.2679600417613983,0.8336188523465078
definition,causality,1.0,20.0,0.2,1.0,0.009569497063512844,0.9904305029364872,0.35728010535240173,0.7371540376592628
definition,causality,1.5,20.0,0.2,1.0,0.01830149942929149,0.9816985005707085,0.5359200835227966,0.5267859947096108
definition,causality,2.0,20.0,0.2,1.0,0.026044871284214954,0.973955128715785,0.7145602107048035,0.3361905321747402
definition,causality,0.0,50.0,0.0,0.0,2.220446049250313e-16,0.9999999999999998,0.0,-1.1102230246251565e-14
definition,causality,0.25,50.0,0.0,0.16666666666666666,0.0006277625895364514,0.9993722374104635,0.08932002633810043,0.1352785371898441
definition,causality,0.5,50.0,0.0,0.5,0.00255001956314016,0.9974499804368598,0.17864005267620087,0.372499021842992
definition,causality,0.75,50.0,0.0,1.0,0.00563945696506063,0.9943605430349394,0.2679600417613983,0.7180271517469685
definition,causality,1.0,50.0,0.0,1.0,0.009569497063512844,0.9904305029364872,0.35728010535240173,0.5215251468243578
definition,causality,1.5,50.0,0.0,1.0,0.01830149942929149,0.9816985005707085,0.5359200835227966,0.0849250285354255
definition,causality,2.0,50.0,0.0,1.0,0.026044871284214954,0.973955128715785,0.7145602107048035,-0.3022435642107477
definition,causality,0.0,50.0,0.05,0.0,2.220446049250313e-16,0.9999999999999998,0.0,-1.1102230246251565e-14
definition,causality,0.25,50.0,0.05,0.16666666666666666,0.0006277625895364514,0.9993722374104635,0.08932002633810043,0.13081253587293906
definition,causality,0.5,50.0,0.05,0.5,0.00255001956314016,0.9974499804368598,0.17864005267620087,0.36356701920918194
definition,causality,0.75,50.0,0.05,1.0,0.00563945696506063,0.9943605430349394,0.2679600417613983,0.7046291496588986
definition,causality,1.0,50.0,0.05,1.0,0.009569497063512844,0.9904305029364872,0.35728010535240173,0.5036611415567377
definition,causality,1.5,50.0,0.05,1.0,0.01830149942929149,0.9816985005707085,0.5359200835227966,0.05812902435928566
definition,causality,2.0,50.0,0.05,1.0,0.026044871284214954,0.973955128715785,0.7145602107048035,-0.3379715747459879
definition,causality,0.0,50.0,0.1,0.0,2.220446049250313e-16,0.9999999999999998,0.0,-1.1102230246251565e-14
definition,causality,0.25,50.0,0.1,0.16666666666666666,0.0006277625895364514,0.9993722374104635,0.08932002633810043,0.12634653455603403
definition,causality,0.5,50.0,0.1,0.5,0.00255001956314016,0.9974499804368598,0.17864005267620087,0.3546350165753719
definition,causality,0.75,50.0,0.1,1.0,0.00563945696506063,0.9943605430349394,0.2679600417613983,0.6912311475708287
definition,causality,1.0,50.0,0.1,1.0,0.009569497063512844,0.9904305029364872,0.35728010535240173,0.48579713628911764
definition,causality,1.5,50.0,0.1,1.0,0.01830149942929149,0.9816985005707085,0.5359200835227966,0.03133302018314583
definition,causality,2.0,50.0,0.1,1.0,0.026044871284214954,0.973955128715785,0.7145602107048035,-0.37369958528122804
definition,causality,0.0,50.0,0.2,0.0,2.220446049250313e-16,0.9999999999999998,0.0,-1.1102230246251565e-14
definition,causality,0.25,50.0,0.2,0.16666666666666666,0.0006277625895364514,0.9993722374104635,0.08932002633810043,0.11741453192222401
definition,causality,0.5,50.0,0.2,0.5,0.00255001956314016,0.9974499804368598,0.17864005267620087,0.33677101130775183
definition,causality,0.75,50.0,0.2,1.0,0.00563945696506063,0.9943605430349394,0.2679600417613983,0.6644351433946889
definition,causality,1.0,50.0,0.2,1.0,0.009569497063512844,0.9904305029364872,0.35728010535240173,0.4500691257538775
definition,causality,1.5,50.0,0.2,1.0,0.01830149942929149,0.9816985005707085,0.5359200835227966,-0.02225898816913384
definition,causality,2.0,50.0,0.2,1.0,0.026044871284214954,0.973955128715785,0.7145602107048035,-0.4451556063517084
definition,causality,0.0,100.0,0.0,0.0,2.220446049250313e-16,0.9999999999999998,0.0,-2.220446049250313e-14
definition,causality,0.25,100.0,0.0,0.16666666666666666,0.0006277625895364514,0.9993722374104635,0.08932002633810043,0.10389040771302152
definition,causality,0.5,100.0,0.0,0.5,0.00255001956314016,0.9974499804368598,0.17864005267620087,0.244998043685984
definition,causality,0.75,100.0,0.0,1.0,0.00563945696506063,0.9943605430349394,0.2679600417613983,0.43605430349393703
definition,causality,1.0,100.0,0.0,1.0,0.009569497063512844,0.9904305029364872,0.35728010535240173,0.0430502936487156
definition,causality,1.5,100.0,0.0,1.0,0.01830149942929149,0.9816985005707085,0.5359200835227966,-0.830149942929149
definition,causality,2.0,100.0,0.0,1.0,0.026044871284214954,0.973955128715785,0.7145602107048035,-1.6044871284214954
definition,causality,0.0,100.0,0.05,0.0,2.220446049250313e-16,0.9999999999999998,0.0,-2.220446049250313e-14
definition,causality,0.25,100.0,0.05,0.16666666666666666,0.0006277625895364514,0.9993722374104635,0.08932002633810043,0.0994244063961165
definition,causality,0.5,100.0,0.05,0.5,0.00255001956314016,0.9974499804368598,0.17864005267620087,0.23606604105217394
definition,causality,0.75,100.0,0.05,1.0,0.00563945696506063,0.9943605430349394,0.2679600417613983,0.42265630140586713
definition,causality,1.0,100.0,0.05,1.0,0.009569497063512844,0.9904305029364872,0.35728010535240173,0.02518628838109551
definition,causality,1.5,100.0,0.05,1.0,0.01830149942929149,0.9816985005707085,0.5359200835227966,-0.8569459471052888
definition,causality,2.0,100.0,0.05,1.0,0.026044871284214954,0.973955128715785,0.7145602107048035,-1.6402151389567357
definition,causality,0.0,100.0,0.1,0.0,2.220446049250313e-16,0.9999999999999998,0.0,-2.220446049250313e-14
definition,causality,0.25,100.0,0.1,0.16666666666666666,0.0006277625895364514,0.9993722374104635,0.08932002633810043,0.09495840507921148
definition,causality,0.5,100.0,0.1,0.5,0.00255001956314016,0.9974499804368598,0.17864005267620087,0.2271340384183639
definition,causality,0.75,100.0,0.1,1.0,0.00563945696506063,0.9943605430349394,0.2679600417613983,0.4092582993177972
definition,causality,1.0,100.0,0.1,1.0,0.009569497063512844,0.9904305029364872,0.35728010535240173,0.007322283113475422
definition,causality,1.5,100.0,0.1,1.0,0.01830149942929149,0.9816985005707085,0.5359200835227966,-0.8837419512814286
definition,causality,2.0,100.0,0.1,1.0,0.026044871284214954,0.973955128715785,0.7145602107048035,-1.6759431494919759
definition,causality,0.0,100.0,0.2,0.0,2.220446049250313e-16,0.9999999999999998,0.0,-2.220446049250313e-14
definition,causality,0.25,100.0,0.2,0.16666666666666666,0.0006277625895364514,0.9993722374104635,0.08932002633810043,0.08602640244540144
definition,causality,0.5,100.0,0.2,0.5,0.00255001956314016,0.9974499804368598,0.17864005267620087,0.20927003315074383
definition,causality,0.75,100.0,0.2,1.0,0.00563945696506063,0.9943605430349394,0.2679600417613983,0.38246229514165736
definition,causality,1.0,100.0,0.2,1.0,0.009569497063512844,0.9904305029364872,0.35728010535240173,-0.028405727421764754
definition,causality,1.5,100.0,0.2,1.0,0.01830149942929149,0.9816985005707085,0.5359200835227966,-0.9373339596337084
definition,causality,2.0,100.0,0.2,1.0,0.026044871284214954,0.973955128715785,0.7145602107048035,-1.747399170562456
definition,analogy,0.0,1.0,0.0,0.0,2.220446049250313e-16,0.9999999999999998,0.0,-2.220446049250313e-16
definition,analogy,0.25,1.0,0.0,0.0,0.0005493951964831156,0.9994506048035169,0.1225256398320198,-0.0005493951964831156
definition,analogy,0.5,1.0,0.0,0.6666666666666666,0.0023973826868903814,0.9976026173131096,0.2450512796640396,0.6642692839797762
definition,analogy,0.75,1.0,0.0,1.0,0.005575501420701512,0.9944244985792985,0.3675769567489624,0.9944244985792985
definition,analogy,1.0,1.0,0.0,1.0,0.009672991807504805,0.9903270081924952,0.4901025593280792,0.9903270081924952
definition,analogy,1.5,1.0,0.0,1.0,0.017852375289939992,0.98214762471006,0.7351539134979248,0.98214762471006
definition,analogy,2.0,1.0,0.0,1.0,0.02304075098193359,0.9769592490180664,0.9802051186561584,0.9769592490180664
definition,analogy,0.0,1.0,0.05,0.0,2.220446049250313e-16,0.9999999999999998,0.0,-2.220446049250313e-16
definition,analogy,0.25,1.0,0.05,0.0,0.0005493951964831156,0.9994506048035169,0.1225256398320198,-0.006675677188084106
definition,analogy,0.5,1.0,0.05,0.6666666666666666,0.0023973826868903814,0.9976026173131096,0.2450512796640396,0.6520167199965743
definition,analogy,0.75,1.0,0.05,1.0,0.005575501420701512,0.9944244985792985,0.3675769567489624,0.9760456507418503
definition,analogy,1.0,1.0,0.05,1.0,0.009672991807504805,0.9903270081924952,0.4901025593280792,0.9658218802260913
definition,analogy,1.5,1.0,0.05,1.0,0.017852375289939992,0.98214762471006,0.7351539134979248,0.9453899290351637
definition,analogy,2.0,1.0,0.05,1.0,0.02304075098193359,0.9769592490180664,0.9802051186561584,0.9279489930852585
definition,analogy,0.0,1.0,0.1,0.0,2.220446049250313e-16,0.9999999999999998,0.0,-2.220446049250313e-16
definition,analogy,0.25,1.0,0.1,0.0,0.0005493951964831156,0.9994506048035169,0.1225256398320198,-0.012801959179685097
definition,analogy,0.5,1.0,0.1,0.6666666666666666,0.0023973826868903814,0.9976026173131096,0.2450512796640396,0.6397641560133723
definition,analogy,0.75,1.0,0.1,1.0,0.005575501420701512,0.9944244985792985,0.3675769567489624,0.9576668029044022
definition,analogy,1.0,1.0,0.1,1.0,0.009672991807504805,0.9903270081924952,0.4901025593280792,0.9413167522596873
definition,analogy,1.5,1.0,0.1,1.0,0.017852375289939992,0.98214762471006,0.7351539134979248,0.9086322333602675
definition,analogy,2.0,1.0,0.1,1.0,0.02304075098193359,0.9769592490180664,0.9802051186561584,0.8789387371524505
definition,analogy,0.0,1.0,0.2,0.0,2.220446049250313e-16,0.9999999999999998,0.0,-2.220446049250313e-16
definition,analogy,0.25,1.0,0.2,0.0,0.0005493951964831156,0.9994506048035169,0.1225256398320198,-0.025054523162887078
definition,analogy,0.5,1.0,0.2,0.6666666666666666,0.0023973826868903814,0.9976026173131096,0.2450512796640396,0.6152590280469683
definition,analogy,0.75,1.0,0.2,1.0,0.005575501420701512,0.9944244985792985,0.3675769567489624,0.920909107229506
definition,analogy,1.0,1.0,0.2,1.0,0.009672991807504805,0.9903270081924952,0.4901025593280792,0.8923064963268793
definition,analogy,1.5,1.0,0.2,1.0,0.017852375289939992,0.98214762471006,0.7351539134979248,0.8351168420104751
definition,analogy,2.0,1.0,0.2,1.0,0.02304075098193359,0.9769592490180664,0.9802051186561584,0.7809182252868347
definition,analogy,0.0,5.0,0.0,0.0,2.220446049250313e-16,0.9999999999999998,0.0,-1.1102230246251565e-15
definition,analogy,0.25,5.0,0.0,0.0,0.0005493951964831156,0.9994506048035169,0.1225256398320198,-0.002746975982415578
definition,analogy,0.5,5.0,0.0,0.6666666666666666,0.0023973826868903814,0.9976026173131096,0.2450512796640396,0.6546797532322147
definition,analogy,0.75,5.0,0.0,1.0,0.005575501420701512,0.9944244985792985,0.3675769567489624,0.9721224928964924
definition,analogy,1.0,5.0,0.0,1.0,0.009672991807504805,0.9903270081924952,0.4901025593280792,0.951635040962476
definition,analogy,1.5,5.0,0.0,1.0,0.017852375289939992,0.98214762471006,0.7351539134979248,0.9107381235503
definition,analogy,2.0,5.0,0.0,1.0,0.02304075098193359,0.9769592490180664,0.9802051186561584,0.8847962450903321
definition,analogy,0.0,5.0,0.05,0.0,2.220446049250313e-16,0.9999999999999998,0.0,-1.1102230246251565e-15
definition,analogy,0.25,5.0,0.05,0.0,0.0005493951964831156,0.9994506048035169,0.1225256398320198,-0.008873257974016568
definition,analogy,0.5,5.0,0.05,0.6666666666666666,0.0023973826868903814,0.9976026173131096,0.2450512796640396,0.6424271892490128
definition,analogy,0.75,5.0,0.05,1.0,0.005575501420701512,0.9944244985792985,0.3675769567489624,0.9537436450590443
definition,analogy,1.0,5.0,0.05,1.0,0.009672991807504805,0.9903270081924952,0.4901025593280792,0.9271299129960721
definition,analogy,1.5,5.0,0.05,1.0,0.017852375289939992,0.98214762471006,0.7351539134979248,0.8739804278754038
definition,analogy,2.0,5.0,0.05,1.0,0.02304075098193359,0.9769592490180664,0.9802051186561584,0.8357859891575241
definition,analogy,0.0,5.0,0.1,0.0,2.220446049250313e-16,0.9999999999999998,0.0,-1.1102230246251565e-15
definition,analogy,0.25,5.0,0.1,0.0,0.0005493951964831156,0.9994506048035169,0.1225256398320198,-0.014999539965617559
definition,analogy,0.5,5.0,0.1,0.6666666666666666,0.0023973826868903814,0.9976026173131096,0.2450512796640396,0.6301746252658108
definition,analogy,0.75,5.0,0.1,1.0,0.005575501420701512,0.9944244985792985,0.3675769567489624,0.9353647972215962
definition,analogy,1.0,5.0,0.1,1.0,0.009672991807504805,0.9903270081924952,0.4901025593280792,0.902624785029668
definition,analogy,1.5,5.0,0.1,1.0,0.017852375289939992,0.98214762471006,0.7351539134979248,0.8372227322005076
definition,analogy,2.0,5.0,0.1,1.0,0.02304075098193359,0.9769592490180664,0.9802051186561584,0.7867757332247162
definition,analogy,0.0,5.0,0.2,0.0,2.220446049250313e-16,0.9999999999999998,0.0,-1.1102230246251565e-15
definition,analogy,0.25,5.0,0.2,0.0,0.0005493951964831156,0.9994506048035169,0.1225256398320198,-0.02725210394881954
definition,analogy,0.5,5.0,0.2,0.6666666666666666,0.0023973826868903814,0.9976026173131096,0.2450512796640396,0.6056694972994068
definition,analogy,0.75,5.0,0.2,1.0,0.005575501420701512,0.9944244985792985,0.3675769567489624,0.8986071015467
definition,analogy,1.0,5.0,0.2,1.0,0.009672991807504805,0.9903270081924952,0.4901025593280792,0.8536145290968601
definition,analogy,1.5,5.0,0.2,1.0,0.017852375289939992,0.98214762471006,0.7351539134979248,0.7637073408507151
definition,analogy,2.0,5.0,0.2,1.0,0.02304075098193359,0.9769592490180664,0.9802051186561584,0.6887552213591004
definition,analogy,0.0,10.0,0.0,0.0,2.220446049250313e-16,0.9999999999999998,0.0,-2.220446049250313e-15
definition,analogy,0.25,10.0,0.0,0.0,0.0005493951964831156,0.9994506048035169,0.1225256398320198,-0.005493951964831156
definition,analogy,0.5,10.0,0.0,0.6666666666666666,0.0023973826868903814,0.9976026173131096,0.2450512796640396,0.6426928397977628
definition,analogy,0.75,10.0,0.0,1.0,0.005575501420701512,0.9944244985792985,0.3675769567489624,0.9442449857929849
definition,analogy,1.0,10.0,0.0,1.0,0.009672991807504805,0.9903270081924952,0.4901025593280792,0.903270081924952
definition,analogy,1.5,10.0,0.0,1.0,0.017852375289939992,0.98214762471006,0.7351539134979248,0.8214762471006001
definition,analogy,2.0,10.0,0.0,1.0,0.02304075098193359,0.9769592490180664,0.9802051186561584,0.7695924901806641
definition,analogy,0.0,10.0,0.05,0.0,2.220446049250313e-16,0.9999999999999998,0.0,-2.220446049250313e-15
definition,analogy,0.25,10.0,0.05,0.0,0.0005493951964831156,0.9994506048035169,0.1225256398320198,-0.011620233956432146
definition,analogy,0.5,10.0,0.05,0.6666666666666666,0.0023973826868903814,0.9976026173131096,0.2450512796640396,0.6304402758145609
definition,analogy,0.75,10.0,0.05,1.0,0.005575501420701512,0.9944244985792985,0.3675769567489624,0.9258661379555367
definition,analogy,1.0,10.0,0.05,1.0,0.009672991807504805,0.9903270081924952,0.4901025593280792,0.878764953958548
definition,analogy,1.5,10.0,0.05,1.0,0.017852375289939992,0.98214762471006,0.7351539134979248,0.7847185514257038
definition,analogy,2.0,10.0,0.05,1.0,0.02304075098193359,0.9769592490180664,0.9802051186561584,0.7205822342478562
definition,analogy,0.0,10.0,0.1,0.0,2.220446049250313e-16,0.9999999999999998,0.0,-2.220446049250313e-15
definition,analogy,0.25,10.0,0.1,0.0,0.0005493951964831156,0.9994506048035169,0.1225256398320198,-0.017746515948033136
definition,analogy,0.5,10.0,0.1,0.6666666666666666,0.0023973826868903814,0.9976026173131096,0.2450512796640396,0.6181877118313589
definition,analogy,0.75,10.0,0.1,1.0,0.005575501420701512,0.9944244985792985,0.3675769567489624,0.9074872901180886
definition,analogy,1.0,10.0,0.1,1.0,0.009672991807504805,0.9903270081924952,0.4901025593280792,0.854259825992144
definition,analogy,1.5,10.0,0.1,1.0,0.017852375289939992,0.98214762471006,0.7351539134979248,0.7479608557508076
definition,analogy,2.0,10.0,0.1,1.0,0.02304075098193359,0.9769592490180664,0.9802051186561584,0.6715719783150482
definition,analogy,0.0,10.0,0.2,0.0,2.220446049250313e-16,0.9999999999999998,0.0,-2.220446049250313e-15
definition,analogy,0.25,10.0,0.2,0.0,0.0005493951964831156,0.9994506048035169,0.1225256398320198,-0.029999079931235118
definition,analogy,0.5,10.0,0.2,0.6666666666666666,0.0023973826868903814,0.9976026173131096,0.2450512796640396,0.5936825838649549
definition,analogy,0.75,10.0,0.2,1.0,0.005575501420701512,0.9944244985792985,0.3675769567489624,0.8707295944431924
definition,analogy,1.0,10.0,0.2,1.0,0.009672991807504805,0.9903270081924952,0.4901025593280792,0.8052495700593361
definition,analogy,1.5,10.0,0.2,1.0,0.017852375289939992,0.98214762471006,0.7351539134979248,0.6744454644010152
definition,analogy,2.0,10.0,0.2,1.0,0.02304075098193359,0.9769592490180664,0.9802051186561584,0.5735514664494324
definition,analogy,0.0,20.0,0.0,0.0,2.220446049250313e-16,0.9999999999999998,0.0,-4.440892098500626e-15
definition,analogy,0.25,20.0,0.0,0.0,0.0005493951964831156,0.9994506048035169,0.1225256398320198,-0.010987903929662313
definition,analogy,0.5,20.0,0.0,0.6666666666666666,0.0023973826868903814,0.9976026173131096,0.2450512796640396,0.618719012928859
definition,analogy,0.75,20.0,0.0,1.0,0.005575501420701512,0.9944244985792985,0.3675769567489624,0.8884899715859698
definition,analogy,1.0,20.0,0.0,1.0,0.009672991807504805,0.9903270081924952,0.4901025593280792,0.8065401638499039
definition,analogy,1.5,20.0,0.0,1.0,0.017852375289939992,0.98214762471006,0.7351539134979248,0.6429524942012002
definition,analogy,2.0,20.0,0.0,1.0,0.02304075098193359,0.9769592490180664,0.9802051186561584,0.5391849803613282
definition,analogy,0.0,20.0,0.05,0.0,2.220446049250313e-16,0.9999999999999998,0.0,-4.440892098500626e-15
definition,analogy,0.25,20.0,0.05,0.0,0.0005493951964831156,0.9994506048035169,0.1225256398320198,-0.017114185921263302
definition,analogy,0.5,20.0,0.05,0.6666666666666666,0.0023973826868903814,0.9976026173131096,0.2450512796640396,0.606466448945657
definition,analogy,0.75,20.0,0.05,1.0,0.005575501420701512,0.9944244985792985,0.3675769567489624,0.8701111237485216
definition,analogy,1.0,20.0,0.05,1.0,0.009672991807504805,0.9903270081924952,0.4901025593280792,0.7820350358835
definition,analogy,1.5,20.0,0.05,1.0,0.017852375289939992,0.98214762471006,0.7351539134979248,0.6061947985263039
definition,analogy,2.0,20.0,0.05,1.0,0.02304075098193359,0.9769592490180664,0.9802051186561584,0.4901747244285203
definition,analogy,0.0,20.0,0.1,0.0,2.220446049250313e-16,0.9999999999999998,0.0,-4.440892098500626e-15
definition,analogy,0.25,20.0,0.1,0.0,0.0005493951964831156,0.9994506048035169,0.1225256398320198,-0.023240467912864292
definition,analogy,0.5,20.0,0.1,0.6666666666666666,0.0023973826868903814,0.9976026173131096,0.2450512796640396,0.5942138849624551
definition,analogy,0.75,20.0,0.1,1.0,0.005575501420701512,0.9944244985792985,0.3675769567489624,0.8517322759110735
definition,analogy,1.0,20.0,0.1,1.0,0.009672991807504805,0.9903270081924952,0.4901025593280792,0.757529907917096
definition,analogy,1.5,20.0,0.1,1.0,0.017852375289939992,0.98214762471006,0.7351539134979248,0.5694371028514077
definition,analogy,2.0,20.0,0.1,1.0,0.02304075098193359,0.9769592490180664,0.9802051186561584,0.4411644684957124
definition,analogy,0.0,20.0,0.2,0.0,2.220446049250313e-16,0.9999999999999998,0.0,-4.440892098500626e-15
definition,analogy,0.25,20.0,0.2,0.0,0.0005493951964831156,0.9994506048035169,0.1225256398320198,-0.03549303189606627
definition,analogy,0.5,20.0,0.2,0.6666666666666666,0.0023973826868903814,0.9976026173131096,0.2450512796640396,0.5697087569960511
definition,analogy,0.75,20.0,0.2,1.0,0.005575501420701512,0.9944244985792985,0.3675769567489624,0.8149745802361773
definition,analogy,1.0,20.0,0.2,1.0,0.009672991807504805,0.9903270081924952,0.4901025593280792,0.708519651984288
definition,analogy,1.5,20.0,0.2,1.0,0.017852375289939992,0.98214762471006,0.7351539134979248,0.4959217115016152
definition,analogy,2.0,20.0,0.2,1.0,0.02304075098193359,0.9769592490180664,0.9802051186561584,0.34314395663009656
definition,analogy,0.0,50.0,0.0,0.0,2.220446049250313e-16,0.9999999999999998,0.0,-1.1102230246251565e-14
definition,analogy,0.25,50.0,0.0,0.0,0.0005493951964831156,0.9994506048035169,0.1225256398320198,-0.02746975982415578
definition,analogy,0.5,50.0,0.0,0.6666666666666666,0.0023973826868903814,0.9976026173131096,0.2450512796640396,0.5467975323221476
definition,analogy,0.75,50.0,0.0,1.0,0.005575501420701512,0.9944244985792985,0.3675769567489624,0.7212249289649244
definition,analogy,1.0,50.0,0.0,1.0,0.009672991807504805,0.9903270081924952,0.4901025593280792,0.5163504096247598
definition,analogy,1.5,50.0,0.0,1.0,0.017852375289939992,0.98214762471006,0.7351539134979248,0.10738123550300038
definition,analogy,2.0,50.0,0.0,1.0,0.02304075098193359,0.9769592490180664,0.9802051186561584,-0.15203754909667944
definition,analogy,0.0,50.0,0.05,0.0,2.220446049250313e-16,0.9999999999999998,0.0,-1.1102230246251565e-14
definition,analogy,0.25,50.0,0.05,0.0,0.0005493951964831156,0.9994506048035169,0.1225256398320198,-0.033596041815756775
definition,analogy,0.5,50.0,0.05,0.6666666666666666,0.0023973826868903814,0.9976026173131096,0.2450512796640396,0.5345449683389456
definition,analogy,0.75,50.0,0.05,1.0,0.005575501420701512,0.9944244985792985,0.3675769567489624,0.7028460811274763
definition,analogy,1.0,50.0,0.05,1.0,0.009672991807504805,0.9903270081924952,0.4901025593280792,0.4918452816583558
definition,analogy,1.5,50.0,0.05,1.0,0.017852375289939992,0.98214762471006,0.7351539134979248,0.07062353982810414
definition,analogy,2.0,50.0,0.05,1.0,0.02304075098193359,0.9769592490180664,0.9802051186561584,-0.20104780502948735
definition,analogy,0.0,50.0,0.1,0.0,2.220446049250313e-16,0.9999999999999998,0.0,-1.1102230246251565e-14
definition,analogy,0.25,50.0,0.1,0.0,0.0005493951964831156,0.9994506048035169,0.1225256398320198,-0.03972232380735776
definition,analogy,0.5,50.0,0.1,0.6666666666666666,0.0023973826868903814,0.9976026173131096,0.2450512796640396,0.5222924043557436
definition,analogy,0.75,50.0,0.1,1.0,0.005575501420701512,0.9944244985792985,0.3675769567489624,0.6844672332900281
definition,analogy,1.0,50.0,0.1,1.0,0.009672991807504805,0.9903270081924952,0.4901025593280792,0.4673401536919518
definition,analogy,1.5,50.0,0.1,1.0,0.017852375289939992,0.98214762471006,0.7351539134979248,0.0338658441532079
definition,analogy,2.0,50.0,0.1,1.0,0.02304075098193359,0.9769592490180664,0.9802051186561584,-0.25005806096229527
definition,analogy,0.0,50.0,0.2,0.0,2.220446049250313e-16,0.9999999999999998,0.0,-1.1102230246251565e-14
definition,analogy,0.25,50.0,0.2,0.0,0.0005493951964831156,0.9994506048035169,0.1225256398320198,-0.05197488779055974
definition,analogy,0.5,50.0,0.2,0.6666666666666666,0.0023973826868903814,0.9976026173131096,0.2450512796640396,0.4977872763893396
definition,analogy,0.75,50.0,0.2,1.0,0.005575501420701512,0.9944244985792985,0.3675769567489624,0.647709537615132
definition,analogy,1.0,50.0,0.2,1.0,0.009672991807504805,0.9903270081924952,0.4901025593280792,0.4183298977591439
definition,analogy,1.5,50.0,0.2,1.0,0.017852375289939992,0.98214762471006,0.7351539134979248,-0.03964954719658459
definition,analogy,2.0,50.0,0.2,1.0,0.02304075098193359,0.9769592490180664,0.9802051186561584,-0.3480785728279111
definition,analogy,0.0,100.0,0.0,0.0,2.220446049250313e-16,0.9999999999999998,0.0,-2.220446049250313e-14
definition,analogy,0.25,100.0,0.0,0.0,0.0005493951964831156,0.9994506048035169,0.1225256398320198,-0.05493951964831156
definition,analogy,0.5,100.0,0.0,0.6666666666666666,0.0023973826868903814,0.9976026173131096,0.2450512796640396,0.4269283979776285
definition,analogy,0.75,100.0,0.0,1.0,0.005575501420701512,0.9944244985792985,0.3675769567489624,0.4424498579298488
definition,analogy,1.0,100.0,0.0,1.0,0.009672991807504805,0.9903270081924952,0.4901025593280792,0.03270081924951951
definition,analogy,1.5,100.0,0.0,1.0,0.017852375289939992,0.98214762471006,0.7351539134979248,-0.7852375289939992
definition,analogy,2.0,100.0,0.0,1.0,0.02304075098193359,0.9769592490180664,0.9802051186561584,-1.3040750981933589
definition,analogy,0.0,100.0,0.05,0.0,2.220446049250313e-16,0.9999999999999998,0.0,-2.220446049250313e-14
definition,analogy,0.25,100.0,0.05,0.0,0.0005493951964831156,0.9994506048035169,0.1225256398320198,-0.061065801639912556
definition,analogy,0.5,100.0,0.05,0.6666666666666666,0.0023973826868903814,0.9976026173131096,0.2450512796640396,0.41467583399442653
definition,analogy,0.75,100.0,0.05,1.0,0.005575501420701512,0.9944244985792985,0.3675769567489624,0.42407101009240067
definition,analogy,1.0,100.0,0.05,1.0,0.009672991807504805,0.9903270081924952,0.4901025593280792,0.008195691283115546
definition,analogy,1.5,100.0,0.05,1.0,0.017852375289939992,0.98214762471006,0.7351539134979248,-0.8219952246688955
definition,analogy,2.0,100.0,0.05,1.0,0.02304075098193359,0.9769592490180664,0.9802051186561584,-1.3530853541261667
definition,analogy,0.0,100.0,0.1,0.0,2.220446049250313e-16,0.9999999999999998,0.0,-2.220446049250313e-14
definition,analogy,0.25,100.0,0.1,0.0,0.0005493951964831156,0.9994506048035169,0.1225256398320198,-0.06719208363151355
definition,analogy,0.5,100.0,0.1,0.6666666666666666,0.0023973826868903814,0.9976026173131096,0.2450512796640396,0.4024232700112245
definition,analogy,0.75,100.0,0.1,1.0,0.005575501420701512,0.9944244985792985,0.3675769567489624,0.4056921622549526
definition,analogy,1.0,100.0,0.1,1.0,0.009672991807504805,0.9903270081924952,0.4901025593280792,-0.016309436683288416
definition,analogy,1.5,100.0,0.1,1.0,0.017852375289939992,0.98214762471006,0.7351539134979248,-0.8587529203437917
definition,analogy,2.0,100.0,0.1,1.0,0.02304075098193359,0.9769592490180664,0.9802051186561584,-1.4020956100589748
definition,analogy,0.0,100.0,0.2,0.0,2.220446049250313e-16,0.9999999999999998,0.0,-2.220446049250313e-14
definition,analogy,0.25,100.0,0.2,0.0,0.0005493951964831156,0.9994506048035169,0.1225256398320198,-0.07944464761471552
definition,analogy,0.5,100.0,0.2,0.6666666666666666,0.0023973826868903814,0.9976026173131096,0.2450512796640396,0.37791814204482055
definition,analogy,0.75,100.0,0.2,1.0,0.005575501420701512,0.9944244985792985,0.3675769567489624,0.36893446658005635
definition,analogy,1.0,100.0,0.2,1.0,0.009672991807504805,0.9903270081924952,0.4901025593280792,-0.06531969261609634
definition,analogy,1.5,100.0,0.2,1.0,0.017852375289939992,0.98214762471006,0.7351539134979248,-0.9322683116935842
definition,analogy,2.0,100.0,0.2,1.0,0.02304075098193359,0.9769592490180664,0.9802051186561584,-1.5001161219245907
