example_id,content_family_id,task_class,response_text,split,provenance,length_tokens,length_band,template_family,paraphrase_family_id,lexical_challenge,notes
exp019_logic_001,cf_001,logic,"The routine timer condition holds, so rings follows.",train,rule_composed,8,medium,logic_medium_1,cf_001,true,label_quality=clear; constructed from a balanced content family
exp019_causality_001,cf_001,causality,Rings follows when the routine timer mechanism activates.,train,rule_composed,8,medium,causality_medium_1,cf_001,true,label_quality=clear; constructed from a balanced content family
exp019_analogy_001,cf_001,analogy,"Like the kettle, the routine timer connects condition and outcome.",train,rule_composed,10,medium,analogy_medium_1,cf_001,true,label_quality=clear; constructed from a balanced content family
exp019_definition_001,cf_001,definition,The routine timer refers to an object used for a purpose.,train,rule_composed,11,medium,definition_medium_1,cf_001,true,label_quality=clear; constructed from a balanced content family
exp019_logic_002,cf_002,logic,"When the routine gauge condition holds, the stated rule requires rises as its conclusion.",train,rule_composed,14,limited_long,logic_limited_long_2,cf_002,true,label_quality=clear; constructed from a balanced content family
exp019_causality_002,cf_002,causality,A change in the routine gauge condition leads to rises through the system's ordinary mechanism.,train,rule_composed,15,limited_long,causality_limited_long_2,cf_002,true,label_quality=clear; constructed from a balanced content family
exp019_analogy_002,cf_002,analogy,The routine gauge relation corresponds to the gauge relation as a result both connect a condition with an outcome.,train,rule_composed,19,limited_long,analogy_limited_long_2,cf_002,true,label_quality=clear; constructed from a balanced content family
exp019_definition_002,cf_002,definition,A routine gauge is a familiar object whose role is described by its practical use in a system.,train,rule_composed,18,limited_long,definition_limited_long_2,cf_002,true,label_quality=clear; constructed from a balanced content family
exp019_logic_003,cf_003,logic,Routine light condition entails shines.,train,rule_composed,5,short,logic_short_3,cf_003,true,label_quality=clear; constructed from a balanced content family
exp019_causality_003,cf_003,causality,Routine light state yields outcome.,train,rule_composed,5,short,causality_short_3,cf_003,true,label_quality=clear; constructed from a balanced content family
exp019_analogy_003,cf_003,analogy,Routine light mirrors lamp's relation.,train,rule_composed,5,short,analogy_short_3,cf_003,true,label_quality=clear; constructed from a balanced content family
exp019_definition_003,cf_003,definition,Routine light denotes purpose.,train,rule_composed,4,short,definition_short_3,cf_003,true,label_quality=clear; constructed from a balanced content family
exp019_logic_004,cf_004,logic,"If the routine thermometer condition holds, increases follows under the rule.",validation,rule_composed,11,medium,logic_medium_4,cf_004,true,label_quality=clear; constructed from a balanced content family
exp019_causality_004,cf_004,causality,The routine thermometer condition produces increases through a simple mechanism.,validation,rule_composed,10,medium,causality_medium_4,cf_004,true,label_quality=clear; constructed from a balanced content family
exp019_analogy_004,cf_004,analogy,The routine thermometer relation matches the speedometer relation in structure.,validation,rule_composed,10,medium,analogy_medium_4,cf_004,true,label_quality=clear; constructed from a balanced content family
exp019_definition_004,cf_004,definition,A routine thermometer is an object with a stated practical role.,validation,rule_composed,11,medium,definition_medium_4,cf_004,true,label_quality=clear; constructed from a balanced content family
exp019_logic_005,cf_005,logic,"When the routine filter condition holds, the stated rule requires behind as its conclusion.",train,rule_composed,14,limited_long,logic_limited_long_0,cf_005,true,label_quality=clear; constructed from a balanced content family
exp019_causality_005,cf_005,causality,A change in the routine filter condition leads to behind through the system's ordinary mechanism.,train,rule_composed,15,limited_long,causality_limited_long_0,cf_005,true,label_quality=clear; constructed from a balanced content family
exp019_analogy_005,cf_005,analogy,The routine filter relation corresponds to the door relation as a result both connect a condition with an outcome.,train,rule_composed,19,limited_long,analogy_limited_long_0,cf_005,true,label_quality=clear; constructed from a balanced content family
exp019_definition_005,cf_005,definition,A routine filter is a familiar object whose role is described by its practical use in a system.,train,rule_composed,18,limited_long,definition_limited_long_0,cf_005,true,label_quality=clear; constructed from a balanced content family
exp019_logic_006,cf_006,logic,Routine tray condition entails sprout.,train,rule_composed,5,short,logic_short_1,cf_006,true,label_quality=clear; constructed from a balanced content family
exp019_causality_006,cf_006,causality,Routine tray state yields outcome.,train,rule_composed,5,short,causality_short_1,cf_006,true,label_quality=clear; constructed from a balanced content family
exp019_analogy_006,cf_006,analogy,Routine tray mirrors sponge's relation.,train,rule_composed,5,short,analogy_short_1,cf_006,true,label_quality=clear; constructed from a balanced content family
exp019_definition_006,cf_006,definition,Routine tray denotes purpose.,train,rule_composed,4,short,definition_short_1,cf_006,true,label_quality=clear; constructed from a balanced content family
exp019_logic_007,cf_007,logic,"If the routine signal condition holds, proceed follows under the rule.",train,rule_composed,11,medium,logic_medium_2,cf_007,true,label_quality=clear; constructed from a balanced content family
exp019_causality_007,cf_007,causality,The routine signal condition produces proceed through a simple mechanism.,train,rule_composed,10,medium,causality_medium_2,cf_007,true,label_quality=clear; constructed from a balanced content family
exp019_analogy_007,cf_007,analogy,The routine signal relation matches the bell relation in structure.,train,rule_composed,10,medium,analogy_medium_2,cf_007,true,label_quality=clear; constructed from a balanced content family
exp019_definition_007,cf_007,definition,A routine signal is an object with a stated practical role.,train,rule_composed,11,medium,definition_medium_2,cf_007,true,label_quality=clear; constructed from a balanced content family
exp019_logic_008,cf_008,logic,"When the routine refrigerator condition holds, the stated rule requires heat as its conclusion.",train,rule_composed,14,limited_long,logic_limited_long_3,cf_008,true,label_quality=clear; constructed from a balanced content family
exp019_causality_008,cf_008,causality,A change in the routine refrigerator condition leads to heat through the system's ordinary mechanism.,train,rule_composed,15,limited_long,causality_limited_long_3,cf_008,true,label_quality=clear; constructed from a balanced content family
exp019_analogy_008,cf_008,analogy,The routine refrigerator relation corresponds to the bottle relation as a result both connect a condition with an outcome.,train,rule_composed,19,limited_long,analogy_limited_long_3,cf_008,true,label_quality=clear; constructed from a balanced content family
exp019_definition_008,cf_008,definition,A routine refrigerator is a familiar object whose role is described by its practical use in a system.,train,rule_composed,18,limited_long,definition_limited_long_3,cf_008,true,label_quality=clear; constructed from a balanced content family
exp019_logic_009,cf_009,logic,Routine lock entails withdraws.,train,rule_composed,4,short,logic_short_4,cf_009,true,label_quality=clear; constructed from a balanced content family
exp019_causality_009,cf_009,causality,Routine lock triggers withdraws.,train,rule_composed,4,short,causality_short_4,cf_009,true,label_quality=clear; constructed from a balanced content family
exp019_analogy_009,cf_009,analogy,Routine lock parallels screen.,train,rule_composed,4,short,analogy_short_4,cf_009,true,label_quality=clear; constructed from a balanced content family
exp019_definition_009,cf_009,definition,A routine lock has purpose.,train,rule_composed,5,short,definition_short_4,cf_009,true,label_quality=clear; constructed from a balanced content family
exp019_logic_010,cf_010,logic,"If the routine compass condition holds, direction follows under the rule.",train,rule_composed,11,medium,logic_medium_0,cf_010,true,label_quality=clear; constructed from a balanced content family
exp019_causality_010,cf_010,causality,The routine compass condition produces direction through a simple mechanism.,train,rule_composed,10,medium,causality_medium_0,cf_010,true,label_quality=clear; constructed from a balanced content family
exp019_analogy_010,cf_010,analogy,The routine compass relation matches the vane relation in structure.,train,rule_composed,10,medium,analogy_medium_0,cf_010,true,label_quality=clear; constructed from a balanced content family
exp019_definition_010,cf_010,definition,A routine compass is an object with a stated practical role.,train,rule_composed,11,medium,definition_medium_0,cf_010,true,label_quality=clear; constructed from a balanced content family
exp019_logic_011,cf_011,logic,"When the routine ruler condition holds, the stated rule requires read as its conclusion.",test,rule_composed,14,limited_long,logic_limited_long_1,cf_011,true,label_quality=clear; constructed from a balanced content family
exp019_causality_011,cf_011,causality,A change in the routine ruler condition leads to read through the system's ordinary mechanism.,test,rule_composed,15,limited_long,causality_limited_long_1,cf_011,true,label_quality=clear; constructed from a balanced content family
exp019_analogy_011,cf_011,analogy,The routine ruler relation corresponds to the cup relation as a result both connect a condition with an outcome.,test,rule_composed,19,limited_long,analogy_limited_long_1,cf_011,true,label_quality=clear; constructed from a balanced content family
exp019_definition_011,cf_011,definition,A routine ruler is a familiar object whose role is described by its practical use in a system.,test,rule_composed,18,limited_long,definition_limited_long_1,cf_011,true,label_quality=clear; constructed from a balanced content family
exp019_logic_012,cf_012,logic,Routine can entails moist.,test,rule_composed,4,short,logic_short_2,cf_012,true,label_quality=clear; constructed from a balanced content family
exp019_causality_012,cf_012,causality,Routine can triggers moist.,test,rule_composed,4,short,causality_short_2,cf_012,true,label_quality=clear; constructed from a balanced content family
exp019_analogy_012,cf_012,analogy,Routine can parallels dispenser.,test,rule_composed,4,short,analogy_short_2,cf_012,true,label_quality=clear; constructed from a balanced content family
exp019_definition_012,cf_012,definition,A routine can has purpose.,test,rule_composed,5,short,definition_short_2,cf_012,true,label_quality=clear; constructed from a balanced content family
exp019_logic_013,cf_013,logic,"The routine panel condition holds, so produced follows.",validation,rule_composed,8,medium,logic_medium_3,cf_013,true,label_quality=clear; constructed from a balanced content family
exp019_causality_013,cf_013,causality,Produced follows when the routine panel mechanism activates.,validation,rule_composed,8,medium,causality_medium_3,cf_013,true,label_quality=clear; constructed from a balanced content family
exp019_analogy_013,cf_013,analogy,"Like the windmill, the routine panel connects condition and outcome.",validation,rule_composed,10,medium,analogy_medium_3,cf_013,true,label_quality=clear; constructed from a balanced content family
exp019_definition_013,cf_013,definition,The routine panel refers to an object used for a purpose.,validation,rule_composed,11,medium,definition_medium_3,cf_013,true,label_quality=clear; constructed from a balanced content family
exp019_logic_014,cf_014,logic,"When the routine sharpener condition holds, the stated rule requires removed as its conclusion.",test,rule_composed,14,limited_long,logic_limited_long_4,cf_014,true,label_quality=clear; constructed from a balanced content family
exp019_causality_014,cf_014,causality,A change in the routine sharpener condition leads to removed through the system's ordinary mechanism.,test,rule_composed,15,limited_long,causality_limited_long_4,cf_014,true,label_quality=clear; constructed from a balanced content family
exp019_analogy_014,cf_014,analogy,The routine sharpener relation corresponds to the grater relation as a result both connect a condition with an outcome.,test,rule_composed,19,limited_long,analogy_limited_long_4,cf_014,true,label_quality=clear; constructed from a balanced content family
exp019_definition_014,cf_014,definition,A routine sharpener is a familiar object whose role is described by its practical use in a system.,test,rule_composed,18,limited_long,definition_limited_long_4,cf_014,true,label_quality=clear; constructed from a balanced content family
exp019_logic_015,cf_015,logic,Routine thermos entails slowly.,train,rule_composed,4,short,logic_short_0,cf_015,true,label_quality=clear; constructed from a balanced content family
exp019_causality_015,cf_015,causality,Routine thermos triggers slowly.,train,rule_composed,4,short,causality_short_0,cf_015,true,label_quality=clear; constructed from a balanced content family
exp019_analogy_015,cf_015,analogy,Routine thermos parallels coat.,train,rule_composed,4,short,analogy_short_0,cf_015,true,label_quality=clear; constructed from a balanced content family
exp019_definition_015,cf_015,definition,A routine thermos has purpose.,train,rule_composed,5,short,definition_short_0,cf_015,true,label_quality=clear; constructed from a balanced content family
exp019_logic_016,cf_016,logic,"The routine calendar condition holds, so changes follows.",validation,rule_composed,8,medium,logic_medium_1,cf_016,true,label_quality=clear; constructed from a balanced content family
exp019_causality_016,cf_016,causality,Changes follows when the routine calendar mechanism activates.,validation,rule_composed,8,medium,causality_medium_1,cf_016,true,label_quality=clear; constructed from a balanced content family
exp019_analogy_016,cf_016,analogy,"Like the odometer, the routine calendar connects condition and outcome.",validation,rule_composed,10,medium,analogy_medium_1,cf_016,true,label_quality=clear; constructed from a balanced content family
exp019_definition_016,cf_016,definition,The routine calendar refers to an object used for a purpose.,validation,rule_composed,11,medium,definition_medium_1,cf_016,true,label_quality=clear; constructed from a balanced content family
exp019_logic_017,cf_017,logic,"When the routine pulley condition holds, the stated rule requires rises as its conclusion.",test,rule_composed,14,limited_long,logic_limited_long_2,cf_017,true,label_quality=clear; constructed from a balanced content family
exp019_causality_017,cf_017,causality,A change in the routine pulley condition leads to rises through the system's ordinary mechanism.,test,rule_composed,15,limited_long,causality_limited_long_2,cf_017,true,label_quality=clear; constructed from a balanced content family
exp019_analogy_017,cf_017,analogy,The routine pulley relation corresponds to the lever relation as a result both connect a condition with an outcome.,test,rule_composed,19,limited_long,analogy_limited_long_2,cf_017,true,label_quality=clear; constructed from a balanced content family
exp019_definition_017,cf_017,definition,A routine pulley is a familiar object whose role is described by its practical use in a system.,test,rule_composed,18,limited_long,definition_limited_long_2,cf_017,true,label_quality=clear; constructed from a balanced content family
exp019_logic_018,cf_018,logic,Routine magnet condition entails closer.,test,rule_composed,5,short,logic_short_3,cf_018,true,label_quality=clear; constructed from a balanced content family
exp019_causality_018,cf_018,causality,Routine magnet state yields outcome.,test,rule_composed,5,short,causality_short_3,cf_018,true,label_quality=clear; constructed from a balanced content family
exp019_analogy_018,cf_018,analogy,Routine magnet mirrors vacuum's relation.,test,rule_composed,5,short,analogy_short_3,cf_018,true,label_quality=clear; constructed from a balanced content family
exp019_definition_018,cf_018,definition,Routine magnet denotes purpose.,test,rule_composed,4,short,definition_short_3,cf_018,true,label_quality=clear; constructed from a balanced content family
exp019_logic_019,cf_019,logic,"If the routine cube condition holds, melts follows under the rule.",validation,rule_composed,11,medium,logic_medium_4,cf_019,true,label_quality=clear; constructed from a balanced content family
exp019_causality_019,cf_019,causality,The routine cube condition produces melts through a simple mechanism.,validation,rule_composed,10,medium,causality_medium_4,cf_019,true,label_quality=clear; constructed from a balanced content family
exp019_analogy_019,cf_019,analogy,The routine cube relation matches the candle relation in structure.,validation,rule_composed,10,medium,analogy_medium_4,cf_019,true,label_quality=clear; constructed from a balanced content family
exp019_definition_019,cf_019,definition,A routine cube is an object with a stated practical role.,validation,rule_composed,11,medium,definition_medium_4,cf_019,true,label_quality=clear; constructed from a balanced content family
exp019_logic_020,cf_020,logic,"When the nearby timer condition holds, the stated rule requires rings as its conclusion.",train,rule_composed,14,limited_long,logic_limited_long_0,cf_020,true,label_quality=clear; constructed from a balanced content family
exp019_causality_020,cf_020,causality,A change in the nearby timer condition leads to rings through the system's ordinary mechanism.,train,rule_composed,15,limited_long,causality_limited_long_0,cf_020,true,label_quality=clear; constructed from a balanced content family
exp019_analogy_020,cf_020,analogy,The nearby timer relation corresponds to the kettle relation as a result both connect a condition with an outcome.,train,rule_composed,19,limited_long,analogy_limited_long_0,cf_020,true,label_quality=clear; constructed from a balanced content family
exp019_definition_020,cf_020,definition,A nearby timer is a familiar object whose role is described by its practical use in a system.,train,rule_composed,18,limited_long,definition_limited_long_0,cf_020,true,label_quality=clear; constructed from a balanced content family
exp019_logic_021,cf_021,logic,Nearby gauge condition entails rises.,train,rule_composed,5,short,logic_short_1,cf_021,false,label_quality=clear; constructed from a balanced content family
exp019_causality_021,cf_021,causality,Nearby gauge state yields outcome.,train,rule_composed,5,short,causality_short_1,cf_021,false,label_quality=clear; constructed from a balanced content family
exp019_analogy_021,cf_021,analogy,Nearby gauge mirrors gauge's relation.,train,rule_composed,5,short,analogy_short_1,cf_021,false,label_quality=clear; constructed from a balanced content family
exp019_definition_021,cf_021,definition,Nearby gauge denotes purpose.,train,rule_composed,4,short,definition_short_1,cf_021,false,label_quality=clear; constructed from a balanced content family
exp019_logic_022,cf_022,logic,"If the nearby light condition holds, shines follows under the rule.",train,rule_composed,11,medium,logic_medium_2,cf_022,false,label_quality=clear; constructed from a balanced content family
exp019_causality_022,cf_022,causality,The nearby light condition produces shines through a simple mechanism.,train,rule_composed,10,medium,causality_medium_2,cf_022,false,label_quality=clear; constructed from a balanced content family
exp019_analogy_022,cf_022,analogy,The nearby light relation matches the lamp relation in structure.,train,rule_composed,10,medium,analogy_medium_2,cf_022,false,label_quality=clear; constructed from a balanced content family
exp019_definition_022,cf_022,definition,A nearby light is an object with a stated practical role.,train,rule_composed,11,medium,definition_medium_2,cf_022,false,label_quality=clear; constructed from a balanced content family
exp019_logic_023,cf_023,logic,"When the nearby thermometer condition holds, the stated rule requires increases as its conclusion.",validation,rule_composed,14,limited_long,logic_limited_long_3,cf_023,false,label_quality=clear; constructed from a balanced content family
exp019_causality_023,cf_023,causality,A change in the nearby thermometer condition leads to increases through the system's ordinary mechanism.,validation,rule_composed,15,limited_long,causality_limited_long_3,cf_023,false,label_quality=clear; constructed from a balanced content family
exp019_analogy_023,cf_023,analogy,The nearby thermometer relation corresponds to the speedometer relation because both connect a condition with an outcome.,validation,rule_composed,17,limited_long,analogy_limited_long_3,cf_023,false,label_quality=clear; constructed from a balanced content family
exp019_definition_023,cf_023,definition,A nearby thermometer is a familiar object whose role is described by its practical use in a system.,validation,rule_composed,18,limited_long,definition_limited_long_3,cf_023,false,label_quality=clear; constructed from a balanced content family
exp019_logic_024,cf_024,logic,Nearby filter entails behind.,train,rule_composed,4,short,logic_short_4,cf_024,false,label_quality=clear; constructed from a balanced content family
exp019_causality_024,cf_024,causality,Nearby filter triggers behind.,train,rule_composed,4,short,causality_short_4,cf_024,false,label_quality=clear; constructed from a balanced content family
exp019_analogy_024,cf_024,analogy,Nearby filter parallels door.,train,rule_composed,4,short,analogy_short_4,cf_024,false,label_quality=clear; constructed from a balanced content family
exp019_definition_024,cf_024,definition,A nearby filter has purpose.,train,rule_composed,5,short,definition_short_4,cf_024,false,label_quality=clear; constructed from a balanced content family
exp019_logic_025,cf_025,logic,"If the nearby tray condition holds, sprout follows under the rule.",train,rule_composed,11,medium,logic_medium_0,cf_025,false,label_quality=clear; constructed from a balanced content family
exp019_causality_025,cf_025,causality,The nearby tray condition produces sprout through a simple mechanism.,train,rule_composed,10,medium,causality_medium_0,cf_025,false,label_quality=clear; constructed from a balanced content family
exp019_analogy_025,cf_025,analogy,The nearby tray relation matches the sponge relation in structure.,train,rule_composed,10,medium,analogy_medium_0,cf_025,false,label_quality=clear; constructed from a balanced content family
exp019_definition_025,cf_025,definition,A nearby tray is an object with a stated practical role.,train,rule_composed,11,medium,definition_medium_0,cf_025,false,label_quality=clear; constructed from a balanced content family
exp019_logic_026,cf_026,logic,"When the nearby signal condition holds, the stated rule requires proceed as its conclusion.",train,rule_composed,14,limited_long,logic_limited_long_1,cf_026,false,label_quality=clear; constructed from a balanced content family
exp019_causality_026,cf_026,causality,A change in the nearby signal condition leads to proceed through the system's ordinary mechanism.,train,rule_composed,15,limited_long,causality_limited_long_1,cf_026,false,label_quality=clear; constructed from a balanced content family
exp019_analogy_026,cf_026,analogy,The nearby signal relation corresponds to the bell relation because both connect a condition with an outcome.,train,rule_composed,17,limited_long,analogy_limited_long_1,cf_026,false,label_quality=clear; constructed from a balanced content family
exp019_definition_026,cf_026,definition,A nearby signal is a familiar object whose role is described by its practical use in a system.,train,rule_composed,18,limited_long,definition_limited_long_1,cf_026,false,label_quality=clear; constructed from a balanced content family
exp019_logic_027,cf_027,logic,Nearby refrigerator entails heat.,train,rule_composed,4,short,logic_short_2,cf_027,false,label_quality=clear; constructed from a balanced content family
exp019_causality_027,cf_027,causality,Nearby refrigerator triggers heat.,train,rule_composed,4,short,causality_short_2,cf_027,false,label_quality=clear; constructed from a balanced content family
exp019_analogy_027,cf_027,analogy,Nearby refrigerator parallels bottle.,train,rule_composed,4,short,analogy_short_2,cf_027,false,label_quality=clear; constructed from a balanced content family
exp019_definition_027,cf_027,definition,A nearby refrigerator has purpose.,train,rule_composed,5,short,definition_short_2,cf_027,false,label_quality=clear; constructed from a balanced content family
exp019_logic_028,cf_028,logic,"The nearby lock condition holds, so withdraws follows.",train,rule_composed,8,medium,logic_medium_3,cf_028,false,label_quality=clear; constructed from a balanced content family
exp019_causality_028,cf_028,causality,Withdraws follows when the nearby lock mechanism activates.,train,rule_composed,8,medium,causality_medium_3,cf_028,false,label_quality=clear; constructed from a balanced content family
exp019_analogy_028,cf_028,analogy,"Like the screen, the nearby lock connects condition and outcome.",train,rule_composed,10,medium,analogy_medium_3,cf_028,false,label_quality=clear; constructed from a balanced content family
exp019_definition_028,cf_028,definition,The nearby lock refers to an object used for a purpose.,train,rule_composed,11,medium,definition_medium_3,cf_028,false,label_quality=clear; constructed from a balanced content family
exp019_logic_029,cf_029,logic,"When the nearby compass condition holds, the stated rule requires direction as its conclusion.",validation,rule_composed,14,limited_long,logic_limited_long_4,cf_029,false,label_quality=clear; constructed from a balanced content family
exp019_causality_029,cf_029,causality,A change in the nearby compass condition leads to direction through the system's ordinary mechanism.,validation,rule_composed,15,limited_long,causality_limited_long_4,cf_029,false,label_quality=clear; constructed from a balanced content family
exp019_analogy_029,cf_029,analogy,The nearby compass relation corresponds to the vane relation because both connect a condition with an outcome.,validation,rule_composed,17,limited_long,analogy_limited_long_4,cf_029,false,label_quality=clear; constructed from a balanced content family
exp019_definition_029,cf_029,definition,A nearby compass is a familiar object whose role is described by its practical use in a system.,validation,rule_composed,18,limited_long,definition_limited_long_4,cf_029,false,label_quality=clear; constructed from a balanced content family
exp019_logic_030,cf_030,logic,Nearby ruler entails read.,train,rule_composed,4,short,logic_short_0,cf_030,false,label_quality=clear; constructed from a balanced content family
exp019_causality_030,cf_030,causality,Nearby ruler triggers read.,train,rule_composed,4,short,causality_short_0,cf_030,false,label_quality=clear; constructed from a balanced content family
exp019_analogy_030,cf_030,analogy,Nearby ruler parallels cup.,train,rule_composed,4,short,analogy_short_0,cf_030,false,label_quality=clear; constructed from a balanced content family
exp019_definition_030,cf_030,definition,A nearby ruler has purpose.,train,rule_composed,5,short,definition_short_0,cf_030,false,label_quality=clear; constructed from a balanced content family
exp019_logic_031,cf_031,logic,"The nearby can condition holds, so moist follows.",train,rule_composed,8,medium,logic_medium_1,cf_031,false,label_quality=clear; constructed from a balanced content family
exp019_causality_031,cf_031,causality,Moist follows when the nearby can mechanism activates.,train,rule_composed,8,medium,causality_medium_1,cf_031,false,label_quality=clear; constructed from a balanced content family
exp019_analogy_031,cf_031,analogy,"Like the dispenser, the nearby can connects condition and outcome.",train,rule_composed,10,medium,analogy_medium_1,cf_031,false,label_quality=clear; constructed from a balanced content family
exp019_definition_031,cf_031,definition,The nearby can refers to an object used for a purpose.,train,rule_composed,11,medium,definition_medium_1,cf_031,false,label_quality=clear; constructed from a balanced content family
exp019_logic_032,cf_032,logic,"When the nearby panel condition holds, the stated rule requires produced as its conclusion.",train,rule_composed,14,limited_long,logic_limited_long_2,cf_032,false,label_quality=clear; constructed from a balanced content family
exp019_causality_032,cf_032,causality,A change in the nearby panel condition leads to produced through the system's ordinary mechanism.,train,rule_composed,15,limited_long,causality_limited_long_2,cf_032,false,label_quality=clear; constructed from a balanced content family
exp019_analogy_032,cf_032,analogy,The nearby panel relation corresponds to the windmill relation because both connect a condition with an outcome.,train,rule_composed,17,limited_long,analogy_limited_long_2,cf_032,false,label_quality=clear; constructed from a balanced content family
exp019_definition_032,cf_032,definition,A nearby panel is a familiar object whose role is described by its practical use in a system.,train,rule_composed,18,limited_long,definition_limited_long_2,cf_032,false,label_quality=clear; constructed from a balanced content family
exp019_logic_033,cf_033,logic,Nearby sharpener condition entails removed.,validation,rule_composed,5,short,logic_short_3,cf_033,false,label_quality=clear; constructed from a balanced content family
exp019_causality_033,cf_033,causality,Nearby sharpener state yields outcome.,validation,rule_composed,5,short,causality_short_3,cf_033,false,label_quality=clear; constructed from a balanced content family
exp019_analogy_033,cf_033,analogy,Nearby sharpener mirrors grater's relation.,validation,rule_composed,5,short,analogy_short_3,cf_033,false,label_quality=clear; constructed from a balanced content family
exp019_definition_033,cf_033,definition,Nearby sharpener denotes purpose.,validation,rule_composed,4,short,definition_short_3,cf_033,false,label_quality=clear; constructed from a balanced content family
exp019_logic_034,cf_034,logic,"If the nearby thermos condition holds, slowly follows under the rule.",train,rule_composed,11,medium,logic_medium_4,cf_034,false,label_quality=clear; constructed from a balanced content family
exp019_causality_034,cf_034,causality,The nearby thermos condition produces slowly through a simple mechanism.,train,rule_composed,10,medium,causality_medium_4,cf_034,false,label_quality=clear; constructed from a balanced content family
exp019_analogy_034,cf_034,analogy,The nearby thermos relation matches the coat relation in structure.,train,rule_composed,10,medium,analogy_medium_4,cf_034,false,label_quality=clear; constructed from a balanced content family
exp019_definition_034,cf_034,definition,A nearby thermos is an object with a stated practical role.,train,rule_composed,11,medium,definition_medium_4,cf_034,false,label_quality=clear; constructed from a balanced content family
exp019_logic_035,cf_035,logic,"When the nearby calendar condition holds, the stated rule requires changes as its conclusion.",train,rule_composed,14,limited_long,logic_limited_long_0,cf_035,false,label_quality=clear; constructed from a balanced content family
exp019_causality_035,cf_035,causality,A change in the nearby calendar condition leads to changes through the system's ordinary mechanism.,train,rule_composed,15,limited_long,causality_limited_long_0,cf_035,false,label_quality=clear; constructed from a balanced content family
exp019_analogy_035,cf_035,analogy,The nearby calendar relation corresponds to the odometer relation because both connect a condition with an outcome.,train,rule_composed,17,limited_long,analogy_limited_long_0,cf_035,false,label_quality=clear; constructed from a balanced content family
exp019_definition_035,cf_035,definition,A nearby calendar is a familiar object whose role is described by its practical use in a system.,train,rule_composed,18,limited_long,definition_limited_long_0,cf_035,false,label_quality=clear; constructed from a balanced content family
exp019_logic_036,cf_036,logic,Nearby pulley condition entails rises.,train,rule_composed,5,short,logic_short_1,cf_036,false,label_quality=clear; constructed from a balanced content family
exp019_causality_036,cf_036,causality,Nearby pulley state yields outcome.,train,rule_composed,5,short,causality_short_1,cf_036,false,label_quality=clear; constructed from a balanced content family
exp019_analogy_036,cf_036,analogy,Nearby pulley mirrors lever's relation.,train,rule_composed,5,short,analogy_short_1,cf_036,false,label_quality=clear; constructed from a balanced content family
exp019_definition_036,cf_036,definition,Nearby pulley denotes purpose.,train,rule_composed,4,short,definition_short_1,cf_036,false,label_quality=clear; constructed from a balanced content family
exp019_logic_037,cf_037,logic,"If the nearby magnet condition holds, closer follows under the rule.",train,rule_composed,11,medium,logic_medium_2,cf_037,false,label_quality=clear; constructed from a balanced content family
exp019_causality_037,cf_037,causality,The nearby magnet condition produces closer through a simple mechanism.,train,rule_composed,10,medium,causality_medium_2,cf_037,false,label_quality=clear; constructed from a balanced content family
exp019_analogy_037,cf_037,analogy,The nearby magnet relation matches the vacuum relation in structure.,train,rule_composed,10,medium,analogy_medium_2,cf_037,false,label_quality=clear; constructed from a balanced content family
exp019_definition_037,cf_037,definition,A nearby magnet is an object with a stated practical role.,train,rule_composed,11,medium,definition_medium_2,cf_037,false,label_quality=clear; constructed from a balanced content family
exp019_logic_038,cf_038,logic,"When the nearby cube condition holds, the stated rule requires melts as its conclusion.",train,rule_composed,14,limited_long,logic_limited_long_3,cf_038,false,label_quality=clear; constructed from a balanced content family
exp019_causality_038,cf_038,causality,A change in the nearby cube condition leads to melts through the system's ordinary mechanism.,train,rule_composed,15,limited_long,causality_limited_long_3,cf_038,false,label_quality=clear; constructed from a balanced content family
exp019_analogy_038,cf_038,analogy,The nearby cube relation corresponds to the candle relation because both connect a condition with an outcome.,train,rule_composed,17,limited_long,analogy_limited_long_3,cf_038,false,label_quality=clear; constructed from a balanced content family
exp019_definition_038,cf_038,definition,A nearby cube is a familiar object whose role is described by its practical use in a system.,train,rule_composed,18,limited_long,definition_limited_long_3,cf_038,false,label_quality=clear; constructed from a balanced content family
exp019_logic_039,cf_039,logic,Observed timer entails rings.,test,rule_composed,4,short,logic_short_4,cf_039,false,label_quality=clear; constructed from a balanced content family
exp019_causality_039,cf_039,causality,Observed timer triggers rings.,test,rule_composed,4,short,causality_short_4,cf_039,false,label_quality=clear; constructed from a balanced content family
exp019_analogy_039,cf_039,analogy,Observed timer parallels kettle.,test,rule_composed,4,short,analogy_short_4,cf_039,false,label_quality=clear; constructed from a balanced content family
exp019_definition_039,cf_039,definition,A observed timer has purpose.,test,rule_composed,5,short,definition_short_4,cf_039,false,label_quality=clear; constructed from a balanced content family
exp019_logic_040,cf_040,logic,"If the observed gauge condition holds, rises follows under the rule.",test,rule_composed,11,medium,logic_medium_0,cf_040,false,label_quality=clear; constructed from a balanced content family
exp019_causality_040,cf_040,causality,The observed gauge condition produces rises through a simple mechanism.,test,rule_composed,10,medium,causality_medium_0,cf_040,false,label_quality=clear; constructed from a balanced content family
exp019_analogy_040,cf_040,analogy,The observed gauge relation matches the gauge relation in structure.,test,rule_composed,10,medium,analogy_medium_0,cf_040,false,label_quality=clear; constructed from a balanced content family
exp019_definition_040,cf_040,definition,A observed gauge is an object with a stated practical role.,test,rule_composed,11,medium,definition_medium_0,cf_040,false,label_quality=clear; constructed from a balanced content family
exp019_logic_041,cf_041,logic,"When the observed light condition holds, the stated rule requires shines as its conclusion.",train,rule_composed,14,limited_long,logic_limited_long_1,cf_041,false,label_quality=clear; constructed from a balanced content family
exp019_causality_041,cf_041,causality,A change in the observed light condition leads to shines through the system's ordinary mechanism.,train,rule_composed,15,limited_long,causality_limited_long_1,cf_041,false,label_quality=clear; constructed from a balanced content family
exp019_analogy_041,cf_041,analogy,The observed light relation corresponds to the lamp relation because both connect a condition with an outcome.,train,rule_composed,17,limited_long,analogy_limited_long_1,cf_041,false,label_quality=clear; constructed from a balanced content family
exp019_definition_041,cf_041,definition,A observed light is a familiar object whose role is described by its practical use in a system.,train,rule_composed,18,limited_long,definition_limited_long_1,cf_041,false,label_quality=clear; constructed from a balanced content family
exp019_logic_042,cf_042,logic,Observed thermometer entails increases.,train,rule_composed,4,short,logic_short_2,cf_042,false,label_quality=clear; constructed from a balanced content family
exp019_causality_042,cf_042,causality,Observed thermometer triggers increases.,train,rule_composed,4,short,causality_short_2,cf_042,false,label_quality=clear; constructed from a balanced content family
exp019_analogy_042,cf_042,analogy,Observed thermometer parallels speedometer.,train,rule_composed,4,short,analogy_short_2,cf_042,false,label_quality=clear; constructed from a balanced content family
exp019_definition_042,cf_042,definition,A observed thermometer has purpose.,train,rule_composed,5,short,definition_short_2,cf_042,false,label_quality=clear; constructed from a balanced content family
exp019_logic_043,cf_043,logic,"The observed filter condition holds, so behind follows.",train,rule_composed,8,medium,logic_medium_3,cf_043,false,label_quality=clear; constructed from a balanced content family
exp019_causality_043,cf_043,causality,Behind follows when the observed filter mechanism activates.,train,rule_composed,8,medium,causality_medium_3,cf_043,false,label_quality=clear; constructed from a balanced content family
exp019_analogy_043,cf_043,analogy,"Like the door, the observed filter connects condition and outcome.",train,rule_composed,10,medium,analogy_medium_3,cf_043,false,label_quality=clear; constructed from a balanced content family
exp019_definition_043,cf_043,definition,The observed filter refers to an object used for a purpose.,train,rule_composed,11,medium,definition_medium_3,cf_043,false,label_quality=clear; constructed from a balanced content family
exp019_logic_044,cf_044,logic,"When the observed tray condition holds, the stated rule requires sprout as its conclusion.",train,rule_composed,14,limited_long,logic_limited_long_4,cf_044,false,label_quality=clear; constructed from a balanced content family
exp019_causality_044,cf_044,causality,A change in the observed tray condition leads to sprout through the system's ordinary mechanism.,train,rule_composed,15,limited_long,causality_limited_long_4,cf_044,false,label_quality=clear; constructed from a balanced content family
exp019_analogy_044,cf_044,analogy,The observed tray relation corresponds to the sponge relation because both connect a condition with an outcome.,train,rule_composed,17,limited_long,analogy_limited_long_4,cf_044,false,label_quality=clear; constructed from a balanced content family
exp019_definition_044,cf_044,definition,A observed tray is a familiar object whose role is described by its practical use in a system.,train,rule_composed,18,limited_long,definition_limited_long_4,cf_044,false,label_quality=clear; constructed from a balanced content family
exp019_logic_045,cf_045,logic,Observed signal entails proceed.,test,rule_composed,4,short,logic_short_0,cf_045,false,label_quality=clear; constructed from a balanced content family
exp019_causality_045,cf_045,causality,Observed signal triggers proceed.,test,rule_composed,4,short,causality_short_0,cf_045,false,label_quality=clear; constructed from a balanced content family
exp019_analogy_045,cf_045,analogy,Observed signal parallels bell.,test,rule_composed,4,short,analogy_short_0,cf_045,false,label_quality=clear; constructed from a balanced content family
exp019_definition_045,cf_045,definition,A observed signal has purpose.,test,rule_composed,5,short,definition_short_0,cf_045,false,label_quality=clear; constructed from a balanced content family
exp019_logic_046,cf_046,logic,"The observed refrigerator condition holds, so heat follows.",test,rule_composed,8,medium,logic_medium_1,cf_046,false,label_quality=clear; constructed from a balanced content family
exp019_causality_046,cf_046,causality,Heat follows when the observed refrigerator mechanism activates.,test,rule_composed,8,medium,causality_medium_1,cf_046,false,label_quality=clear; constructed from a balanced content family
exp019_analogy_046,cf_046,analogy,"Like the bottle, the observed refrigerator connects condition and outcome.",test,rule_composed,10,medium,analogy_medium_1,cf_046,false,label_quality=clear; constructed from a balanced content family
exp019_definition_046,cf_046,definition,The observed refrigerator refers to an object used for a purpose.,test,rule_composed,11,medium,definition_medium_1,cf_046,false,label_quality=clear; constructed from a balanced content family
exp019_logic_047,cf_047,logic,"When the observed lock condition holds, the stated rule requires withdraws as its conclusion.",test,rule_composed,14,limited_long,logic_limited_long_2,cf_047,false,label_quality=clear; constructed from a balanced content family
exp019_causality_047,cf_047,causality,A change in the observed lock condition leads to withdraws through the system's ordinary mechanism.,test,rule_composed,15,limited_long,causality_limited_long_2,cf_047,false,label_quality=clear; constructed from a balanced content family
exp019_analogy_047,cf_047,analogy,The observed lock relation corresponds to the screen relation because both connect a condition with an outcome.,test,rule_composed,17,limited_long,analogy_limited_long_2,cf_047,false,label_quality=clear; constructed from a balanced content family
exp019_definition_047,cf_047,definition,A observed lock is a familiar object whose role is described by its practical use in a system.,test,rule_composed,18,limited_long,definition_limited_long_2,cf_047,false,label_quality=clear; constructed from a balanced content family
exp019_logic_048,cf_048,logic,Observed compass condition entails direction.,validation,rule_composed,5,short,logic_short_3,cf_048,false,label_quality=clear; constructed from a balanced content family
exp019_causality_048,cf_048,causality,Observed compass state yields outcome.,validation,rule_composed,5,short,causality_short_3,cf_048,false,label_quality=clear; constructed from a balanced content family
exp019_analogy_048,cf_048,analogy,Observed compass mirrors vane's relation.,validation,rule_composed,5,short,analogy_short_3,cf_048,false,label_quality=clear; constructed from a balanced content family
exp019_definition_048,cf_048,definition,Observed compass denotes purpose.,validation,rule_composed,4,short,definition_short_3,cf_048,false,label_quality=clear; constructed from a balanced content family
exp019_logic_049,cf_049,logic,"If the observed ruler condition holds, read follows under the rule.",validation,rule_composed,11,medium,logic_medium_4,cf_049,false,label_quality=clear; constructed from a balanced content family
exp019_causality_049,cf_049,causality,The observed ruler condition produces read through a simple mechanism.,validation,rule_composed,10,medium,causality_medium_4,cf_049,false,label_quality=clear; constructed from a balanced content family
exp019_analogy_049,cf_049,analogy,The observed ruler relation matches the cup relation in structure.,validation,rule_composed,10,medium,analogy_medium_4,cf_049,false,label_quality=clear; constructed from a balanced content family
exp019_definition_049,cf_049,definition,A observed ruler is an object with a stated practical role.,validation,rule_composed,11,medium,definition_medium_4,cf_049,false,label_quality=clear; constructed from a balanced content family
exp019_logic_050,cf_050,logic,"When the observed can condition holds, the stated rule requires moist as its conclusion.",train,rule_composed,14,limited_long,logic_limited_long_0,cf_050,false,label_quality=clear; constructed from a balanced content family
exp019_causality_050,cf_050,causality,A change in the observed can condition leads to moist through the system's ordinary mechanism.,train,rule_composed,15,limited_long,causality_limited_long_0,cf_050,false,label_quality=clear; constructed from a balanced content family
exp019_analogy_050,cf_050,analogy,The observed can relation corresponds to the dispenser relation because both connect a condition with an outcome.,train,rule_composed,17,limited_long,analogy_limited_long_0,cf_050,false,label_quality=clear; constructed from a balanced content family
exp019_definition_050,cf_050,definition,A observed can is a familiar object whose role is described by its practical use in a system.,train,rule_composed,18,limited_long,definition_limited_long_0,cf_050,false,label_quality=clear; constructed from a balanced content family
exp019_logic_051,cf_051,logic,Observed panel condition entails produced.,train,rule_composed,5,short,logic_short_1,cf_051,false,label_quality=clear; constructed from a balanced content family
exp019_causality_051,cf_051,causality,Observed panel state yields outcome.,train,rule_composed,5,short,causality_short_1,cf_051,false,label_quality=clear; constructed from a balanced content family
exp019_analogy_051,cf_051,analogy,Observed panel mirrors windmill's relation.,train,rule_composed,5,short,analogy_short_1,cf_051,false,label_quality=clear; constructed from a balanced content family
exp019_definition_051,cf_051,definition,Observed panel denotes purpose.,train,rule_composed,4,short,definition_short_1,cf_051,false,label_quality=clear; constructed from a balanced content family
exp019_logic_052,cf_052,logic,"If the observed sharpener condition holds, removed follows under the rule.",test,rule_composed,11,medium,logic_medium_2,cf_052,false,label_quality=clear; constructed from a balanced content family
exp019_causality_052,cf_052,causality,The observed sharpener condition produces removed through a simple mechanism.,test,rule_composed,10,medium,causality_medium_2,cf_052,false,label_quality=clear; constructed from a balanced content family
exp019_analogy_052,cf_052,analogy,The observed sharpener relation matches the grater relation in structure.,test,rule_composed,10,medium,analogy_medium_2,cf_052,false,label_quality=clear; constructed from a balanced content family
exp019_definition_052,cf_052,definition,A observed sharpener is an object with a stated practical role.,test,rule_composed,11,medium,definition_medium_2,cf_052,false,label_quality=clear; constructed from a balanced content family
exp019_logic_053,cf_053,logic,"When the observed thermos condition holds, the stated rule requires slowly as its conclusion.",train,rule_composed,14,limited_long,logic_limited_long_3,cf_053,false,label_quality=clear; constructed from a balanced content family
exp019_causality_053,cf_053,causality,A change in the observed thermos condition leads to slowly through the system's ordinary mechanism.,train,rule_composed,15,limited_long,causality_limited_long_3,cf_053,false,label_quality=clear; constructed from a balanced content family
exp019_analogy_053,cf_053,analogy,The observed thermos relation corresponds to the coat relation because both connect a condition with an outcome.,train,rule_composed,17,limited_long,analogy_limited_long_3,cf_053,false,label_quality=clear; constructed from a balanced content family
exp019_definition_053,cf_053,definition,A observed thermos is a familiar object whose role is described by its practical use in a system.,train,rule_composed,18,limited_long,definition_limited_long_3,cf_053,false,label_quality=clear; constructed from a balanced content family
exp019_logic_054,cf_054,logic,Observed calendar entails changes.,train,rule_composed,4,short,logic_short_4,cf_054,false,label_quality=clear; constructed from a balanced content family
exp019_causality_054,cf_054,causality,Observed calendar triggers changes.,train,rule_composed,4,short,causality_short_4,cf_054,false,label_quality=clear; constructed from a balanced content family
exp019_analogy_054,cf_054,analogy,Observed calendar parallels odometer.,train,rule_composed,4,short,analogy_short_4,cf_054,false,label_quality=clear; constructed from a balanced content family
exp019_definition_054,cf_054,definition,A observed calendar has purpose.,train,rule_composed,5,short,definition_short_4,cf_054,false,label_quality=clear; constructed from a balanced content family
exp019_logic_055,cf_055,logic,"If the observed pulley condition holds, rises follows under the rule.",train,rule_composed,11,medium,logic_medium_0,cf_055,false,label_quality=clear; constructed from a balanced content family
exp019_causality_055,cf_055,causality,The observed pulley condition produces rises through a simple mechanism.,train,rule_composed,10,medium,causality_medium_0,cf_055,false,label_quality=clear; constructed from a balanced content family
exp019_analogy_055,cf_055,analogy,The observed pulley relation matches the lever relation in structure.,train,rule_composed,10,medium,analogy_medium_0,cf_055,false,label_quality=clear; constructed from a balanced content family
exp019_definition_055,cf_055,definition,A observed pulley is an object with a stated practical role.,train,rule_composed,11,medium,definition_medium_0,cf_055,false,label_quality=clear; constructed from a balanced content family
exp019_logic_056,cf_056,logic,"When the observed magnet condition holds, the stated rule requires closer as its conclusion.",validation,rule_composed,14,limited_long,logic_limited_long_1,cf_056,false,label_quality=clear; constructed from a balanced content family
exp019_causality_056,cf_056,causality,A change in the observed magnet condition leads to closer through the system's ordinary mechanism.,validation,rule_composed,15,limited_long,causality_limited_long_1,cf_056,false,label_quality=clear; constructed from a balanced content family
exp019_analogy_056,cf_056,analogy,The observed magnet relation corresponds to the vacuum relation because both connect a condition with an outcome.,validation,rule_composed,17,limited_long,analogy_limited_long_1,cf_056,false,label_quality=clear; constructed from a balanced content family
exp019_definition_056,cf_056,definition,A observed magnet is a familiar object whose role is described by its practical use in a system.,validation,rule_composed,18,limited_long,definition_limited_long_1,cf_056,false,label_quality=clear; constructed from a balanced content family
exp019_logic_057,cf_057,logic,Observed cube entails melts.,train,rule_composed,4,short,logic_short_2,cf_057,false,label_quality=clear; constructed from a balanced content family
exp019_causality_057,cf_057,causality,Observed cube triggers melts.,train,rule_composed,4,short,causality_short_2,cf_057,false,label_quality=clear; constructed from a balanced content family
exp019_analogy_057,cf_057,analogy,Observed cube parallels candle.,train,rule_composed,4,short,analogy_short_2,cf_057,false,label_quality=clear; constructed from a balanced content family
exp019_definition_057,cf_057,definition,A observed cube has purpose.,train,rule_composed,5,short,definition_short_2,cf_057,false,label_quality=clear; constructed from a balanced content family
exp019_logic_058,cf_058,logic,"The ordinary timer condition holds, so rings follows.",train,rule_composed,8,medium,logic_medium_3,cf_058,false,label_quality=clear; constructed from a balanced content family
exp019_causality_058,cf_058,causality,Rings follows when the ordinary timer mechanism activates.,train,rule_composed,8,medium,causality_medium_3,cf_058,false,label_quality=clear; constructed from a balanced content family
exp019_analogy_058,cf_058,analogy,"Like the kettle, the ordinary timer connects condition and outcome.",train,rule_composed,10,medium,analogy_medium_3,cf_058,false,label_quality=clear; constructed from a balanced content family
exp019_definition_058,cf_058,definition,The ordinary timer refers to an object used for a purpose.,train,rule_composed,11,medium,definition_medium_3,cf_058,false,label_quality=clear; constructed from a balanced content family
exp019_logic_059,cf_059,logic,"When the ordinary gauge condition holds, the stated rule requires rises as its conclusion.",train,rule_composed,14,limited_long,logic_limited_long_4,cf_059,false,label_quality=clear; constructed from a balanced content family
exp019_causality_059,cf_059,causality,A change in the ordinary gauge condition leads to rises through the system's ordinary mechanism.,train,rule_composed,15,limited_long,causality_limited_long_4,cf_059,false,label_quality=clear; constructed from a balanced content family
exp019_analogy_059,cf_059,analogy,The ordinary gauge relation corresponds to the gauge relation because both connect a condition with an outcome.,train,rule_composed,17,limited_long,analogy_limited_long_4,cf_059,false,label_quality=clear; constructed from a balanced content family
exp019_definition_059,cf_059,definition,A ordinary gauge is a familiar object whose role is described by its practical use in a system.,train,rule_composed,18,limited_long,definition_limited_long_4,cf_059,false,label_quality=clear; constructed from a balanced content family
exp019_logic_060,cf_060,logic,Ordinary light entails shines.,test,rule_composed,4,short,logic_short_0,cf_060,false,label_quality=clear; constructed from a balanced content family
exp019_causality_060,cf_060,causality,Ordinary light triggers shines.,test,rule_composed,4,short,causality_short_0,cf_060,false,label_quality=clear; constructed from a balanced content family
exp019_analogy_060,cf_060,analogy,Ordinary light parallels lamp.,test,rule_composed,4,short,analogy_short_0,cf_060,false,label_quality=clear; constructed from a balanced content family
exp019_definition_060,cf_060,definition,A ordinary light has purpose.,test,rule_composed,5,short,definition_short_0,cf_060,false,label_quality=clear; constructed from a balanced content family
exp019_logic_061,cf_061,logic,"The ordinary thermometer condition holds, so increases follows.",train,rule_composed,8,medium,logic_medium_1,cf_061,false,label_quality=clear; constructed from a balanced content family
exp019_causality_061,cf_061,causality,Increases follows when the ordinary thermometer mechanism activates.,train,rule_composed,8,medium,causality_medium_1,cf_061,false,label_quality=clear; constructed from a balanced content family
exp019_analogy_061,cf_061,analogy,"Like the speedometer, the ordinary thermometer connects condition and outcome.",train,rule_composed,10,medium,analogy_medium_1,cf_061,false,label_quality=clear; constructed from a balanced content family
exp019_definition_061,cf_061,definition,The ordinary thermometer refers to an object used for a purpose.,train,rule_composed,11,medium,definition_medium_1,cf_061,false,label_quality=clear; constructed from a balanced content family
exp019_logic_062,cf_062,logic,"When the ordinary filter condition holds, the stated rule requires behind as its conclusion.",test,rule_composed,14,limited_long,logic_limited_long_2,cf_062,false,label_quality=clear; constructed from a balanced content family
exp019_causality_062,cf_062,causality,A change in the ordinary filter condition leads to behind through the system's ordinary mechanism.,test,rule_composed,15,limited_long,causality_limited_long_2,cf_062,false,label_quality=clear; constructed from a balanced content family
exp019_analogy_062,cf_062,analogy,The ordinary filter relation corresponds to the door relation because both connect a condition with an outcome.,test,rule_composed,17,limited_long,analogy_limited_long_2,cf_062,false,label_quality=clear; constructed from a balanced content family
exp019_definition_062,cf_062,definition,A ordinary filter is a familiar object whose role is described by its practical use in a system.,test,rule_composed,18,limited_long,definition_limited_long_2,cf_062,false,label_quality=clear; constructed from a balanced content family
exp019_logic_063,cf_063,logic,Ordinary tray condition entails sprout.,train,rule_composed,5,short,logic_short_3,cf_063,false,label_quality=clear; constructed from a balanced content family
exp019_causality_063,cf_063,causality,Ordinary tray state yields outcome.,train,rule_composed,5,short,causality_short_3,cf_063,false,label_quality=clear; constructed from a balanced content family
exp019_analogy_063,cf_063,analogy,Ordinary tray mirrors sponge's relation.,train,rule_composed,5,short,analogy_short_3,cf_063,false,label_quality=clear; constructed from a balanced content family
exp019_definition_063,cf_063,definition,Ordinary tray denotes purpose.,train,rule_composed,4,short,definition_short_3,cf_063,false,label_quality=clear; constructed from a balanced content family
exp019_logic_064,cf_064,logic,"If the ordinary signal condition holds, proceed follows under the rule.",train,rule_composed,11,medium,logic_medium_4,cf_064,false,label_quality=clear; constructed from a balanced content family
exp019_causality_064,cf_064,causality,The ordinary signal condition produces proceed through a simple mechanism.,train,rule_composed,10,medium,causality_medium_4,cf_064,false,label_quality=clear; constructed from a balanced content family
exp019_analogy_064,cf_064,analogy,The ordinary signal relation matches the bell relation in structure.,train,rule_composed,10,medium,analogy_medium_4,cf_064,false,label_quality=clear; constructed from a balanced content family
exp019_definition_064,cf_064,definition,A ordinary signal is an object with a stated practical role.,train,rule_composed,11,medium,definition_medium_4,cf_064,false,label_quality=clear; constructed from a balanced content family
exp019_logic_065,cf_065,logic,"When the ordinary refrigerator condition holds, the stated rule requires heat as its conclusion.",train,rule_composed,14,limited_long,logic_limited_long_0,cf_065,false,label_quality=clear; constructed from a balanced content family
exp019_causality_065,cf_065,causality,A change in the ordinary refrigerator condition leads to heat through the system's ordinary mechanism.,train,rule_composed,15,limited_long,causality_limited_long_0,cf_065,false,label_quality=clear; constructed from a balanced content family
exp019_analogy_065,cf_065,analogy,The ordinary refrigerator relation corresponds to the bottle relation because both connect a condition with an outcome.,train,rule_composed,17,limited_long,analogy_limited_long_0,cf_065,false,label_quality=clear; constructed from a balanced content family
exp019_definition_065,cf_065,definition,A ordinary refrigerator is a familiar object whose role is described by its practical use in a system.,train,rule_composed,18,limited_long,definition_limited_long_0,cf_065,false,label_quality=clear; constructed from a balanced content family
exp019_logic_066,cf_066,logic,Ordinary lock condition entails withdraws.,train,rule_composed,5,short,logic_short_1,cf_066,false,label_quality=clear; constructed from a balanced content family
exp019_causality_066,cf_066,causality,Ordinary lock state yields outcome.,train,rule_composed,5,short,causality_short_1,cf_066,false,label_quality=clear; constructed from a balanced content family
exp019_analogy_066,cf_066,analogy,Ordinary lock mirrors screen's relation.,train,rule_composed,5,short,analogy_short_1,cf_066,false,label_quality=clear; constructed from a balanced content family
exp019_definition_066,cf_066,definition,Ordinary lock denotes purpose.,train,rule_composed,4,short,definition_short_1,cf_066,false,label_quality=clear; constructed from a balanced content family
exp019_logic_067,cf_067,logic,"If the ordinary compass condition holds, direction follows under the rule.",validation,rule_composed,11,medium,logic_medium_2,cf_067,false,label_quality=clear; constructed from a balanced content family
exp019_causality_067,cf_067,causality,The ordinary compass condition produces direction through a simple mechanism.,validation,rule_composed,10,medium,causality_medium_2,cf_067,false,label_quality=clear; constructed from a balanced content family
exp019_analogy_067,cf_067,analogy,The ordinary compass relation matches the vane relation in structure.,validation,rule_composed,10,medium,analogy_medium_2,cf_067,false,label_quality=clear; constructed from a balanced content family
exp019_definition_067,cf_067,definition,A ordinary compass is an object with a stated practical role.,validation,rule_composed,11,medium,definition_medium_2,cf_067,false,label_quality=clear; constructed from a balanced content family
exp019_logic_068,cf_068,logic,"When the ordinary ruler condition holds, the stated rule requires read as its conclusion.",validation,rule_composed,14,limited_long,logic_limited_long_3,cf_068,false,label_quality=clear; constructed from a balanced content family
exp019_causality_068,cf_068,causality,A change in the ordinary ruler condition leads to read through the system's ordinary mechanism.,validation,rule_composed,15,limited_long,causality_limited_long_3,cf_068,false,label_quality=clear; constructed from a balanced content family
exp019_analogy_068,cf_068,analogy,The ordinary ruler relation corresponds to the cup relation because both connect a condition with an outcome.,validation,rule_composed,17,limited_long,analogy_limited_long_3,cf_068,false,label_quality=clear; constructed from a balanced content family
exp019_definition_068,cf_068,definition,A ordinary ruler is a familiar object whose role is described by its practical use in a system.,validation,rule_composed,18,limited_long,definition_limited_long_3,cf_068,false,label_quality=clear; constructed from a balanced content family
exp019_logic_069,cf_069,logic,Ordinary can entails moist.,test,rule_composed,4,short,logic_short_4,cf_069,false,label_quality=clear; constructed from a balanced content family
exp019_causality_069,cf_069,causality,Ordinary can triggers moist.,test,rule_composed,4,short,causality_short_4,cf_069,false,label_quality=clear; constructed from a balanced content family
exp019_analogy_069,cf_069,analogy,Ordinary can parallels dispenser.,test,rule_composed,4,short,analogy_short_4,cf_069,false,label_quality=clear; constructed from a balanced content family
exp019_definition_069,cf_069,definition,A ordinary can has purpose.,test,rule_composed,5,short,definition_short_4,cf_069,false,label_quality=clear; constructed from a balanced content family
exp019_logic_070,cf_070,logic,"If the ordinary panel condition holds, produced follows under the rule.",train,rule_composed,11,medium,logic_medium_0,cf_070,false,label_quality=clear; constructed from a balanced content family
exp019_causality_070,cf_070,causality,The ordinary panel condition produces produced through a simple mechanism.,train,rule_composed,10,medium,causality_medium_0,cf_070,false,label_quality=clear; constructed from a balanced content family
exp019_analogy_070,cf_070,analogy,The ordinary panel relation matches the windmill relation in structure.,train,rule_composed,10,medium,analogy_medium_0,cf_070,false,label_quality=clear; constructed from a balanced content family
exp019_definition_070,cf_070,definition,A ordinary panel is an object with a stated practical role.,train,rule_composed,11,medium,definition_medium_0,cf_070,false,label_quality=clear; constructed from a balanced content family
exp019_logic_071,cf_071,logic,"When the ordinary sharpener condition holds, the stated rule requires removed as its conclusion.",train,rule_composed,14,limited_long,logic_limited_long_1,cf_071,false,label_quality=clear; constructed from a balanced content family
exp019_causality_071,cf_071,causality,A change in the ordinary sharpener condition leads to removed through the system's ordinary mechanism.,train,rule_composed,15,limited_long,causality_limited_long_1,cf_071,false,label_quality=clear; constructed from a balanced content family
exp019_analogy_071,cf_071,analogy,The ordinary sharpener relation corresponds to the grater relation because both connect a condition with an outcome.,train,rule_composed,17,limited_long,analogy_limited_long_1,cf_071,false,label_quality=clear; constructed from a balanced content family
exp019_definition_071,cf_071,definition,A ordinary sharpener is a familiar object whose role is described by its practical use in a system.,train,rule_composed,18,limited_long,definition_limited_long_1,cf_071,false,label_quality=clear; constructed from a balanced content family
exp019_logic_072,cf_072,logic,Ordinary thermos entails slowly.,train,rule_composed,4,short,logic_short_2,cf_072,false,label_quality=clear; constructed from a balanced content family
exp019_causality_072,cf_072,causality,Ordinary thermos triggers slowly.,train,rule_composed,4,short,causality_short_2,cf_072,false,label_quality=clear; constructed from a balanced content family
exp019_analogy_072,cf_072,analogy,Ordinary thermos parallels coat.,train,rule_composed,4,short,analogy_short_2,cf_072,false,label_quality=clear; constructed from a balanced content family
exp019_definition_072,cf_072,definition,A ordinary thermos has purpose.,train,rule_composed,5,short,definition_short_2,cf_072,false,label_quality=clear; constructed from a balanced content family
exp019_logic_073,cf_073,logic,"The ordinary calendar condition holds, so changes follows.",validation,rule_composed,8,medium,logic_medium_3,cf_073,false,label_quality=clear; constructed from a balanced content family
exp019_causality_073,cf_073,causality,Changes follows when the ordinary calendar mechanism activates.,validation,rule_composed,8,medium,causality_medium_3,cf_073,false,label_quality=clear; constructed from a balanced content family
exp019_analogy_073,cf_073,analogy,"Like the odometer, the ordinary calendar connects condition and outcome.",validation,rule_composed,10,medium,analogy_medium_3,cf_073,false,label_quality=clear; constructed from a balanced content family
exp019_definition_073,cf_073,definition,The ordinary calendar refers to an object used for a purpose.,validation,rule_composed,11,medium,definition_medium_3,cf_073,false,label_quality=clear; constructed from a balanced content family
exp019_logic_074,cf_074,logic,"When the ordinary pulley condition holds, the stated rule requires rises as its conclusion.",train,rule_composed,14,limited_long,logic_limited_long_4,cf_074,false,label_quality=clear; constructed from a balanced content family
exp019_causality_074,cf_074,causality,A change in the ordinary pulley condition leads to rises through the system's ordinary mechanism.,train,rule_composed,15,limited_long,causality_limited_long_4,cf_074,false,label_quality=clear; constructed from a balanced content family
exp019_analogy_074,cf_074,analogy,The ordinary pulley relation corresponds to the lever relation because both connect a condition with an outcome.,train,rule_composed,17,limited_long,analogy_limited_long_4,cf_074,false,label_quality=clear; constructed from a balanced content family
exp019_definition_074,cf_074,definition,A ordinary pulley is a familiar object whose role is described by its practical use in a system.,train,rule_composed,18,limited_long,definition_limited_long_4,cf_074,false,label_quality=clear; constructed from a balanced content family
exp019_logic_075,cf_075,logic,Ordinary magnet entails closer.,train,rule_composed,4,short,logic_short_0,cf_075,false,label_quality=clear; constructed from a balanced content family
exp019_causality_075,cf_075,causality,Ordinary magnet triggers closer.,train,rule_composed,4,short,causality_short_0,cf_075,false,label_quality=clear; constructed from a balanced content family
exp019_analogy_075,cf_075,analogy,Ordinary magnet parallels vacuum.,train,rule_composed,4,short,analogy_short_0,cf_075,false,label_quality=clear; constructed from a balanced content family
exp019_definition_075,cf_075,definition,A ordinary magnet has purpose.,train,rule_composed,5,short,definition_short_0,cf_075,false,label_quality=clear; constructed from a balanced content family
exp019_logic_076,cf_076,logic,"The ordinary cube condition holds, so melts follows.",test,rule_composed,8,medium,logic_medium_1,cf_076,false,label_quality=clear; constructed from a balanced content family
exp019_causality_076,cf_076,causality,Melts follows when the ordinary cube mechanism activates.,test,rule_composed,8,medium,causality_medium_1,cf_076,false,label_quality=clear; constructed from a balanced content family
exp019_analogy_076,cf_076,analogy,"Like the candle, the ordinary cube connects condition and outcome.",test,rule_composed,10,medium,analogy_medium_1,cf_076,false,label_quality=clear; constructed from a balanced content family
exp019_definition_076,cf_076,definition,The ordinary cube refers to an object used for a purpose.,test,rule_composed,11,medium,definition_medium_1,cf_076,false,label_quality=clear; constructed from a balanced content family
exp019_logic_077,cf_077,logic,"When the shared timer condition holds, the stated rule requires rings as its conclusion.",test,rule_composed,14,limited_long,logic_limited_long_2,cf_077,false,label_quality=clear; constructed from a balanced content family
exp019_causality_077,cf_077,causality,A change in the shared timer condition leads to rings through the system's ordinary mechanism.,test,rule_composed,15,limited_long,causality_limited_long_2,cf_077,false,label_quality=clear; constructed from a balanced content family
exp019_analogy_077,cf_077,analogy,The shared timer relation corresponds to the kettle relation because both connect a condition with an outcome.,test,rule_composed,17,limited_long,analogy_limited_long_2,cf_077,false,label_quality=clear; constructed from a balanced content family
exp019_definition_077,cf_077,definition,A shared timer is a familiar object whose role is described by its practical use in a system.,test,rule_composed,18,limited_long,definition_limited_long_2,cf_077,false,label_quality=clear; constructed from a balanced content family
exp019_logic_078,cf_078,logic,Shared gauge condition entails rises.,train,rule_composed,5,short,logic_short_3,cf_078,false,label_quality=clear; constructed from a balanced content family
exp019_causality_078,cf_078,causality,Shared gauge state yields outcome.,train,rule_composed,5,short,causality_short_3,cf_078,false,label_quality=clear; constructed from a balanced content family
exp019_analogy_078,cf_078,analogy,Shared gauge mirrors gauge's relation.,train,rule_composed,5,short,analogy_short_3,cf_078,false,label_quality=clear; constructed from a balanced content family
exp019_definition_078,cf_078,definition,Shared gauge denotes purpose.,train,rule_composed,4,short,definition_short_3,cf_078,false,label_quality=clear; constructed from a balanced content family
exp019_logic_079,cf_079,logic,"If the shared light condition holds, shines follows under the rule.",test,rule_composed,11,medium,logic_medium_4,cf_079,false,label_quality=clear; constructed from a balanced content family
exp019_causality_079,cf_079,causality,The shared light condition produces shines through a simple mechanism.,test,rule_composed,10,medium,causality_medium_4,cf_079,false,label_quality=clear; constructed from a balanced content family
exp019_analogy_079,cf_079,analogy,The shared light relation matches the lamp relation in structure.,test,rule_composed,10,medium,analogy_medium_4,cf_079,false,label_quality=clear; constructed from a balanced content family
exp019_definition_079,cf_079,definition,A shared light is an object with a stated practical role.,test,rule_composed,11,medium,definition_medium_4,cf_079,false,label_quality=clear; constructed from a balanced content family
exp019_logic_080,cf_080,logic,"When the shared thermometer condition holds, the stated rule requires increases as its conclusion.",train,rule_composed,14,limited_long,logic_limited_long_0,cf_080,false,label_quality=clear; constructed from a balanced content family
exp019_causality_080,cf_080,causality,A change in the shared thermometer condition leads to increases through the system's ordinary mechanism.,train,rule_composed,15,limited_long,causality_limited_long_0,cf_080,false,label_quality=clear; constructed from a balanced content family
exp019_analogy_080,cf_080,analogy,The shared thermometer relation corresponds to the speedometer relation because both connect a condition with an outcome.,train,rule_composed,17,limited_long,analogy_limited_long_0,cf_080,false,label_quality=clear; constructed from a balanced content family
exp019_definition_080,cf_080,definition,A shared thermometer is a familiar object whose role is described by its practical use in a system.,train,rule_composed,18,limited_long,definition_limited_long_0,cf_080,false,label_quality=clear; constructed from a balanced content family
exp019_logic_081,cf_081,logic,Shared filter condition entails behind.,train,rule_composed,5,short,logic_short_1,cf_081,false,label_quality=clear; constructed from a balanced content family
exp019_causality_081,cf_081,causality,Shared filter state yields outcome.,train,rule_composed,5,short,causality_short_1,cf_081,false,label_quality=clear; constructed from a balanced content family
exp019_analogy_081,cf_081,analogy,Shared filter mirrors door's relation.,train,rule_composed,5,short,analogy_short_1,cf_081,false,label_quality=clear; constructed from a balanced content family
exp019_definition_081,cf_081,definition,Shared filter denotes purpose.,train,rule_composed,4,short,definition_short_1,cf_081,false,label_quality=clear; constructed from a balanced content family
exp019_logic_082,cf_082,logic,"If the shared tray condition holds, sprout follows under the rule.",validation,rule_composed,11,medium,logic_medium_2,cf_082,false,label_quality=clear; constructed from a balanced content family
exp019_causality_082,cf_082,causality,The shared tray condition produces sprout through a simple mechanism.,validation,rule_composed,10,medium,causality_medium_2,cf_082,false,label_quality=clear; constructed from a balanced content family
exp019_analogy_082,cf_082,analogy,The shared tray relation matches the sponge relation in structure.,validation,rule_composed,10,medium,analogy_medium_2,cf_082,false,label_quality=clear; constructed from a balanced content family
exp019_definition_082,cf_082,definition,A shared tray is an object with a stated practical role.,validation,rule_composed,11,medium,definition_medium_2,cf_082,false,label_quality=clear; constructed from a balanced content family
exp019_logic_083,cf_083,logic,"When the shared signal condition holds, the stated rule requires proceed as its conclusion.",train,rule_composed,14,limited_long,logic_limited_long_3,cf_083,false,label_quality=clear; constructed from a balanced content family
exp019_causality_083,cf_083,causality,A change in the shared signal condition leads to proceed through the system's ordinary mechanism.,train,rule_composed,15,limited_long,causality_limited_long_3,cf_083,false,label_quality=clear; constructed from a balanced content family
exp019_analogy_083,cf_083,analogy,The shared signal relation corresponds to the bell relation because both connect a condition with an outcome.,train,rule_composed,17,limited_long,analogy_limited_long_3,cf_083,false,label_quality=clear; constructed from a balanced content family
exp019_definition_083,cf_083,definition,A shared signal is a familiar object whose role is described by its practical use in a system.,train,rule_composed,18,limited_long,definition_limited_long_3,cf_083,false,label_quality=clear; constructed from a balanced content family
exp019_logic_084,cf_084,logic,Shared refrigerator entails heat.,validation,rule_composed,4,short,logic_short_4,cf_084,false,label_quality=clear; constructed from a balanced content family
exp019_causality_084,cf_084,causality,Shared refrigerator triggers heat.,validation,rule_composed,4,short,causality_short_4,cf_084,false,label_quality=clear; constructed from a balanced content family
exp019_analogy_084,cf_084,analogy,Shared refrigerator parallels bottle.,validation,rule_composed,4,short,analogy_short_4,cf_084,false,label_quality=clear; constructed from a balanced content family
exp019_definition_084,cf_084,definition,A shared refrigerator has purpose.,validation,rule_composed,5,short,definition_short_4,cf_084,false,label_quality=clear; constructed from a balanced content family
exp019_logic_085,cf_085,logic,"If the shared lock condition holds, withdraws follows under the rule.",validation,rule_composed,11,medium,logic_medium_0,cf_085,false,label_quality=clear; constructed from a balanced content family
exp019_causality_085,cf_085,causality,The shared lock condition produces withdraws through a simple mechanism.,validation,rule_composed,10,medium,causality_medium_0,cf_085,false,label_quality=clear; constructed from a balanced content family
exp019_analogy_085,cf_085,analogy,The shared lock relation matches the screen relation in structure.,validation,rule_composed,10,medium,analogy_medium_0,cf_085,false,label_quality=clear; constructed from a balanced content family
exp019_definition_085,cf_085,definition,A shared lock is an object with a stated practical role.,validation,rule_composed,11,medium,definition_medium_0,cf_085,false,label_quality=clear; constructed from a balanced content family
exp019_logic_086,cf_086,logic,"When the shared compass condition holds, the stated rule requires direction as its conclusion.",train,rule_composed,14,limited_long,logic_limited_long_1,cf_086,false,label_quality=clear; constructed from a balanced content family
exp019_causality_086,cf_086,causality,A change in the shared compass condition leads to direction through the system's ordinary mechanism.,train,rule_composed,15,limited_long,causality_limited_long_1,cf_086,false,label_quality=clear; constructed from a balanced content family
exp019_analogy_086,cf_086,analogy,The shared compass relation corresponds to the vane relation because both connect a condition with an outcome.,train,rule_composed,17,limited_long,analogy_limited_long_1,cf_086,false,label_quality=clear; constructed from a balanced content family
exp019_definition_086,cf_086,definition,A shared compass is a familiar object whose role is described by its practical use in a system.,train,rule_composed,18,limited_long,definition_limited_long_1,cf_086,false,label_quality=clear; constructed from a balanced content family
exp019_logic_087,cf_087,logic,Shared ruler entails read.,train,rule_composed,4,short,logic_short_2,cf_087,false,label_quality=clear; constructed from a balanced content family
exp019_causality_087,cf_087,causality,Shared ruler triggers read.,train,rule_composed,4,short,causality_short_2,cf_087,false,label_quality=clear; constructed from a balanced content family
exp019_analogy_087,cf_087,analogy,Shared ruler parallels cup.,train,rule_composed,4,short,analogy_short_2,cf_087,false,label_quality=clear; constructed from a balanced content family
exp019_definition_087,cf_087,definition,A shared ruler has purpose.,train,rule_composed,5,short,definition_short_2,cf_087,false,label_quality=clear; constructed from a balanced content family
exp019_logic_088,cf_088,logic,"The shared can condition holds, so moist follows.",test,rule_composed,8,medium,logic_medium_3,cf_088,false,label_quality=clear; constructed from a balanced content family
exp019_causality_088,cf_088,causality,Moist follows when the shared can mechanism activates.,test,rule_composed,8,medium,causality_medium_3,cf_088,false,label_quality=clear; constructed from a balanced content family
exp019_analogy_088,cf_088,analogy,"Like the dispenser, the shared can connects condition and outcome.",test,rule_composed,10,medium,analogy_medium_3,cf_088,false,label_quality=clear; constructed from a balanced content family
exp019_definition_088,cf_088,definition,The shared can refers to an object used for a purpose.,test,rule_composed,11,medium,definition_medium_3,cf_088,false,label_quality=clear; constructed from a balanced content family
exp019_logic_089,cf_089,logic,"When the shared panel condition holds, the stated rule requires produced as its conclusion.",validation,rule_composed,14,limited_long,logic_limited_long_4,cf_089,false,label_quality=clear; constructed from a balanced content family
exp019_causality_089,cf_089,causality,A change in the shared panel condition leads to produced through the system's ordinary mechanism.,validation,rule_composed,15,limited_long,causality_limited_long_4,cf_089,false,label_quality=clear; constructed from a balanced content family
exp019_analogy_089,cf_089,analogy,The shared panel relation corresponds to the windmill relation because both connect a condition with an outcome.,validation,rule_composed,17,limited_long,analogy_limited_long_4,cf_089,false,label_quality=clear; constructed from a balanced content family
exp019_definition_089,cf_089,definition,A shared panel is a familiar object whose role is described by its practical use in a system.,validation,rule_composed,18,limited_long,definition_limited_long_4,cf_089,false,label_quality=clear; constructed from a balanced content family
exp019_logic_090,cf_090,logic,Shared sharpener entails removed.,train,rule_composed,4,short,logic_short_0,cf_090,false,label_quality=clear; constructed from a balanced content family
exp019_causality_090,cf_090,causality,Shared sharpener triggers removed.,train,rule_composed,4,short,causality_short_0,cf_090,false,label_quality=clear; constructed from a balanced content family
exp019_analogy_090,cf_090,analogy,Shared sharpener parallels grater.,train,rule_composed,4,short,analogy_short_0,cf_090,false,label_quality=clear; constructed from a balanced content family
exp019_definition_090,cf_090,definition,A shared sharpener has purpose.,train,rule_composed,5,short,definition_short_0,cf_090,false,label_quality=clear; constructed from a balanced content family
exp019_logic_091,cf_091,logic,"The shared thermos condition holds, so slowly follows.",train,rule_composed,8,medium,logic_medium_1,cf_091,false,label_quality=clear; constructed from a balanced content family
exp019_causality_091,cf_091,causality,Slowly follows when the shared thermos mechanism activates.,train,rule_composed,8,medium,causality_medium_1,cf_091,false,label_quality=clear; constructed from a balanced content family
exp019_analogy_091,cf_091,analogy,"Like the coat, the shared thermos connects condition and outcome.",train,rule_composed,10,medium,analogy_medium_1,cf_091,false,label_quality=clear; constructed from a balanced content family
exp019_definition_091,cf_091,definition,The shared thermos refers to an object used for a purpose.,train,rule_composed,11,medium,definition_medium_1,cf_091,false,label_quality=clear; constructed from a balanced content family
exp019_logic_092,cf_092,logic,"When the shared calendar condition holds, the stated rule requires changes as its conclusion.",test,rule_composed,14,limited_long,logic_limited_long_2,cf_092,false,label_quality=clear; constructed from a balanced content family
exp019_causality_092,cf_092,causality,A change in the shared calendar condition leads to changes through the system's ordinary mechanism.,test,rule_composed,15,limited_long,causality_limited_long_2,cf_092,false,label_quality=clear; constructed from a balanced content family
exp019_analogy_092,cf_092,analogy,The shared calendar relation corresponds to the odometer relation because both connect a condition with an outcome.,test,rule_composed,17,limited_long,analogy_limited_long_2,cf_092,false,label_quality=clear; constructed from a balanced content family
exp019_definition_092,cf_092,definition,A shared calendar is a familiar object whose role is described by its practical use in a system.,test,rule_composed,18,limited_long,definition_limited_long_2,cf_092,false,label_quality=clear; constructed from a balanced content family
exp019_logic_093,cf_093,logic,Shared pulley condition entails rises.,train,rule_composed,5,short,logic_short_3,cf_093,false,label_quality=clear; constructed from a balanced content family
exp019_causality_093,cf_093,causality,Shared pulley state yields outcome.,train,rule_composed,5,short,causality_short_3,cf_093,false,label_quality=clear; constructed from a balanced content family
exp019_analogy_093,cf_093,analogy,Shared pulley mirrors lever's relation.,train,rule_composed,5,short,analogy_short_3,cf_093,false,label_quality=clear; constructed from a balanced content family
exp019_definition_093,cf_093,definition,Shared pulley denotes purpose.,train,rule_composed,4,short,definition_short_3,cf_093,false,label_quality=clear; constructed from a balanced content family
exp019_logic_094,cf_094,logic,"If the shared magnet condition holds, closer follows under the rule.",train,rule_composed,11,medium,logic_medium_4,cf_094,false,label_quality=clear; constructed from a balanced content family
exp019_causality_094,cf_094,causality,The shared magnet condition produces closer through a simple mechanism.,train,rule_composed,10,medium,causality_medium_4,cf_094,false,label_quality=clear; constructed from a balanced content family
exp019_analogy_094,cf_094,analogy,The shared magnet relation matches the vacuum relation in structure.,train,rule_composed,10,medium,analogy_medium_4,cf_094,false,label_quality=clear; constructed from a balanced content family
exp019_definition_094,cf_094,definition,A shared magnet is an object with a stated practical role.,train,rule_composed,11,medium,definition_medium_4,cf_094,false,label_quality=clear; constructed from a balanced content family
exp019_logic_095,cf_095,logic,"When the shared cube condition holds, the stated rule requires melts as its conclusion.",validation,rule_composed,14,limited_long,logic_limited_long_0,cf_095,false,label_quality=clear; constructed from a balanced content family
exp019_causality_095,cf_095,causality,A change in the shared cube condition leads to melts through the system's ordinary mechanism.,validation,rule_composed,15,limited_long,causality_limited_long_0,cf_095,false,label_quality=clear; constructed from a balanced content family
exp019_analogy_095,cf_095,analogy,The shared cube relation corresponds to the candle relation because both connect a condition with an outcome.,validation,rule_composed,17,limited_long,analogy_limited_long_0,cf_095,false,label_quality=clear; constructed from a balanced content family
exp019_definition_095,cf_095,definition,A shared cube is a familiar object whose role is described by its practical use in a system.,validation,rule_composed,18,limited_long,definition_limited_long_0,cf_095,false,label_quality=clear; constructed from a balanced content family
exp019_logic_096,cf_096,logic,Familiar timer condition entails rings.,validation,rule_composed,5,short,logic_short_1,cf_096,false,label_quality=clear; constructed from a balanced content family
exp019_causality_096,cf_096,causality,Familiar timer state yields outcome.,validation,rule_composed,5,short,causality_short_1,cf_096,false,label_quality=clear; constructed from a balanced content family
exp019_analogy_096,cf_096,analogy,Familiar timer mirrors kettle's relation.,validation,rule_composed,5,short,analogy_short_1,cf_096,false,label_quality=clear; constructed from a balanced content family
exp019_definition_096,cf_096,definition,Familiar timer denotes purpose.,validation,rule_composed,4,short,definition_short_1,cf_096,false,label_quality=clear; constructed from a balanced content family
exp019_logic_097,cf_097,logic,"If the familiar gauge condition holds, rises follows under the rule.",train,rule_composed,11,medium,logic_medium_2,cf_097,false,label_quality=clear; constructed from a balanced content family
exp019_causality_097,cf_097,causality,The familiar gauge condition produces rises through a simple mechanism.,train,rule_composed,10,medium,causality_medium_2,cf_097,false,label_quality=clear; constructed from a balanced content family
exp019_analogy_097,cf_097,analogy,The familiar gauge relation matches the gauge relation in structure.,train,rule_composed,10,medium,analogy_medium_2,cf_097,false,label_quality=clear; constructed from a balanced content family
exp019_definition_097,cf_097,definition,A familiar gauge is an object with a stated practical role.,train,rule_composed,11,medium,definition_medium_2,cf_097,false,label_quality=clear; constructed from a balanced content family
exp019_logic_098,cf_098,logic,"When the familiar light condition holds, the stated rule requires shines as its conclusion.",train,rule_composed,14,limited_long,logic_limited_long_3,cf_098,false,label_quality=clear; constructed from a balanced content family
exp019_causality_098,cf_098,causality,A change in the familiar light condition leads to shines through the system's ordinary mechanism.,train,rule_composed,15,limited_long,causality_limited_long_3,cf_098,false,label_quality=clear; constructed from a balanced content family
exp019_analogy_098,cf_098,analogy,The familiar light relation corresponds to the lamp relation because both connect a condition with an outcome.,train,rule_composed,17,limited_long,analogy_limited_long_3,cf_098,false,label_quality=clear; constructed from a balanced content family
exp019_definition_098,cf_098,definition,A familiar light is a familiar object whose role is described by its practical use in a system.,train,rule_composed,18,limited_long,definition_limited_long_3,cf_098,false,label_quality=clear; constructed from a balanced content family
exp019_logic_099,cf_099,logic,Familiar thermometer entails increases.,train,rule_composed,4,short,logic_short_4,cf_099,false,label_quality=clear; constructed from a balanced content family
exp019_causality_099,cf_099,causality,Familiar thermometer triggers increases.,train,rule_composed,4,short,causality_short_4,cf_099,false,label_quality=clear; constructed from a balanced content family
exp019_analogy_099,cf_099,analogy,Familiar thermometer parallels speedometer.,train,rule_composed,4,short,analogy_short_4,cf_099,false,label_quality=clear; constructed from a balanced content family
exp019_definition_099,cf_099,definition,A familiar thermometer has purpose.,train,rule_composed,5,short,definition_short_4,cf_099,false,label_quality=clear; constructed from a balanced content family
exp019_logic_100,cf_100,logic,"If the familiar filter condition holds, behind follows under the rule.",train,rule_composed,11,medium,logic_medium_0,cf_100,false,label_quality=clear; constructed from a balanced content family
exp019_causality_100,cf_100,causality,The familiar filter condition produces behind through a simple mechanism.,train,rule_composed,10,medium,causality_medium_0,cf_100,false,label_quality=clear; constructed from a balanced content family
exp019_analogy_100,cf_100,analogy,The familiar filter relation matches the door relation in structure.,train,rule_composed,10,medium,analogy_medium_0,cf_100,false,label_quality=clear; constructed from a balanced content family
exp019_definition_100,cf_100,definition,A familiar filter is an object with a stated practical role.,train,rule_composed,11,medium,definition_medium_0,cf_100,false,label_quality=clear; constructed from a balanced content family
exp019_logic_101,cf_101,logic,"When the familiar tray condition holds, the stated rule requires sprout as its conclusion.",train,rule_composed,14,limited_long,logic_limited_long_1,cf_101,false,label_quality=clear; constructed from a balanced content family
exp019_causality_101,cf_101,causality,A change in the familiar tray condition leads to sprout through the system's ordinary mechanism.,train,rule_composed,15,limited_long,causality_limited_long_1,cf_101,false,label_quality=clear; constructed from a balanced content family
exp019_analogy_101,cf_101,analogy,The familiar tray relation corresponds to the sponge relation because both connect a condition with an outcome.,train,rule_composed,17,limited_long,analogy_limited_long_1,cf_101,false,label_quality=clear; constructed from a balanced content family
exp019_definition_101,cf_101,definition,A familiar tray is a familiar object whose role is described by its practical use in a system.,train,rule_composed,18,limited_long,definition_limited_long_1,cf_101,false,label_quality=clear; constructed from a balanced content family
exp019_logic_102,cf_102,logic,Familiar signal entails proceed.,train,rule_composed,4,short,logic_short_2,cf_102,false,label_quality=clear; constructed from a balanced content family
exp019_causality_102,cf_102,causality,Familiar signal triggers proceed.,train,rule_composed,4,short,causality_short_2,cf_102,false,label_quality=clear; constructed from a balanced content family
exp019_analogy_102,cf_102,analogy,Familiar signal parallels bell.,train,rule_composed,4,short,analogy_short_2,cf_102,false,label_quality=clear; constructed from a balanced content family
exp019_definition_102,cf_102,definition,A familiar signal has purpose.,train,rule_composed,5,short,definition_short_2,cf_102,false,label_quality=clear; constructed from a balanced content family
exp019_logic_103,cf_103,logic,"The familiar refrigerator condition holds, so heat follows.",train,rule_composed,8,medium,logic_medium_3,cf_103,false,label_quality=clear; constructed from a balanced content family
exp019_causality_103,cf_103,causality,Heat follows when the familiar refrigerator mechanism activates.,train,rule_composed,8,medium,causality_medium_3,cf_103,false,label_quality=clear; constructed from a balanced content family
exp019_analogy_103,cf_103,analogy,"Like the bottle, the familiar refrigerator connects condition and outcome.",train,rule_composed,10,medium,analogy_medium_3,cf_103,false,label_quality=clear; constructed from a balanced content family
exp019_definition_103,cf_103,definition,The familiar refrigerator refers to an object used for a purpose.,train,rule_composed,11,medium,definition_medium_3,cf_103,false,label_quality=clear; constructed from a balanced content family
exp019_logic_104,cf_104,logic,"When the familiar lock condition holds, the stated rule requires withdraws as its conclusion.",train,rule_composed,14,limited_long,logic_limited_long_4,cf_104,false,label_quality=clear; constructed from a balanced content family
exp019_causality_104,cf_104,causality,A change in the familiar lock condition leads to withdraws through the system's ordinary mechanism.,train,rule_composed,15,limited_long,causality_limited_long_4,cf_104,false,label_quality=clear; constructed from a balanced content family
exp019_analogy_104,cf_104,analogy,The familiar lock relation corresponds to the screen relation because both connect a condition with an outcome.,train,rule_composed,17,limited_long,analogy_limited_long_4,cf_104,false,label_quality=clear; constructed from a balanced content family
exp019_definition_104,cf_104,definition,A familiar lock is a familiar object whose role is described by its practical use in a system.,train,rule_composed,18,limited_long,definition_limited_long_4,cf_104,false,label_quality=clear; constructed from a balanced content family
exp019_logic_105,cf_105,logic,Familiar compass entails direction.,train,rule_composed,4,short,logic_short_0,cf_105,false,label_quality=clear; constructed from a balanced content family
exp019_causality_105,cf_105,causality,Familiar compass triggers direction.,train,rule_composed,4,short,causality_short_0,cf_105,false,label_quality=clear; constructed from a balanced content family
exp019_analogy_105,cf_105,analogy,Familiar compass parallels vane.,train,rule_composed,4,short,analogy_short_0,cf_105,false,label_quality=clear; constructed from a balanced content family
exp019_definition_105,cf_105,definition,A familiar compass has purpose.,train,rule_composed,5,short,definition_short_0,cf_105,false,label_quality=clear; constructed from a balanced content family
exp019_logic_106,cf_106,logic,"The familiar ruler condition holds, so read follows.",test,rule_composed,8,medium,logic_medium_1,cf_106,false,label_quality=clear; constructed from a balanced content family
exp019_causality_106,cf_106,causality,Read follows when the familiar ruler mechanism activates.,test,rule_composed,8,medium,causality_medium_1,cf_106,false,label_quality=clear; constructed from a balanced content family
exp019_analogy_106,cf_106,analogy,"Like the cup, the familiar ruler connects condition and outcome.",test,rule_composed,10,medium,analogy_medium_1,cf_106,false,label_quality=clear; constructed from a balanced content family
exp019_definition_106,cf_106,definition,The familiar ruler refers to an object used for a purpose.,test,rule_composed,11,medium,definition_medium_1,cf_106,false,label_quality=clear; constructed from a balanced content family
exp019_logic_107,cf_107,logic,"When the familiar can condition holds, the stated rule requires moist as its conclusion.",train,rule_composed,14,limited_long,logic_limited_long_2,cf_107,false,label_quality=clear; constructed from a balanced content family
exp019_causality_107,cf_107,causality,A change in the familiar can condition leads to moist through the system's ordinary mechanism.,train,rule_composed,15,limited_long,causality_limited_long_2,cf_107,false,label_quality=clear; constructed from a balanced content family
exp019_analogy_107,cf_107,analogy,The familiar can relation corresponds to the dispenser relation because both connect a condition with an outcome.,train,rule_composed,17,limited_long,analogy_limited_long_2,cf_107,false,label_quality=clear; constructed from a balanced content family
exp019_definition_107,cf_107,definition,A familiar can is a familiar object whose role is described by its practical use in a system.,train,rule_composed,18,limited_long,definition_limited_long_2,cf_107,false,label_quality=clear; constructed from a balanced content family
exp019_logic_108,cf_108,logic,Familiar panel condition entails produced.,test,rule_composed,5,short,logic_short_3,cf_108,false,label_quality=clear; constructed from a balanced content family
exp019_causality_108,cf_108,causality,Familiar panel state yields outcome.,test,rule_composed,5,short,causality_short_3,cf_108,false,label_quality=clear; constructed from a balanced content family
exp019_analogy_108,cf_108,analogy,Familiar panel mirrors windmill's relation.,test,rule_composed,5,short,analogy_short_3,cf_108,false,label_quality=clear; constructed from a balanced content family
exp019_definition_108,cf_108,definition,Familiar panel denotes purpose.,test,rule_composed,4,short,definition_short_3,cf_108,false,label_quality=clear; constructed from a balanced content family
exp019_logic_109,cf_109,logic,"If the familiar sharpener condition holds, removed follows under the rule.",train,rule_composed,11,medium,logic_medium_4,cf_109,false,label_quality=clear; constructed from a balanced content family
exp019_causality_109,cf_109,causality,The familiar sharpener condition produces removed through a simple mechanism.,train,rule_composed,10,medium,causality_medium_4,cf_109,false,label_quality=clear; constructed from a balanced content family
exp019_analogy_109,cf_109,analogy,The familiar sharpener relation matches the grater relation in structure.,train,rule_composed,10,medium,analogy_medium_4,cf_109,false,label_quality=clear; constructed from a balanced content family
exp019_definition_109,cf_109,definition,A familiar sharpener is an object with a stated practical role.,train,rule_composed,11,medium,definition_medium_4,cf_109,false,label_quality=clear; constructed from a balanced content family
exp019_logic_110,cf_110,logic,"When the familiar thermos condition holds, the stated rule requires slowly as its conclusion.",train,rule_composed,14,limited_long,logic_limited_long_0,cf_110,false,label_quality=clear; constructed from a balanced content family
exp019_causality_110,cf_110,causality,A change in the familiar thermos condition leads to slowly through the system's ordinary mechanism.,train,rule_composed,15,limited_long,causality_limited_long_0,cf_110,false,label_quality=clear; constructed from a balanced content family
exp019_analogy_110,cf_110,analogy,The familiar thermos relation corresponds to the coat relation because both connect a condition with an outcome.,train,rule_composed,17,limited_long,analogy_limited_long_0,cf_110,false,label_quality=clear; constructed from a balanced content family
exp019_definition_110,cf_110,definition,A familiar thermos is a familiar object whose role is described by its practical use in a system.,train,rule_composed,18,limited_long,definition_limited_long_0,cf_110,false,label_quality=clear; constructed from a balanced content family
exp019_logic_111,cf_111,logic,Familiar calendar condition entails changes.,train,rule_composed,5,short,logic_short_1,cf_111,false,label_quality=clear; constructed from a balanced content family
exp019_causality_111,cf_111,causality,Familiar calendar state yields outcome.,train,rule_composed,5,short,causality_short_1,cf_111,false,label_quality=clear; constructed from a balanced content family
exp019_analogy_111,cf_111,analogy,Familiar calendar mirrors odometer's relation.,train,rule_composed,5,short,analogy_short_1,cf_111,false,label_quality=clear; constructed from a balanced content family
exp019_definition_111,cf_111,definition,Familiar calendar denotes purpose.,train,rule_composed,4,short,definition_short_1,cf_111,false,label_quality=clear; constructed from a balanced content family
exp019_logic_112,cf_112,logic,"If the familiar pulley condition holds, rises follows under the rule.",validation,rule_composed,11,medium,logic_medium_2,cf_112,false,label_quality=clear; constructed from a balanced content family
exp019_causality_112,cf_112,causality,The familiar pulley condition produces rises through a simple mechanism.,validation,rule_composed,10,medium,causality_medium_2,cf_112,false,label_quality=clear; constructed from a balanced content family
exp019_analogy_112,cf_112,analogy,The familiar pulley relation matches the lever relation in structure.,validation,rule_composed,10,medium,analogy_medium_2,cf_112,false,label_quality=clear; constructed from a balanced content family
exp019_definition_112,cf_112,definition,A familiar pulley is an object with a stated practical role.,validation,rule_composed,11,medium,definition_medium_2,cf_112,false,label_quality=clear; constructed from a balanced content family
exp019_logic_113,cf_113,logic,"When the familiar magnet condition holds, the stated rule requires closer as its conclusion.",train,rule_composed,14,limited_long,logic_limited_long_3,cf_113,false,label_quality=clear; constructed from a balanced content family
exp019_causality_113,cf_113,causality,A change in the familiar magnet condition leads to closer through the system's ordinary mechanism.,train,rule_composed,15,limited_long,causality_limited_long_3,cf_113,false,label_quality=clear; constructed from a balanced content family
exp019_analogy_113,cf_113,analogy,The familiar magnet relation corresponds to the vacuum relation because both connect a condition with an outcome.,train,rule_composed,17,limited_long,analogy_limited_long_3,cf_113,false,label_quality=clear; constructed from a balanced content family
exp019_definition_113,cf_113,definition,A familiar magnet is a familiar object whose role is described by its practical use in a system.,train,rule_composed,18,limited_long,definition_limited_long_3,cf_113,false,label_quality=clear; constructed from a balanced content family
exp019_logic_114,cf_114,logic,Familiar cube entails melts.,train,rule_composed,4,short,logic_short_4,cf_114,false,label_quality=clear; constructed from a balanced content family
exp019_causality_114,cf_114,causality,Familiar cube triggers melts.,train,rule_composed,4,short,causality_short_4,cf_114,false,label_quality=clear; constructed from a balanced content family
exp019_analogy_114,cf_114,analogy,Familiar cube parallels candle.,train,rule_composed,4,short,analogy_short_4,cf_114,false,label_quality=clear; constructed from a balanced content family
exp019_definition_114,cf_114,definition,A familiar cube has purpose.,train,rule_composed,5,short,definition_short_4,cf_114,false,label_quality=clear; constructed from a balanced content family
exp019_logic_115,cf_115,logic,"If the simple timer condition holds, rings follows under the rule.",train,rule_composed,11,medium,logic_medium_0,cf_115,false,label_quality=clear; constructed from a balanced content family
exp019_causality_115,cf_115,causality,The simple timer condition produces rings through a simple mechanism.,train,rule_composed,10,medium,causality_medium_0,cf_115,false,label_quality=clear; constructed from a balanced content family
exp019_analogy_115,cf_115,analogy,The simple timer relation matches the kettle relation in structure.,train,rule_composed,10,medium,analogy_medium_0,cf_115,false,label_quality=clear; constructed from a balanced content family
exp019_definition_115,cf_115,definition,A simple timer is an object with a stated practical role.,train,rule_composed,11,medium,definition_medium_0,cf_115,false,label_quality=clear; constructed from a balanced content family
exp019_logic_116,cf_116,logic,"When the simple gauge condition holds, the stated rule requires rises as its conclusion.",validation,rule_composed,14,limited_long,logic_limited_long_1,cf_116,false,label_quality=clear; constructed from a balanced content family
exp019_causality_116,cf_116,causality,A change in the simple gauge condition leads to rises through the system's ordinary mechanism.,validation,rule_composed,15,limited_long,causality_limited_long_1,cf_116,false,label_quality=clear; constructed from a balanced content family
exp019_analogy_116,cf_116,analogy,The simple gauge relation corresponds to the gauge relation because both connect a condition with an outcome.,validation,rule_composed,17,limited_long,analogy_limited_long_1,cf_116,false,label_quality=clear; constructed from a balanced content family
exp019_definition_116,cf_116,definition,A simple gauge is a familiar object whose role is described by its practical use in a system.,validation,rule_composed,18,limited_long,definition_limited_long_1,cf_116,false,label_quality=clear; constructed from a balanced content family
exp019_logic_117,cf_117,logic,Simple light entails shines.,train,rule_composed,4,short,logic_short_2,cf_117,false,label_quality=clear; constructed from a balanced content family
exp019_causality_117,cf_117,causality,Simple light triggers shines.,train,rule_composed,4,short,causality_short_2,cf_117,false,label_quality=clear; constructed from a balanced content family
exp019_analogy_117,cf_117,analogy,Simple light parallels lamp.,train,rule_composed,4,short,analogy_short_2,cf_117,false,label_quality=clear; constructed from a balanced content family
exp019_definition_117,cf_117,definition,A simple light has purpose.,train,rule_composed,5,short,definition_short_2,cf_117,false,label_quality=clear; constructed from a balanced content family
exp019_logic_118,cf_118,logic,"The simple thermometer condition holds, so increases follows.",train,rule_composed,8,medium,logic_medium_3,cf_118,false,label_quality=clear; constructed from a balanced content family
exp019_causality_118,cf_118,causality,Increases follows when the simple thermometer mechanism activates.,train,rule_composed,8,medium,causality_medium_3,cf_118,false,label_quality=clear; constructed from a balanced content family
exp019_analogy_118,cf_118,analogy,"Like the speedometer, the simple thermometer connects condition and outcome.",train,rule_composed,10,medium,analogy_medium_3,cf_118,false,label_quality=clear; constructed from a balanced content family
exp019_definition_118,cf_118,definition,The simple thermometer refers to an object used for a purpose.,train,rule_composed,11,medium,definition_medium_3,cf_118,false,label_quality=clear; constructed from a balanced content family
exp019_logic_119,cf_119,logic,"When the simple filter condition holds, the stated rule requires behind as its conclusion.",test,rule_composed,14,limited_long,logic_limited_long_4,cf_119,false,label_quality=clear; constructed from a balanced content family
exp019_causality_119,cf_119,causality,A change in the simple filter condition leads to behind through the system's ordinary mechanism.,test,rule_composed,15,limited_long,causality_limited_long_4,cf_119,false,label_quality=clear; constructed from a balanced content family
exp019_analogy_119,cf_119,analogy,The simple filter relation corresponds to the door relation because both connect a condition with an outcome.,test,rule_composed,17,limited_long,analogy_limited_long_4,cf_119,false,label_quality=clear; constructed from a balanced content family
exp019_definition_119,cf_119,definition,A simple filter is a familiar object whose role is described by its practical use in a system.,test,rule_composed,18,limited_long,definition_limited_long_4,cf_119,false,label_quality=clear; constructed from a balanced content family
exp019_logic_120,cf_120,logic,Simple tray entails sprout.,test,rule_composed,4,short,logic_short_0,cf_120,false,label_quality=clear; constructed from a balanced content family
exp019_causality_120,cf_120,causality,Simple tray triggers sprout.,test,rule_composed,4,short,causality_short_0,cf_120,false,label_quality=clear; constructed from a balanced content family
exp019_analogy_120,cf_120,analogy,Simple tray parallels sponge.,test,rule_composed,4,short,analogy_short_0,cf_120,false,label_quality=clear; constructed from a balanced content family
exp019_definition_120,cf_120,definition,A simple tray has purpose.,test,rule_composed,5,short,definition_short_0,cf_120,false,label_quality=clear; constructed from a balanced content family
exp019_logic_121,cf_121,logic,"The simple signal condition holds, so proceed follows.",train,rule_composed,8,medium,logic_medium_1,cf_121,false,label_quality=clear; constructed from a balanced content family
exp019_causality_121,cf_121,causality,Proceed follows when the simple signal mechanism activates.,train,rule_composed,8,medium,causality_medium_1,cf_121,false,label_quality=clear; constructed from a balanced content family
exp019_analogy_121,cf_121,analogy,"Like the bell, the simple signal connects condition and outcome.",train,rule_composed,10,medium,analogy_medium_1,cf_121,false,label_quality=clear; constructed from a balanced content family
exp019_definition_121,cf_121,definition,The simple signal refers to an object used for a purpose.,train,rule_composed,11,medium,definition_medium_1,cf_121,false,label_quality=clear; constructed from a balanced content family
exp019_logic_122,cf_122,logic,"When the simple refrigerator condition holds, the stated rule requires heat as its conclusion.",train,rule_composed,14,limited_long,logic_limited_long_2,cf_122,false,label_quality=clear; constructed from a balanced content family
exp019_causality_122,cf_122,causality,A change in the simple refrigerator condition leads to heat through the system's ordinary mechanism.,train,rule_composed,15,limited_long,causality_limited_long_2,cf_122,false,label_quality=clear; constructed from a balanced content family
exp019_analogy_122,cf_122,analogy,The simple refrigerator relation corresponds to the bottle relation because both connect a condition with an outcome.,train,rule_composed,17,limited_long,analogy_limited_long_2,cf_122,false,label_quality=clear; constructed from a balanced content family
exp019_definition_122,cf_122,definition,A simple refrigerator is a familiar object whose role is described by its practical use in a system.,train,rule_composed,18,limited_long,definition_limited_long_2,cf_122,false,label_quality=clear; constructed from a balanced content family
exp019_logic_123,cf_123,logic,Simple lock condition entails withdraws.,test,rule_composed,5,short,logic_short_3,cf_123,false,label_quality=clear; constructed from a balanced content family
exp019_causality_123,cf_123,causality,Simple lock state yields outcome.,test,rule_composed,5,short,causality_short_3,cf_123,false,label_quality=clear; constructed from a balanced content family
exp019_analogy_123,cf_123,analogy,Simple lock mirrors screen's relation.,test,rule_composed,5,short,analogy_short_3,cf_123,false,label_quality=clear; constructed from a balanced content family
exp019_definition_123,cf_123,definition,Simple lock denotes purpose.,test,rule_composed,4,short,definition_short_3,cf_123,false,label_quality=clear; constructed from a balanced content family
exp019_logic_124,cf_124,logic,"If the simple compass condition holds, direction follows under the rule.",test,rule_composed,11,medium,logic_medium_4,cf_124,false,label_quality=clear; constructed from a balanced content family
exp019_causality_124,cf_124,causality,The simple compass condition produces direction through a simple mechanism.,test,rule_composed,10,medium,causality_medium_4,cf_124,false,label_quality=clear; constructed from a balanced content family
exp019_analogy_124,cf_124,analogy,The simple compass relation matches the vane relation in structure.,test,rule_composed,10,medium,analogy_medium_4,cf_124,false,label_quality=clear; constructed from a balanced content family
exp019_definition_124,cf_124,definition,A simple compass is an object with a stated practical role.,test,rule_composed,11,medium,definition_medium_4,cf_124,false,label_quality=clear; constructed from a balanced content family
exp019_logic_125,cf_125,logic,"When the simple ruler condition holds, the stated rule requires read as its conclusion.",train,rule_composed,14,limited_long,logic_limited_long_0,cf_125,false,label_quality=clear; constructed from a balanced content family
exp019_causality_125,cf_125,causality,A change in the simple ruler condition leads to read through the system's ordinary mechanism.,train,rule_composed,15,limited_long,causality_limited_long_0,cf_125,false,label_quality=clear; constructed from a balanced content family
exp019_analogy_125,cf_125,analogy,The simple ruler relation corresponds to the cup relation because both connect a condition with an outcome.,train,rule_composed,17,limited_long,analogy_limited_long_0,cf_125,false,label_quality=clear; constructed from a balanced content family
exp019_definition_125,cf_125,definition,A simple ruler is a familiar object whose role is described by its practical use in a system.,train,rule_composed,18,limited_long,definition_limited_long_0,cf_125,false,label_quality=clear; constructed from a balanced content family
exp019_logic_126,cf_126,logic,Simple can condition entails moist.,train,rule_composed,5,short,logic_short_1,cf_126,false,label_quality=clear; constructed from a balanced content family
exp019_causality_126,cf_126,causality,Simple can state yields outcome.,train,rule_composed,5,short,causality_short_1,cf_126,false,label_quality=clear; constructed from a balanced content family
exp019_analogy_126,cf_126,analogy,Simple can mirrors dispenser's relation.,train,rule_composed,5,short,analogy_short_1,cf_126,false,label_quality=clear; constructed from a balanced content family
exp019_definition_126,cf_126,definition,Simple can denotes purpose.,train,rule_composed,4,short,definition_short_1,cf_126,false,label_quality=clear; constructed from a balanced content family
exp019_logic_127,cf_127,logic,"If the simple panel condition holds, produced follows under the rule.",train,rule_composed,11,medium,logic_medium_2,cf_127,false,label_quality=clear; constructed from a balanced content family
exp019_causality_127,cf_127,causality,The simple panel condition produces produced through a simple mechanism.,train,rule_composed,10,medium,causality_medium_2,cf_127,false,label_quality=clear; constructed from a balanced content family
exp019_analogy_127,cf_127,analogy,The simple panel relation matches the windmill relation in structure.,train,rule_composed,10,medium,analogy_medium_2,cf_127,false,label_quality=clear; constructed from a balanced content family
exp019_definition_127,cf_127,definition,A simple panel is an object with a stated practical role.,train,rule_composed,11,medium,definition_medium_2,cf_127,false,label_quality=clear; constructed from a balanced content family
exp019_logic_128,cf_128,logic,"When the simple sharpener condition holds, the stated rule requires removed as its conclusion.",train,rule_composed,14,limited_long,logic_limited_long_3,cf_128,false,label_quality=clear; constructed from a balanced content family
exp019_causality_128,cf_128,causality,A change in the simple sharpener condition leads to removed through the system's ordinary mechanism.,train,rule_composed,15,limited_long,causality_limited_long_3,cf_128,false,label_quality=clear; constructed from a balanced content family
exp019_analogy_128,cf_128,analogy,The simple sharpener relation corresponds to the grater relation because both connect a condition with an outcome.,train,rule_composed,17,limited_long,analogy_limited_long_3,cf_128,false,label_quality=clear; constructed from a balanced content family
exp019_definition_128,cf_128,definition,A simple sharpener is a familiar object whose role is described by its practical use in a system.,train,rule_composed,18,limited_long,definition_limited_long_3,cf_128,false,label_quality=clear; constructed from a balanced content family
exp019_logic_129,cf_129,logic,Simple thermos entails slowly.,validation,rule_composed,4,short,logic_short_4,cf_129,false,label_quality=clear; constructed from a balanced content family
exp019_causality_129,cf_129,causality,Simple thermos triggers slowly.,validation,rule_composed,4,short,causality_short_4,cf_129,false,label_quality=clear; constructed from a balanced content family
exp019_analogy_129,cf_129,analogy,Simple thermos parallels coat.,validation,rule_composed,4,short,analogy_short_4,cf_129,false,label_quality=clear; constructed from a balanced content family
exp019_definition_129,cf_129,definition,A simple thermos has purpose.,validation,rule_composed,5,short,definition_short_4,cf_129,false,label_quality=clear; constructed from a balanced content family
exp019_logic_130,cf_130,logic,"If the simple calendar condition holds, changes follows under the rule.",train,rule_composed,11,medium,logic_medium_0,cf_130,false,label_quality=clear; constructed from a balanced content family
exp019_causality_130,cf_130,causality,The simple calendar condition produces changes through a simple mechanism.,train,rule_composed,10,medium,causality_medium_0,cf_130,false,label_quality=clear; constructed from a balanced content family
exp019_analogy_130,cf_130,analogy,The simple calendar relation matches the odometer relation in structure.,train,rule_composed,10,medium,analogy_medium_0,cf_130,false,label_quality=clear; constructed from a balanced content family
exp019_definition_130,cf_130,definition,A simple calendar is an object with a stated practical role.,train,rule_composed,11,medium,definition_medium_0,cf_130,false,label_quality=clear; constructed from a balanced content family
exp019_logic_131,cf_131,logic,"When the simple pulley condition holds, the stated rule requires rises as its conclusion.",train,rule_composed,14,limited_long,logic_limited_long_1,cf_131,false,label_quality=clear; constructed from a balanced content family
exp019_causality_131,cf_131,causality,A change in the simple pulley condition leads to rises through the system's ordinary mechanism.,train,rule_composed,15,limited_long,causality_limited_long_1,cf_131,false,label_quality=clear; constructed from a balanced content family
exp019_analogy_131,cf_131,analogy,The simple pulley relation corresponds to the lever relation because both connect a condition with an outcome.,train,rule_composed,17,limited_long,analogy_limited_long_1,cf_131,false,label_quality=clear; constructed from a balanced content family
exp019_definition_131,cf_131,definition,A simple pulley is a familiar object whose role is described by its practical use in a system.,train,rule_composed,18,limited_long,definition_limited_long_1,cf_131,false,label_quality=clear; constructed from a balanced content family
exp019_logic_132,cf_132,logic,Simple magnet entails closer.,train,rule_composed,4,short,logic_short_2,cf_132,false,label_quality=clear; constructed from a balanced content family
exp019_causality_132,cf_132,causality,Simple magnet triggers closer.,train,rule_composed,4,short,causality_short_2,cf_132,false,label_quality=clear; constructed from a balanced content family
exp019_analogy_132,cf_132,analogy,Simple magnet parallels vacuum.,train,rule_composed,4,short,analogy_short_2,cf_132,false,label_quality=clear; constructed from a balanced content family
exp019_definition_132,cf_132,definition,A simple magnet has purpose.,train,rule_composed,5,short,definition_short_2,cf_132,false,label_quality=clear; constructed from a balanced content family
exp019_logic_133,cf_133,logic,"The simple cube condition holds, so melts follows.",train,rule_composed,8,medium,logic_medium_3,cf_133,false,label_quality=clear; constructed from a balanced content family
exp019_causality_133,cf_133,causality,Melts follows when the simple cube mechanism activates.,train,rule_composed,8,medium,causality_medium_3,cf_133,false,label_quality=clear; constructed from a balanced content family
exp019_analogy_133,cf_133,analogy,"Like the candle, the simple cube connects condition and outcome.",train,rule_composed,10,medium,analogy_medium_3,cf_133,false,label_quality=clear; constructed from a balanced content family
exp019_definition_133,cf_133,definition,The simple cube refers to an object used for a purpose.,train,rule_composed,11,medium,definition_medium_3,cf_133,false,label_quality=clear; constructed from a balanced content family
exp019_logic_134,cf_134,logic,"When the daily timer condition holds, the stated rule requires rings as its conclusion.",validation,rule_composed,14,limited_long,logic_limited_long_4,cf_134,false,label_quality=clear; constructed from a balanced content family
exp019_causality_134,cf_134,causality,A change in the daily timer condition leads to rings through the system's ordinary mechanism.,validation,rule_composed,15,limited_long,causality_limited_long_4,cf_134,false,label_quality=clear; constructed from a balanced content family
exp019_analogy_134,cf_134,analogy,The daily timer relation corresponds to the kettle relation because both connect a condition with an outcome.,validation,rule_composed,17,limited_long,analogy_limited_long_4,cf_134,false,label_quality=clear; constructed from a balanced content family
exp019_definition_134,cf_134,definition,A daily timer is a familiar object whose role is described by its practical use in a system.,validation,rule_composed,18,limited_long,definition_limited_long_4,cf_134,false,label_quality=clear; constructed from a balanced content family
exp019_logic_135,cf_135,logic,Daily gauge entails rises.,train,rule_composed,4,short,logic_short_0,cf_135,false,label_quality=clear; constructed from a balanced content family
exp019_causality_135,cf_135,causality,Daily gauge triggers rises.,train,rule_composed,4,short,causality_short_0,cf_135,false,label_quality=clear; constructed from a balanced content family
exp019_analogy_135,cf_135,analogy,Daily gauge parallels gauge.,train,rule_composed,4,short,analogy_short_0,cf_135,false,label_quality=clear; constructed from a balanced content family
exp019_definition_135,cf_135,definition,A daily gauge has purpose.,train,rule_composed,5,short,definition_short_0,cf_135,false,label_quality=clear; constructed from a balanced content family
exp019_logic_136,cf_136,logic,"The daily light condition holds, so shines follows.",train,rule_composed,8,medium,logic_medium_1,cf_136,false,label_quality=clear; constructed from a balanced content family
exp019_causality_136,cf_136,causality,Shines follows when the daily light mechanism activates.,train,rule_composed,8,medium,causality_medium_1,cf_136,false,label_quality=clear; constructed from a balanced content family
exp019_analogy_136,cf_136,analogy,"Like the lamp, the daily light connects condition and outcome.",train,rule_composed,10,medium,analogy_medium_1,cf_136,false,label_quality=clear; constructed from a balanced content family
exp019_definition_136,cf_136,definition,The daily light refers to an object used for a purpose.,train,rule_composed,11,medium,definition_medium_1,cf_136,false,label_quality=clear; constructed from a balanced content family
exp019_logic_137,cf_137,logic,"When the daily thermometer condition holds, the stated rule requires increases as its conclusion.",test,rule_composed,14,limited_long,logic_limited_long_2,cf_137,false,label_quality=clear; constructed from a balanced content family
exp019_causality_137,cf_137,causality,A change in the daily thermometer condition leads to increases through the system's ordinary mechanism.,test,rule_composed,15,limited_long,causality_limited_long_2,cf_137,false,label_quality=clear; constructed from a balanced content family
exp019_analogy_137,cf_137,analogy,The daily thermometer relation corresponds to the speedometer relation because both connect a condition with an outcome.,test,rule_composed,17,limited_long,analogy_limited_long_2,cf_137,false,label_quality=clear; constructed from a balanced content family
exp019_definition_137,cf_137,definition,A daily thermometer is a familiar object whose role is described by its practical use in a system.,test,rule_composed,18,limited_long,definition_limited_long_2,cf_137,false,label_quality=clear; constructed from a balanced content family
exp019_logic_138,cf_138,logic,Daily filter condition entails behind.,validation,rule_composed,5,short,logic_short_3,cf_138,false,label_quality=clear; constructed from a balanced content family
exp019_causality_138,cf_138,causality,Daily filter state yields outcome.,validation,rule_composed,5,short,causality_short_3,cf_138,false,label_quality=clear; constructed from a balanced content family
exp019_analogy_138,cf_138,analogy,Daily filter mirrors door's relation.,validation,rule_composed,5,short,analogy_short_3,cf_138,false,label_quality=clear; constructed from a balanced content family
exp019_definition_138,cf_138,definition,Daily filter denotes purpose.,validation,rule_composed,4,short,definition_short_3,cf_138,false,label_quality=clear; constructed from a balanced content family
exp019_logic_139,cf_139,logic,"If the daily tray condition holds, sprout follows under the rule.",train,rule_composed,11,medium,logic_medium_4,cf_139,false,label_quality=clear; constructed from a balanced content family
exp019_causality_139,cf_139,causality,The daily tray condition produces sprout through a simple mechanism.,train,rule_composed,10,medium,causality_medium_4,cf_139,false,label_quality=clear; constructed from a balanced content family
exp019_analogy_139,cf_139,analogy,The daily tray relation matches the sponge relation in structure.,train,rule_composed,10,medium,analogy_medium_4,cf_139,false,label_quality=clear; constructed from a balanced content family
exp019_definition_139,cf_139,definition,A daily tray is an object with a stated practical role.,train,rule_composed,11,medium,definition_medium_4,cf_139,false,label_quality=clear; constructed from a balanced content family
exp019_logic_140,cf_140,logic,"When the daily signal condition holds, the stated rule requires proceed as its conclusion.",validation,rule_composed,14,limited_long,logic_limited_long_0,cf_140,false,label_quality=clear; constructed from a balanced content family
exp019_causality_140,cf_140,causality,A change in the daily signal condition leads to proceed through the system's ordinary mechanism.,validation,rule_composed,15,limited_long,causality_limited_long_0,cf_140,false,label_quality=clear; constructed from a balanced content family
exp019_analogy_140,cf_140,analogy,The daily signal relation corresponds to the bell relation because both connect a condition with an outcome.,validation,rule_composed,17,limited_long,analogy_limited_long_0,cf_140,false,label_quality=clear; constructed from a balanced content family
exp019_definition_140,cf_140,definition,A daily signal is a familiar object whose role is described by its practical use in a system.,validation,rule_composed,18,limited_long,definition_limited_long_0,cf_140,false,label_quality=clear; constructed from a balanced content family
exp019_logic_141,cf_141,logic,Daily refrigerator condition entails heat.,test,rule_composed,5,short,logic_short_1,cf_141,false,label_quality=clear; constructed from a balanced content family
exp019_causality_141,cf_141,causality,Daily refrigerator state yields outcome.,test,rule_composed,5,short,causality_short_1,cf_141,false,label_quality=clear; constructed from a balanced content family
exp019_analogy_141,cf_141,analogy,Daily refrigerator mirrors bottle's relation.,test,rule_composed,5,short,analogy_short_1,cf_141,false,label_quality=clear; constructed from a balanced content family
exp019_definition_141,cf_141,definition,Daily refrigerator denotes purpose.,test,rule_composed,4,short,definition_short_1,cf_141,false,label_quality=clear; constructed from a balanced content family
exp019_logic_142,cf_142,logic,"If the daily lock condition holds, withdraws follows under the rule.",validation,rule_composed,11,medium,logic_medium_2,cf_142,false,label_quality=clear; constructed from a balanced content family
exp019_causality_142,cf_142,causality,The daily lock condition produces withdraws through a simple mechanism.,validation,rule_composed,10,medium,causality_medium_2,cf_142,false,label_quality=clear; constructed from a balanced content family
exp019_analogy_142,cf_142,analogy,The daily lock relation matches the screen relation in structure.,validation,rule_composed,10,medium,analogy_medium_2,cf_142,false,label_quality=clear; constructed from a balanced content family
exp019_definition_142,cf_142,definition,A daily lock is an object with a stated practical role.,validation,rule_composed,11,medium,definition_medium_2,cf_142,false,label_quality=clear; constructed from a balanced content family
exp019_logic_143,cf_143,logic,"When the daily compass condition holds, the stated rule requires direction as its conclusion.",train,rule_composed,14,limited_long,logic_limited_long_3,cf_143,false,label_quality=clear; constructed from a balanced content family
exp019_causality_143,cf_143,causality,A change in the daily compass condition leads to direction through the system's ordinary mechanism.,train,rule_composed,15,limited_long,causality_limited_long_3,cf_143,false,label_quality=clear; constructed from a balanced content family
exp019_analogy_143,cf_143,analogy,The daily compass relation corresponds to the vane relation because both connect a condition with an outcome.,train,rule_composed,17,limited_long,analogy_limited_long_3,cf_143,false,label_quality=clear; constructed from a balanced content family
exp019_definition_143,cf_143,definition,A daily compass is a familiar object whose role is described by its practical use in a system.,train,rule_composed,18,limited_long,definition_limited_long_3,cf_143,false,label_quality=clear; constructed from a balanced content family
exp019_logic_144,cf_144,logic,Daily ruler entails read.,train,rule_composed,4,short,logic_short_4,cf_144,false,label_quality=clear; constructed from a balanced content family
exp019_causality_144,cf_144,causality,Daily ruler triggers read.,train,rule_composed,4,short,causality_short_4,cf_144,false,label_quality=clear; constructed from a balanced content family
exp019_analogy_144,cf_144,analogy,Daily ruler parallels cup.,train,rule_composed,4,short,analogy_short_4,cf_144,false,label_quality=clear; constructed from a balanced content family
exp019_definition_144,cf_144,definition,A daily ruler has purpose.,train,rule_composed,5,short,definition_short_4,cf_144,false,label_quality=clear; constructed from a balanced content family
exp019_logic_145,cf_145,logic,"If the daily can condition holds, moist follows under the rule.",train,rule_composed,11,medium,logic_medium_0,cf_145,false,label_quality=clear; constructed from a balanced content family
exp019_causality_145,cf_145,causality,The daily can condition produces moist through a simple mechanism.,train,rule_composed,10,medium,causality_medium_0,cf_145,false,label_quality=clear; constructed from a balanced content family
exp019_analogy_145,cf_145,analogy,The daily can relation matches the dispenser relation in structure.,train,rule_composed,10,medium,analogy_medium_0,cf_145,false,label_quality=clear; constructed from a balanced content family
exp019_definition_145,cf_145,definition,A daily can is an object with a stated practical role.,train,rule_composed,11,medium,definition_medium_0,cf_145,false,label_quality=clear; constructed from a balanced content family
exp019_logic_146,cf_146,logic,"When the daily panel condition holds, the stated rule requires produced as its conclusion.",train,rule_composed,14,limited_long,logic_limited_long_1,cf_146,false,label_quality=clear; constructed from a balanced content family
exp019_causality_146,cf_146,causality,A change in the daily panel condition leads to produced through the system's ordinary mechanism.,train,rule_composed,15,limited_long,causality_limited_long_1,cf_146,false,label_quality=clear; constructed from a balanced content family
exp019_analogy_146,cf_146,analogy,The daily panel relation corresponds to the windmill relation because both connect a condition with an outcome.,train,rule_composed,17,limited_long,analogy_limited_long_1,cf_146,false,label_quality=clear; constructed from a balanced content family
exp019_definition_146,cf_146,definition,A daily panel is a familiar object whose role is described by its practical use in a system.,train,rule_composed,18,limited_long,definition_limited_long_1,cf_146,false,label_quality=clear; constructed from a balanced content family
exp019_logic_147,cf_147,logic,Daily sharpener entails removed.,train,rule_composed,4,short,logic_short_2,cf_147,false,label_quality=clear; constructed from a balanced content family
exp019_causality_147,cf_147,causality,Daily sharpener triggers removed.,train,rule_composed,4,short,causality_short_2,cf_147,false,label_quality=clear; constructed from a balanced content family
exp019_analogy_147,cf_147,analogy,Daily sharpener parallels grater.,train,rule_composed,4,short,analogy_short_2,cf_147,false,label_quality=clear; constructed from a balanced content family
exp019_definition_147,cf_147,definition,A daily sharpener has purpose.,train,rule_composed,5,short,definition_short_2,cf_147,false,label_quality=clear; constructed from a balanced content family
exp019_logic_148,cf_148,logic,"The daily thermos condition holds, so slowly follows.",train,rule_composed,8,medium,logic_medium_3,cf_148,false,label_quality=clear; constructed from a balanced content family
exp019_causality_148,cf_148,causality,Slowly follows when the daily thermos mechanism activates.,train,rule_composed,8,medium,causality_medium_3,cf_148,false,label_quality=clear; constructed from a balanced content family
exp019_analogy_148,cf_148,analogy,"Like the coat, the daily thermos connects condition and outcome.",train,rule_composed,10,medium,analogy_medium_3,cf_148,false,label_quality=clear; constructed from a balanced content family
exp019_definition_148,cf_148,definition,The daily thermos refers to an object used for a purpose.,train,rule_composed,11,medium,definition_medium_3,cf_148,false,label_quality=clear; constructed from a balanced content family
exp019_logic_149,cf_149,logic,"When the daily calendar condition holds, the stated rule requires changes as its conclusion.",train,rule_composed,14,limited_long,logic_limited_long_4,cf_149,false,label_quality=clear; constructed from a balanced content family
exp019_causality_149,cf_149,causality,A change in the daily calendar condition leads to changes through the system's ordinary mechanism.,train,rule_composed,15,limited_long,causality_limited_long_4,cf_149,false,label_quality=clear; constructed from a balanced content family
exp019_analogy_149,cf_149,analogy,The daily calendar relation corresponds to the odometer relation because both connect a condition with an outcome.,train,rule_composed,17,limited_long,analogy_limited_long_4,cf_149,false,label_quality=clear; constructed from a balanced content family
exp019_definition_149,cf_149,definition,A daily calendar is a familiar object whose role is described by its practical use in a system.,train,rule_composed,18,limited_long,definition_limited_long_4,cf_149,false,label_quality=clear; constructed from a balanced content family
exp019_logic_150,cf_150,logic,Daily pulley entails rises.,test,rule_composed,4,short,logic_short_0,cf_150,false,label_quality=clear; constructed from a balanced content family
exp019_causality_150,cf_150,causality,Daily pulley triggers rises.,test,rule_composed,4,short,causality_short_0,cf_150,false,label_quality=clear; constructed from a balanced content family
exp019_analogy_150,cf_150,analogy,Daily pulley parallels lever.,test,rule_composed,4,short,analogy_short_0,cf_150,false,label_quality=clear; constructed from a balanced content family
exp019_definition_150,cf_150,definition,A daily pulley has purpose.,test,rule_composed,5,short,definition_short_0,cf_150,false,label_quality=clear; constructed from a balanced content family
exp019_logic_151,cf_151,logic,"The daily magnet condition holds, so closer follows.",test,rule_composed,8,medium,logic_medium_1,cf_151,false,label_quality=clear; constructed from a balanced content family
exp019_causality_151,cf_151,causality,Closer follows when the daily magnet mechanism activates.,test,rule_composed,8,medium,causality_medium_1,cf_151,false,label_quality=clear; constructed from a balanced content family
exp019_analogy_151,cf_151,analogy,"Like the vacuum, the daily magnet connects condition and outcome.",test,rule_composed,10,medium,analogy_medium_1,cf_151,false,label_quality=clear; constructed from a balanced content family
exp019_definition_151,cf_151,definition,The daily magnet refers to an object used for a purpose.,test,rule_composed,11,medium,definition_medium_1,cf_151,false,label_quality=clear; constructed from a balanced content family
exp019_logic_152,cf_152,logic,"When the daily cube condition holds, the stated rule requires melts as its conclusion.",train,rule_composed,14,limited_long,logic_limited_long_2,cf_152,false,label_quality=clear; constructed from a balanced content family
exp019_causality_152,cf_152,causality,A change in the daily cube condition leads to melts through the system's ordinary mechanism.,train,rule_composed,15,limited_long,causality_limited_long_2,cf_152,false,label_quality=clear; constructed from a balanced content family
exp019_analogy_152,cf_152,analogy,The daily cube relation corresponds to the candle relation because both connect a condition with an outcome.,train,rule_composed,17,limited_long,analogy_limited_long_2,cf_152,false,label_quality=clear; constructed from a balanced content family
exp019_definition_152,cf_152,definition,A daily cube is a familiar object whose role is described by its practical use in a system.,train,rule_composed,18,limited_long,definition_limited_long_2,cf_152,false,label_quality=clear; constructed from a balanced content family
exp019_logic_153,cf_153,logic,Local timer condition entails rings.,test,rule_composed,5,short,logic_short_3,cf_153,false,label_quality=clear; constructed from a balanced content family
exp019_causality_153,cf_153,causality,Local timer state yields outcome.,test,rule_composed,5,short,causality_short_3,cf_153,false,label_quality=clear; constructed from a balanced content family
exp019_analogy_153,cf_153,analogy,Local timer mirrors kettle's relation.,test,rule_composed,5,short,analogy_short_3,cf_153,false,label_quality=clear; constructed from a balanced content family
exp019_definition_153,cf_153,definition,Local timer denotes purpose.,test,rule_composed,4,short,definition_short_3,cf_153,false,label_quality=clear; constructed from a balanced content family
exp019_logic_154,cf_154,logic,"If the local gauge condition holds, rises follows under the rule.",test,rule_composed,11,medium,logic_medium_4,cf_154,false,label_quality=clear; constructed from a balanced content family
exp019_causality_154,cf_154,causality,The local gauge condition produces rises through a simple mechanism.,test,rule_composed,10,medium,causality_medium_4,cf_154,false,label_quality=clear; constructed from a balanced content family
exp019_analogy_154,cf_154,analogy,The local gauge relation matches the gauge relation in structure.,test,rule_composed,10,medium,analogy_medium_4,cf_154,false,label_quality=clear; constructed from a balanced content family
exp019_definition_154,cf_154,definition,A local gauge is an object with a stated practical role.,test,rule_composed,11,medium,definition_medium_4,cf_154,false,label_quality=clear; constructed from a balanced content family
exp019_logic_155,cf_155,logic,"When the local light condition holds, the stated rule requires shines as its conclusion.",validation,rule_composed,14,limited_long,logic_limited_long_0,cf_155,false,label_quality=clear; constructed from a balanced content family
exp019_causality_155,cf_155,causality,A change in the local light condition leads to shines through the system's ordinary mechanism.,validation,rule_composed,15,limited_long,causality_limited_long_0,cf_155,false,label_quality=clear; constructed from a balanced content family
exp019_analogy_155,cf_155,analogy,The local light relation corresponds to the lamp relation because both connect a condition with an outcome.,validation,rule_composed,17,limited_long,analogy_limited_long_0,cf_155,false,label_quality=clear; constructed from a balanced content family
exp019_definition_155,cf_155,definition,A local light is a familiar object whose role is described by its practical use in a system.,validation,rule_composed,18,limited_long,definition_limited_long_0,cf_155,false,label_quality=clear; constructed from a balanced content family
exp019_logic_156,cf_156,logic,Local thermometer condition entails increases.,train,rule_composed,5,short,logic_short_1,cf_156,false,label_quality=clear; constructed from a balanced content family
exp019_causality_156,cf_156,causality,Local thermometer state yields outcome.,train,rule_composed,5,short,causality_short_1,cf_156,false,label_quality=clear; constructed from a balanced content family
exp019_analogy_156,cf_156,analogy,Local thermometer mirrors speedometer's relation.,train,rule_composed,5,short,analogy_short_1,cf_156,false,label_quality=clear; constructed from a balanced content family
exp019_definition_156,cf_156,definition,Local thermometer denotes purpose.,train,rule_composed,4,short,definition_short_1,cf_156,false,label_quality=clear; constructed from a balanced content family
exp019_logic_157,cf_157,logic,"If the local filter condition holds, behind follows under the rule.",test,rule_composed,11,medium,logic_medium_2,cf_157,false,label_quality=clear; constructed from a balanced content family
exp019_causality_157,cf_157,causality,The local filter condition produces behind through a simple mechanism.,test,rule_composed,10,medium,causality_medium_2,cf_157,false,label_quality=clear; constructed from a balanced content family
exp019_analogy_157,cf_157,analogy,The local filter relation matches the door relation in structure.,test,rule_composed,10,medium,analogy_medium_2,cf_157,false,label_quality=clear; constructed from a balanced content family
exp019_definition_157,cf_157,definition,A local filter is an object with a stated practical role.,test,rule_composed,11,medium,definition_medium_2,cf_157,false,label_quality=clear; constructed from a balanced content family
exp019_logic_158,cf_158,logic,"When the local tray condition holds, the stated rule requires sprout as its conclusion.",train,rule_composed,14,limited_long,logic_limited_long_3,cf_158,false,label_quality=clear; constructed from a balanced content family
exp019_causality_158,cf_158,causality,A change in the local tray condition leads to sprout through the system's ordinary mechanism.,train,rule_composed,15,limited_long,causality_limited_long_3,cf_158,false,label_quality=clear; constructed from a balanced content family
exp019_analogy_158,cf_158,analogy,The local tray relation corresponds to the sponge relation because both connect a condition with an outcome.,train,rule_composed,17,limited_long,analogy_limited_long_3,cf_158,false,label_quality=clear; constructed from a balanced content family
exp019_definition_158,cf_158,definition,A local tray is a familiar object whose role is described by its practical use in a system.,train,rule_composed,18,limited_long,definition_limited_long_3,cf_158,false,label_quality=clear; constructed from a balanced content family
exp019_logic_159,cf_159,logic,Local signal entails proceed.,train,rule_composed,4,short,logic_short_4,cf_159,false,label_quality=clear; constructed from a balanced content family
exp019_causality_159,cf_159,causality,Local signal triggers proceed.,train,rule_composed,4,short,causality_short_4,cf_159,false,label_quality=clear; constructed from a balanced content family
exp019_analogy_159,cf_159,analogy,Local signal parallels bell.,train,rule_composed,4,short,analogy_short_4,cf_159,false,label_quality=clear; constructed from a balanced content family
exp019_definition_159,cf_159,definition,A local signal has purpose.,train,rule_composed,5,short,definition_short_4,cf_159,false,label_quality=clear; constructed from a balanced content family
exp019_logic_160,cf_160,logic,"If the local refrigerator condition holds, heat follows under the rule.",train,rule_composed,11,medium,logic_medium_0,cf_160,false,label_quality=clear; constructed from a balanced content family
exp019_causality_160,cf_160,causality,The local refrigerator condition produces heat through a simple mechanism.,train,rule_composed,10,medium,causality_medium_0,cf_160,false,label_quality=clear; constructed from a balanced content family
exp019_analogy_160,cf_160,analogy,The local refrigerator relation matches the bottle relation in structure.,train,rule_composed,10,medium,analogy_medium_0,cf_160,false,label_quality=clear; constructed from a balanced content family
exp019_definition_160,cf_160,definition,A local refrigerator is an object with a stated practical role.,train,rule_composed,11,medium,definition_medium_0,cf_160,false,label_quality=clear; constructed from a balanced content family
exp019_logic_161,cf_161,logic,"When the local lock condition holds, the stated rule requires withdraws as its conclusion.",train,rule_composed,14,limited_long,logic_limited_long_1,cf_161,false,label_quality=clear; constructed from a balanced content family
exp019_causality_161,cf_161,causality,A change in the local lock condition leads to withdraws through the system's ordinary mechanism.,train,rule_composed,15,limited_long,causality_limited_long_1,cf_161,false,label_quality=clear; constructed from a balanced content family
exp019_analogy_161,cf_161,analogy,The local lock relation corresponds to the screen relation because both connect a condition with an outcome.,train,rule_composed,17,limited_long,analogy_limited_long_1,cf_161,false,label_quality=clear; constructed from a balanced content family
exp019_definition_161,cf_161,definition,A local lock is a familiar object whose role is described by its practical use in a system.,train,rule_composed,18,limited_long,definition_limited_long_1,cf_161,false,label_quality=clear; constructed from a balanced content family
exp019_logic_162,cf_162,logic,Local compass entails direction.,train,rule_composed,4,short,logic_short_2,cf_162,false,label_quality=clear; constructed from a balanced content family
exp019_causality_162,cf_162,causality,Local compass triggers direction.,train,rule_composed,4,short,causality_short_2,cf_162,false,label_quality=clear; constructed from a balanced content family
exp019_analogy_162,cf_162,analogy,Local compass parallels vane.,train,rule_composed,4,short,analogy_short_2,cf_162,false,label_quality=clear; constructed from a balanced content family
exp019_definition_162,cf_162,definition,A local compass has purpose.,train,rule_composed,5,short,definition_short_2,cf_162,false,label_quality=clear; constructed from a balanced content family
exp019_logic_163,cf_163,logic,"The local ruler condition holds, so read follows.",train,rule_composed,8,medium,logic_medium_3,cf_163,false,label_quality=clear; constructed from a balanced content family
exp019_causality_163,cf_163,causality,Read follows when the local ruler mechanism activates.,train,rule_composed,8,medium,causality_medium_3,cf_163,false,label_quality=clear; constructed from a balanced content family
exp019_analogy_163,cf_163,analogy,"Like the cup, the local ruler connects condition and outcome.",train,rule_composed,10,medium,analogy_medium_3,cf_163,false,label_quality=clear; constructed from a balanced content family
exp019_definition_163,cf_163,definition,The local ruler refers to an object used for a purpose.,train,rule_composed,11,medium,definition_medium_3,cf_163,false,label_quality=clear; constructed from a balanced content family
exp019_logic_164,cf_164,logic,"When the local can condition holds, the stated rule requires moist as its conclusion.",test,rule_composed,14,limited_long,logic_limited_long_4,cf_164,false,label_quality=clear; constructed from a balanced content family
exp019_causality_164,cf_164,causality,A change in the local can condition leads to moist through the system's ordinary mechanism.,test,rule_composed,15,limited_long,causality_limited_long_4,cf_164,false,label_quality=clear; constructed from a balanced content family
exp019_analogy_164,cf_164,analogy,The local can relation corresponds to the dispenser relation because both connect a condition with an outcome.,test,rule_composed,17,limited_long,analogy_limited_long_4,cf_164,false,label_quality=clear; constructed from a balanced content family
exp019_definition_164,cf_164,definition,A local can is a familiar object whose role is described by its practical use in a system.,test,rule_composed,18,limited_long,definition_limited_long_4,cf_164,false,label_quality=clear; constructed from a balanced content family
exp019_logic_165,cf_165,logic,Local panel entails produced.,test,rule_composed,4,short,logic_short_0,cf_165,false,label_quality=clear; constructed from a balanced content family
exp019_causality_165,cf_165,causality,Local panel triggers produced.,test,rule_composed,4,short,causality_short_0,cf_165,false,label_quality=clear; constructed from a balanced content family
exp019_analogy_165,cf_165,analogy,Local panel parallels windmill.,test,rule_composed,4,short,analogy_short_0,cf_165,false,label_quality=clear; constructed from a balanced content family
exp019_definition_165,cf_165,definition,A local panel has purpose.,test,rule_composed,5,short,definition_short_0,cf_165,false,label_quality=clear; constructed from a balanced content family
exp019_logic_166,cf_166,logic,"The local sharpener condition holds, so removed follows.",train,rule_composed,8,medium,logic_medium_1,cf_166,false,label_quality=clear; constructed from a balanced content family
exp019_causality_166,cf_166,causality,Removed follows when the local sharpener mechanism activates.,train,rule_composed,8,medium,causality_medium_1,cf_166,false,label_quality=clear; constructed from a balanced content family
exp019_analogy_166,cf_166,analogy,"Like the grater, the local sharpener connects condition and outcome.",train,rule_composed,10,medium,analogy_medium_1,cf_166,false,label_quality=clear; constructed from a balanced content family
exp019_definition_166,cf_166,definition,The local sharpener refers to an object used for a purpose.,train,rule_composed,11,medium,definition_medium_1,cf_166,false,label_quality=clear; constructed from a balanced content family
exp019_logic_167,cf_167,logic,"When the local thermos condition holds, the stated rule requires slowly as its conclusion.",validation,rule_composed,14,limited_long,logic_limited_long_2,cf_167,false,label_quality=clear; constructed from a balanced content family
exp019_causality_167,cf_167,causality,A change in the local thermos condition leads to slowly through the system's ordinary mechanism.,validation,rule_composed,15,limited_long,causality_limited_long_2,cf_167,false,label_quality=clear; constructed from a balanced content family
exp019_analogy_167,cf_167,analogy,The local thermos relation corresponds to the coat relation because both connect a condition with an outcome.,validation,rule_composed,17,limited_long,analogy_limited_long_2,cf_167,false,label_quality=clear; constructed from a balanced content family
exp019_definition_167,cf_167,definition,A local thermos is a familiar object whose role is described by its practical use in a system.,validation,rule_composed,18,limited_long,definition_limited_long_2,cf_167,false,label_quality=clear; constructed from a balanced content family
exp019_logic_168,cf_168,logic,Local calendar condition entails changes.,train,rule_composed,5,short,logic_short_3,cf_168,false,label_quality=clear; constructed from a balanced content family
exp019_causality_168,cf_168,causality,Local calendar state yields outcome.,train,rule_composed,5,short,causality_short_3,cf_168,false,label_quality=clear; constructed from a balanced content family
exp019_analogy_168,cf_168,analogy,Local calendar mirrors odometer's relation.,train,rule_composed,5,short,analogy_short_3,cf_168,false,label_quality=clear; constructed from a balanced content family
exp019_definition_168,cf_168,definition,Local calendar denotes purpose.,train,rule_composed,4,short,definition_short_3,cf_168,false,label_quality=clear; constructed from a balanced content family
exp019_logic_169,cf_169,logic,"If the local pulley condition holds, rises follows under the rule.",train,rule_composed,11,medium,logic_medium_4,cf_169,false,label_quality=clear; constructed from a balanced content family
exp019_causality_169,cf_169,causality,The local pulley condition produces rises through a simple mechanism.,train,rule_composed,10,medium,causality_medium_4,cf_169,false,label_quality=clear; constructed from a balanced content family
exp019_analogy_169,cf_169,analogy,The local pulley relation matches the lever relation in structure.,train,rule_composed,10,medium,analogy_medium_4,cf_169,false,label_quality=clear; constructed from a balanced content family
exp019_definition_169,cf_169,definition,A local pulley is an object with a stated practical role.,train,rule_composed,11,medium,definition_medium_4,cf_169,false,label_quality=clear; constructed from a balanced content family
exp019_logic_170,cf_170,logic,"When the local magnet condition holds, the stated rule requires closer as its conclusion.",train,rule_composed,14,limited_long,logic_limited_long_0,cf_170,false,label_quality=clear; constructed from a balanced content family
exp019_causality_170,cf_170,causality,A change in the local magnet condition leads to closer through the system's ordinary mechanism.,train,rule_composed,15,limited_long,causality_limited_long_0,cf_170,false,label_quality=clear; constructed from a balanced content family
exp019_analogy_170,cf_170,analogy,The local magnet relation corresponds to the vacuum relation because both connect a condition with an outcome.,train,rule_composed,17,limited_long,analogy_limited_long_0,cf_170,false,label_quality=clear; constructed from a balanced content family
exp019_definition_170,cf_170,definition,A local magnet is a familiar object whose role is described by its practical use in a system.,train,rule_composed,18,limited_long,definition_limited_long_0,cf_170,false,label_quality=clear; constructed from a balanced content family
exp019_logic_171,cf_171,logic,Local cube condition entails melts.,test,rule_composed,5,short,logic_short_1,cf_171,false,label_quality=clear; constructed from a balanced content family
exp019_causality_171,cf_171,causality,Local cube state yields outcome.,test,rule_composed,5,short,causality_short_1,cf_171,false,label_quality=clear; constructed from a balanced content family
exp019_analogy_171,cf_171,analogy,Local cube mirrors candle's relation.,test,rule_composed,5,short,analogy_short_1,cf_171,false,label_quality=clear; constructed from a balanced content family
exp019_definition_171,cf_171,definition,Local cube denotes purpose.,test,rule_composed,4,short,definition_short_1,cf_171,false,label_quality=clear; constructed from a balanced content family
exp019_logic_172,cf_172,logic,"If the practical timer condition holds, rings follows under the rule.",test,rule_composed,11,medium,logic_medium_2,cf_172,false,label_quality=clear; constructed from a balanced content family
exp019_causality_172,cf_172,causality,The practical timer condition produces rings through a simple mechanism.,test,rule_composed,10,medium,causality_medium_2,cf_172,false,label_quality=clear; constructed from a balanced content family
exp019_analogy_172,cf_172,analogy,The practical timer relation matches the kettle relation in structure.,test,rule_composed,10,medium,analogy_medium_2,cf_172,false,label_quality=clear; constructed from a balanced content family
exp019_definition_172,cf_172,definition,A practical timer is an object with a stated practical role.,test,rule_composed,11,medium,definition_medium_2,cf_172,false,label_quality=clear; constructed from a balanced content family
exp019_logic_173,cf_173,logic,"When the practical gauge condition holds, the stated rule requires rises as its conclusion.",validation,rule_composed,14,limited_long,logic_limited_long_3,cf_173,false,label_quality=clear; constructed from a balanced content family
exp019_causality_173,cf_173,causality,A change in the practical gauge condition leads to rises through the system's ordinary mechanism.,validation,rule_composed,15,limited_long,causality_limited_long_3,cf_173,false,label_quality=clear; constructed from a balanced content family
exp019_analogy_173,cf_173,analogy,The practical gauge relation corresponds to the gauge relation because both connect a condition with an outcome.,validation,rule_composed,17,limited_long,analogy_limited_long_3,cf_173,false,label_quality=clear; constructed from a balanced content family
exp019_definition_173,cf_173,definition,A practical gauge is a familiar object whose role is described by its practical use in a system.,validation,rule_composed,18,limited_long,definition_limited_long_3,cf_173,false,label_quality=clear; constructed from a balanced content family
exp019_logic_174,cf_174,logic,Practical light entails shines.,test,rule_composed,4,short,logic_short_4,cf_174,false,label_quality=clear; constructed from a balanced content family
exp019_causality_174,cf_174,causality,Practical light triggers shines.,test,rule_composed,4,short,causality_short_4,cf_174,false,label_quality=clear; constructed from a balanced content family
exp019_analogy_174,cf_174,analogy,Practical light parallels lamp.,test,rule_composed,4,short,analogy_short_4,cf_174,false,label_quality=clear; constructed from a balanced content family
exp019_definition_174,cf_174,definition,A practical light has purpose.,test,rule_composed,5,short,definition_short_4,cf_174,false,label_quality=clear; constructed from a balanced content family
exp019_logic_175,cf_175,logic,"If the practical thermometer condition holds, increases follows under the rule.",train,rule_composed,11,medium,logic_medium_0,cf_175,false,label_quality=clear; constructed from a balanced content family
exp019_causality_175,cf_175,causality,The practical thermometer condition produces increases through a simple mechanism.,train,rule_composed,10,medium,causality_medium_0,cf_175,false,label_quality=clear; constructed from a balanced content family
exp019_analogy_175,cf_175,analogy,The practical thermometer relation matches the speedometer relation in structure.,train,rule_composed,10,medium,analogy_medium_0,cf_175,false,label_quality=clear; constructed from a balanced content family
exp019_definition_175,cf_175,definition,A practical thermometer is an object with a stated practical role.,train,rule_composed,11,medium,definition_medium_0,cf_175,false,label_quality=clear; constructed from a balanced content family
exp019_logic_176,cf_176,logic,"When the practical filter condition holds, the stated rule requires behind as its conclusion.",test,rule_composed,14,limited_long,logic_limited_long_1,cf_176,false,label_quality=clear; constructed from a balanced content family
exp019_causality_176,cf_176,causality,A change in the practical filter condition leads to behind through the system's ordinary mechanism.,test,rule_composed,15,limited_long,causality_limited_long_1,cf_176,false,label_quality=clear; constructed from a balanced content family
exp019_analogy_176,cf_176,analogy,The practical filter relation corresponds to the door relation because both connect a condition with an outcome.,test,rule_composed,17,limited_long,analogy_limited_long_1,cf_176,false,label_quality=clear; constructed from a balanced content family
exp019_definition_176,cf_176,definition,A practical filter is a familiar object whose role is described by its practical use in a system.,test,rule_composed,18,limited_long,definition_limited_long_1,cf_176,false,label_quality=clear; constructed from a balanced content family
exp019_logic_177,cf_177,logic,Practical tray entails sprout.,test,rule_composed,4,short,logic_short_2,cf_177,false,label_quality=clear; constructed from a balanced content family
exp019_causality_177,cf_177,causality,Practical tray triggers sprout.,test,rule_composed,4,short,causality_short_2,cf_177,false,label_quality=clear; constructed from a balanced content family
exp019_analogy_177,cf_177,analogy,Practical tray parallels sponge.,test,rule_composed,4,short,analogy_short_2,cf_177,false,label_quality=clear; constructed from a balanced content family
exp019_definition_177,cf_177,definition,A practical tray has purpose.,test,rule_composed,5,short,definition_short_2,cf_177,false,label_quality=clear; constructed from a balanced content family
exp019_logic_178,cf_178,logic,"The practical signal condition holds, so proceed follows.",train,rule_composed,8,medium,logic_medium_3,cf_178,false,label_quality=clear; constructed from a balanced content family
exp019_causality_178,cf_178,causality,Proceed follows when the practical signal mechanism activates.,train,rule_composed,8,medium,causality_medium_3,cf_178,false,label_quality=clear; constructed from a balanced content family
exp019_analogy_178,cf_178,analogy,"Like the bell, the practical signal connects condition and outcome.",train,rule_composed,10,medium,analogy_medium_3,cf_178,false,label_quality=clear; constructed from a balanced content family
exp019_definition_178,cf_178,definition,The practical signal refers to an object used for a purpose.,train,rule_composed,11,medium,definition_medium_3,cf_178,false,label_quality=clear; constructed from a balanced content family
exp019_logic_179,cf_179,logic,"When the practical refrigerator condition holds, the stated rule requires heat as its conclusion.",train,rule_composed,14,limited_long,logic_limited_long_4,cf_179,false,label_quality=clear; constructed from a balanced content family
exp019_causality_179,cf_179,causality,A change in the practical refrigerator condition leads to heat through the system's ordinary mechanism.,train,rule_composed,15,limited_long,causality_limited_long_4,cf_179,false,label_quality=clear; constructed from a balanced content family
exp019_analogy_179,cf_179,analogy,The practical refrigerator relation corresponds to the bottle relation because both connect a condition with an outcome.,train,rule_composed,17,limited_long,analogy_limited_long_4,cf_179,false,label_quality=clear; constructed from a balanced content family
exp019_definition_179,cf_179,definition,A practical refrigerator is a familiar object whose role is described by its practical use in a system.,train,rule_composed,18,limited_long,definition_limited_long_4,cf_179,false,label_quality=clear; constructed from a balanced content family
exp019_logic_180,cf_180,logic,Practical lock entails withdraws.,train,rule_composed,4,short,logic_short_0,cf_180,false,label_quality=clear; constructed from a balanced content family
exp019_causality_180,cf_180,causality,Practical lock triggers withdraws.,train,rule_composed,4,short,causality_short_0,cf_180,false,label_quality=clear; constructed from a balanced content family
exp019_analogy_180,cf_180,analogy,Practical lock parallels screen.,train,rule_composed,4,short,analogy_short_0,cf_180,false,label_quality=clear; constructed from a balanced content family
exp019_definition_180,cf_180,definition,A practical lock has purpose.,train,rule_composed,5,short,definition_short_0,cf_180,false,label_quality=clear; constructed from a balanced content family
exp019_logic_181,cf_181,logic,"The practical compass condition holds, so direction follows.",test,rule_composed,8,medium,logic_medium_1,cf_181,false,label_quality=clear; constructed from a balanced content family
exp019_causality_181,cf_181,causality,Direction follows when the practical compass mechanism activates.,test,rule_composed,8,medium,causality_medium_1,cf_181,false,label_quality=clear; constructed from a balanced content family
exp019_analogy_181,cf_181,analogy,"Like the vane, the practical compass connects condition and outcome.",test,rule_composed,10,medium,analogy_medium_1,cf_181,false,label_quality=clear; constructed from a balanced content family
exp019_definition_181,cf_181,definition,The practical compass refers to an object used for a purpose.,test,rule_composed,11,medium,definition_medium_1,cf_181,false,label_quality=clear; constructed from a balanced content family
exp019_logic_182,cf_182,logic,"When the practical ruler condition holds, the stated rule requires read as its conclusion.",train,rule_composed,14,limited_long,logic_limited_long_2,cf_182,false,label_quality=clear; constructed from a balanced content family
exp019_causality_182,cf_182,causality,A change in the practical ruler condition leads to read through the system's ordinary mechanism.,train,rule_composed,15,limited_long,causality_limited_long_2,cf_182,false,label_quality=clear; constructed from a balanced content family
exp019_analogy_182,cf_182,analogy,The practical ruler relation corresponds to the cup relation because both connect a condition with an outcome.,train,rule_composed,17,limited_long,analogy_limited_long_2,cf_182,false,label_quality=clear; constructed from a balanced content family
exp019_definition_182,cf_182,definition,A practical ruler is a familiar object whose role is described by its practical use in a system.,train,rule_composed,18,limited_long,definition_limited_long_2,cf_182,false,label_quality=clear; constructed from a balanced content family
exp019_logic_183,cf_183,logic,Practical can condition entails moist.,validation,rule_composed,5,short,logic_short_3,cf_183,false,label_quality=clear; constructed from a balanced content family
exp019_causality_183,cf_183,causality,Practical can state yields outcome.,validation,rule_composed,5,short,causality_short_3,cf_183,false,label_quality=clear; constructed from a balanced content family
exp019_analogy_183,cf_183,analogy,Practical can mirrors dispenser's relation.,validation,rule_composed,5,short,analogy_short_3,cf_183,false,label_quality=clear; constructed from a balanced content family
exp019_definition_183,cf_183,definition,Practical can denotes purpose.,validation,rule_composed,4,short,definition_short_3,cf_183,false,label_quality=clear; constructed from a balanced content family
exp019_logic_184,cf_184,logic,"If the practical panel condition holds, produced follows under the rule.",train,rule_composed,11,medium,logic_medium_4,cf_184,false,label_quality=clear; constructed from a balanced content family
exp019_causality_184,cf_184,causality,The practical panel condition produces produced through a simple mechanism.,train,rule_composed,10,medium,causality_medium_4,cf_184,false,label_quality=clear; constructed from a balanced content family
exp019_analogy_184,cf_184,analogy,The practical panel relation matches the windmill relation in structure.,train,rule_composed,10,medium,analogy_medium_4,cf_184,false,label_quality=clear; constructed from a balanced content family
exp019_definition_184,cf_184,definition,A practical panel is an object with a stated practical role.,train,rule_composed,11,medium,definition_medium_4,cf_184,false,label_quality=clear; constructed from a balanced content family
exp019_logic_185,cf_185,logic,"When the practical sharpener condition holds, the stated rule requires removed as its conclusion.",train,rule_composed,14,limited_long,logic_limited_long_0,cf_185,false,label_quality=clear; constructed from a balanced content family
exp019_causality_185,cf_185,causality,A change in the practical sharpener condition leads to removed through the system's ordinary mechanism.,train,rule_composed,15,limited_long,causality_limited_long_0,cf_185,false,label_quality=clear; constructed from a balanced content family
exp019_analogy_185,cf_185,analogy,The practical sharpener relation corresponds to the grater relation because both connect a condition with an outcome.,train,rule_composed,17,limited_long,analogy_limited_long_0,cf_185,false,label_quality=clear; constructed from a balanced content family
exp019_definition_185,cf_185,definition,A practical sharpener is a familiar object whose role is described by its practical use in a system.,train,rule_composed,18,limited_long,definition_limited_long_0,cf_185,false,label_quality=clear; constructed from a balanced content family
exp019_logic_186,cf_186,logic,Practical thermos condition entails slowly.,train,rule_composed,5,short,logic_short_1,cf_186,false,label_quality=clear; constructed from a balanced content family
exp019_causality_186,cf_186,causality,Practical thermos state yields outcome.,train,rule_composed,5,short,causality_short_1,cf_186,false,label_quality=clear; constructed from a balanced content family
exp019_analogy_186,cf_186,analogy,Practical thermos mirrors coat's relation.,train,rule_composed,5,short,analogy_short_1,cf_186,false,label_quality=clear; constructed from a balanced content family
exp019_definition_186,cf_186,definition,Practical thermos denotes purpose.,train,rule_composed,4,short,definition_short_1,cf_186,false,label_quality=clear; constructed from a balanced content family
exp019_logic_187,cf_187,logic,"If the practical calendar condition holds, changes follows under the rule.",train,rule_composed,11,medium,logic_medium_2,cf_187,false,label_quality=clear; constructed from a balanced content family
exp019_causality_187,cf_187,causality,The practical calendar condition produces changes through a simple mechanism.,train,rule_composed,10,medium,causality_medium_2,cf_187,false,label_quality=clear; constructed from a balanced content family
exp019_analogy_187,cf_187,analogy,The practical calendar relation matches the odometer relation in structure.,train,rule_composed,10,medium,analogy_medium_2,cf_187,false,label_quality=clear; constructed from a balanced content family
exp019_definition_187,cf_187,definition,A practical calendar is an object with a stated practical role.,train,rule_composed,11,medium,definition_medium_2,cf_187,false,label_quality=clear; constructed from a balanced content family
exp019_logic_188,cf_188,logic,"When the practical pulley condition holds, the stated rule requires rises as its conclusion.",train,rule_composed,14,limited_long,logic_limited_long_3,cf_188,false,label_quality=clear; constructed from a balanced content family
exp019_causality_188,cf_188,causality,A change in the practical pulley condition leads to rises through the system's ordinary mechanism.,train,rule_composed,15,limited_long,causality_limited_long_3,cf_188,false,label_quality=clear; constructed from a balanced content family
exp019_analogy_188,cf_188,analogy,The practical pulley relation corresponds to the lever relation because both connect a condition with an outcome.,train,rule_composed,17,limited_long,analogy_limited_long_3,cf_188,false,label_quality=clear; constructed from a balanced content family
exp019_definition_188,cf_188,definition,A practical pulley is a familiar object whose role is described by its practical use in a system.,train,rule_composed,18,limited_long,definition_limited_long_3,cf_188,false,label_quality=clear; constructed from a balanced content family
exp019_logic_189,cf_189,logic,Practical magnet entails closer.,train,rule_composed,4,short,logic_short_4,cf_189,false,label_quality=clear; constructed from a balanced content family
exp019_causality_189,cf_189,causality,Practical magnet triggers closer.,train,rule_composed,4,short,causality_short_4,cf_189,false,label_quality=clear; constructed from a balanced content family
exp019_analogy_189,cf_189,analogy,Practical magnet parallels vacuum.,train,rule_composed,4,short,analogy_short_4,cf_189,false,label_quality=clear; constructed from a balanced content family
exp019_definition_189,cf_189,definition,A practical magnet has purpose.,train,rule_composed,5,short,definition_short_4,cf_189,false,label_quality=clear; constructed from a balanced content family
exp019_logic_190,cf_190,logic,"If the practical cube condition holds, melts follows under the rule.",train,rule_composed,11,medium,logic_medium_0,cf_190,false,label_quality=clear; constructed from a balanced content family
exp019_causality_190,cf_190,causality,The practical cube condition produces melts through a simple mechanism.,train,rule_composed,10,medium,causality_medium_0,cf_190,false,label_quality=clear; constructed from a balanced content family
exp019_analogy_190,cf_190,analogy,The practical cube relation matches the candle relation in structure.,train,rule_composed,10,medium,analogy_medium_0,cf_190,false,label_quality=clear; constructed from a balanced content family
exp019_definition_190,cf_190,definition,A practical cube is an object with a stated practical role.,train,rule_composed,11,medium,definition_medium_0,cf_190,false,label_quality=clear; constructed from a balanced content family
